Step,Tr_Loss,Value_Loss,Policy_Loss
0,3.8229901790618896,0.3202161192893982,3.5027740001678467
1,3.7960996627807617,0.317571759223938,3.478527784347534
2,3.803352117538452,0.32736238837242126,3.475989818572998
3,3.816882610321045,0.32939109206199646,3.4874916076660156
4,3.802976131439209,0.3218037784099579,3.4811723232269287
5,3.763226270675659,0.31523972749710083,3.447986602783203
6,3.8012030124664307,0.29964175820350647,3.501561164855957
7,3.768096923828125,0.29676225781440735,3.47133469581604
8,3.7986531257629395,0.34224939346313477,3.4564037322998047
9,3.7402431964874268,0.26907283067703247,3.471170425415039
10,3.798140287399292,0.33916500210762024,3.458975315093994
11,3.7886409759521484,0.3103996515274048,3.478241443634033
12,3.796095371246338,0.30331286787986755,3.4927825927734375
13,3.800656795501709,0.31028783321380615,3.4903688430786133
14,3.791889190673828,0.3105868995189667,3.481302261352539
15,3.8154473304748535,0.327372670173645,3.488074779510498
16,3.7541375160217285,0.2925208806991577,3.4616167545318604
17,3.867034435272217,0.3661113977432251,3.5009231567382812
18,3.751474380493164,0.298221230506897,3.4532532691955566
19,3.7885901927948,0.3061043918132782,3.482485771179199
20,3.752063512802124,0.30532774329185486,3.4467358589172363
21,3.8031845092773438,0.3231767416000366,3.4800078868865967
22,3.8128912448883057,0.3307158946990967,3.482175350189209
23,3.7880759239196777,0.31420624256134033,3.473869800567627
24,3.7760112285614014,0.3143470585346222,3.4616641998291016
25,3.7954320907592773,0.3182978630065918,3.4771342277526855
26,3.740565299987793,0.3045920431613922,3.4359731674194336
27,3.7575912475585938,0.30259984731674194,3.454991340637207
28,3.785947322845459,0.31823551654815674,3.4677116870880127
29,3.7701640129089355,0.3003706932067871,3.4697933197021484
30,3.790013551712036,0.33513766527175903,3.454875946044922
31,3.78955340385437,0.30290651321411133,3.486646890640259
32,3.7734875679016113,0.30770719051361084,3.465780258178711
33,3.779881238937378,0.31780001521110535,3.46208119392395
34,3.7314646244049072,0.28079670667648315,3.4506678581237793
35,3.741825819015503,0.28046542406082153,3.461360454559326
36,3.7141289710998535,0.27820253372192383,3.4359264373779297
37,3.8311755657196045,0.3472473919391632,3.4839282035827637
38,3.7688944339752197,0.2789032459259033,3.4899911880493164
39,3.779641628265381,0.299823135137558,3.47981858253479
40,3.7954676151275635,0.32337379455566406,3.4720938205718994
41,3.7709059715270996,0.3073101341724396,3.4635958671569824
42,3.782447099685669,0.2965378761291504,3.4859092235565186
43,3.7874560356140137,0.300998330116272,3.4864578247070312
44,3.8042995929718018,0.3295805752277374,3.4747190475463867
45,3.8042712211608887,0.30397412180900574,3.5002970695495605
46,3.835707426071167,0.33215683698654175,3.5035505294799805
47,3.762514591217041,0.3023700714111328,3.460144519805908
48,3.750643491744995,0.3048378825187683,3.445805549621582
49,3.7498629093170166,0.29955312609672546,3.4503097534179688
50,3.763045072555542,0.300645649433136,3.462399482727051
51,3.8000283241271973,0.31493622064590454,3.4850921630859375
52,3.7738242149353027,0.28665977716445923,3.4871644973754883
53,3.743654489517212,0.3002817928791046,3.4433727264404297
54,3.7824032306671143,0.3085953891277313,3.4738078117370605
55,3.786834955215454,0.3154451549053192,3.4713897705078125
56,3.8242053985595703,0.34152793884277344,3.482677459716797
57,3.7919485569000244,0.3146204948425293,3.477328062057495
58,3.757718563079834,0.28569597005844116,3.472022533416748
59,3.77555513381958,0.3088330626487732,3.466722011566162
60,3.8088624477386475,0.3075335621833801,3.501328945159912
61,3.7512142658233643,0.280106782913208,3.4711074829101562
62,3.7901666164398193,0.3104155659675598,3.4797511100769043
63,3.785200595855713,0.29779052734375,3.487410068511963
64,3.785708427429199,0.3151354491710663,3.4705729484558105
65,3.8142123222351074,0.3484111428260803,3.465801239013672
66,3.7417047023773193,0.28578799962997437,3.4559166431427
67,3.7574174404144287,0.2926352024078369,3.464782238006592
68,3.80000638961792,0.32031214237213135,3.479694366455078
69,3.790921926498413,0.30843132734298706,3.4824905395507812
70,3.766430139541626,0.29310035705566406,3.473329782485962
71,3.7722764015197754,0.30938810110092163,3.462888240814209
72,3.7332372665405273,0.28308653831481934,3.450150728225708
73,3.757504463195801,0.29007071256637573,3.4674336910247803
74,3.7872095108032227,0.3166864216327667,3.4705231189727783
75,3.7926368713378906,0.3109299838542938,3.4817068576812744
76,3.762650489807129,0.30690303444862366,3.455747365951538
77,3.798509359359741,0.32377520203590393,3.47473406791687
78,3.810030937194824,0.3482097387313843,3.4618210792541504
79,3.739764451980591,0.2748653292655945,3.4648990631103516
80,3.7738969326019287,0.29764583706855774,3.4762511253356934
81,3.7291507720947266,0.27817046642303467,3.4509801864624023
82,3.7612595558166504,0.2798433303833008,3.4814162254333496
83,3.8120291233062744,0.3456767201423645,3.4663524627685547
84,3.74526309967041,0.2914881706237793,3.453774929046631
85,3.763126850128174,0.31388768553733826,3.4492392539978027
86,3.810122489929199,0.3230060338973999,3.4871163368225098
87,3.8044872283935547,0.3339627981185913,3.470524549484253
88,3.720323085784912,0.26484566926956177,3.455477476119995
89,3.764237642288208,0.3057076632976532,3.4585299491882324
90,3.7969248294830322,0.33261990547180176,3.4643049240112305
91,3.77388334274292,0.30516675114631653,3.468716621398926
92,3.7675302028656006,0.31056860089302063,3.4569616317749023
93,3.754789113998413,0.2907768189907074,3.464012384414673
94,3.810720920562744,0.33568429946899414,3.47503662109375
95,3.766040802001953,0.2820402979850769,3.4840004444122314
96,3.7993111610412598,0.3180946111679077,3.4812164306640625
97,3.7688848972320557,0.32008156180381775,3.448803424835205
98,3.765956163406372,0.3097932040691376,3.456162929534912
99,3.7718803882598877,0.29363325238227844,3.4782471656799316
100,3.71106219291687,0.2598857283592224,3.451176404953003
101,3.7814276218414307,0.3246704638004303,3.456757068634033
102,3.7763633728027344,0.30175673961639404,3.474606513977051
103,3.7986297607421875,0.3326401114463806,3.465989589691162
104,3.7763888835906982,0.306384801864624,3.470004081726074
105,3.7696704864501953,0.29957297444343567,3.470097541809082
106,3.786774158477783,0.31593894958496094,3.4708352088928223
107,3.7782108783721924,0.3125048279762268,3.4657061100006104
108,3.8264377117156982,0.3454281687736511,3.4810094833374023
109,3.8014345169067383,0.3376632332801819,3.463771343231201
110,3.7886533737182617,0.3407406508922577,3.4479126930236816
111,3.754878282546997,0.2921258509159088,3.462752342224121
112,3.76339054107666,0.30130884051322937,3.4620816707611084
113,3.811589241027832,0.31145524978637695,3.500133991241455
114,3.7765724658966064,0.31137290596961975,3.4651994705200195
115,3.776261806488037,0.3006473481655121,3.475614547729492
116,3.805140495300293,0.3158837854862213,3.4892566204071045
117,3.7390575408935547,0.2838650941848755,3.4551925659179688
118,3.7836904525756836,0.3096233606338501,3.474066972732544
119,3.784353256225586,0.30784761905670166,3.476505756378174
120,3.813876152038574,0.3362048864364624,3.4776711463928223
121,3.7770166397094727,0.2934408485889435,3.4835758209228516
122,3.7658514976501465,0.29124021530151367,3.474611282348633
123,3.7630250453948975,0.29784679412841797,3.4651782512664795
124,3.777440071105957,0.29554855823516846,3.481891393661499
125,3.7868642807006836,0.305406391620636,3.4814579486846924
126,3.7763102054595947,0.32106518745422363,3.455245018005371
127,3.8310587406158447,0.3454636037349701,3.485595226287842
128,3.7763512134552,0.312909871339798,3.4634413719177246
129,3.7977614402770996,0.32660436630249023,3.4711570739746094
130,3.7460622787475586,0.2964702546596527,3.449592113494873
131,3.745851516723633,0.29908448457717896,3.4467670917510986
132,3.788745403289795,0.30724626779556274,3.481499195098877
133,3.7904036045074463,0.3202183246612549,3.4701852798461914
134,3.768324613571167,0.2910330295562744,3.4772915840148926
135,3.7601847648620605,0.29108911752700806,3.4690957069396973
136,3.811321258544922,0.3424016237258911,3.4689197540283203
137,3.7648861408233643,0.3166320323944092,3.448254108428955
138,3.8062102794647217,0.3278985619544983,3.478311777114868
139,3.7647366523742676,0.3053760230541229,3.4593605995178223
140,3.7634735107421875,0.2933884263038635,3.4700851440429688
141,3.779428243637085,0.29988449811935425,3.479543685913086
142,3.813305139541626,0.33588483929634094,3.4774203300476074
143,3.76985764503479,0.29688555002212524,3.4729721546173096
144,3.806783437728882,0.3291022777557373,3.4776811599731445
145,3.7588329315185547,0.29234349727630615,3.466489553451538
146,3.691661834716797,0.24211595952510834,3.4495458602905273
147,3.756992816925049,0.29223549365997314,3.4647574424743652
148,3.8016130924224854,0.3238624930381775,3.477750539779663
149,3.7520768642425537,0.2953593134880066,3.4567174911499023
150,3.8116376399993896,0.3152039051055908,3.496433734893799
151,3.7650601863861084,0.29439446330070496,3.470665693283081
152,3.769064426422119,0.29648643732070923,3.4725780487060547
153,3.7999823093414307,0.32264360785484314,3.4773387908935547
154,3.796434164047241,0.29083362221717834,3.5056004524230957
155,3.743307113647461,0.2817094922065735,3.4615976810455322
156,3.792912244796753,0.31360313296318054,3.47930908203125
157,3.7800488471984863,0.31030499935150146,3.4697439670562744
158,3.7966067790985107,0.31641459465026855,3.480192184448242
159,3.7667341232299805,0.3008638024330139,3.4658703804016113
160,3.737123489379883,0.28167545795440674,3.4554481506347656
161,3.7941203117370605,0.31631913781166077,3.4778010845184326
162,3.7377610206604004,0.2873186469078064,3.450442314147949
163,3.760463237762451,0.28637611865997314,3.4740872383117676
164,3.778771162033081,0.31119996309280396,3.467571258544922
165,3.758667230606079,0.301836222410202,3.4568309783935547
166,3.756032943725586,0.29484817385673523,3.4611847400665283
167,3.7934670448303223,0.3232218027114868,3.470245361328125
168,3.7357101440429688,0.27315753698349,3.462552547454834
169,3.756577730178833,0.2996637225151062,3.456913948059082
170,3.797281265258789,0.30654752254486084,3.4907336235046387
171,3.754028081893921,0.29695191979408264,3.457076072692871
172,3.8003764152526855,0.3153591752052307,3.4850172996520996
173,3.7530086040496826,0.2899395823478699,3.463068962097168
174,3.793640613555908,0.3082873821258545,3.4853532314300537
175,3.785412549972534,0.3200904428958893,3.4653220176696777
176,3.807343006134033,0.32687902450561523,3.480463981628418
177,3.738187074661255,0.28095266222953796,3.4572343826293945
178,3.779232978820801,0.29812848567962646,3.4811043739318848
179,3.7698974609375,0.29484522342681885,3.4750521183013916
180,3.824115514755249,0.32728639245033264,3.496829032897949
181,3.746340036392212,0.29743772745132446,3.4489023685455322
182,3.7812857627868652,0.29759645462036133,3.483689308166504
183,3.79561710357666,0.32253968715667725,3.4730772972106934
184,3.776599168777466,0.3162236213684082,3.4603755474090576
185,3.8331103324890137,0.3316037058830261,3.5015065670013428
186,3.7527554035186768,0.2749631106853485,3.477792263031006
187,3.807325601577759,0.3318040072917938,3.4755215644836426
188,3.7797727584838867,0.30298054218292236,3.476792335510254
189,3.785705804824829,0.3019033372402191,3.483802556991577
190,3.7961554527282715,0.29881155490875244,3.4973437786102295
191,3.7580935955047607,0.2930934429168701,3.4650001525878906
192,3.8114707469940186,0.3274640738964081,3.484006643295288
193,3.763021230697632,0.2847140431404114,3.4783072471618652
194,3.7665228843688965,0.298465758562088,3.468057155609131
195,3.804081439971924,0.32693278789520264,3.4771485328674316
196,3.7744626998901367,0.3015737235546112,3.472888946533203
197,3.77266788482666,0.3030118942260742,3.469655990600586
198,3.803072929382324,0.3090020418167114,3.4940710067749023
199,3.8080520629882812,0.3244732618331909,3.483578681945801
200,3.7797329425811768,0.316543847322464,3.463189125061035
201,3.819443941116333,0.34054872393608093,3.4788951873779297
202,3.800891637802124,0.3351309299468994,3.4657607078552246
203,3.7612321376800537,0.318248450756073,3.442983627319336
204,3.7586374282836914,0.2851681709289551,3.4734692573547363
205,3.759248733520508,0.303716242313385,3.4555325508117676
206,3.7908785343170166,0.3209293484687805,3.469949245452881
207,3.7460577487945557,0.28320473432540894,3.462852954864502
208,3.766472101211548,0.30920934677124023,3.4572627544403076
209,3.833056926727295,0.3384774923324585,3.494579553604126
210,3.7563350200653076,0.28765565156936646,3.468679428100586
211,3.8438773155212402,0.3557373285293579,3.488140106201172
212,3.7627921104431152,0.2843022346496582,3.478489875793457
213,3.7902233600616455,0.31666281819343567,3.4735605716705322
214,3.763209104537964,0.2907673716545105,3.4724416732788086
215,3.8040599822998047,0.3152599632740021,3.488800048828125
216,3.760617971420288,0.31525516510009766,3.4453628063201904
217,3.8233065605163574,0.3542221784591675,3.4690842628479004
218,3.7522618770599365,0.2882454991340637,3.4640164375305176
219,3.7806427478790283,0.31484293937683105,3.4657998085021973
220,3.78043532371521,0.31754040718078613,3.462894916534424
221,3.7895712852478027,0.3131380081176758,3.476433277130127
222,3.792003870010376,0.33412426710128784,3.4578795433044434
223,3.791867971420288,0.33169445395469666,3.4601736068725586
224,3.780864715576172,0.3093145787715912,3.471550226211548
225,3.8114123344421387,0.3454052209854126,3.4660072326660156
226,3.774864435195923,0.32193833589553833,3.4529261589050293
227,3.758200168609619,0.27666014432907104,3.4815399646759033
228,3.8301517963409424,0.3216048777103424,3.508546829223633
229,3.7824289798736572,0.2975885570049286,3.4848403930664062
230,3.7658612728118896,0.3041065037250519,3.46175479888916
231,3.734539031982422,0.27646076679229736,3.458078384399414
232,3.7638487815856934,0.3077954649925232,3.4560532569885254
233,3.762119770050049,0.300955593585968,3.4611642360687256
234,3.730299234390259,0.25916606187820435,3.471133232116699
235,3.786074161529541,0.3131491541862488,3.4729249477386475
236,3.747317314147949,0.29897210001945496,3.448345184326172
237,3.779522180557251,0.2883392870426178,3.491182804107666
238,3.8043901920318604,0.33956480026245117,3.464825391769409
239,3.7793705463409424,0.30101996660232544,3.4783506393432617
240,3.7714054584503174,0.297562837600708,3.4738426208496094
241,3.769686222076416,0.28992798924446106,3.4797582626342773
242,3.749047040939331,0.28203725814819336,3.4670097827911377
243,3.7782678604125977,0.3184082508087158,3.459859609603882
244,3.8174118995666504,0.3528791666030884,3.4645326137542725
245,3.7849812507629395,0.31078970432281494,3.474191665649414
246,3.74594783782959,0.2742510437965393,3.4716968536376953
247,3.7988719940185547,0.32055091857910156,3.478321075439453
248,3.796454906463623,0.33016836643218994,3.4662864208221436
249,3.793311595916748,0.3179711103439331,3.4753403663635254
250,3.7931101322174072,0.32081741094589233,3.47229266166687
251,3.7832751274108887,0.3098640739917755,3.4734110832214355
252,3.7582879066467285,0.32007306814193726,3.4382147789001465
253,3.7892422676086426,0.3077632188796997,3.4814791679382324
254,3.79727840423584,0.32853400707244873,3.4687445163726807
255,3.753804922103882,0.2782023549079895,3.475602626800537
256,3.7852470874786377,0.322202205657959,3.4630448818206787
257,3.781006336212158,0.30609965324401855,3.4749066829681396
258,3.743396282196045,0.2941192388534546,3.449276924133301
259,3.7791128158569336,0.31056153774261475,3.4685511589050293
260,3.7904303073883057,0.31545186042785645,3.474978446960449
261,3.777412176132202,0.30375638604164124,3.4736557006835938
262,3.800363063812256,0.3259570002555847,3.4744060039520264
263,3.7780709266662598,0.3085680603981018,3.4695029258728027
264,3.7965197563171387,0.3090943694114685,3.4874253273010254
265,3.7749316692352295,0.28884488344192505,3.486086845397949
266,3.7661354541778564,0.3062494099140167,3.459886074066162
267,3.8044657707214355,0.3237043619155884,3.4807615280151367
268,3.7331347465515137,0.28282999992370605,3.4503047466278076
269,3.752833604812622,0.2809505760669708,3.4718830585479736
270,3.8442416191101074,0.363287091255188,3.480954647064209
271,3.794440507888794,0.3124206066131592,3.4820199012756348
272,3.734696865081787,0.27652448415756226,3.45817232131958
273,3.8075942993164062,0.3137970566749573,3.4937973022460938
274,3.728489398956299,0.2697882354259491,3.4587011337280273
275,3.7688422203063965,0.3117561340332031,3.4570860862731934
276,3.821458339691162,0.3477252721786499,3.4737329483032227
277,3.7444138526916504,0.2900967299938202,3.454317092895508
278,3.7583065032958984,0.2951146364212036,3.4631917476654053
279,3.7869937419891357,0.31890273094177246,3.4680910110473633
280,3.741260528564453,0.2775951623916626,3.46366548538208
281,3.7846524715423584,0.3045918941497803,3.480060577392578
282,3.773573398590088,0.30251556634902954,3.471057891845703
283,3.7471656799316406,0.2908405661582947,3.456325054168701
284,3.753549575805664,0.26996272802352905,3.4835867881774902
285,3.7797584533691406,0.33158865571022034,3.448169708251953
286,3.7532474994659424,0.30067405104637146,3.452573537826538
287,3.7823193073272705,0.30741050839424133,3.4749088287353516
288,3.7887163162231445,0.3231794834136963,3.4655368328094482
289,3.735278367996216,0.27616947889328003,3.459108829498291
290,3.804006576538086,0.31476250290870667,3.489243984222412
291,3.772956132888794,0.31002187728881836,3.4629342555999756
292,3.7002100944519043,0.25769245624542236,3.4425175189971924
293,3.7567100524902344,0.29475653171539307,3.461953639984131
294,3.773317575454712,0.31415659189224243,3.4591610431671143
295,3.7519543170928955,0.278320848941803,3.4736335277557373
296,3.7427895069122314,0.2811572551727295,3.461632251739502
297,3.7846391201019287,0.31110507249832153,3.473534107208252
298,3.7557475566864014,0.2910034656524658,3.4647440910339355
299,3.695610523223877,0.24354448914527893,3.452065944671631
300,3.778120517730713,0.31086432933807373,3.4672563076019287
301,3.7669365406036377,0.3089624047279358,3.4579741954803467
302,3.7950544357299805,0.3114813566207886,3.4835729598999023
303,3.780155658721924,0.301979660987854,3.4781761169433594
304,3.7764668464660645,0.3128078579902649,3.4636590480804443
305,3.7241618633270264,0.2636955678462982,3.4604663848876953
306,3.791785955429077,0.31318148970603943,3.478604555130005
307,3.7789645195007324,0.31703153252601624,3.461932897567749
308,3.7772762775421143,0.32028117775917053,3.4569950103759766
309,3.769094228744507,0.2984938621520996,3.4706003665924072
310,3.745604991912842,0.27506738901138306,3.4705376625061035
311,3.76240873336792,0.2899532914161682,3.4724555015563965
312,3.7431232929229736,0.2773812711238861,3.4657421112060547
313,3.777167320251465,0.3259505033493042,3.45121693611145
314,3.772878646850586,0.30641376972198486,3.4664647579193115
315,3.7552199363708496,0.28632593154907227,3.4688940048217773
316,3.8022096157073975,0.3148040771484375,3.48740553855896
317,3.7573800086975098,0.2954556941986084,3.4619243144989014
318,3.760650157928467,0.2871245741844177,3.4735255241394043
319,3.766857624053955,0.3060539960861206,3.460803508758545
320,3.7339797019958496,0.26700201630592346,3.466977596282959
321,3.7645158767700195,0.30886876583099365,3.4556472301483154
322,3.77738094329834,0.3018265962600708,3.4755542278289795
323,3.7685720920562744,0.2777363657951355,3.490835666656494
324,3.7539660930633545,0.30144572257995605,3.4525203704833984
325,3.791888475418091,0.31609803438186646,3.475790500640869
326,3.764148235321045,0.27071624994277954,3.49343204498291
327,3.787181854248047,0.3300389051437378,3.4571430683135986
328,3.747483730316162,0.2757512927055359,3.4717323780059814
329,3.772833824157715,0.30369189381599426,3.469141960144043
330,3.8125085830688477,0.3313881754875183,3.4811203479766846
331,3.8047022819519043,0.3107534646987915,3.4939489364624023
332,3.7698254585266113,0.283089280128479,3.486736297607422
333,3.749228000640869,0.27477091550827026,3.474457025527954
334,3.777263641357422,0.3105379343032837,3.4667258262634277
335,3.7459652423858643,0.2708476483821869,3.4751176834106445
336,3.753155469894409,0.289046049118042,3.464109420776367
337,3.772562026977539,0.3145183324813843,3.4580435752868652
338,3.701167106628418,0.2566165030002594,3.4445505142211914
339,3.750101089477539,0.2842788100242615,3.465822219848633
340,3.772418975830078,0.29771292209625244,3.4747061729431152
341,3.7542877197265625,0.2812527120113373,3.4730350971221924
342,3.752096176147461,0.2860444188117981,3.4660518169403076
343,3.766282796859741,0.3066018223762512,3.4596810340881348
344,3.7408366203308105,0.2684554159641266,3.472381114959717
345,3.75108003616333,0.2743638753890991,3.4767160415649414
346,3.783583164215088,0.31262004375457764,3.4709630012512207
347,3.7870516777038574,0.34907251596450806,3.437979221343994
348,3.7883119583129883,0.3042301535606384,3.484081745147705
349,3.795370101928711,0.3143681585788727,3.481001853942871
350,3.7386326789855957,0.2817426323890686,3.456890106201172
351,3.782813549041748,0.33247148990631104,3.4503421783447266
352,3.7502310276031494,0.2867414355278015,3.463489532470703
353,3.7816243171691895,0.29761356115341187,3.484010696411133
354,3.75828218460083,0.2840648591518402,3.474217414855957
355,3.789844036102295,0.3144024610519409,3.4754416942596436
356,3.752045154571533,0.3008965253829956,3.451148509979248
357,3.782904863357544,0.299698144197464,3.4832067489624023
358,3.752671480178833,0.282646507024765,3.470025062561035
359,3.8202874660491943,0.3459893763065338,3.4742980003356934
360,3.757469892501831,0.28776055574417114,3.4697093963623047
361,3.7326250076293945,0.2598267197608948,3.4727983474731445
362,3.7298574447631836,0.27093029022216797,3.4589271545410156
363,3.735536575317383,0.2637629806995392,3.471773624420166
364,3.801590919494629,0.3207836151123047,3.480807304382324
365,3.7780585289001465,0.2809950113296509,3.497063636779785
366,3.7899975776672363,0.31527629494667053,3.4747211933135986
367,3.754152297973633,0.30837681889533997,3.4457755088806152
368,3.784360408782959,0.2872523367404938,3.497107982635498
369,3.7750840187072754,0.3359393775463104,3.4391446113586426
370,3.7493152618408203,0.28561490774154663,3.463700294494629
371,3.7519681453704834,0.28217506408691406,3.4697930812835693
372,3.7084927558898926,0.25997984409332275,3.4485127925872803
373,3.750476598739624,0.29795461893081665,3.452522039413452
374,3.759425640106201,0.29586726427078247,3.4635584354400635
375,3.7829508781433105,0.29399001598358154,3.4889607429504395
376,3.761768102645874,0.2938871383666992,3.467880964279175
377,3.779501438140869,0.3137851655483246,3.4657163619995117
378,3.721848964691162,0.2861675024032593,3.4356813430786133
379,3.7386550903320312,0.27273523807525635,3.4659199714660645
380,3.754368782043457,0.3041023015975952,3.4502663612365723
381,3.7852134704589844,0.32559120655059814,3.459622383117676
382,3.77140736579895,0.29936474561691284,3.4720425605773926
383,3.754434108734131,0.27816158533096313,3.4762725830078125
384,3.7685701847076416,0.3058989644050598,3.4626712799072266
385,3.7992758750915527,0.3274441063404083,3.471831798553467
386,3.80554461479187,0.3166992664337158,3.4888453483581543
387,3.751255750656128,0.2858676016330719,3.465388059616089
388,3.8318216800689697,0.33796924352645874,3.493852376937866
389,3.794792652130127,0.3207439184188843,3.474048614501953
390,3.7783145904541016,0.3112261891365051,3.467088460922241
391,3.7610883712768555,0.2930813431739807,3.4680070877075195
392,3.765820264816284,0.3143642246723175,3.451456069946289
393,3.7667195796966553,0.28056955337524414,3.486150026321411
394,3.7875118255615234,0.29559624195098877,3.491915702819824
395,3.801518201828003,0.3222935199737549,3.479224681854248
396,3.7631802558898926,0.3035121560096741,3.4596681594848633
397,3.74343204498291,0.2790759801864624,3.464355945587158
398,3.791997194290161,0.32187050580978394,3.4701266288757324
399,3.7197265625,0.264557421207428,3.455169200897217
400,3.787250280380249,0.3060043454170227,3.481245994567871
401,3.7941696643829346,0.30097341537475586,3.4931962490081787
402,3.744412899017334,0.29713475704193115,3.4472780227661133
403,3.7385900020599365,0.297898530960083,3.4406914710998535
404,3.749570369720459,0.27797651290893555,3.4715938568115234
405,3.7388112545013428,0.28528478741645813,3.453526496887207
406,3.7524819374084473,0.2922406792640686,3.4602413177490234
407,3.732389211654663,0.2593633532524109,3.4730257987976074
408,3.7575480937957764,0.2853410840034485,3.4722070693969727
409,3.7510693073272705,0.30726251006126404,3.4438068866729736
410,3.718165874481201,0.26777923107147217,3.4503865242004395
411,3.7335612773895264,0.2717055678367615,3.46185564994812
412,3.767371654510498,0.2950335741043091,3.4723379611968994
413,3.7947301864624023,0.3202294707298279,3.4745006561279297
414,3.7452313899993896,0.30777665972709656,3.4374547004699707
415,3.801337480545044,0.33132433891296387,3.47001314163208
416,3.7804408073425293,0.28258198499679565,3.497858762741089
417,3.7447681427001953,0.28375518321990967,3.461012840270996
418,3.7552003860473633,0.28726351261138916,3.4679369926452637
419,3.7414462566375732,0.2678825855255127,3.4735636711120605
420,3.7831971645355225,0.3019771873950958,3.481220006942749
421,3.746577739715576,0.28928545117378235,3.457292318344116
422,3.77934193611145,0.30324578285217285,3.4760961532592773
423,3.7775301933288574,0.3104773163795471,3.467052936553955
424,3.7257797718048096,0.2592632472515106,3.4665164947509766
425,3.765813112258911,0.3029715418815613,3.462841510772705
426,3.7530951499938965,0.2833242118358612,3.469770908355713
427,3.755446195602417,0.2786374092102051,3.476808786392212
428,3.7732255458831787,0.30721497535705566,3.466010570526123
429,3.7640089988708496,0.30161237716674805,3.4623966217041016
430,3.7336337566375732,0.27477771043777466,3.4588561058044434
431,3.8286044597625732,0.34854191541671753,3.480062484741211
432,3.788447856903076,0.3213585615158081,3.4670891761779785
433,3.7999250888824463,0.31100812554359436,3.4889168739318848
434,3.769885301589966,0.28991860151290894,3.479966640472412
435,3.7931597232818604,0.3167875409126282,3.476372241973877
436,3.7437057495117188,0.2887871563434601,3.454918622970581
437,3.764838218688965,0.2985135316848755,3.4663245677948
438,3.7707202434539795,0.3100283741950989,3.4606919288635254
439,3.7863268852233887,0.3024536967277527,3.483873128890991
440,3.788748025894165,0.30804935097694397,3.480698585510254
441,3.7748873233795166,0.30607953667640686,3.4688076972961426
442,3.681641101837158,0.23680441081523895,3.4448366165161133
443,3.7830588817596436,0.2961258590221405,3.4869329929351807
444,3.753183364868164,0.29058539867401123,3.4625978469848633
445,3.8077759742736816,0.31623807549476624,3.4915378093719482
446,3.752429962158203,0.29394638538360596,3.4584834575653076
447,3.7748184204101562,0.3080488443374634,3.4667696952819824
448,3.689378499984741,0.23926383256912231,3.4501147270202637
449,3.7986388206481934,0.3289884924888611,3.4696502685546875
450,3.782914876937866,0.2981054484844208,3.484809398651123
451,3.7971649169921875,0.30671119689941406,3.4904537200927734
452,3.779404401779175,0.2870415151119232,3.4923629760742188
453,3.7149922847747803,0.27422404289245605,3.440768241882324
454,3.767244577407837,0.2860651910305023,3.4811794757843018
455,3.751255750656128,0.29286569356918335,3.4583899974823
456,3.767022132873535,0.2943211793899536,3.472701072692871
457,3.8012771606445312,0.30346107482910156,3.4978160858154297
458,3.750089168548584,0.287700355052948,3.462388753890991
459,3.7687923908233643,0.2783534526824951,3.490438938140869
460,3.72944974899292,0.28227585554122925,3.447173833847046
461,3.7906060218811035,0.3163515031337738,3.474254608154297
462,3.771627426147461,0.2963334918022156,3.4752938747406006
463,3.7761354446411133,0.30352386832237244,3.472611665725708
464,3.7814459800720215,0.2942293584346771,3.4872167110443115
465,3.778285026550293,0.2871747612953186,3.491110324859619
466,3.7530453205108643,0.27947837114334106,3.473567008972168
467,3.785550117492676,0.3137132525444031,3.471836805343628
468,3.7812016010284424,0.31854480504989624,3.4626567363739014
469,3.7327423095703125,0.27188536524772644,3.4608569145202637
470,3.7779438495635986,0.31871461868286133,3.4592292308807373
471,3.7977142333984375,0.323696494102478,3.47401762008667
472,3.7166545391082764,0.265944242477417,3.4507102966308594
473,3.7705650329589844,0.2887340784072876,3.4818308353424072
474,3.7642738819122314,0.29991763830184937,3.4643561840057373
475,3.7733047008514404,0.29241347312927246,3.480891227722168
476,3.773463487625122,0.2869412899017334,3.4865221977233887
477,3.7532036304473877,0.2740362286567688,3.4791674613952637
478,3.7679572105407715,0.2786402404308319,3.489316940307617
479,3.7723164558410645,0.2917567491531372,3.4805595874786377
480,3.7611844539642334,0.29926759004592896,3.461916923522949
481,3.742799758911133,0.2796363830566406,3.463163375854492
482,3.745556592941284,0.2908704876899719,3.454686164855957
483,3.794933557510376,0.3154332637786865,3.4795002937316895
484,3.746861457824707,0.2749592065811157,3.471902370452881
485,3.7743167877197266,0.2963137626647949,3.4780030250549316
486,3.7825405597686768,0.2907545566558838,3.491786003112793
487,3.736180543899536,0.2839750647544861,3.4522054195404053
488,3.81693172454834,0.3168250024318695,3.5001068115234375
489,3.81500506401062,0.31144973635673523,3.5035552978515625
490,3.778737783432007,0.3020477890968323,3.4766900539398193
491,3.7255642414093018,0.27794384956359863,3.447620391845703
492,3.8065288066864014,0.32346972823143005,3.4830591678619385
493,3.749964475631714,0.288466215133667,3.461498260498047
494,3.74275803565979,0.27799588441848755,3.4647622108459473
495,3.7377066612243652,0.2782335877418518,3.459473133087158
496,3.722723960876465,0.26586002111434937,3.4568638801574707
497,3.7972867488861084,0.3199905753135681,3.4772961139678955
498,3.805955410003662,0.3250564634799957,3.480898857116699
499,3.7313051223754883,0.2878023386001587,3.44350266456604
500,3.703812599182129,0.2636563181877136,3.4401562213897705
501,3.7214834690093994,0.2625293731689453,3.458954095840454
502,3.7418434619903564,0.29685544967651367,3.4449880123138428
503,3.7395992279052734,0.2811240553855896,3.458475112915039
504,3.7576189041137695,0.2802177965641022,3.4774010181427
505,3.7761707305908203,0.30004769563674927,3.476123094558716
506,3.77579402923584,0.29524707794189453,3.4805469512939453
507,3.773864507675171,0.31364497542381287,3.460219621658325
508,3.742856740951538,0.2890338599681854,3.4538228511810303
509,3.7667043209075928,0.3007628321647644,3.4659414291381836
510,3.787747859954834,0.3038414418697357,3.4839065074920654
511,3.7968056201934814,0.3168071210384369,3.4799985885620117
512,3.7820944786071777,0.31992679834365845,3.462167739868164
513,3.7947418689727783,0.3196113705635071,3.475130558013916
514,3.7275664806365967,0.265776127576828,3.4617903232574463
515,3.7247753143310547,0.28512609004974365,3.4396491050720215
516,3.751830577850342,0.2835128605365753,3.468317747116089
517,3.766477584838867,0.29582422971725464,3.4706532955169678
518,3.776920795440674,0.3042778968811035,3.4726428985595703
519,3.757343292236328,0.2974783182144165,3.459864854812622
520,3.7315263748168945,0.2869572341442108,3.4445691108703613
521,3.770989418029785,0.2981613874435425,3.472827911376953
522,3.7752633094787598,0.3107846975326538,3.4644787311553955
523,3.7255518436431885,0.26781389117240906,3.457737922668457
524,3.723606586456299,0.2744482755661011,3.4491584300994873
525,3.750972032546997,0.2952849268913269,3.4556870460510254
526,3.7245869636535645,0.25471824407577515,3.4698686599731445
527,3.7151312828063965,0.2507953941822052,3.4643359184265137
528,3.7484428882598877,0.28571707010269165,3.462725877761841
529,3.7451376914978027,0.2826839089393616,3.462453842163086
530,3.7519071102142334,0.28652411699295044,3.4653830528259277
531,3.7276554107666016,0.26205170154571533,3.465603828430176
532,3.7681336402893066,0.28909945487976074,3.479034185409546
533,3.76324200630188,0.2962911128997803,3.4669508934020996
534,3.7974398136138916,0.301494300365448,3.495945453643799
535,3.7629518508911133,0.3202560544013977,3.4426958560943604
536,3.770857095718384,0.31617265939712524,3.4546844959259033
537,3.768794298171997,0.303575336933136,3.465219020843506
538,3.7574143409729004,0.2898455262184143,3.467568874359131
539,3.749728202819824,0.2814951539039612,3.468233108520508
540,3.7758193016052246,0.3011648654937744,3.47465443611145
541,3.7843270301818848,0.29467785358428955,3.4896490573883057
542,3.736299753189087,0.2798005938529968,3.4564990997314453
543,3.7630152702331543,0.3010999262332916,3.4619152545928955
544,3.823223114013672,0.3332083225250244,3.4900147914886475
545,3.744589328765869,0.29107922315597534,3.453510046005249
546,3.7741758823394775,0.2898414731025696,3.4843344688415527
547,3.768538475036621,0.2767934501171112,3.4917449951171875
548,3.7275071144104004,0.26827144622802734,3.459235668182373
549,3.7826709747314453,0.29208070039749146,3.4905903339385986
550,3.7357583045959473,0.25458061695098877,3.481177806854248
551,3.7402658462524414,0.2800103425979614,3.4602556228637695
552,3.776435613632202,0.2840522825717926,3.4923832416534424
553,3.798201560974121,0.3269747495651245,3.471226692199707
554,3.771599054336548,0.29137641191482544,3.480222702026367
555,3.747706413269043,0.28276747465133667,3.4649388790130615
556,3.7673840522766113,0.2960394024848938,3.4713447093963623
557,3.7792105674743652,0.30481255054473877,3.474398136138916
558,3.754978656768799,0.28787171840667725,3.467106819152832
559,3.709440231323242,0.26896393299102783,3.440476179122925
560,3.7386302947998047,0.2592822313308716,3.4793481826782227
561,3.780989170074463,0.30646568536758423,3.4745235443115234
562,3.7989864349365234,0.309815376996994,3.489171028137207
563,3.753329277038574,0.27135851979255676,3.48197078704834
564,3.764024496078491,0.28800711035728455,3.476017475128174
565,3.7237114906311035,0.2683221101760864,3.4553894996643066
566,3.7637741565704346,0.29493460059165955,3.468839645385742
567,3.7297818660736084,0.28514379262924194,3.4446380138397217
568,3.7732865810394287,0.31255388259887695,3.4607326984405518
569,3.7203052043914795,0.2669711709022522,3.453334093093872
570,3.735903739929199,0.27050530910491943,3.4653983116149902
571,3.7644875049591064,0.3013013005256653,3.463186264038086
572,3.789628505706787,0.3003693222999573,3.4892592430114746
573,3.697599411010742,0.26089921593666077,3.4367001056671143
574,3.7348854541778564,0.2707686126232147,3.4641168117523193
575,3.7750542163848877,0.29660582542419434,3.4784483909606934
576,3.7690536975860596,0.29668527841567993,3.4723684787750244
577,3.754119634628296,0.2750578224658966,3.4790618419647217
578,3.719313859939575,0.26629704236984253,3.453016757965088
579,3.796006441116333,0.3277638852596283,3.468242645263672
580,3.7261006832122803,0.27092671394348145,3.455173969268799
581,3.7473998069763184,0.27620729804039,3.4711925983428955
582,3.7619235515594482,0.28729552030563354,3.47462797164917
583,3.7760276794433594,0.3038340210914612,3.472193717956543
584,3.763108968734741,0.2884986996650696,3.4746103286743164
585,3.7673110961914062,0.29579687118530273,3.4715142250061035
586,3.7331972122192383,0.26386773586273193,3.469329595565796
587,3.7748806476593018,0.3035554885864258,3.471325159072876
588,3.7426986694335938,0.29163306951522827,3.4510655403137207
589,3.7453055381774902,0.2752837836742401,3.4700217247009277
590,3.7560174465179443,0.2928794026374817,3.4631381034851074
591,3.7650699615478516,0.2764779031276703,3.4885921478271484
592,3.7839272022247314,0.31160038709640503,3.4723267555236816
593,3.7346203327178955,0.27124327421188354,3.463376998901367
594,3.747110366821289,0.28710615634918213,3.4600043296813965
595,3.7289509773254395,0.2641240954399109,3.464826822280884
596,3.797149181365967,0.3147459328174591,3.48240327835083
597,3.781808614730835,0.30985817313194275,3.4719505310058594
598,3.7609097957611084,0.2874419689178467,3.4734678268432617
599,3.7296810150146484,0.264529824256897,3.465151309967041
600,3.757215976715088,0.293844997882843,3.4633710384368896
601,3.794410467147827,0.31107792258262634,3.483332633972168
602,3.7521140575408936,0.2818105220794678,3.470303535461426
603,3.754473924636841,0.2738974392414093,3.480576515197754
604,3.768162727355957,0.2962689995765686,3.471893787384033
605,3.7317585945129395,0.2785015404224396,3.4532570838928223
606,3.7623095512390137,0.2888532876968384,3.473456382751465
607,3.759310007095337,0.3012336790561676,3.458076238632202
608,3.7664153575897217,0.31247401237487793,3.4539413452148438
609,3.7482285499572754,0.2841831147670746,3.464045524597168
610,3.7904717922210693,0.32456234097480774,3.465909481048584
611,3.741541862487793,0.2733300030231476,3.4682118892669678
612,3.7325189113616943,0.27279454469680786,3.4597244262695312
613,3.7662460803985596,0.2943553924560547,3.471890687942505
614,3.7627315521240234,0.29237884283065796,3.4703526496887207
615,3.7599000930786133,0.28488630056381226,3.4750137329101562
616,3.7175216674804688,0.2671378254890442,3.4503839015960693
617,3.7737936973571777,0.28891557455062866,3.4848780632019043
618,3.8222899436950684,0.33947670459747314,3.4828133583068848
619,3.7655282020568848,0.2940158247947693,3.4715123176574707
620,3.7619240283966064,0.2832975685596466,3.4786264896392822
621,3.730186700820923,0.27879300713539124,3.4513936042785645
622,3.7434990406036377,0.2856563925743103,3.4578425884246826
623,3.789738416671753,0.31616613268852234,3.473572254180908
624,3.7445435523986816,0.27870410680770874,3.465839385986328
625,3.739025115966797,0.25714993476867676,3.48187518119812
626,3.775240421295166,0.2770204246044159,3.4982199668884277
627,3.7847037315368652,0.31172043085098267,3.4729833602905273
628,3.761409282684326,0.293468713760376,3.46794056892395
629,3.7825374603271484,0.28939640522003174,3.4931411743164062
630,3.784151077270508,0.3085135817527771,3.475637435913086
631,3.7542481422424316,0.27608951926231384,3.478158712387085
632,3.761667013168335,0.3079175651073456,3.453749418258667
633,3.8040523529052734,0.2930564284324646,3.510995864868164
634,3.725501298904419,0.2755091190338135,3.4499921798706055
635,3.7746458053588867,0.3136056661605835,3.4610402584075928
636,3.7253847122192383,0.29164448380470276,3.4337401390075684
637,3.7536377906799316,0.29123222827911377,3.4624054431915283
638,3.7732324600219727,0.3095436692237854,3.463688850402832
639,3.7689621448516846,0.3014693856239319,3.4674928188323975
640,3.7476234436035156,0.28861916065216064,3.4590041637420654
641,3.7757084369659424,0.29656359553337097,3.479144811630249
642,3.7657806873321533,0.2987597584724426,3.4670209884643555
643,3.7441790103912354,0.27542346715927124,3.4687554836273193
644,3.7532153129577637,0.2831465005874634,3.47006893157959
645,3.7532575130462646,0.29348206520080566,3.459775447845459
646,3.784318208694458,0.2967927157878876,3.487525463104248
647,3.74135684967041,0.28155529499053955,3.45980167388916
648,3.799839973449707,0.32291892170906067,3.4769210815429688
649,3.779892683029175,0.29369354248046875,3.486199140548706
650,3.7688403129577637,0.29154878854751587,3.4772915840148926
651,3.7807400226593018,0.3070618510246277,3.4736781120300293
652,3.7271807193756104,0.28246384859085083,3.4447169303894043
653,3.7254562377929688,0.25125181674957275,3.4742045402526855
654,3.7537078857421875,0.284124493598938,3.469583511352539
655,3.753004789352417,0.292306125164032,3.4606986045837402
656,3.771427631378174,0.31870558857917786,3.4527220726013184
657,3.727625846862793,0.2750011682510376,3.452624797821045
658,3.725909471511841,0.2775490880012512,3.4483604431152344
659,3.763183832168579,0.28229162096977234,3.4808921813964844
660,3.754171371459961,0.2790473997592926,3.475123882293701
661,3.751492977142334,0.2888256907463074,3.462667226791382
662,3.8376009464263916,0.3386848270893097,3.4989161491394043
663,3.7415354251861572,0.28973641991615295,3.451798915863037
664,3.792670965194702,0.3154124915599823,3.4772584438323975
665,3.7869439125061035,0.312701940536499,3.4742419719696045
666,3.7624597549438477,0.30144521594047546,3.46101450920105
667,3.724813461303711,0.2743997275829315,3.450413703918457
668,3.752854824066162,0.27411386370658875,3.478740930557251
669,3.7315542697906494,0.27464789152145386,3.456906318664551
670,3.7483668327331543,0.2802460789680481,3.468120813369751
671,3.7624738216400146,0.2932513654232025,3.4692225456237793
672,3.769198417663574,0.2952570617198944,3.4739413261413574
673,3.7050528526306152,0.26766437292099,3.4373884201049805
674,3.753018856048584,0.2851928472518921,3.4678258895874023
675,3.7662723064422607,0.2865990996360779,3.479673147201538
676,3.780856132507324,0.3056921362876892,3.4751639366149902
677,3.722203493118286,0.2665063440799713,3.4556970596313477
678,3.7591967582702637,0.2775087058544159,3.4816880226135254
679,3.7375824451446533,0.25945523381233215,3.4781272411346436
680,3.718693256378174,0.26871195435523987,3.449981212615967
681,3.773113250732422,0.3007253408432007,3.4723877906799316
682,3.741161346435547,0.2982715368270874,3.44288969039917
683,3.7767021656036377,0.30919963121414185,3.4675025939941406
684,3.7104837894439697,0.25724297761917114,3.4532408714294434
685,3.7598628997802734,0.2915800213813782,3.46828293800354
686,3.7577290534973145,0.29811960458755493,3.4596095085144043
687,3.75130295753479,0.2980749309062958,3.453227996826172
688,3.7268736362457275,0.25484198331832886,3.472031593322754
689,3.7626028060913086,0.2872486114501953,3.4753541946411133
690,3.796415328979492,0.3085741102695465,3.4878411293029785
691,3.778911590576172,0.3007768988609314,3.4781346321105957
692,3.7777676582336426,0.31447848677635193,3.463289260864258
693,3.770751714706421,0.30432623624801636,3.4664254188537598
694,3.7795543670654297,0.2980269491672516,3.481527328491211
695,3.76503324508667,0.29944029450416565,3.465592861175537
696,3.7049999237060547,0.2653745412826538,3.4396252632141113
697,3.8135507106781006,0.3113400638103485,3.5022106170654297
698,3.7644901275634766,0.2946411371231079,3.469849109649658
699,3.7345871925354004,0.29073041677474976,3.443856716156006
700,3.794647693634033,0.3354725241661072,3.4591751098632812
701,3.746239423751831,0.27151426672935486,3.4747252464294434
702,3.7436654567718506,0.27498942613601685,3.4686760902404785
703,3.7351725101470947,0.26159730553627014,3.4735751152038574
704,3.786402463912964,0.31444206833839417,3.4719603061676025
705,3.7798328399658203,0.3109803795814514,3.4688525199890137
706,3.816195011138916,0.31150275468826294,3.504692316055298
707,3.7265379428863525,0.2644329071044922,3.4621050357818604
708,3.775965929031372,0.2901821732521057,3.485783815383911
709,3.8038978576660156,0.3138073682785034,3.4900903701782227
710,3.7441089153289795,0.2628970742225647,3.4812119007110596
711,3.7858805656433105,0.2978755235671997,3.4880051612854004
712,3.7535576820373535,0.2630206048488617,3.490537166595459
713,3.7760822772979736,0.30180367827415466,3.474278688430786
714,3.7485876083374023,0.27253907918930054,3.476048469543457
715,3.7090656757354736,0.26096034049987793,3.4481053352355957
716,3.739457607269287,0.2978200316429138,3.4416375160217285
717,3.753643035888672,0.28008320927619934,3.473559856414795
718,3.782325267791748,0.3068085312843323,3.4755167961120605
719,3.736670732498169,0.2762620449066162,3.4604086875915527
720,3.7821342945098877,0.31185048818588257,3.4702837467193604
721,3.750667095184326,0.27934032678604126,3.4713268280029297
722,3.735506772994995,0.29414668679237366,3.4413599967956543
723,3.795140027999878,0.3143885135650635,3.4807515144348145
724,3.7279858589172363,0.2787691652774811,3.449216604232788
725,3.743406057357788,0.2849056124687195,3.458500385284424
726,3.7628097534179688,0.29254350066185,3.470266342163086
727,3.732469320297241,0.27068257331848145,3.4617867469787598
728,3.772181510925293,0.27370795607566833,3.498473644256592
729,3.7468273639678955,0.27986007928848267,3.4669673442840576
730,3.7322781085968018,0.2677310109138489,3.4645471572875977
731,3.769686698913574,0.2840856909751892,3.4856009483337402
732,3.754128932952881,0.3062625229358673,3.447866439819336
733,3.772274971008301,0.30063679814338684,3.4716382026672363
734,3.818150043487549,0.32074859738349915,3.497401475906372
735,3.7467055320739746,0.29386234283447266,3.452843189239502
736,3.7543420791625977,0.2799009084701538,3.4744412899017334
737,3.7562320232391357,0.27620357275009155,3.4800283908843994
738,3.7534372806549072,0.29909253120422363,3.4543447494506836
739,3.728468656539917,0.2734418511390686,3.455026865005493
740,3.745018720626831,0.275063693523407,3.4699549674987793
741,3.770798444747925,0.2978770434856415,3.472921371459961
742,3.7662951946258545,0.28696367144584656,3.4793314933776855
743,3.752753734588623,0.28726625442504883,3.465487480163574
744,3.7490766048431396,0.2853815257549286,3.4636950492858887
745,3.749305009841919,0.28079625964164734,3.468508720397949
746,3.701646327972412,0.24338674545288086,3.4582595825195312
747,3.7192037105560303,0.27660176157951355,3.4426019191741943
748,3.729739189147949,0.2692056894302368,3.460533618927002
749,3.782918930053711,0.3042789101600647,3.478640079498291
750,3.724426031112671,0.25852128863334656,3.465904712677002
751,3.7430381774902344,0.2809509336948395,3.4620871543884277
752,3.7722225189208984,0.2923160493373871,3.4799065589904785
753,3.7597274780273438,0.2884419560432434,3.471285581588745
754,3.7460904121398926,0.29174917936325073,3.454341173171997
755,3.7374231815338135,0.26608389616012573,3.471339225769043
756,3.717877149581909,0.25189122557640076,3.4659860134124756
757,3.7307815551757812,0.2679070234298706,3.462874412536621
758,3.7561917304992676,0.30012041330337524,3.456071376800537
759,3.7408576011657715,0.2852165997028351,3.455641031265259
760,3.7456958293914795,0.28769809007644653,3.4579977989196777
761,3.7417283058166504,0.2730628252029419,3.468665599822998
762,3.7388370037078857,0.28089264035224915,3.457944393157959
763,3.717834711074829,0.277226984500885,3.440607786178589
764,3.7686471939086914,0.3142509460449219,3.4543962478637695
765,3.7444751262664795,0.29816874861717224,3.4463064670562744
766,3.7648115158081055,0.3009294271469116,3.4638822078704834
767,3.7881481647491455,0.294283390045166,3.4938647747039795
768,3.768678903579712,0.28172239661216736,3.4869565963745117
769,3.7470948696136475,0.2881905734539032,3.458904266357422
770,3.7578601837158203,0.300984263420105,3.456876039505005
771,3.7068283557891846,0.24641163647174835,3.460416793823242
772,3.7257001399993896,0.2556471824645996,3.47005295753479
773,3.7702412605285645,0.29955828189849854,3.4706830978393555
774,3.762838840484619,0.28442656993865967,3.47841215133667
775,3.751479148864746,0.29729562997817993,3.454183578491211
776,3.7299141883850098,0.2686461806297302,3.4612679481506348
777,3.7568702697753906,0.28342586755752563,3.4734444618225098
778,3.7469992637634277,0.2886162996292114,3.4583828449249268
779,3.7913708686828613,0.31239211559295654,3.4789786338806152
780,3.7329983711242676,0.28023117780685425,3.4527671337127686
781,3.7552757263183594,0.2829385995864868,3.472337007522583
782,3.732412815093994,0.25022995471954346,3.4821829795837402
783,3.7729947566986084,0.2976589798927307,3.4753358364105225
784,3.765699863433838,0.3010033667087555,3.4646964073181152
785,3.7822389602661133,0.311412513256073,3.4708263874053955
786,3.7466061115264893,0.2970961034297943,3.449510097503662
787,3.7163984775543213,0.25055456161499023,3.465843915939331
788,3.735400676727295,0.27874618768692017,3.4566545486450195
789,3.7645766735076904,0.29343441128730774,3.471142292022705
790,3.7146730422973633,0.26765692234039307,3.4470162391662598
791,3.7570128440856934,0.2866358757019043,3.470376968383789
792,3.7252631187438965,0.28294748067855835,3.4423155784606934
793,3.714592456817627,0.2669288218021393,3.4476635456085205
794,3.713132858276367,0.264676570892334,3.448456287384033
795,3.7421278953552246,0.25875937938690186,3.483368396759033
796,3.7524116039276123,0.29441380500793457,3.4579977989196777
797,3.758948564529419,0.3051425814628601,3.453805923461914
798,3.7914698123931885,0.31357795000076294,3.4778919219970703
799,3.739518642425537,0.2839530408382416,3.4555656909942627
800,3.755443572998047,0.26834046840667725,3.48710298538208
801,3.7572178840637207,0.28536608815193176,3.4718518257141113
802,3.7069692611694336,0.2626866102218628,3.4442827701568604
803,3.7151808738708496,0.2739369571208954,3.441243886947632
804,3.698803424835205,0.25498083233833313,3.4438226222991943
805,3.680850028991699,0.24100734293460846,3.439842700958252
806,3.721708297729492,0.24839216470718384,3.473316192626953
807,3.7381296157836914,0.2500060796737671,3.488123655319214
808,3.7199225425720215,0.25178295373916626,3.4681396484375
809,3.789602518081665,0.28685253858566284,3.5027499198913574
810,3.746375560760498,0.26873165369033813,3.4776439666748047
811,3.7521955966949463,0.2930119037628174,3.459183692932129
812,3.7527894973754883,0.2792836129665375,3.473505973815918
813,3.7410073280334473,0.2797285318374634,3.4612789154052734
814,3.728965997695923,0.24591520428657532,3.48305082321167
815,3.8050458431243896,0.3162214159965515,3.4888243675231934
816,3.7589991092681885,0.2823689579963684,3.476630210876465
817,3.784346580505371,0.2915304899215698,3.492816209793091
818,3.7497968673706055,0.28035974502563477,3.4694371223449707
819,3.727705717086792,0.26015448570251465,3.4675512313842773
820,3.7392685413360596,0.28960683941841125,3.4496617317199707
821,3.740021228790283,0.2602649927139282,3.4797563552856445
822,3.7593441009521484,0.2862586975097656,3.473085403442383
823,3.7626490592956543,0.2762874960899353,3.486361503601074
824,3.7459094524383545,0.2858850955963135,3.460024356842041
825,3.728532314300537,0.2732301354408264,3.4553022384643555
826,3.7396934032440186,0.2601402699947357,3.47955322265625
827,3.753260374069214,0.2794156074523926,3.4738447666168213
828,3.696423053741455,0.24350307881832123,3.4529199600219727
829,3.7245025634765625,0.2711448073387146,3.453357696533203
830,3.7517013549804688,0.2793273627758026,3.4723739624023438
831,3.7600996494293213,0.2846238613128662,3.475475788116455
832,3.7858405113220215,0.3196619749069214,3.4661784172058105
833,3.7154922485351562,0.25062131881713867,3.4648709297180176
834,3.749605894088745,0.28250357508659363,3.467102289199829
835,3.7525527477264404,0.2810846269130707,3.471468210220337
836,3.71041202545166,0.24929413199424744,3.46111798286438
837,3.732539653778076,0.28147271275520325,3.4510669708251953
838,3.770643472671509,0.30338698625564575,3.467256546020508
839,3.7174675464630127,0.257661908864975,3.459805727005005
840,3.7560806274414062,0.27843600511550903,3.477644681930542
841,3.7365965843200684,0.27591273188591003,3.460683822631836
842,3.7892684936523438,0.3015286326408386,3.4877398014068604
843,3.742178201675415,0.28791603446006775,3.4542622566223145
844,3.728144645690918,0.26643306016921997,3.4617116451263428
845,3.7405171394348145,0.2866883873939514,3.453828811645508
846,3.760938882827759,0.2900996804237366,3.470839262008667
847,3.7830419540405273,0.2999957799911499,3.483046054840088
848,3.743286371231079,0.2827690541744232,3.460517406463623
849,3.7723491191864014,0.2926633954048157,3.4796857833862305
850,3.7151119709014893,0.24291777610778809,3.472194194793701
851,3.7563865184783936,0.29067307710647583,3.4657135009765625
852,3.7643938064575195,0.2739189863204956,3.4904747009277344
853,3.715754270553589,0.25198617577552795,3.4637680053710938
854,3.772601842880249,0.31220391392707825,3.460397958755493
855,3.742048501968384,0.26943421363830566,3.472614288330078
856,3.7257680892944336,0.2756291627883911,3.450139045715332
857,3.7474606037139893,0.2842114269733429,3.4632492065429688
858,3.7496540546417236,0.2661750614643097,3.4834790229797363
859,3.769254684448242,0.29044288396835327,3.478811740875244
860,3.743536949157715,0.2859428822994232,3.457594156265259
861,3.7409090995788574,0.2645419239997864,3.476367235183716
862,3.805093288421631,0.30838942527770996,3.496703863143921
863,3.726245403289795,0.283940851688385,3.4423046112060547
864,3.7238609790802,0.251298189163208,3.472562789916992
865,3.738801956176758,0.27281296253204346,3.465988874435425
866,3.781694173812866,0.29939213395118713,3.482301950454712
867,3.7671947479248047,0.29890817403793335,3.4682865142822266
868,3.7878026962280273,0.3149140477180481,3.472888708114624
869,3.7332310676574707,0.2688494920730591,3.464381694793701
870,3.7608425617218018,0.27111706137657166,3.4897255897521973
871,3.7555992603302,0.2862531244754791,3.469346046447754
872,3.7385315895080566,0.2840358018875122,3.454495668411255
873,3.774247407913208,0.31114038825035095,3.463107109069824
874,3.7752087116241455,0.3018212914466858,3.4733874797821045
875,3.7247471809387207,0.2561465799808502,3.4686005115509033
876,3.7767741680145264,0.3051068186759949,3.4716672897338867
877,3.7840938568115234,0.30804115533828735,3.476052761077881
878,3.720726490020752,0.2610021233558655,3.4597244262695312
879,3.7670676708221436,0.28955817222595215,3.4775094985961914
880,3.787006378173828,0.3229880630970001,3.4640183448791504
881,3.7443082332611084,0.27816882729530334,3.466139316558838
882,3.7629923820495605,0.2957998514175415,3.4671926498413086
883,3.7626724243164062,0.2930908799171448,3.4695816040039062
884,3.762897491455078,0.2944120168685913,3.4684853553771973
885,3.7652249336242676,0.28779637813568115,3.477428436279297
886,3.7539784908294678,0.28396210074424744,3.4700164794921875
887,3.701780080795288,0.26598337292671204,3.4357967376708984
888,3.7461469173431396,0.2916049361228943,3.4545419216156006
889,3.7710299491882324,0.2932499051094055,3.4777801036834717
890,3.7580912113189697,0.287820041179657,3.470271110534668
891,3.7231907844543457,0.28695163130760193,3.436239242553711
892,3.768627882003784,0.2807108461856842,3.487916946411133
893,3.716883897781372,0.26693934202194214,3.449944496154785
894,3.7657346725463867,0.2938782870769501,3.4718563556671143
895,3.738368034362793,0.2778865098953247,3.460481643676758
896,3.7364659309387207,0.2613828778266907,3.475083112716675
897,3.7597692012786865,0.2733582854270935,3.4864108562469482
898,3.720776081085205,0.2732577919960022,3.4475183486938477
899,3.754599094390869,0.26043036580085754,3.494168758392334
900,3.7707276344299316,0.302881121635437,3.467846393585205
901,3.746957778930664,0.26166588068008423,3.4852919578552246
902,3.793274164199829,0.31491464376449585,3.4783594608306885
903,3.709839344024658,0.26267290115356445,3.4471664428710938
904,3.7124860286712646,0.26131170988082886,3.451174259185791
905,3.7781810760498047,0.2820262908935547,3.49615478515625
906,3.747239351272583,0.28802555799484253,3.4592137336730957
907,3.7336013317108154,0.272356241941452,3.461245059967041
908,3.762146472930908,0.289687842130661,3.472458600997925
909,3.748920440673828,0.29606008529663086,3.4528603553771973
910,3.7336843013763428,0.25387439131736755,3.4798099994659424
911,3.7425808906555176,0.27656418085098267,3.4660167694091797
912,3.7202744483947754,0.27273327112197876,3.4475412368774414
913,3.7442545890808105,0.2691488564014435,3.4751057624816895
914,3.752753734588623,0.27820590138435364,3.474547863006592
915,3.758476495742798,0.28636765480041504,3.472108840942383
916,3.7714593410491943,0.30063313245773315,3.4708261489868164
917,3.7214369773864746,0.26359403133392334,3.4578428268432617
918,3.7519290447235107,0.2721858024597168,3.479743242263794
919,3.7560906410217285,0.3050961196422577,3.4509944915771484
920,3.7477920055389404,0.2840345501899719,3.4637575149536133
921,3.7596211433410645,0.3045356273651123,3.455085515975952
922,3.763056755065918,0.2932056188583374,3.469851016998291
923,3.7507264614105225,0.2885621190071106,3.4621644020080566
924,3.756711006164551,0.2719488739967346,3.484762191772461
925,3.7932753562927246,0.3057693839073181,3.4875059127807617
926,3.7504780292510986,0.27898329496383667,3.471494674682617
927,3.753384590148926,0.2751702070236206,3.4782142639160156
928,3.7770330905914307,0.28568440675735474,3.4913487434387207
929,3.7301082611083984,0.2705336809158325,3.4595746994018555
930,3.7621068954467773,0.2898586392402649,3.4722483158111572
931,3.775383949279785,0.2898041009902954,3.4855797290802
932,3.773895502090454,0.27685707807540894,3.4970383644104004
933,3.729372024536133,0.2725827097892761,3.456789255142212
934,3.7815754413604736,0.291576087474823,3.489999294281006
935,3.707875967025757,0.25127506256103516,3.4566009044647217
936,3.7300479412078857,0.2573874592781067,3.472660541534424
937,3.754214286804199,0.2795579433441162,3.474656343460083
938,3.7109553813934326,0.27419453859329224,3.436760902404785
939,3.730518341064453,0.262401282787323,3.4681169986724854
940,3.754917860031128,0.286493718624115,3.468424081802368
941,3.7392890453338623,0.2671491503715515,3.472139835357666
942,3.728377342224121,0.2816557288169861,3.4467215538024902
943,3.764244556427002,0.30218714475631714,3.46205735206604
944,3.7589943408966064,0.28299546241760254,3.475998878479004
945,3.7496562004089355,0.27359676361083984,3.4760594367980957
946,3.772545337677002,0.2986060380935669,3.4739394187927246
947,3.7416224479675293,0.2957756519317627,3.4458467960357666
948,3.719878911972046,0.25836819410324097,3.46151065826416
949,3.7646193504333496,0.2959599494934082,3.4686594009399414
950,3.7395076751708984,0.27736878395080566,3.4621388912200928
951,3.725264549255371,0.26472949981689453,3.4605350494384766
952,3.732927083969116,0.2619522213935852,3.470974922180176
953,3.7525432109832764,0.2567017674446106,3.4958415031433105
954,3.761476516723633,0.2871086001396179,3.47436785697937
955,3.7318978309631348,0.27208468317985535,3.459813117980957
956,3.7540032863616943,0.2891492247581482,3.4648540019989014
957,3.7517549991607666,0.2926774024963379,3.4590775966644287
958,3.768732786178589,0.29314079880714417,3.4755918979644775
959,3.7642745971679688,0.3051103353500366,3.4591641426086426
960,3.7697227001190186,0.2970687747001648,3.472653865814209
961,3.783717632293701,0.30048078298568726,3.483236789703369
962,3.8057918548583984,0.3203815817832947,3.485410213470459
963,3.7143514156341553,0.2469237893819809,3.4674277305603027
964,3.729214668273926,0.2761472463607788,3.4530673027038574
965,3.7678136825561523,0.30089521408081055,3.466918468475342
966,3.7255778312683105,0.25866228342056274,3.4669156074523926
967,3.778681755065918,0.2935008406639099,3.4851808547973633
968,3.7942333221435547,0.30617234110832214,3.48806095123291
969,3.7507805824279785,0.2847297787666321,3.466050863265991
970,3.7595324516296387,0.29237130284309387,3.467161178588867
971,3.7312400341033936,0.27093344926834106,3.4603066444396973
972,3.7703633308410645,0.30518996715545654,3.4651732444763184
973,3.717653751373291,0.27700358629226685,3.440650224685669
974,3.7746846675872803,0.2918751537799835,3.482809543609619
975,3.801778793334961,0.31525519490242004,3.4865236282348633
976,3.7485146522521973,0.27415037155151367,3.4743642807006836
977,3.767286777496338,0.2923051416873932,3.4749815464019775
978,3.730403423309326,0.27203986048698425,3.4583635330200195
979,3.783182382583618,0.28268709778785706,3.500495195388794
980,3.7585198879241943,0.2834157645702362,3.4751040935516357
981,3.740255355834961,0.28068071603775024,3.4595746994018555
982,3.719935178756714,0.2577294707298279,3.462205648422241
983,3.751897096633911,0.28838035464286804,3.4635167121887207
984,3.7332615852355957,0.2772778868675232,3.4559836387634277
985,3.7485275268554688,0.27563291788101196,3.4728946685791016
986,3.75335431098938,0.2843635678291321,3.4689908027648926
987,3.7557501792907715,0.26604151725769043,3.489708662033081
988,3.743004322052002,0.282204270362854,3.4608001708984375
989,3.788605213165283,0.31916892528533936,3.4694361686706543
990,3.75811767578125,0.30267584323883057,3.455441951751709
991,3.707068681716919,0.26972293853759766,3.4373457431793213
992,3.7161107063293457,0.24379584193229675,3.4723148345947266
993,3.7941079139709473,0.3090762794017792,3.4850316047668457
994,3.7532382011413574,0.2795296609401703,3.4737086296081543
995,3.7757489681243896,0.2910904288291931,3.4846584796905518
996,3.738064765930176,0.25673288106918335,3.4813318252563477
997,3.7793593406677246,0.3125663995742798,3.4667930603027344
998,3.7381739616394043,0.2667114734649658,3.4714624881744385
999,3.7599148750305176,0.2913174629211426,3.468597412109375
1000,3.735656499862671,0.27838820219039917,3.457268238067627
1001,3.749382495880127,0.2689014673233032,3.480480909347534
1002,3.7668025493621826,0.2828344702720642,3.4839680194854736
1003,3.7497124671936035,0.26923930644989014,3.480473041534424
1004,3.7379250526428223,0.2725731432437897,3.4653518199920654
1005,3.728644371032715,0.2445601522922516,3.484084129333496
1006,3.773932933807373,0.2855706810951233,3.4883623123168945
1007,3.7333741188049316,0.2611408829689026,3.472233295440674
1008,3.742366075515747,0.2765072286128998,3.4658589363098145
1009,3.747469902038574,0.27996763586997986,3.4675023555755615
1010,3.714578151702881,0.25276076793670654,3.461817502975464
1011,3.7332282066345215,0.2665235698223114,3.4667046070098877
1012,3.741860866546631,0.25926563143730164,3.482595205307007
1013,3.7774057388305664,0.2960782051086426,3.481327533721924
1014,3.7569990158081055,0.28404995799064636,3.4729490280151367
1015,3.7291271686553955,0.2554953694343567,3.4736318588256836
1016,3.729429244995117,0.2724781036376953,3.456951141357422
1017,3.747102737426758,0.29486000537872314,3.452242851257324
1018,3.757952928543091,0.287974089384079,3.4699788093566895
1019,3.7355735301971436,0.2873654365539551,3.4482080936431885
1020,3.7751927375793457,0.2980789542198181,3.477113723754883
1021,3.77228045463562,0.29837483167648315,3.473905563354492
1022,3.7630999088287354,0.2984068989753723,3.464693069458008
1023,3.7507143020629883,0.274677574634552,3.476036787033081
1024,3.7498812675476074,0.28427091240882874,3.4656102657318115
1025,3.7598586082458496,0.28724533319473267,3.4726133346557617
1026,3.6807973384857178,0.22723646461963654,3.4535608291625977
1027,3.7400472164154053,0.2621572017669678,3.4778900146484375
1028,3.7718939781188965,0.27788323163986206,3.4940106868743896
1029,3.760288715362549,0.29672539234161377,3.4635634422302246
1030,3.7341501712799072,0.2738471031188965,3.4603030681610107
1031,3.7086293697357178,0.24337249994277954,3.465256929397583
1032,3.7257535457611084,0.2571299374103546,3.468623638153076
1033,3.7194485664367676,0.25759947299957275,3.4618492126464844
1034,3.727961778640747,0.24910898506641388,3.4788527488708496
1035,3.7801761627197266,0.29760438203811646,3.482571840286255
1036,3.7561042308807373,0.2849981188774109,3.4711060523986816
1037,3.777747631072998,0.29659783840179443,3.481149673461914
1038,3.745671510696411,0.2636857032775879,3.4819858074188232
1039,3.7609341144561768,0.27231723070144653,3.488616943359375
1040,3.721437931060791,0.25592318177223206,3.465514659881592
1041,3.7299115657806396,0.2814910411834717,3.448420524597168
1042,3.7454025745391846,0.27571383118629456,3.469688653945923
1043,3.7395811080932617,0.2687406837940216,3.4708404541015625
1044,3.7200398445129395,0.2639269232749939,3.456112861633301
1045,3.70342755317688,0.25997814536094666,3.4434494972229004
1046,3.741751194000244,0.28132688999176025,3.4604244232177734
1047,3.7118940353393555,0.25339075922966003,3.458503246307373
1048,3.757728099822998,0.29278144240379333,3.464946746826172
1049,3.771353006362915,0.2715205252170563,3.4998323917388916
1050,3.765277862548828,0.28195008635520935,3.483327865600586
1051,3.7158195972442627,0.2621014416217804,3.4537181854248047
1052,3.7639455795288086,0.2837180495262146,3.480227470397949
1053,3.757520914077759,0.2875552177429199,3.469965696334839
1054,3.735935688018799,0.2801564931869507,3.4557790756225586
1055,3.72922682762146,0.2713353633880615,3.4578914642333984
1056,3.6999268531799316,0.23749572038650513,3.4624311923980713
1057,3.71586275100708,0.2499428689479828,3.4659199714660645
1058,3.724982500076294,0.2687900960445404,3.4561924934387207
1059,3.738878011703491,0.2813790440559387,3.4574990272521973
1060,3.728888511657715,0.2637752592563629,3.4651131629943848
1061,3.760934591293335,0.28640204668045044,3.4745326042175293
1062,3.7214694023132324,0.2568458318710327,3.46462345123291
1063,3.7428271770477295,0.28326958417892456,3.45955753326416
1064,3.727398157119751,0.2540915012359619,3.473306655883789
1065,3.7377028465270996,0.25436651706695557,3.4833364486694336
1066,3.7406318187713623,0.2927640378475189,3.4478678703308105
1067,3.751638174057007,0.2765873074531555,3.475050926208496
1068,3.767889976501465,0.2992805242538452,3.46860933303833
1069,3.7024455070495605,0.2549918591976166,3.447453737258911
1070,3.767923593521118,0.28568434715270996,3.482239246368408
1071,3.7082033157348633,0.25999635457992554,3.448206901550293
1072,3.7558534145355225,0.29305821657180786,3.4627952575683594
1073,3.7685539722442627,0.28019681572914124,3.4883570671081543
1074,3.716871500015259,0.250136137008667,3.466735363006592
1075,3.7559614181518555,0.29431068897247314,3.461650848388672
1076,3.7410922050476074,0.2743935286998749,3.46669864654541
1077,3.7432961463928223,0.26479947566986084,3.478496789932251
1078,3.710714340209961,0.2566310167312622,3.454083204269409
1079,3.7085580825805664,0.24546769261360168,3.463090419769287
1080,3.760664939880371,0.2892921268939972,3.4713728427886963
1081,3.7419841289520264,0.2790384292602539,3.4629456996917725
1082,3.7321529388427734,0.24440285563468933,3.4877500534057617
1083,3.715550184249878,0.25798290967941284,3.4575672149658203
1084,3.713674306869507,0.2504312992095947,3.463243007659912
1085,3.7355031967163086,0.2739677429199219,3.4615354537963867
1086,3.7396812438964844,0.2675889730453491,3.4720921516418457
1087,3.7540860176086426,0.2783490717411041,3.4757368564605713
1088,3.7620368003845215,0.28389719128608704,3.478139638900757
1089,3.724364757537842,0.25668659806251526,3.4676780700683594
1090,3.7211856842041016,0.2600489556789398,3.461136817932129
1091,3.7654221057891846,0.28125303983688354,3.4841690063476562
1092,3.7410526275634766,0.2883371114730835,3.4527153968811035
1093,3.7668375968933105,0.3044615387916565,3.462376117706299
1094,3.7240495681762695,0.27485594153404236,3.4491937160491943
1095,3.773897647857666,0.2744641900062561,3.4994335174560547
1096,3.7118661403656006,0.26237916946411133,3.4494869709014893
1097,3.742236852645874,0.27523770928382874,3.466999053955078
1098,3.730557441711426,0.26772692799568176,3.4628305435180664
1099,3.7498409748077393,0.2743627429008484,3.475478172302246
1100,3.7348227500915527,0.26606887578964233,3.4687538146972656
1101,3.732814073562622,0.2685740292072296,3.464240074157715
1102,3.7737908363342285,0.28911396861076355,3.4846768379211426
1103,3.7215874195098877,0.2455526441335678,3.4760348796844482
1104,3.729701519012451,0.26918721199035645,3.4605143070220947
1105,3.75681471824646,0.29908445477485657,3.457730293273926
1106,3.724470615386963,0.2656702995300293,3.4588003158569336
1107,3.7296533584594727,0.28417110443115234,3.4454822540283203
1108,3.7628679275512695,0.2798433303833008,3.4830245971679688
1109,3.7180771827697754,0.2700362801551819,3.4480409622192383
1110,3.7348198890686035,0.27061882615089417,3.464200973510742
1111,3.7240607738494873,0.2733829617500305,3.4506778717041016
1112,3.687351703643799,0.22936108708381653,3.4579906463623047
1113,3.74302077293396,0.2897438704967499,3.4532768726348877
1114,3.7060985565185547,0.24760235846042633,3.45849609375
1115,3.71093487739563,0.25364500284194946,3.457289934158325
1116,3.714653253555298,0.2658085227012634,3.4488446712493896
1117,3.767813205718994,0.30276069045066833,3.465052604675293
1118,3.7275280952453613,0.2651638090610504,3.4623641967773438
1119,3.738464832305908,0.26896098256111145,3.469503879547119
1120,3.7260842323303223,0.2606605887413025,3.465423583984375
1121,3.716012954711914,0.26649612188339233,3.449516773223877
1122,3.7470908164978027,0.29051682353019714,3.456573963165283
1123,3.745337963104248,0.2733544409275055,3.4719834327697754
1124,3.756723642349243,0.2887255847454071,3.4679980278015137
1125,3.7653274536132812,0.2869938910007477,3.4783334732055664
1126,3.700314998626709,0.25393009185791016,3.446384906768799
1127,3.727903127670288,0.2571718692779541,3.470731258392334
1128,3.73984432220459,0.2752689719200134,3.4645752906799316
1129,3.7363901138305664,0.2694315016269684,3.466958522796631
1130,3.7343530654907227,0.26156437397003174,3.4727885723114014
1131,3.7289602756500244,0.2737727761268616,3.4551875591278076
1132,3.742371082305908,0.2723182439804077,3.470052719116211
1133,3.763171672821045,0.2834210991859436,3.479750633239746
1134,3.7355453968048096,0.27252840995788574,3.463016986846924
1135,3.749075412750244,0.30280154943466187,3.4462738037109375
1136,3.7331595420837402,0.28627973794937134,3.4468798637390137
1137,3.769249677658081,0.29620054364204407,3.4730491638183594
1138,3.7864832878112793,0.29401567578315735,3.4924676418304443
1139,3.729980230331421,0.2617729604244232,3.468207359313965
1140,3.712010383605957,0.2701073884963989,3.4419031143188477
1141,3.705061197280884,0.253190279006958,3.451870918273926
1142,3.713942289352417,0.24593423306941986,3.468008041381836
1143,3.731356620788574,0.27136996388435364,3.459986686706543
1144,3.761300563812256,0.29951488971710205,3.4617855548858643
1145,3.7501463890075684,0.28002578020095825,3.470120668411255
1146,3.7986059188842773,0.3162279725074768,3.4823780059814453
1147,3.750789165496826,0.28011077642440796,3.4706783294677734
1148,3.7687180042266846,0.2828334867954254,3.485884428024292
1149,3.698383092880249,0.25584596395492554,3.4425370693206787
1150,3.734891414642334,0.2661623954772949,3.468729019165039
1151,3.741231918334961,0.2600167989730835,3.481215000152588
1152,3.7629733085632324,0.2939488887786865,3.469024419784546
1153,3.739298105239868,0.2878652513027191,3.451432943344116
1154,3.733553647994995,0.27029338479042053,3.4632601737976074
1155,3.784626007080078,0.313260018825531,3.4713659286499023
1156,3.7302706241607666,0.2666120231151581,3.463658571243286
1157,3.7479159832000732,0.27214187383651733,3.475774049758911
1158,3.7660646438598633,0.29454290866851807,3.4715216159820557
1159,3.7431323528289795,0.265658438205719,3.4774739742279053
1160,3.724501371383667,0.2655322551727295,3.4589691162109375
1161,3.7918453216552734,0.32302939891815186,3.468815803527832
1162,3.7608890533447266,0.28750312328338623,3.47338604927063
1163,3.6893885135650635,0.24295075237751007,3.4464378356933594
1164,3.772639036178589,0.31545040011405945,3.457188606262207
1165,3.72525954246521,0.26767927408218384,3.457580327987671
1166,3.693345785140991,0.23912829160690308,3.4542174339294434
1167,3.7276222705841064,0.26656419038772583,3.4610581398010254
1168,3.734005928039551,0.2588152289390564,3.4751906394958496
1169,3.74294376373291,0.28770753741264343,3.4552361965179443
1170,3.800487995147705,0.3058299720287323,3.4946579933166504
1171,3.7496752738952637,0.2780221700668335,3.4716529846191406
1172,3.7520813941955566,0.276117742061615,3.475963592529297
1173,3.7692599296569824,0.2835655212402344,3.485694408416748
1174,3.738307476043701,0.281391441822052,3.456916093826294
1175,3.732119083404541,0.2816199064254761,3.4504992961883545
1176,3.710348129272461,0.25575339794158936,3.454594850540161
1177,3.752078056335449,0.2819615602493286,3.47011661529541
1178,3.7560782432556152,0.27726852893829346,3.4788095951080322
1179,3.7760303020477295,0.28674525022506714,3.4892849922180176
1180,3.742112159729004,0.28174975514411926,3.460362434387207
1181,3.7291011810302734,0.2690792679786682,3.46002197265625
1182,3.7181615829467773,0.2625640630722046,3.4555976390838623
1183,3.716603994369507,0.26639610528945923,3.4502079486846924
1184,3.7141597270965576,0.24832946062088013,3.4658303260803223
1185,3.7218472957611084,0.27997657656669617,3.44187068939209
1186,3.7321126461029053,0.26491427421569824,3.467198371887207
1187,3.7353930473327637,0.26994550228118896,3.465447425842285
1188,3.740311622619629,0.2776767611503601,3.462634801864624
1189,3.7277474403381348,0.2688288688659668,3.458918571472168
1190,3.7573721408843994,0.2883170247077942,3.46905517578125
1191,3.7322380542755127,0.26363828778266907,3.468599796295166
1192,3.7087111473083496,0.2631552517414093,3.4455559253692627
1193,3.715144157409668,0.2626538872718811,3.4524903297424316
1194,3.748004913330078,0.276052862405777,3.471951961517334
1195,3.7668871879577637,0.2836726903915405,3.4832146167755127
1196,3.7814598083496094,0.30085206031799316,3.480607748031616
1197,3.708199977874756,0.25481200218200684,3.453387975692749
1198,3.7436411380767822,0.2805626690387726,3.463078498840332
1199,3.754520893096924,0.2760722041130066,3.4784486293792725
1200,3.7563838958740234,0.29480618238449097,3.4615776538848877
1201,3.7187604904174805,0.2374643087387085,3.4812960624694824
1202,3.773496627807617,0.2952412962913513,3.478255271911621
1203,3.7415401935577393,0.2838532328605652,3.4576869010925293
1204,3.7710533142089844,0.3197398781776428,3.4513134956359863
1205,3.737522602081299,0.2581649422645569,3.4793577194213867
1206,3.7233827114105225,0.2626221179962158,3.4607605934143066
1207,3.7330408096313477,0.270473450422287,3.4625673294067383
1208,3.751058578491211,0.28024107217788696,3.4708175659179688
1209,3.7185816764831543,0.26371532678604126,3.454866409301758
1210,3.7825729846954346,0.2971678078174591,3.485405206680298
1211,3.723599910736084,0.2564752697944641,3.4671247005462646
1212,3.71614146232605,0.26340699195861816,3.4527344703674316
1213,3.7071409225463867,0.25897130370140076,3.448169708251953
1214,3.7055885791778564,0.24965402483940125,3.455934524536133
1215,3.701084852218628,0.2668916583061218,3.4341931343078613
1216,3.724997043609619,0.2555970549583435,3.469399929046631
1217,3.7563424110412598,0.27359482645988464,3.4827475547790527
1218,3.7268075942993164,0.25485265254974365,3.471954822540283
1219,3.7658960819244385,0.2631555199623108,3.5027406215667725
1220,3.7472360134124756,0.2742096483707428,3.4730262756347656
1221,3.7351629734039307,0.2705548107624054,3.4646081924438477
1222,3.762265682220459,0.2863072454929352,3.4759583473205566
1223,3.758103132247925,0.2940968871116638,3.464006185531616
1224,3.771148204803467,0.33917003870010376,3.431978225708008
1225,3.736194610595703,0.2785167098045349,3.4576778411865234
1226,3.6966745853424072,0.24438825249671936,3.4522862434387207
1227,3.717705488204956,0.2510683834552765,3.466637134552002
1228,3.7886528968811035,0.28657686710357666,3.5020761489868164
1229,3.6790637969970703,0.23488879203796387,3.4441750049591064
1230,3.755256175994873,0.28055524826049805,3.474700927734375
1231,3.7397539615631104,0.2744657099246979,3.4652881622314453
1232,3.7843847274780273,0.305819571018219,3.478565216064453
1233,3.737569570541382,0.2606191039085388,3.4769504070281982
1234,3.7293102741241455,0.26254892349243164,3.466761350631714
1235,3.7393555641174316,0.28286874294281006,3.456486701965332
1236,3.72468900680542,0.25753507018089294,3.467154026031494
1237,3.746096134185791,0.2726489305496216,3.47344708442688
1238,3.70955228805542,0.2541562020778656,3.4553961753845215
1239,3.7494072914123535,0.2703642249107361,3.4790430068969727
1240,3.71016001701355,0.2580868899822235,3.452073097229004
1241,3.749401807785034,0.2862458825111389,3.46315598487854
1242,3.691977024078369,0.2389770746231079,3.453000068664551
1243,3.7158608436584473,0.23599013686180115,3.4798707962036133
1244,3.6993184089660645,0.25859031081199646,3.440728187561035
1245,3.7047438621520996,0.2621469497680664,3.442596912384033
1246,3.7322640419006348,0.26106736063957214,3.4711966514587402
1247,3.7291531562805176,0.2848934531211853,3.4442596435546875
1248,3.7383995056152344,0.2864684462547302,3.4519309997558594
1249,3.7060396671295166,0.26780009269714355,3.438239574432373
1250,3.741056203842163,0.28261303901672363,3.4584431648254395
1251,3.7309441566467285,0.26622605323791504,3.4647181034088135
1252,3.731942892074585,0.2675282955169678,3.464414596557617
1253,3.7159178256988525,0.2699449360370636,3.4459729194641113
1254,3.7074337005615234,0.2472791075706482,3.4601545333862305
1255,3.7317163944244385,0.26363250613212585,3.4680838584899902
1256,3.7291250228881836,0.24864447116851807,3.480480670928955
1257,3.753183364868164,0.2758842706680298,3.477299213409424
1258,3.758704423904419,0.26848912239074707,3.490215301513672
1259,3.721080780029297,0.26719343662261963,3.4538872241973877
1260,3.7127761840820312,0.24879588186740875,3.463980197906494
1261,3.7360219955444336,0.294228732585907,3.441793203353882
1262,3.701972246170044,0.2578761875629425,3.444096088409424
1263,3.7634177207946777,0.27639448642730713,3.48702335357666
1264,3.7494544982910156,0.28959572315216064,3.4598588943481445
1265,3.749005079269409,0.2849752902984619,3.4640297889709473
1266,3.7698652744293213,0.30347925424575806,3.466386079788208
1267,3.7584481239318848,0.28094613552093506,3.4775021076202393
1268,3.7591612339019775,0.28639718890190125,3.472764015197754
1269,3.743624210357666,0.2871026396751404,3.456521511077881
1270,3.6975479125976562,0.22377778589725494,3.4737701416015625
1271,3.7941973209381104,0.3014664947986603,3.4927308559417725
1272,3.7299022674560547,0.2786751091480255,3.4512271881103516
1273,3.7505505084991455,0.2694582939147949,3.4810922145843506
1274,3.7058985233306885,0.24713163077831268,3.4587669372558594
1275,3.7833776473999023,0.2847576141357422,3.49862003326416
1276,3.737471580505371,0.2620559334754944,3.4754157066345215
1277,3.752730369567871,0.25337398052215576,3.499356269836426
1278,3.7334775924682617,0.25484392046928406,3.4786336421966553
1279,3.6931490898132324,0.2655481696128845,3.427600860595703
1280,3.7130119800567627,0.2554074823856354,3.45760440826416
1281,3.754779577255249,0.25969672203063965,3.4950828552246094
1282,3.7124786376953125,0.2527499794960022,3.459728717803955
1283,3.7200260162353516,0.26576516032218933,3.45426082611084
1284,3.730870485305786,0.2838928699493408,3.4469776153564453
1285,3.756202459335327,0.2793959081172943,3.476806640625
1286,3.7108266353607178,0.2693288326263428,3.441497802734375
1287,3.7329068183898926,0.26128655672073364,3.4716203212738037
1288,3.743595600128174,0.2743217349052429,3.469273805618286
1289,3.751161575317383,0.2784481644630432,3.4727134704589844
1290,3.687502145767212,0.22409150004386902,3.4634106159210205
1291,3.7071831226348877,0.2479691058397293,3.459213972091675
1292,3.7572250366210938,0.2940535545349121,3.4631714820861816
1293,3.720879077911377,0.23976774513721466,3.4811112880706787
1294,3.707240343093872,0.2435585856437683,3.463681697845459
1295,3.71182918548584,0.25664639472961426,3.4551827907562256
1296,3.7061967849731445,0.23381105065345764,3.4723856449127197
1297,3.723320722579956,0.27457019686698914,3.4487504959106445
1298,3.750784158706665,0.27537795901298523,3.4754061698913574
1299,3.7912650108337402,0.31678521633148193,3.474479913711548
1300,3.7274653911590576,0.2713587284088135,3.456106662750244
1301,3.7519185543060303,0.267595112323761,3.484323501586914
1302,3.7424917221069336,0.2697824239730835,3.4727091789245605
1303,3.7413418292999268,0.2808725833892822,3.4604692459106445
1304,3.743382215499878,0.28467804193496704,3.4587042331695557
1305,3.735452651977539,0.2757207155227661,3.4597320556640625
1306,3.73507022857666,0.26247429847717285,3.4725959300994873
1307,3.770601749420166,0.2799206078052521,3.4906811714172363
1308,3.7517175674438477,0.2740257978439331,3.477691650390625
1309,3.7259292602539062,0.2404516339302063,3.4854776859283447
1310,3.7610855102539062,0.2896747887134552,3.4714107513427734
1311,3.717960834503174,0.26687198877334595,3.4510889053344727
1312,3.7218105792999268,0.2628614902496338,3.458949089050293
1313,3.7491674423217773,0.27797263860702515,3.4711947441101074
1314,3.697376012802124,0.25878748297691345,3.4385886192321777
1315,3.76870059967041,0.2932370901107788,3.475463390350342
1316,3.722719669342041,0.27314794063568115,3.4495716094970703
1317,3.737081527709961,0.26392096281051636,3.4731605052948
1318,3.7058913707733154,0.23800113797187805,3.4678902626037598
1319,3.7520298957824707,0.2840958833694458,3.4679341316223145
1320,3.7203946113586426,0.254367470741272,3.46602725982666
1321,3.724483013153076,0.25304365158081055,3.4714393615722656
1322,3.719111442565918,0.26356041431427,3.4555509090423584
1323,3.715040445327759,0.24725332856178284,3.467787027359009
1324,3.7185635566711426,0.25021493434906006,3.468348503112793
1325,3.7427024841308594,0.2620925009250641,3.480609893798828
1326,3.751400947570801,0.2902884781360626,3.4611124992370605
1327,3.7372188568115234,0.2748507857322693,3.4623680114746094
1328,3.7314646244049072,0.2640148997306824,3.46744966506958
1329,3.6756839752197266,0.24307575821876526,3.432608127593994
1330,3.7632596492767334,0.2997209429740906,3.463538646697998
1331,3.765435218811035,0.29787883162498474,3.4675564765930176
1332,3.7473864555358887,0.262462854385376,3.4849236011505127
1333,3.7771010398864746,0.2946981191635132,3.482403039932251
1334,3.7289698123931885,0.2453596591949463,3.483610153198242
1335,3.760117530822754,0.2934422194957733,3.466675281524658
1336,3.7533793449401855,0.2846946716308594,3.468684673309326
1337,3.7066450119018555,0.2592795789241791,3.4473655223846436
1338,3.7509820461273193,0.25615018606185913,3.4948318004608154
1339,3.6973116397857666,0.25312167406082153,3.44419002532959
1340,3.775650978088379,0.2889004945755005,3.486750602722168
1341,3.730943202972412,0.2655829191207886,3.465360164642334
1342,3.731619119644165,0.2604007422924042,3.4712183475494385
1343,3.725269317626953,0.26042354106903076,3.464845657348633
1344,3.7060327529907227,0.25646352767944336,3.4495692253112793
1345,3.7242250442504883,0.25805699825286865,3.46616792678833
1346,3.725450038909912,0.26958656311035156,3.4558634757995605
1347,3.69230055809021,0.24855679273605347,3.4437437057495117
1348,3.761443614959717,0.30326855182647705,3.4581751823425293
1349,3.7092156410217285,0.22830450534820557,3.4809110164642334
1350,3.7019665241241455,0.24108053743839264,3.460886001586914
1351,3.7158689498901367,0.2602781057357788,3.4555907249450684
1352,3.7780470848083496,0.29292023181915283,3.4851267337799072
1353,3.7291226387023926,0.2684535086154938,3.4606690406799316
1354,3.710905075073242,0.25468674302101135,3.4562182426452637
1355,3.7403736114501953,0.28456783294677734,3.455805778503418
1356,3.7568342685699463,0.27927494049072266,3.4775593280792236
1357,3.7108986377716064,0.2570257782936096,3.4538729190826416
1358,3.7072339057922363,0.24613024294376373,3.461103677749634
1359,3.744504690170288,0.26569727063179016,3.4788074493408203
1360,3.738304376602173,0.26647356152534485,3.4718308448791504
1361,3.738694667816162,0.25116342306137085,3.4875311851501465
1362,3.7419700622558594,0.2715873718261719,3.4703826904296875
1363,3.737699508666992,0.2664562463760376,3.471243381500244
1364,3.7448208332061768,0.25899577140808105,3.4858250617980957
1365,3.7356576919555664,0.26744163036346436,3.4682159423828125
1366,3.7664451599121094,0.28626105189323425,3.4801840782165527
1367,3.7008018493652344,0.23873287439346313,3.462069034576416
1368,3.722635507583618,0.2553984522819519,3.4672369956970215
1369,3.7140374183654785,0.24976861476898193,3.464268684387207
1370,3.74104905128479,0.27781912684440613,3.4632298946380615
1371,3.689905881881714,0.23474515974521637,3.455160617828369
1372,3.7539873123168945,0.2937118411064148,3.460275411605835
1373,3.7201218605041504,0.2516709566116333,3.4684510231018066
1374,3.7353928089141846,0.2599862217903137,3.4754066467285156
1375,3.7380073070526123,0.28175050020217896,3.456256866455078
1376,3.732666254043579,0.2765429615974426,3.4561233520507812
1377,3.7043237686157227,0.24841676652431488,3.455907106399536
1378,3.7197628021240234,0.2686377763748169,3.451124906539917
1379,3.7435996532440186,0.27496081590652466,3.4686388969421387
1380,3.71260666847229,0.25605201721191406,3.456554651260376
1381,3.7257180213928223,0.2581058740615845,3.4676120281219482
1382,3.7164933681488037,0.2524743676185608,3.4640190601348877
1383,3.735111713409424,0.25686660408973694,3.4782450199127197
1384,3.6978468894958496,0.253926157951355,3.443920850753784
1385,3.7188572883605957,0.2500935196876526,3.468763828277588
1386,3.755314826965332,0.27382898330688477,3.4814858436584473
1387,3.7060515880584717,0.24895215034484863,3.457099437713623
1388,3.7539825439453125,0.2789168655872345,3.4750657081604004
1389,3.731023073196411,0.27528977394104004,3.455733299255371
1390,3.786236047744751,0.3018512725830078,3.484384775161743
1391,3.7078049182891846,0.26899194717407227,3.4388129711151123
1392,3.7224416732788086,0.24687567353248596,3.4755659103393555
1393,3.678727388381958,0.2437903881072998,3.434937000274658
1394,3.708944797515869,0.2562576234340668,3.4526872634887695
1395,3.7367262840270996,0.2686164975166321,3.4681098461151123
1396,3.7013723850250244,0.25900647044181824,3.442365884780884
1397,3.741689682006836,0.2856740951538086,3.4560155868530273
1398,3.7398948669433594,0.27392762899398804,3.4659671783447266
1399,3.766531229019165,0.28110530972480774,3.4854259490966797
1400,3.7665116786956787,0.2823544442653656,3.4841573238372803
1401,3.741835594177246,0.2753483057022095,3.466487407684326
1402,3.698957920074463,0.23481224477291107,3.4641456604003906
1403,3.7385101318359375,0.2736004590988159,3.464909553527832
1404,3.747365951538086,0.29126599431037903,3.4560999870300293
1405,3.7342185974121094,0.25585800409317017,3.478360652923584
1406,3.7339587211608887,0.2498454451560974,3.4841132164001465
1407,3.726294755935669,0.2566916346549988,3.4696030616760254
1408,3.7451119422912598,0.2693031132221222,3.47580885887146
1409,3.728532314300537,0.25848907232284546,3.470043182373047
1410,3.6991727352142334,0.2447076141834259,3.45446515083313
1411,3.7587838172912598,0.2957271337509155,3.4630565643310547
1412,3.7744319438934326,0.29736119508743286,3.4770708084106445
1413,3.7358930110931396,0.28165802359580994,3.454235076904297
1414,3.708087682723999,0.24776045978069305,3.4603271484375
1415,3.716714859008789,0.25235047936439514,3.4643642902374268
1416,3.7332870960235596,0.24626046419143677,3.4870266914367676
1417,3.6895198822021484,0.22388166189193726,3.4656381607055664
1418,3.7495594024658203,0.2583698034286499,3.491189479827881
1419,3.7583374977111816,0.28651440143585205,3.471823215484619
1420,3.7651734352111816,0.3090166449546814,3.4561567306518555
1421,3.704606056213379,0.24466544389724731,3.4599406719207764
1422,3.7128310203552246,0.2414693534374237,3.4713616371154785
1423,3.7526042461395264,0.2774493098258972,3.4751548767089844
1424,3.7740492820739746,0.3026440143585205,3.471405267715454
1425,3.7236437797546387,0.27031415700912476,3.453329563140869
1426,3.7274563312530518,0.2769635319709778,3.4504928588867188
1427,3.707014799118042,0.23528967797756195,3.4717252254486084
1428,3.686654567718506,0.23474738001823425,3.451907157897949
1429,3.7254080772399902,0.2655431032180786,3.459865093231201
1430,3.7601466178894043,0.2759304940700531,3.4842162132263184
1431,3.7477338314056396,0.2682383060455322,3.4794955253601074
1432,3.776585817337036,0.3042605519294739,3.472325325012207
1433,3.7023401260375977,0.2368832230567932,3.465456962585449
1434,3.7347662448883057,0.2721474766731262,3.462618827819824
1435,3.7387635707855225,0.2886807322502136,3.450082778930664
1436,3.7453625202178955,0.26699796319007874,3.4783644676208496
1437,3.7403979301452637,0.2824735641479492,3.4579243659973145
1438,3.699913501739502,0.2523840665817261,3.4475293159484863
1439,3.737513303756714,0.28265219926834106,3.4548611640930176
1440,3.7090394496917725,0.27165189385414124,3.437387466430664
1441,3.6906442642211914,0.24425792694091797,3.4463863372802734
1442,3.755403995513916,0.2623031437397003,3.493100881576538
1443,3.738633155822754,0.276418536901474,3.462214708328247
1444,3.7411625385284424,0.2623465061187744,3.478816032409668
1445,3.7156291007995605,0.2592960596084595,3.4563331604003906
1446,3.7807118892669678,0.3198377788066864,3.460874080657959
1447,3.774038791656494,0.26422029733657837,3.5098185539245605
1448,3.7057278156280518,0.24350515007972717,3.4622225761413574
1449,3.7348365783691406,0.24565687775611877,3.4891796112060547
1450,3.724134922027588,0.25314080715179443,3.470994234085083
1451,3.7476367950439453,0.2730756402015686,3.4745612144470215
1452,3.7304110527038574,0.2662731111049652,3.4641380310058594
1453,3.724033832550049,0.2491302788257599,3.4749035835266113
1454,3.757066249847412,0.29582059383392334,3.461245536804199
1455,3.721388101577759,0.2583393454551697,3.4630486965179443
1456,3.72116756439209,0.27127933502197266,3.449888229370117
1457,3.7424464225769043,0.2624792754650116,3.4799671173095703
1458,3.723052501678467,0.25068819522857666,3.4723644256591797
1459,3.732517719268799,0.2766861319541931,3.455831527709961
1460,3.728104591369629,0.26341062784194946,3.464694023132324
1461,3.7232108116149902,0.26286423206329346,3.4603466987609863
1462,3.7451741695404053,0.29528969526290894,3.4498844146728516
1463,3.716291666030884,0.24172931909561157,3.474562406539917
1464,3.7172129154205322,0.26568421721458435,3.451528787612915
1465,3.72361421585083,0.26661449670791626,3.4569997787475586
1466,3.718872547149658,0.25600671768188477,3.4628658294677734
1467,3.7725820541381836,0.2927899956703186,3.4797921180725098
1468,3.7109358310699463,0.2528480887413025,3.458087682723999
1469,3.640087604522705,0.2109634429216385,3.429124116897583
1470,3.7453651428222656,0.2851046025753021,3.4602606296539307
1471,3.7392849922180176,0.2939581274986267,3.445326805114746
1472,3.742673873901367,0.2805670499801636,3.462106704711914
1473,3.7083115577697754,0.2450433075428009,3.463268280029297
1474,3.7872798442840576,0.2931709289550781,3.4941089153289795
1475,3.7333788871765137,0.2777034044265747,3.4556753635406494
1476,3.68302845954895,0.24125085771083832,3.4417777061462402
1477,3.753687858581543,0.27131372690200806,3.4823741912841797
1478,3.726940155029297,0.2632899880409241,3.4636502265930176
1479,3.7240638732910156,0.26252883672714233,3.4615349769592285
1480,3.733971357345581,0.2673414349555969,3.466629981994629
1481,3.728982925415039,0.24940359592437744,3.479579448699951
1482,3.6898698806762695,0.25048452615737915,3.439385414123535
1483,3.7298715114593506,0.2658180296421051,3.4640533924102783
1484,3.733715534210205,0.2796136140823364,3.454102039337158
1485,3.7290842533111572,0.2608020305633545,3.4682822227478027
1486,3.743939161300659,0.2709016799926758,3.4730374813079834
1487,3.7382681369781494,0.25851672887802124,3.4797513484954834
1488,3.753288507461548,0.27699023485183716,3.4762983322143555
1489,3.7284295558929443,0.26978230476379395,3.4586472511291504
1490,3.7100956439971924,0.252424418926239,3.4576711654663086
1491,3.7237708568573,0.2596403956413269,3.464130401611328
1492,3.769512891769409,0.28170445561408997,3.4878084659576416
1493,3.691315174102783,0.2266772985458374,3.4646379947662354
1494,3.717702865600586,0.24281027913093567,3.4748926162719727
1495,3.7101728916168213,0.24299509823322296,3.4671778678894043
1496,3.714599370956421,0.23594555258750916,3.478653907775879
1497,3.7002968788146973,0.2583894431591034,3.4419074058532715
1498,3.717869997024536,0.2652648091316223,3.4526052474975586
1499,3.712151050567627,0.2566172778606415,3.455533742904663
1500,3.704716682434082,0.24918799102306366,3.455528736114502
1501,3.7607269287109375,0.2946540117263794,3.4660730361938477
1502,3.7303216457366943,0.27799350023269653,3.4523282051086426
1503,3.724655866622925,0.269459068775177,3.4551968574523926
1504,3.767669677734375,0.2722596824169159,3.4954099655151367
1505,3.702786922454834,0.24132642149925232,3.461460590362549
1506,3.7170116901397705,0.26112109422683716,3.455890655517578
1507,3.7482357025146484,0.25621214509010315,3.492023468017578
1508,3.761040687561035,0.2887497544288635,3.4722909927368164
1509,3.7334964275360107,0.2750058174133301,3.4584906101226807
1510,3.7408506870269775,0.28516116738319397,3.4556894302368164
1511,3.7333507537841797,0.2787870168685913,3.454563617706299
1512,3.7299094200134277,0.25917956233024597,3.4707298278808594
1513,3.7601873874664307,0.27356982231140137,3.4866175651550293
1514,3.7375552654266357,0.2590295970439911,3.4785256385803223
1515,3.7455034255981445,0.25963783264160156,3.485865592956543
1516,3.7239861488342285,0.25292032957077026,3.4710657596588135
1517,3.6739020347595215,0.242003932595253,3.4318981170654297
1518,3.7280704975128174,0.2584170699119568,3.469653367996216
1519,3.7612454891204834,0.28337112069129944,3.477874279022217
1520,3.7724435329437256,0.2740595042705536,3.4983839988708496
1521,3.732201337814331,0.2615649700164795,3.4706363677978516
1522,3.7092881202697754,0.24513715505599976,3.464150905609131
1523,3.7255301475524902,0.269917368888855,3.4556126594543457
1524,3.709512233734131,0.2531527280807495,3.456359386444092
1525,3.714736223220825,0.23768535256385803,3.47705078125
1526,3.6970527172088623,0.23600482940673828,3.461047887802124
1527,3.742594003677368,0.2703668475151062,3.472227096557617
1528,3.6892640590667725,0.22843442857265472,3.460829734802246
1529,3.751502275466919,0.27709558606147766,3.4744067192077637
1530,3.752133369445801,0.28258049488067627,3.469552993774414
1531,3.74562668800354,0.27425888180732727,3.471367835998535
1532,3.746600389480591,0.2708160877227783,3.4757843017578125
1533,3.70676851272583,0.25482386350631714,3.451944589614868
1534,3.734962224960327,0.2663327157497406,3.4686295986175537
1535,3.6730153560638428,0.22430917620658875,3.4487061500549316
1536,3.766659736633301,0.27829527854919434,3.4883644580841064
1537,3.7419557571411133,0.2762553095817566,3.465700387954712
1538,3.7213943004608154,0.26327961683273315,3.4581146240234375
1539,3.7241454124450684,0.25386959314346313,3.47027587890625
1540,3.7586517333984375,0.28495848178863525,3.473693370819092
1541,3.7141966819763184,0.2574215829372406,3.456775188446045
1542,3.7662594318389893,0.2906295359134674,3.4756298065185547
1543,3.7143943309783936,0.2558031976222992,3.4585912227630615
1544,3.736063003540039,0.2649582028388977,3.471104860305786
1545,3.7035510540008545,0.2602856755256653,3.443265438079834
1546,3.708669900894165,0.24877771735191345,3.4598922729492188
1547,3.7819485664367676,0.30657729506492615,3.4753713607788086
1548,3.6808691024780273,0.23624320328235626,3.4446258544921875
1549,3.74570631980896,0.2748115658760071,3.4708948135375977
1550,3.7516226768493652,0.27140629291534424,3.4802162647247314
1551,3.7124905586242676,0.2555014193058014,3.456989049911499
1552,3.7366268634796143,0.2581804394721985,3.4784464836120605
1553,3.7371826171875,0.24908867478370667,3.488093852996826
1554,3.729870319366455,0.26864954829216003,3.4612207412719727
1555,3.7597246170043945,0.27662554383277893,3.4830989837646484
1556,3.7530274391174316,0.2911995053291321,3.4618279933929443
1557,3.7705721855163574,0.28966769576072693,3.4809045791625977
1558,3.6956632137298584,0.2553007900714874,3.4403624534606934
1559,3.7231454849243164,0.25851550698280334,3.464629888534546
1560,3.734015464782715,0.260921835899353,3.4730935096740723
1561,3.727609395980835,0.2757995128631592,3.451809883117676
1562,3.7267041206359863,0.24940726161003113,3.477296829223633
1563,3.688896656036377,0.23410022258758545,3.454796552658081
1564,3.720097780227661,0.2686612606048584,3.4514365196228027
1565,3.7151875495910645,0.2563599944114685,3.458827495574951
1566,3.714808464050293,0.2607584297657013,3.454050064086914
1567,3.7184791564941406,0.2776092290878296,3.4408698081970215
1568,3.734113931655884,0.2738449275493622,3.460268974304199
1569,3.757518768310547,0.2977522015571594,3.4597666263580322
1570,3.7099757194519043,0.25170838832855225,3.4582672119140625
1571,3.7318968772888184,0.26801741123199463,3.4638795852661133
1572,3.7035775184631348,0.25070667266845703,3.4528708457946777
1573,3.720564842224121,0.2684890031814575,3.452075958251953
1574,3.7343602180480957,0.2612496018409729,3.4731106758117676
1575,3.737311840057373,0.2688048481941223,3.4685070514678955
1576,3.7301676273345947,0.2684066891670227,3.461760997772217
1577,3.731299877166748,0.2520160675048828,3.4792838096618652
1578,3.734433889389038,0.26403170824050903,3.470402240753174
1579,3.7532756328582764,0.27697691321372986,3.4762988090515137
1580,3.725588798522949,0.26863473653793335,3.456954002380371
1581,3.75081205368042,0.28229159116744995,3.468520402908325
1582,3.69712233543396,0.24143490195274353,3.4556875228881836
1583,3.689988613128662,0.23501303791999817,3.4549756050109863
1584,3.741499662399292,0.2570931911468506,3.4844064712524414
1585,3.6871306896209717,0.24311509728431702,3.4440155029296875
1586,3.7350118160247803,0.2737005352973938,3.4613113403320312
1587,3.7429683208465576,0.2840813100337982,3.4588871002197266
1588,3.742704391479492,0.28470101952552795,3.458003282546997
1589,3.7610793113708496,0.27192938327789307,3.489150047302246
1590,3.715297222137451,0.26076510548591614,3.4545321464538574
1591,3.7427709102630615,0.27539142966270447,3.467379570007324
1592,3.706955671310425,0.24279671907424927,3.4641590118408203
1593,3.7182369232177734,0.26298660039901733,3.4552502632141113
1594,3.740734100341797,0.2728310227394104,3.4679031372070312
1595,3.7492728233337402,0.2673707902431488,3.4819021224975586
1596,3.750664472579956,0.2830781042575836,3.4675862789154053
1597,3.7300446033477783,0.2563754916191101,3.4736690521240234
1598,3.739377975463867,0.2585548758506775,3.480823040008545
1599,3.710455894470215,0.24348779022693634,3.466968059539795
1600,3.7127809524536133,0.2454453408718109,3.4673357009887695
1601,3.7263364791870117,0.2707306742668152,3.4556057453155518
1602,3.764608860015869,0.29072892665863037,3.473879814147949
1603,3.7341127395629883,0.24480140209197998,3.489311456680298
1604,3.6909477710723877,0.2507611811161041,3.4401865005493164
1605,3.725186824798584,0.2687830328941345,3.4564037322998047
1606,3.70790696144104,0.25420325994491577,3.4537036418914795
1607,3.7208092212677,0.26101118326187134,3.4597980976104736
1608,3.7312979698181152,0.2569681406021118,3.474329948425293
1609,3.689558506011963,0.2482057511806488,3.4413528442382812
1610,3.76361346244812,0.29248207807540894,3.4711313247680664
1611,3.6916277408599854,0.2460048347711563,3.4456229209899902
1612,3.712083101272583,0.2637593150138855,3.4483237266540527
1613,3.7327890396118164,0.28258806467056274,3.4502010345458984
1614,3.729883909225464,0.25461915135383606,3.47526478767395
1615,3.7213134765625,0.24711696803569794,3.474196434020996
1616,3.705023765563965,0.24778559803962708,3.45723819732666
1617,3.7366514205932617,0.2641902565956116,3.472461223602295
1618,3.722403049468994,0.24150557816028595,3.4808974266052246
1619,3.7175495624542236,0.2687522768974304,3.4487972259521484
1620,3.7102417945861816,0.2589693069458008,3.451272487640381
1621,3.715914249420166,0.2616385817527771,3.454275608062744
1622,3.7156519889831543,0.2735254764556885,3.442126512527466
1623,3.6985535621643066,0.2363802194595337,3.4621734619140625
1624,3.7513961791992188,0.28104084730148315,3.470355272293091
1625,3.716155529022217,0.2694290280342102,3.4467265605926514
1626,3.697711944580078,0.22983881831169128,3.4678730964660645
1627,3.770721673965454,0.28577885031700134,3.48494291305542
1628,3.7308027744293213,0.25654321908950806,3.474259614944458
1629,3.754265785217285,0.27929022908210754,3.4749755859375
1630,3.7007296085357666,0.2412259727716446,3.459503650665283
1631,3.7053446769714355,0.24602800607681274,3.4593167304992676
1632,3.731412410736084,0.25744616985321045,3.473966121673584
1633,3.6697065830230713,0.23795859515666962,3.4317479133605957
1634,3.75811767578125,0.30292320251464844,3.4551944732666016
1635,3.7354588508605957,0.2551223039627075,3.4803364276885986
1636,3.746549367904663,0.26768749952316284,3.4788618087768555
1637,3.7129790782928467,0.23407858610153198,3.47890043258667
1638,3.7179880142211914,0.2333560436964035,3.4846320152282715
1639,3.731651782989502,0.2574649751186371,3.474186897277832
1640,3.736959934234619,0.2648610472679138,3.4720988273620605
1641,3.7450220584869385,0.28467005491256714,3.4603519439697266
1642,3.7156972885131836,0.23901835083961487,3.4766788482666016
1643,3.7137246131896973,0.2539437413215637,3.4597809314727783
1644,3.695920705795288,0.24175386130809784,3.454166889190674
1645,3.7002298831939697,0.2450258433818817,3.4552040100097656
1646,3.7097859382629395,0.2617647349834442,3.448021173477173
1647,3.755465030670166,0.28089237213134766,3.4745726585388184
1648,3.7260162830352783,0.2575076222419739,3.468508720397949
1649,3.695340156555176,0.22526080906391144,3.4700794219970703
1650,3.7043404579162598,0.24450092017650604,3.4598395824432373
1651,3.7286252975463867,0.2579253315925598,3.4707000255584717
1652,3.712284564971924,0.22277005016803741,3.4895145893096924
1653,3.6972076892852783,0.24947801232337952,3.4477295875549316
1654,3.7247705459594727,0.26049286127090454,3.464277744293213
1655,3.726497173309326,0.26890650391578674,3.4575905799865723
1656,3.7424354553222656,0.2715906798839569,3.4708447456359863
1657,3.732457399368286,0.27524685859680176,3.4572105407714844
1658,3.6783337593078613,0.22969523072242737,3.448638439178467
1659,3.7279019355773926,0.2514963150024414,3.476405620574951
1660,3.7684988975524902,0.2809743583202362,3.4875245094299316
1661,3.7004144191741943,0.2353733330965042,3.465041160583496
1662,3.698622703552246,0.2516932189464569,3.446929454803467
1663,3.7604472637176514,0.27632349729537964,3.484123706817627
1664,3.740966320037842,0.25401008129119873,3.4869563579559326
1665,3.714282989501953,0.2565211057662964,3.457761764526367
1666,3.7184643745422363,0.25036442279815674,3.468100070953369
1667,3.6671361923217773,0.21498626470565796,3.4521498680114746
1668,3.736354112625122,0.2542097270488739,3.482144355773926
1669,3.7026939392089844,0.24714425206184387,3.455549716949463
1670,3.720243215560913,0.26326972246170044,3.4569735527038574
1671,3.6814324855804443,0.22953343391418457,3.4518990516662598
1672,3.735283136367798,0.2660951614379883,3.4691879749298096
1673,3.743168592453003,0.25941962003707886,3.4837489128112793
1674,3.7127466201782227,0.24659577012062073,3.4661507606506348
1675,3.7252626419067383,0.24706606566905975,3.478196620941162
1676,3.6961469650268555,0.24909421801567078,3.4470527172088623
1677,3.673884153366089,0.2225804626941681,3.451303720474243
1678,3.729961633682251,0.25996366143226624,3.4699978828430176
1679,3.7250161170959473,0.2600245177745819,3.464991569519043
1680,3.759221076965332,0.2732802927494049,3.48594069480896
1681,3.7321102619171143,0.2553556561470032,3.476754665374756
1682,3.7177650928497314,0.2570496201515198,3.4607155323028564
1683,3.726966142654419,0.26019972562789917,3.466766357421875
1684,3.7205417156219482,0.25605395436286926,3.4644877910614014
1685,3.7586255073547363,0.286617636680603,3.4720077514648438
1686,3.713809013366699,0.2592000961303711,3.454608917236328
1687,3.7039012908935547,0.238583505153656,3.465317726135254
1688,3.7583370208740234,0.28539741039276123,3.4729394912719727
1689,3.7300772666931152,0.2619130313396454,3.4681642055511475
1690,3.706207752227783,0.25076115131378174,3.455446720123291
1691,3.70383882522583,0.23643217980861664,3.467406749725342
1692,3.7343883514404297,0.25792405009269714,3.47646427154541
1693,3.7461676597595215,0.26942384243011475,3.476743698120117
1694,3.690072774887085,0.23861852288246155,3.4514541625976562
1695,3.7045507431030273,0.24157579243183136,3.462975025177002
1696,3.7198486328125,0.2506343722343445,3.4692142009735107
1697,3.72928524017334,0.25303781032562256,3.476247549057007
1698,3.707090139389038,0.24959254264831543,3.4574975967407227
1699,3.716569185256958,0.24969688057899475,3.466872215270996
1700,3.6787285804748535,0.22361385822296143,3.4551146030426025
1701,3.7099194526672363,0.25740939378738403,3.452510118484497
1702,3.7537667751312256,0.2996808886528015,3.4540858268737793
1703,3.7043087482452393,0.23424018919467926,3.4700684547424316
1704,3.7180213928222656,0.2539476156234741,3.464073896408081
1705,3.7409868240356445,0.2703019380569458,3.470684766769409
1706,3.7024788856506348,0.2554272413253784,3.447051525115967
1707,3.755079746246338,0.3026999235153198,3.4523799419403076
1708,3.707646131515503,0.2616955637931824,3.445950508117676
1709,3.733811140060425,0.2641562521457672,3.4696547985076904
1710,3.7620460987091064,0.2907335162162781,3.4713125228881836
1711,3.7805557250976562,0.29301267862319946,3.4875431060791016
1712,3.745187997817993,0.2719729542732239,3.473215103149414
1713,3.7603328227996826,0.2831682860851288,3.4771645069122314
1714,3.6682209968566895,0.20990443229675293,3.4583165645599365
1715,3.7280938625335693,0.269188791513443,3.458904981613159
1716,3.728616237640381,0.25525036454200745,3.4733657836914062
1717,3.7324671745300293,0.2773634195327759,3.455103635787964
1718,3.7261786460876465,0.2674456834793091,3.458733081817627
1719,3.6937880516052246,0.24585813283920288,3.447929859161377
1720,3.737163543701172,0.257426917552948,3.479736566543579
1721,3.728236436843872,0.2622082233428955,3.4660282135009766
1722,3.7231638431549072,0.24905315041542053,3.4741106033325195
1723,3.686584234237671,0.23145699501037598,3.455127239227295
1724,3.7323455810546875,0.2631780505180359,3.469167470932007
1725,3.711016893386841,0.2461068034172058,3.4649100303649902
1726,3.725437641143799,0.2551441192626953,3.4702935218811035
1727,3.6968066692352295,0.24738921225070953,3.4494173526763916
1728,3.730226516723633,0.26886695623397827,3.4613595008850098
1729,3.6968579292297363,0.23239465057849884,3.464463233947754
1730,3.7094666957855225,0.2563944160938263,3.4530723094940186
1731,3.7171661853790283,0.24109573662281036,3.4760704040527344
1732,3.687199115753174,0.24452486634254456,3.442674160003662
1733,3.7145497798919678,0.2450542449951172,3.4694955348968506
1734,3.7416675090789795,0.26883044838905334,3.472836971282959
1735,3.761659860610962,0.27615857124328613,3.485501289367676
1736,3.7560181617736816,0.27853143215179443,3.4774866104125977
1737,3.7299623489379883,0.2600785493850708,3.469883918762207
1738,3.733128786087036,0.24596744775772095,3.48716139793396
1739,3.7438459396362305,0.2824373245239258,3.4614086151123047
1740,3.712857723236084,0.23657208681106567,3.476285696029663
1741,3.7291862964630127,0.2626722455024719,3.4665141105651855
1742,3.7155606746673584,0.2502814829349518,3.4652791023254395
1743,3.6818275451660156,0.23585036396980286,3.445977210998535
1744,3.7409539222717285,0.26131486892700195,3.4796390533447266
1745,3.734081745147705,0.259981632232666,3.474100112915039
1746,3.692969799041748,0.2372005730867386,3.4557693004608154
1747,3.701137065887451,0.2204146683216095,3.480722427368164
1748,3.761307716369629,0.29385998845100403,3.4674477577209473
1749,3.6903488636016846,0.2393396645784378,3.4510092735290527
1750,3.7106571197509766,0.25650155544281006,3.454155445098877
1751,3.718095302581787,0.2305135428905487,3.487581729888916
1752,3.733278274536133,0.24681231379508972,3.4864659309387207
1753,3.693545341491699,0.244571715593338,3.4489736557006836
1754,3.706700086593628,0.25904256105422974,3.447657585144043
1755,3.7425360679626465,0.2473973035812378,3.495138645172119
1756,3.7196383476257324,0.24841679632663727,3.471221446990967
1757,3.6920924186706543,0.23281370103359222,3.4592788219451904
1758,3.717472791671753,0.2555522322654724,3.4619204998016357
1759,3.713303565979004,0.25427043437957764,3.4590330123901367
1760,3.702436685562134,0.2543152868747711,3.4481213092803955
1761,3.702570676803589,0.2558364272117615,3.4467341899871826
1762,3.668919086456299,0.22764161229133606,3.441277503967285
1763,3.7295784950256348,0.2735295295715332,3.4560489654541016
1764,3.6991069316864014,0.2548066973686218,3.4443001747131348
1765,3.7284443378448486,0.27429693937301636,3.4541473388671875
1766,3.7247958183288574,0.2444646954536438,3.4803311824798584
1767,3.695636510848999,0.24093490839004517,3.4547016620635986
1768,3.7525901794433594,0.27525100111961365,3.477339267730713
1769,3.6983094215393066,0.23653458058834076,3.4617748260498047
1770,3.6987030506134033,0.2455444037914276,3.4531586170196533
1771,3.693859338760376,0.24648639559745789,3.4473729133605957
1772,3.733823537826538,0.28225061297416687,3.451572895050049
1773,3.701535701751709,0.2269117683172226,3.474623918533325
1774,3.717055320739746,0.25662145018577576,3.4604339599609375
1775,3.718581438064575,0.2492407113313675,3.4693408012390137
1776,3.6895580291748047,0.23926201462745667,3.450295925140381
1777,3.7284786701202393,0.24414700269699097,3.4843316078186035
1778,3.670220375061035,0.21070067584514618,3.459519624710083
1779,3.7514476776123047,0.2736252248287201,3.4778225421905518
1780,3.6960389614105225,0.24931694567203522,3.4467220306396484
1781,3.7109272480010986,0.2511919140815735,3.45973539352417
1782,3.710453987121582,0.23895984888076782,3.471494197845459
1783,3.734306573867798,0.2738933563232422,3.4604132175445557
1784,3.707268238067627,0.24403370916843414,3.4632344245910645
1785,3.7197928428649902,0.2633313536643982,3.4564614295959473
1786,3.7115695476531982,0.25263723731040955,3.458932399749756
1787,3.72080659866333,0.2617245316505432,3.4590821266174316
1788,3.7325804233551025,0.2537829875946045,3.478797435760498
1789,3.743959903717041,0.2740098536014557,3.469949960708618
1790,3.7060418128967285,0.24820098280906677,3.457840919494629
1791,3.710120439529419,0.2264603078365326,3.4836602210998535
1792,3.728161573410034,0.2544083893299103,3.4737532138824463
1793,3.6869258880615234,0.22605791687965393,3.4608678817749023
1794,3.743762731552124,0.27134624123573303,3.472416400909424
1795,3.7123799324035645,0.2513298988342285,3.461050033569336
1796,3.7127676010131836,0.2476176619529724,3.4651498794555664
1797,3.7136638164520264,0.2665669322013855,3.447096824645996
1798,3.709806442260742,0.24753668904304504,3.4622697830200195
1799,3.6918601989746094,0.2584248185157776,3.4334354400634766
1800,3.7089109420776367,0.24711577594280243,3.4617950916290283
1801,3.72807240486145,0.2488992065191269,3.479173183441162
1802,3.726332664489746,0.2597780227661133,3.466554641723633
1803,3.732867479324341,0.2774384021759033,3.4554290771484375
1804,3.718128204345703,0.24830012023448944,3.4698281288146973
1805,3.746015787124634,0.2728836238384247,3.4731321334838867
1806,3.7045233249664307,0.23649102449417114,3.4680323600769043
1807,3.7103261947631836,0.24337895214557648,3.466947317123413
1808,3.7516984939575195,0.25873318314552307,3.4929652214050293
1809,3.71622633934021,0.2561793923377991,3.4600470066070557
1810,3.722400426864624,0.25955721735954285,3.462843179702759
1811,3.735098123550415,0.2515075206756592,3.483590602874756
1812,3.727210283279419,0.2523854672908783,3.474824905395508
1813,3.730396270751953,0.2670530676841736,3.4633431434631348
1814,3.7032127380371094,0.24932020902633667,3.453892469406128
1815,3.7207014560699463,0.26009178161621094,3.4606096744537354
1816,3.716419219970703,0.23062565922737122,3.4857935905456543
1817,3.726423978805542,0.25278523564338684,3.4736387729644775
1818,3.7447357177734375,0.2699260115623474,3.4748096466064453
1819,3.711176872253418,0.2554458677768707,3.45573091506958
1820,3.6816015243530273,0.2271181344985962,3.4544832706451416
1821,3.7332417964935303,0.2601412236690521,3.4731006622314453
1822,3.7061593532562256,0.25461316108703613,3.4515461921691895
1823,3.7301206588745117,0.24283543229103088,3.4872851371765137
1824,3.718771457672119,0.2517090439796448,3.467062473297119
1825,3.7306270599365234,0.2823369801044464,3.4482901096343994
1826,3.7229135036468506,0.2681047320365906,3.4548087120056152
1827,3.705474376678467,0.25249916315078735,3.452975273132324
1828,3.7249138355255127,0.26677510142326355,3.4581387042999268
1829,3.7009429931640625,0.22629934549331665,3.4746437072753906
1830,3.7196362018585205,0.2509697377681732,3.4686665534973145
1831,3.703805446624756,0.2540570795536041,3.4497482776641846
1832,3.718932867050171,0.25394055247306824,3.4649922847747803
1833,3.726259469985962,0.25270479917526245,3.4735546112060547
1834,3.7362608909606934,0.25225773453712463,3.4840030670166016
1835,3.7361154556274414,0.2663918733596802,3.4697234630584717
1836,3.672239065170288,0.22684550285339355,3.4453935623168945
1837,3.740678071975708,0.2416926920413971,3.4989852905273438
1838,3.71777606010437,0.25334057211875916,3.464435577392578
1839,3.718637466430664,0.2788735032081604,3.4397640228271484
1840,3.679043769836426,0.22391656041145325,3.455127239227295
1841,3.7013585567474365,0.2552444636821747,3.4461140632629395
1842,3.7139294147491455,0.25786811113357544,3.456061363220215
1843,3.7130794525146484,0.260841965675354,3.452237367630005
1844,3.705880641937256,0.22615280747413635,3.4797277450561523
1845,3.7005057334899902,0.25891971588134766,3.4415860176086426
1846,3.7058708667755127,0.2636394500732422,3.4422314167022705
1847,3.7171640396118164,0.2561832070350647,3.4609808921813965
1848,3.7635722160339355,0.28655779361724854,3.4770143032073975
1849,3.7281603813171387,0.25880247354507446,3.469357967376709
1850,3.744901180267334,0.2759599983692169,3.4689412117004395
1851,3.6923089027404785,0.237907275557518,3.454401731491089
1852,3.7141520977020264,0.24469561874866486,3.469456434249878
1853,3.732682466506958,0.2783595621585846,3.4543228149414062
1854,3.7207765579223633,0.2551323175430298,3.465644359588623
1855,3.704930305480957,0.25314539670944214,3.45178484916687
1856,3.718593120574951,0.2589864432811737,3.459606647491455
1857,3.718291759490967,0.249578595161438,3.4687130451202393
1858,3.7036571502685547,0.24756306409835815,3.4560940265655518
1859,3.732022762298584,0.2672156095504761,3.4648072719573975
1860,3.72183895111084,0.2561350464820862,3.4657039642333984
1861,3.688593626022339,0.22678202390670776,3.4618115425109863
1862,3.735612154006958,0.29249265789985657,3.443119525909424
1863,3.6983768939971924,0.23775500059127808,3.4606218338012695
1864,3.721452474594116,0.2510557174682617,3.4703967571258545
1865,3.72406268119812,0.2511412501335144,3.472921371459961
1866,3.7131433486938477,0.25398528575897217,3.459157943725586
1867,3.74107027053833,0.27299872040748596,3.468071460723877
1868,3.719143867492676,0.27462995052337646,3.4445137977600098
1869,3.6951916217803955,0.24658559262752533,3.448606014251709
1870,3.7081987857818604,0.25973251461982727,3.4484663009643555
1871,3.7320172786712646,0.27761369943618774,3.4544036388397217
1872,3.713351011276245,0.24597015976905823,3.4673807621002197
1873,3.70652174949646,0.25556015968322754,3.4509615898132324
1874,3.7916297912597656,0.30879318714141846,3.4828367233276367
1875,3.727367401123047,0.25597983598709106,3.4713876247406006
1876,3.7332139015197754,0.25791698694229126,3.475296974182129
1877,3.690366268157959,0.24223820865154266,3.4481279850006104
1878,3.711425304412842,0.25368180871009827,3.4577434062957764
1879,3.733095407485962,0.24828419089317322,3.484811305999756
1880,3.7192203998565674,0.234726220369339,3.484494209289551
1881,3.659334659576416,0.21098029613494873,3.448354482650757
1882,3.7271223068237305,0.24524623155593872,3.4818761348724365
1883,3.7502334117889404,0.26028770208358765,3.489945650100708
1884,3.7415480613708496,0.2841216027736664,3.4574265480041504
1885,3.7395434379577637,0.2866925001144409,3.452850818634033
1886,3.7030630111694336,0.23481105268001556,3.468251943588257
1887,3.7228355407714844,0.2415972352027893,3.48123836517334
1888,3.7255544662475586,0.25090405344963074,3.4746503829956055
1889,3.7204222679138184,0.24680973589420319,3.4736125469207764
1890,3.7117228507995605,0.2464810311794281,3.4652419090270996
1891,3.745591878890991,0.24451088905334473,3.5010809898376465
1892,3.7123215198516846,0.2774078845977783,3.4349136352539062
1893,3.73679518699646,0.2697654366493225,3.4670298099517822
1894,3.740145206451416,0.268689900636673,3.4714553356170654
1895,3.7330329418182373,0.25992703437805176,3.4731059074401855
1896,3.705533266067505,0.24594756960868835,3.459585666656494
1897,3.724311590194702,0.2604842185974121,3.46382737159729
1898,3.7280993461608887,0.2638901472091675,3.4642090797424316
1899,3.688180446624756,0.25015687942504883,3.438023567199707
1900,3.73123836517334,0.27228131890296936,3.4589569568634033
1901,3.6936440467834473,0.23676759004592896,3.456876516342163
1902,3.7181942462921143,0.25501927733421326,3.463175058364868
1903,3.7373263835906982,0.2741050720214844,3.463221311569214
1904,3.727170467376709,0.25726279616355896,3.469907760620117
1905,3.7211244106292725,0.25263190269470215,3.4684925079345703
1906,3.724700450897217,0.24081236124038696,3.4838881492614746
1907,3.688995838165283,0.23752033710479736,3.4514756202697754
1908,3.7665700912475586,0.27473047375679016,3.491839647293091
1909,3.769237756729126,0.28883665800094604,3.480401039123535
1910,3.7247743606567383,0.25324001908302307,3.471534252166748
1911,3.7092483043670654,0.2530673146247864,3.456181049346924
1912,3.6973025798797607,0.24399042129516602,3.4533121585845947
1913,3.7374773025512695,0.2619514465332031,3.4755258560180664
1914,3.7281529903411865,0.2613812983036041,3.4667716026306152
1915,3.7073142528533936,0.25938135385513306,3.4479329586029053
1916,3.74245548248291,0.2552204132080078,3.4872350692749023
1917,3.6719589233398438,0.23209990561008453,3.439858913421631
1918,3.7197861671447754,0.23454685509204865,3.485239267349243
1919,3.6735498905181885,0.22750496864318848,3.446044921875
1920,3.7072157859802246,0.23460514843463898,3.4726107120513916
1921,3.7359046936035156,0.2572641968727112,3.478640556335449
1922,3.7094507217407227,0.239546000957489,3.469904661178589
1923,3.758101224899292,0.2643730044364929,3.4937281608581543
1924,3.684370994567871,0.2307669222354889,3.453603982925415
1925,3.715240955352783,0.2484525740146637,3.4667882919311523
1926,3.7281765937805176,0.24339556694030762,3.48478102684021
1927,3.736361026763916,0.2546960413455963,3.4816648960113525
1928,3.7263753414154053,0.24392038583755493,3.482455015182495
1929,3.7299599647521973,0.2565922737121582,3.473367691040039
1930,3.72066068649292,0.24624863266944885,3.474411964416504
1931,3.6885526180267334,0.2525459825992584,3.436006546020508
1932,3.730715274810791,0.2601690888404846,3.470546245574951
1933,3.716676712036133,0.26087749004364014,3.455799102783203
1934,3.705406427383423,0.24006538093090057,3.465341091156006
1935,3.7416138648986816,0.26783591508865356,3.473778009414673
1936,3.7279536724090576,0.24670758843421936,3.481245994567871
1937,3.7112526893615723,0.25359857082366943,3.4576542377471924
1938,3.727099895477295,0.2658489942550659,3.4612507820129395
1939,3.742544412612915,0.27388501167297363,3.4686594009399414
1940,3.7089877128601074,0.25331807136535645,3.455669641494751
1941,3.6900393962860107,0.23152664303779602,3.458512783050537
1942,3.720844268798828,0.2634495496749878,3.457394599914551
1943,3.681487560272217,0.22155725955963135,3.459930419921875
1944,3.712961196899414,0.24922838807106018,3.4637327194213867
1945,3.6865601539611816,0.234165221452713,3.452394962310791
1946,3.7367610931396484,0.25709134340286255,3.4796698093414307
1947,3.7278800010681152,0.26524803042411804,3.462631940841675
1948,3.734498977661133,0.2554124593734741,3.479086399078369
1949,3.7281198501586914,0.25168025493621826,3.4764397144317627
1950,3.7443594932556152,0.2674023509025574,3.476957082748413
1951,3.6777687072753906,0.22904878854751587,3.4487199783325195
1952,3.683328151702881,0.23590344190597534,3.4474246501922607
1953,3.700908660888672,0.22201526165008545,3.478893280029297
1954,3.740860939025879,0.2634182274341583,3.477442741394043
1955,3.6924219131469727,0.23551566898822784,3.456906318664551
1956,3.6823933124542236,0.2412317395210266,3.441161632537842
1957,3.73710298538208,0.28289538621902466,3.4542076587677
1958,3.714247226715088,0.2623078227043152,3.451939344406128
1959,3.686053514480591,0.24884676933288574,3.437206745147705
1960,3.6822261810302734,0.24833783507347107,3.4338884353637695
1961,3.7051196098327637,0.22986210882663727,3.475257396697998
1962,3.7410335540771484,0.2643759846687317,3.4766576290130615
1963,3.730323314666748,0.2564253807067871,3.473897933959961
1964,3.714362382888794,0.2503092586994171,3.464053153991699
1965,3.669647455215454,0.22579121589660645,3.4438562393188477
1966,3.702688694000244,0.26724016666412354,3.43544864654541
1967,3.660407304763794,0.2286621630191803,3.4317450523376465
1968,3.749795913696289,0.2844744324684143,3.4653215408325195
1969,3.690416097640991,0.2412368357181549,3.449179172515869
1970,3.7261545658111572,0.2532784640789032,3.4728760719299316
1971,3.687391519546509,0.24188850820064545,3.445502996444702
1972,3.714844226837158,0.2492537498474121,3.465590476989746
1973,3.7399654388427734,0.2673304080963135,3.47263503074646
1974,3.7037689685821533,0.2320469319820404,3.47172212600708
1975,3.713778018951416,0.25823774933815,3.455540180206299
1976,3.6804940700531006,0.23839503526687622,3.442099094390869
1977,3.6880648136138916,0.23263569176197052,3.4554290771484375
1978,3.6916871070861816,0.2295541763305664,3.4621329307556152
1979,3.708376884460449,0.2444867491722107,3.4638900756835938
1980,3.742523670196533,0.27322250604629517,3.469301223754883
1981,3.7150254249572754,0.24413704872131348,3.470888376235962
1982,3.7270007133483887,0.2540445625782013,3.4729561805725098
1983,3.7086410522460938,0.24379372596740723,3.4648473262786865
1984,3.714991569519043,0.24848537147045135,3.466506242752075
1985,3.702138900756836,0.24090571701526642,3.461233139038086
1986,3.7299375534057617,0.2650246322154999,3.4649128913879395
1987,3.686643600463867,0.23633389174938202,3.4503097534179688
1988,3.72088885307312,0.2496974915266037,3.47119140625
1989,3.7420237064361572,0.2602367401123047,3.4817869663238525
1990,3.734909772872925,0.2817913591861725,3.453118324279785
1991,3.7029027938842773,0.25566917657852173,3.4472336769104004
1992,3.71018123626709,0.21583744883537292,3.4943437576293945
1993,3.692821979522705,0.24122488498687744,3.451596975326538
1994,3.673140287399292,0.21174654364585876,3.4613938331604004
1995,3.7621636390686035,0.2516478896141052,3.5105156898498535
1996,3.6974294185638428,0.24247956275939941,3.4549498558044434
1997,3.68693470954895,0.23614910244941711,3.4507856369018555
1998,3.701902389526367,0.24375523626804352,3.4581470489501953
1999,3.719214677810669,0.2537235617637634,3.4654910564422607
