Step,Tr_Loss,Value_Loss,Policy_Loss
0,3.7123072147369385,0.2817438244819641,3.430563449859619
1,3.7193658351898193,0.30573660135269165,3.4136292934417725
2,3.723674774169922,0.29573631286621094,3.427938461303711
3,3.743091344833374,0.3167540729045868,3.426337242126465
4,3.7714614868164062,0.34156695008277893,3.42989444732666
5,3.7561285495758057,0.3240688145160675,3.4320597648620605
6,3.738161563873291,0.29197078943252563,3.44619083404541
7,3.699302911758423,0.2954367995262146,3.4038660526275635
8,3.6912569999694824,0.2799692749977112,3.411287784576416
9,3.7181050777435303,0.2945602834224701,3.4235448837280273
10,3.7197635173797607,0.2920658588409424,3.4276976585388184
11,3.7210354804992676,0.28292548656463623,3.438109874725342
12,3.698014736175537,0.28121763467788696,3.416797161102295
13,3.7193191051483154,0.2960202991962433,3.4232988357543945
14,3.702895164489746,0.2762819528579712,3.4266133308410645
15,3.678819179534912,0.2624703347682953,3.416348934173584
16,3.715803623199463,0.2848130464553833,3.43099045753479
17,3.75498628616333,0.2849844694137573,3.4700019359588623
18,3.705780029296875,0.287516713142395,3.4182631969451904
19,3.6701643466949463,0.2455959916114807,3.4245684146881104
20,3.6920464038848877,0.26472800970077515,3.4273183345794678
21,3.7132229804992676,0.29025596380233765,3.422966957092285
22,3.708982229232788,0.2779114842414856,3.4310708045959473
23,3.712395668029785,0.2791627049446106,3.4332330226898193
24,3.7272801399230957,0.281591534614563,3.4456887245178223
25,3.692328691482544,0.27631354331970215,3.416015148162842
26,3.7084624767303467,0.28343963623046875,3.425022840499878
27,3.6708128452301025,0.25982871651649475,3.4109840393066406
28,3.6364920139312744,0.2412571907043457,3.3952348232269287
29,3.6886253356933594,0.26900985836982727,3.4196155071258545
30,3.6511387825012207,0.2515067458152771,3.399631977081299
31,3.7295825481414795,0.29796284437179565,3.431619644165039
32,3.711967706680298,0.2916334271430969,3.4203343391418457
33,3.747295618057251,0.3205702304840088,3.426725387573242
34,3.678788661956787,0.25966769456863403,3.419121026992798
35,3.7369232177734375,0.3192425072193146,3.4176807403564453
36,3.68892765045166,0.26640933752059937,3.422518253326416
37,3.6922507286071777,0.2796544134616852,3.4125962257385254
38,3.7230629920959473,0.27426496148109436,3.4487979412078857
39,3.749000072479248,0.29646605253219604,3.4525339603424072
40,3.735886335372925,0.303700715303421,3.432185649871826
41,3.683500051498413,0.27521827816963196,3.4082818031311035
42,3.714655637741089,0.282972514629364,3.43168306350708
43,3.712646961212158,0.2775924801826477,3.4350545406341553
44,3.735959053039551,0.30760571360588074,3.4283533096313477
45,3.7520971298217773,0.3033143877983093,3.4487826824188232
46,3.720257520675659,0.2968122661113739,3.423445224761963
47,3.7091305255889893,0.2732884883880615,3.4358420372009277
48,3.7129650115966797,0.2844439148902893,3.428521156311035
49,3.7251617908477783,0.3017149567604065,3.4234468936920166
50,3.6665031909942627,0.26462870836257935,3.401874542236328
51,3.6836280822753906,0.27007007598876953,3.413558006286621
52,3.683736801147461,0.2703818082809448,3.4133548736572266
53,3.727588176727295,0.29752498865127563,3.430063247680664
54,3.733706474304199,0.2917537987232208,3.441952705383301
55,3.722968816757202,0.3098428249359131,3.413125991821289
56,3.715487480163574,0.27789491415023804,3.4375925064086914
57,3.7375075817108154,0.30344563722610474,3.4340620040893555
58,3.743175983428955,0.3118842840194702,3.4312915802001953
59,3.7139620780944824,0.2821761965751648,3.431785821914673
60,3.6767823696136475,0.2660348415374756,3.410747528076172
61,3.7134361267089844,0.28334176540374756,3.4300942420959473
62,3.743142604827881,0.2882980406284332,3.4548444747924805
63,3.7041449546813965,0.27197837829589844,3.432166576385498
64,3.7249860763549805,0.3002956509590149,3.4246904850006104
65,3.712231159210205,0.2788943648338318,3.4333367347717285
66,3.7403411865234375,0.292138934135437,3.44820237159729
67,3.7295594215393066,0.29476723074913025,3.4347922801971436
68,3.7307281494140625,0.31156253814697266,3.41916561126709
69,3.730912446975708,0.3024652600288391,3.4284472465515137
70,3.7489266395568848,0.30432814359664917,3.444598436355591
71,3.715383291244507,0.2823212146759033,3.4330620765686035
72,3.74043607711792,0.29293161630630493,3.4475045204162598
73,3.7023205757141113,0.27147483825683594,3.4308457374572754
74,3.7301743030548096,0.3061860501766205,3.4239883422851562
75,3.731384038925171,0.3130824863910675,3.418301582336426
76,3.7205281257629395,0.2938007116317749,3.426727294921875
77,3.714421272277832,0.2993101477622986,3.4151110649108887
78,3.7210121154785156,0.29620611667633057,3.4248058795928955
79,3.727724075317383,0.28681543469429016,3.440908670425415
80,3.7256107330322266,0.2968854308128357,3.428725242614746
81,3.7023072242736816,0.27694663405418396,3.425360679626465
82,3.718052625656128,0.3016130328178406,3.4164395332336426
83,3.715836524963379,0.2825523316860199,3.433284282684326
84,3.7134759426116943,0.2883288264274597,3.42514705657959
85,3.7375292778015137,0.3102661371231079,3.427263021469116
86,3.7134695053100586,0.27912771701812744,3.4343416690826416
87,3.7180449962615967,0.2870039939880371,3.4310410022735596
88,3.6799373626708984,0.2545752227306366,3.4253621101379395
89,3.736042022705078,0.2855601906776428,3.45048189163208
90,3.718203067779541,0.2890297770500183,3.429173231124878
91,3.679471254348755,0.28365615010261536,3.395815134048462
92,3.6902642250061035,0.2728404998779297,3.417423725128174
93,3.7586758136749268,0.33643436431884766,3.422241449356079
94,3.7155115604400635,0.29577499628067017,3.419736623764038
95,3.684784173965454,0.25382137298583984,3.4309628009796143
96,3.716165542602539,0.2675246000289917,3.448640823364258
97,3.6831588745117188,0.24982623755931854,3.433332681655884
98,3.678244113922119,0.266353964805603,3.4118900299072266
99,3.6963319778442383,0.28056800365448,3.415764093399048
100,3.677246570587158,0.25131699442863464,3.425929546356201
101,3.682579517364502,0.2547459900379181,3.4278335571289062
102,3.709019660949707,0.26411718130111694,3.4449024200439453
103,3.679410934448242,0.26510462164878845,3.414306402206421
104,3.711653709411621,0.2760516405105591,3.4356021881103516
105,3.7305984497070312,0.29126298427581787,3.439335584640503
106,3.7027812004089355,0.2772449254989624,3.4255361557006836
107,3.7061476707458496,0.2740935683250427,3.432054042816162
108,3.732433795928955,0.28283393383026123,3.4495997428894043
109,3.718461513519287,0.280218243598938,3.4382433891296387
110,3.7018203735351562,0.2779906392097473,3.4238297939300537
111,3.710716485977173,0.29200106859207153,3.418715476989746
112,3.688563108444214,0.26517078280448914,3.4233922958374023
113,3.6817994117736816,0.2621975243091583,3.4196019172668457
114,3.6502509117126465,0.2418988198041916,3.4083521366119385
115,3.683018207550049,0.2526763677597046,3.4303417205810547
116,3.698108673095703,0.26538801193237305,3.43272066116333
117,3.7083840370178223,0.2908822298049927,3.41750168800354
118,3.7020490169525146,0.27333134412765503,3.428717613220215
119,3.775357723236084,0.3152599334716797,3.4600977897644043
120,3.7057809829711914,0.27325713634490967,3.4325239658355713
121,3.66934871673584,0.24853740632534027,3.420811414718628
122,3.7298097610473633,0.3179764151573181,3.4118332862854004
123,3.68295955657959,0.26001933217048645,3.422940254211426
124,3.7222161293029785,0.28778207302093506,3.434433937072754
125,3.704887866973877,0.2701919376850128,3.4346959590911865
126,3.7283637523651123,0.2859495282173157,3.4424142837524414
127,3.702960968017578,0.26876574754714966,3.4341952800750732
128,3.7036397457122803,0.2547244727611542,3.4489152431488037
129,3.723726511001587,0.31278952956199646,3.4109370708465576
130,3.708073377609253,0.2966524660587311,3.4114208221435547
131,3.7636752128601074,0.3234243392944336,3.440250873565674
132,3.7375705242156982,0.3151560127735138,3.422414541244507
133,3.7454023361206055,0.2968268096446991,3.448575496673584
134,3.710289239883423,0.2861887812614441,3.424100399017334
135,3.7007014751434326,0.2723085880279541,3.4283928871154785
136,3.738784074783325,0.31498244404792786,3.4238016605377197
137,3.7009518146514893,0.283247172832489,3.4177045822143555
138,3.686962366104126,0.25538381934165955,3.4315786361694336
139,3.665433168411255,0.2529585361480713,3.4124746322631836
140,3.6827359199523926,0.26702362298965454,3.415712356567383
141,3.681163787841797,0.27389299869537354,3.407270908355713
142,3.6952569484710693,0.2847892940044403,3.4104676246643066
143,3.7046051025390625,0.2812266945838928,3.4233784675598145
144,3.738842487335205,0.30088844895362854,3.4379539489746094
145,3.6973843574523926,0.2849087417125702,3.4124755859375
146,3.689699649810791,0.276150107383728,3.4135496616363525
147,3.72322678565979,0.28853797912597656,3.4346888065338135
148,3.7484076023101807,0.318041056394577,3.4303665161132812
149,3.7585031986236572,0.3257827162742615,3.432720422744751
150,3.72613525390625,0.3031958341598511,3.4229395389556885
151,3.7052664756774902,0.27198198437690735,3.4332845211029053
152,3.725074529647827,0.3020017147064209,3.4230728149414062
153,3.7348172664642334,0.2887439727783203,3.446073293685913
154,3.7067766189575195,0.26398324966430664,3.442793369293213
155,3.7169904708862305,0.29403483867645264,3.4229555130004883
156,3.7348289489746094,0.3001682758331299,3.4346606731414795
157,3.712344169616699,0.2735241651535034,3.4388201236724854
158,3.6995253562927246,0.2820936143398285,3.4174318313598633
159,3.6989591121673584,0.28958725929260254,3.409371852874756
160,3.7641890048980713,0.3368628919124603,3.427326202392578
161,3.6615488529205322,0.2302621304988861,3.4312868118286133
162,3.754220962524414,0.31898534297943115,3.4352355003356934
163,3.7541868686676025,0.31392809748649597,3.440258741378784
164,3.7091073989868164,0.2656887173652649,3.4434187412261963
165,3.7399110794067383,0.3021968603134155,3.437714099884033
166,3.7055070400238037,0.2826838195323944,3.422823190689087
167,3.6976587772369385,0.27027249336242676,3.4273862838745117
168,3.7087724208831787,0.2812982499599457,3.4274742603302
169,3.676269054412842,0.2554318308830261,3.420837163925171
170,3.684513568878174,0.27096641063690186,3.4135470390319824
171,3.7459776401519775,0.30751729011535645,3.438460350036621
172,3.7134146690368652,0.28706610202789307,3.4263484477996826
173,3.710364818572998,0.2842755913734436,3.426089286804199
174,3.72202467918396,0.2827446162700653,3.4392800331115723
175,3.6990013122558594,0.2765789031982422,3.422422409057617
176,3.757124900817871,0.3055954575538635,3.4515295028686523
177,3.6721320152282715,0.28053098917007446,3.391601085662842
178,3.7374472618103027,0.28193286061286926,3.455514430999756
179,3.698380470275879,0.26832807064056396,3.4300525188446045
180,3.7285096645355225,0.29054969549179077,3.437959909439087
181,3.7161765098571777,0.28471094369888306,3.4314656257629395
182,3.6890482902526855,0.2622620761394501,3.426786184310913
183,3.6668009757995605,0.2466067373752594,3.420194149017334
184,3.7236480712890625,0.2897239327430725,3.4339241981506348
185,3.684417486190796,0.2766267955303192,3.4077906608581543
186,3.709953784942627,0.2785496711730957,3.4314041137695312
187,3.7447328567504883,0.3093034625053406,3.435429334640503
188,3.6779839992523193,0.2576368451118469,3.420347213745117
189,3.741109609603882,0.3009379804134369,3.440171718597412
190,3.674561023712158,0.2702721655368805,3.4042887687683105
191,3.7128658294677734,0.29098641872406006,3.421879291534424
192,3.6856448650360107,0.2718041241168976,3.4138407707214355
193,3.6857266426086426,0.26764777302742004,3.418078899383545
194,3.7223522663116455,0.2920353412628174,3.430316925048828
195,3.716803789138794,0.2965085506439209,3.420295238494873
196,3.774040460586548,0.3209816813468933,3.4530587196350098
197,3.763613700866699,0.326801061630249,3.43681263923645
198,3.7289934158325195,0.28419530391693115,3.444797992706299
199,3.675459861755371,0.24342913925647736,3.43203067779541
200,3.7180752754211426,0.29468560218811035,3.4233896732330322
201,3.708012580871582,0.28007614612579346,3.427936315536499
202,3.754448652267456,0.31258225440979004,3.441866397857666
203,3.6768383979797363,0.26682883501052856,3.4100096225738525
204,3.66947603225708,0.2560094892978668,3.413466453552246
205,3.6886019706726074,0.2654542028903961,3.423147678375244
206,3.6901650428771973,0.2767593562602997,3.413405656814575
207,3.714078903198242,0.3014211654663086,3.4126577377319336
208,3.7275538444519043,0.2937203347682953,3.433833599090576
209,3.75532603263855,0.3042403757572174,3.4510855674743652
210,3.6741278171539307,0.26523908972740173,3.408888816833496
211,3.716646671295166,0.30157339572906494,3.4150733947753906
212,3.6705784797668457,0.2592921853065491,3.4112863540649414
213,3.686828374862671,0.28792256116867065,3.3989057540893555
214,3.7683393955230713,0.3452589213848114,3.4230804443359375
215,3.6967382431030273,0.2660595774650574,3.430678606033325
216,3.6918365955352783,0.28357964754104614,3.408257007598877
217,3.7068145275115967,0.26540446281433105,3.4414100646972656
218,3.7491471767425537,0.3132150173187256,3.435932159423828
219,3.7512078285217285,0.29121100902557373,3.4599967002868652
220,3.724423408508301,0.2711995244026184,3.453223943710327
221,3.7080564498901367,0.2751452326774597,3.4329111576080322
222,3.738874912261963,0.3179868757724762,3.4208879470825195
223,3.7002665996551514,0.2842947840690613,3.4159717559814453
224,3.726015567779541,0.30207642912864685,3.4239392280578613
225,3.6456751823425293,0.2536658048629761,3.3920092582702637
226,3.727825164794922,0.2932858467102051,3.434539318084717
227,3.6901590824127197,0.2854492664337158,3.404709815979004
228,3.7387032508850098,0.31652259826660156,3.422180652618408
229,3.708082437515259,0.30124932527542114,3.4068331718444824
230,3.6987991333007812,0.2694968283176422,3.429302215576172
231,3.728825092315674,0.3050031065940857,3.4238219261169434
232,3.7415871620178223,0.3058427572250366,3.435744285583496
233,3.6681957244873047,0.2813224792480469,3.386873245239258
234,3.7037203311920166,0.307559072971344,3.3961613178253174
235,3.7104740142822266,0.27730992436408997,3.433164119720459
236,3.70394229888916,0.30132949352264404,3.4026129245758057
237,3.7382113933563232,0.3053784966468811,3.432832956314087
238,3.7001614570617676,0.2764705717563629,3.4236907958984375
239,3.740281343460083,0.29585719108581543,3.4444241523742676
240,3.7169251441955566,0.2790079712867737,3.4379172325134277
241,3.739748001098633,0.3016662895679474,3.438081741333008
242,3.7500669956207275,0.3209807872772217,3.429086208343506
243,3.71752667427063,0.3032047748565674,3.4143218994140625
244,3.7085940837860107,0.2784059941768646,3.4301881790161133
245,3.688854694366455,0.2867131233215332,3.402141571044922
246,3.71524715423584,0.2773590683937073,3.4378881454467773
247,3.6996874809265137,0.27679821848869324,3.422889232635498
248,3.7084944248199463,0.28010159730911255,3.4283928871154785
249,3.721430778503418,0.28171926736831665,3.439711570739746
250,3.696009635925293,0.28990310430526733,3.406106472015381
251,3.685229778289795,0.28447380661964417,3.4007558822631836
252,3.712555408477783,0.28637754917144775,3.426177978515625
253,3.6834194660186768,0.26837772130966187,3.41504168510437
254,3.6767566204071045,0.26846057176589966,3.4082961082458496
255,3.7011125087738037,0.27255624532699585,3.428556203842163
256,3.714153528213501,0.26567837595939636,3.4484751224517822
257,3.7000744342803955,0.2860924303531647,3.4139819145202637
258,3.6823511123657227,0.25605079531669617,3.426300287246704
259,3.7091617584228516,0.2815115451812744,3.427650213241577
260,3.7240710258483887,0.27960848808288574,3.444462537765503
261,3.734156847000122,0.29705649614334106,3.437100410461426
262,3.689573287963867,0.273268461227417,3.41630482673645
263,3.7050278186798096,0.2803170382976532,3.424710750579834
264,3.6995296478271484,0.2793031930923462,3.4202263355255127
265,3.717827558517456,0.2998387813568115,3.4179887771606445
266,3.716365337371826,0.2861071228981018,3.430258274078369
267,3.7068047523498535,0.29182350635528564,3.4149811267852783
268,3.6606526374816895,0.25049859285354614,3.410154104232788
269,3.6814541816711426,0.25660043954849243,3.424853801727295
270,3.7631819248199463,0.2993967533111572,3.463785171508789
271,3.7068262100219727,0.2788480520248413,3.427978038787842
272,3.72658109664917,0.28770631551742554,3.4388747215270996
273,3.727989435195923,0.28778475522994995,3.440204620361328
274,3.6498918533325195,0.21768376231193542,3.4322080612182617
275,3.7183175086975098,0.289553701877594,3.4287638664245605
276,3.741691827774048,0.31288209557533264,3.428809642791748
277,3.7143020629882812,0.2916339933872223,3.422667980194092
278,3.6892213821411133,0.2828250825405121,3.4063963890075684
279,3.7081117630004883,0.283747136592865,3.4243645668029785
280,3.7069737911224365,0.27946075797080994,3.4275131225585938
281,3.692565441131592,0.2794418931007385,3.413123607635498
282,3.65159010887146,0.24899810552597046,3.4025919437408447
283,3.69254732131958,0.2760252356529236,3.4165220260620117
284,3.681180238723755,0.2820303738117218,3.3991498947143555
285,3.7096893787384033,0.29292798042297363,3.4167613983154297
286,3.7089080810546875,0.27502381801605225,3.4338841438293457
287,3.6852121353149414,0.26598602533340454,3.4192261695861816
288,3.6881277561187744,0.27380698919296265,3.414320707321167
289,3.7305750846862793,0.2926795184612274,3.4378955364227295
290,3.7100918292999268,0.2859175205230713,3.4241743087768555
291,3.7357850074768066,0.3004632890224457,3.435321807861328
292,3.712170124053955,0.2862621545791626,3.425908088684082
293,3.681793689727783,0.25648900866508484,3.425304651260376
294,3.7064192295074463,0.272780179977417,3.4336390495300293
295,3.705519914627075,0.2812802195549011,3.4242396354675293
296,3.653562068939209,0.24366842210292816,3.409893751144409
297,3.6464171409606934,0.2429637759923935,3.4034533500671387
298,3.6939969062805176,0.266771525144577,3.427225351333618
299,3.669076919555664,0.2555684745311737,3.413508415222168
300,3.741417169570923,0.29597511887550354,3.445441961288452
301,3.741260051727295,0.28514131903648376,3.4561188220977783
302,3.706608533859253,0.2707805037498474,3.4358279705047607
303,3.6937735080718994,0.26845264434814453,3.425320863723755
304,3.6849658489227295,0.24500633776187897,3.4399595260620117
305,3.7016351222991943,0.27659541368484497,3.425039768218994
306,3.695969820022583,0.2738277316093445,3.4221420288085938
307,3.7234866619110107,0.2932499051094055,3.43023681640625
308,3.6633992195129395,0.2364663928747177,3.4269328117370605
309,3.6750009059906006,0.2748602032661438,3.4001407623291016
310,3.7170073986053467,0.29127901792526245,3.4257283210754395
311,3.7182791233062744,0.28153786063194275,3.436741352081299
312,3.6935551166534424,0.25658541917800903,3.436969757080078
313,3.7107725143432617,0.2828468680381775,3.4279255867004395
314,3.659480333328247,0.2464611530303955,3.4130191802978516
315,3.7321724891662598,0.2831071615219116,3.4490652084350586
316,3.6586496829986572,0.2503305971622467,3.4083189964294434
317,3.6843810081481934,0.2654978036880493,3.4188833236694336
318,3.708693265914917,0.28810444474220276,3.420588731765747
319,3.708284854888916,0.2879274785518646,3.4203574657440186
320,3.708482503890991,0.29035472869873047,3.4181277751922607
321,3.713789939880371,0.2729346752166748,3.4408552646636963
322,3.716437578201294,0.281311571598053,3.4351260662078857
323,3.684638500213623,0.2473447173833847,3.437293767929077
324,3.692755937576294,0.26689833402633667,3.4258575439453125
325,3.704535484313965,0.27375122904777527,3.430784225463867
326,3.691359281539917,0.28470921516418457,3.4066500663757324
327,3.753908395767212,0.29884082078933716,3.4550676345825195
328,3.6949243545532227,0.26916593313217163,3.4257583618164062
329,3.7089180946350098,0.2852135896682739,3.4237046241760254
330,3.735447406768799,0.30615222454071045,3.429295063018799
331,3.715829372406006,0.2712154984474182,3.4446139335632324
332,3.7209389209747314,0.2912704348564148,3.429668426513672
333,3.6869945526123047,0.24960044026374817,3.437394142150879
334,3.721207618713379,0.3056985139846802,3.4155092239379883
335,3.676002264022827,0.2606241703033447,3.4153780937194824
336,3.6836373805999756,0.2496207356452942,3.434016704559326
337,3.723078966140747,0.3023783266544342,3.4207005500793457
338,3.7119078636169434,0.30216360092163086,3.4097442626953125
339,3.6909546852111816,0.27838367223739624,3.4125709533691406
340,3.6765170097351074,0.2717686593532562,3.4047484397888184
341,3.671689510345459,0.2617993950843811,3.4098901748657227
342,3.7379074096679688,0.2895337641239166,3.448373556137085
343,3.7101006507873535,0.2850756049156189,3.42502498626709
344,3.7126550674438477,0.2909960448741913,3.421658992767334
345,3.6829676628112793,0.266382098197937,3.4165854454040527
346,3.6986451148986816,0.27477410435676575,3.4238710403442383
347,3.6954092979431152,0.25706472992897034,3.4383444786071777
348,3.6996288299560547,0.2710414528846741,3.4285874366760254
349,3.6887106895446777,0.26325884461402893,3.4254517555236816
350,3.7145164012908936,0.30219799280166626,3.412318468093872
351,3.6844799518585205,0.28157517313957214,3.402904748916626
352,3.7286999225616455,0.29720279574394226,3.431497097015381
353,3.7188267707824707,0.28550195693969727,3.4333248138427734
354,3.6888206005096436,0.26943546533584595,3.4193851947784424
355,3.7416880130767822,0.29457277059555054,3.447115182876587
356,3.751859664916992,0.30097877979278564,3.450881004333496
357,3.7011005878448486,0.28867456316947937,3.412425994873047
358,3.6818642616271973,0.25664418935775757,3.425220012664795
359,3.68487286567688,0.26599088311195374,3.418881893157959
360,3.7540786266326904,0.3065313994884491,3.447547197341919
361,3.69571590423584,0.26175400614738464,3.433961868286133
362,3.6808435916900635,0.23941510915756226,3.4414284229278564
363,3.7134861946105957,0.27708888053894043,3.4363973140716553
364,3.7120490074157715,0.28900426626205444,3.4230446815490723
365,3.700608015060425,0.27178671956062317,3.428821325302124
366,3.7383060455322266,0.29229938983917236,3.4460067749023438
367,3.7401208877563477,0.288480281829834,3.4516406059265137
368,3.7294118404388428,0.29619455337524414,3.4332172870635986
369,3.7086939811706543,0.27174967527389526,3.4369442462921143
370,3.750056743621826,0.32045888900756836,3.429597854614258
371,3.6980228424072266,0.27615541219711304,3.4218673706054688
372,3.6772537231445312,0.27863842248916626,3.3986153602600098
373,3.7041587829589844,0.27770376205444336,3.426455020904541
374,3.6948938369750977,0.2736645042896271,3.421229362487793
375,3.7264084815979004,0.2811816930770874,3.4452266693115234
376,3.679658889770508,0.2811805009841919,3.3984785079956055
377,3.6892635822296143,0.26921290159225464,3.420050621032715
378,3.6708831787109375,0.2597932815551758,3.4110898971557617
379,3.7014365196228027,0.2794967293739319,3.4219398498535156
380,3.695706367492676,0.26395124197006226,3.4317550659179688
381,3.681777000427246,0.2617915868759155,3.41998553276062
382,3.7271535396575928,0.293792188167572,3.433361291885376
383,3.6860263347625732,0.2633207440376282,3.42270565032959
384,3.6961469650268555,0.2546285390853882,3.441518545150757
385,3.6664373874664307,0.24536964297294617,3.421067714691162
386,3.6448380947113037,0.23771163821220398,3.4071264266967773
387,3.691150188446045,0.28866949677467346,3.4024806022644043
388,3.6857504844665527,0.27471446990966797,3.4110360145568848
389,3.7336065769195557,0.30627936124801636,3.4273271560668945
390,3.6775009632110596,0.2765243649482727,3.4009766578674316
391,3.717535972595215,0.2797451913356781,3.437790870666504
392,3.6895856857299805,0.26147162914276123,3.4281139373779297
393,3.670416831970215,0.26797550916671753,3.4024412631988525
394,3.7019588947296143,0.2962004542350769,3.4057583808898926
395,3.7260634899139404,0.3052743971347809,3.4207890033721924
396,3.735272169113159,0.30135345458984375,3.4339187145233154
397,3.6851823329925537,0.2537079155445099,3.431474447250366
398,3.704263687133789,0.2796454429626465,3.4246182441711426
399,3.734100818634033,0.28708016872406006,3.4470205307006836
400,3.672903060913086,0.24837839603424072,3.4245247840881348
401,3.700329542160034,0.2765964865684509,3.4237329959869385
402,3.6710774898529053,0.24489763379096985,3.426179885864258
403,3.713982582092285,0.28129422664642334,3.4326882362365723
404,3.7131991386413574,0.29560500383377075,3.4175941944122314
405,3.7249460220336914,0.29924476146698,3.425701141357422
406,3.711766004562378,0.28061532974243164,3.4311506748199463
407,3.6812219619750977,0.2560339570045471,3.4251880645751953
408,3.7040719985961914,0.2620859742164612,3.441986083984375
409,3.7382876873016357,0.31403496861457825,3.42425274848938
410,3.7247817516326904,0.2890433669090271,3.4357383251190186
411,3.654648780822754,0.23746375739574432,3.417185068130493
412,3.6966662406921387,0.2680759131908417,3.4285902976989746
413,3.6717417240142822,0.249467670917511,3.422274112701416
414,3.726065158843994,0.290644109249115,3.4354209899902344
415,3.69985294342041,0.2722572088241577,3.427595615386963
416,3.691572666168213,0.2743226885795593,3.417249917984009
417,3.71836519241333,0.28755074739456177,3.430814504623413
418,3.735419511795044,0.2983434498310089,3.4370760917663574
419,3.6907618045806885,0.2655741572380066,3.425187587738037
420,3.735896348953247,0.2784896790981293,3.457406759262085
421,3.693998098373413,0.255643367767334,3.438354730606079
422,3.7301106452941895,0.3044804334640503,3.4256300926208496
423,3.7468273639678955,0.3047751784324646,3.442052125930786
424,3.666865348815918,0.24575039744377136,3.421114921569824
425,3.745530366897583,0.3149290084838867,3.4306013584136963
426,3.708136796951294,0.2933734059333801,3.4147634506225586
427,3.675532579421997,0.26529377698898315,3.410238742828369
428,3.6931238174438477,0.2578188180923462,3.435305118560791
429,3.6782145500183105,0.26050055027008057,3.4177141189575195
430,3.702855110168457,0.2769924998283386,3.4258625507354736
431,3.694335460662842,0.2703222632408142,3.424013137817383
432,3.684554100036621,0.26720568537712097,3.4173483848571777
433,3.701903820037842,0.2668445110321045,3.4350593090057373
434,3.712475538253784,0.283703476190567,3.42877197265625
435,3.7176339626312256,0.28576210141181946,3.4318718910217285
436,3.7143661975860596,0.29107752442359924,3.423288583755493
437,3.6748383045196533,0.26300960779190063,3.4118287563323975
438,3.7230162620544434,0.28658199310302734,3.436434268951416
439,3.7006657123565674,0.2590823769569397,3.4415833950042725
440,3.7073264122009277,0.2928381562232971,3.4144883155822754
441,3.6907200813293457,0.27482426166534424,3.415895938873291
442,3.6968674659729004,0.2670072317123413,3.4298601150512695
443,3.685356616973877,0.25339964032173157,3.4319570064544678
444,3.704768657684326,0.2647862732410431,3.4399824142456055
445,3.6927661895751953,0.2722454071044922,3.420520782470703
446,3.6503214836120605,0.2458803802728653,3.4044411182403564
447,3.6940762996673584,0.2678624987602234,3.4262137413024902
448,3.724306583404541,0.288385272026062,3.4359211921691895
449,3.692739248275757,0.25293871760368347,3.439800500869751
450,3.6942245960235596,0.286175012588501,3.4080495834350586
451,3.6667072772979736,0.24697428941726685,3.4197330474853516
452,3.7202489376068115,0.29328280687332153,3.4269661903381348
453,3.735852003097534,0.29099446535110474,3.444857597351074
454,3.7331624031066895,0.30836009979248047,3.424802303314209
455,3.6856369972229004,0.27179279923439026,3.413844108581543
456,3.7360270023345947,0.2989914119243622,3.43703556060791
457,3.7111387252807617,0.2923499345779419,3.4187889099121094
458,3.7222070693969727,0.2848309278488159,3.4373762607574463
459,3.693276882171631,0.2876516580581665,3.405625343322754
460,3.724320888519287,0.30362141132354736,3.4206995964050293
461,3.704289197921753,0.2680479884147644,3.4362411499023438
462,3.688688278198242,0.2770695388317108,3.411618709564209
463,3.6910042762756348,0.28760993480682373,3.4033942222595215
464,3.708547592163086,0.271241694688797,3.4373059272766113
465,3.7331924438476562,0.2807587683200836,3.4524335861206055
466,3.66390323638916,0.2552032470703125,3.4086999893188477
467,3.6772937774658203,0.25937318801879883,3.4179205894470215
468,3.7018892765045166,0.2697930932044983,3.432096242904663
469,3.7058677673339844,0.2712401747703552,3.4346275329589844
470,3.6845853328704834,0.26872795820236206,3.4158573150634766
471,3.694958209991455,0.2691241502761841,3.4258339405059814
472,3.6763930320739746,0.24972856044769287,3.426664352416992
473,3.693108320236206,0.25639742612838745,3.436710834503174
474,3.671203851699829,0.23995476961135864,3.4312491416931152
475,3.670926332473755,0.2668016850948334,3.4041247367858887
476,3.706989049911499,0.28030672669410706,3.426682233810425
477,3.7489054203033447,0.3139065206050873,3.4349989891052246
478,3.707570791244507,0.28142374753952026,3.426146984100342
479,3.708860397338867,0.27482283115386963,3.434037685394287
480,3.6809513568878174,0.2712799906730652,3.4096713066101074
481,3.6998326778411865,0.27006974816322327,3.429762840270996
482,3.7006349563598633,0.2700444459915161,3.4305903911590576
483,3.6756796836853027,0.24556156992912292,3.4301180839538574
484,3.6711912155151367,0.26913249492645264,3.4020588397979736
485,3.6443395614624023,0.25001639127731323,3.3943231105804443
486,3.675316572189331,0.24822495877742767,3.427091598510742
487,3.698668956756592,0.2733878791332245,3.425281047821045
488,3.690182685852051,0.2651226818561554,3.4250600337982178
489,3.687833786010742,0.3144267797470093,3.3734071254730225
490,3.682844638824463,0.2595600187778473,3.4232845306396484
491,3.6786346435546875,0.2614079415798187,3.417226791381836
492,3.6738898754119873,0.25919944047927856,3.4146904945373535
493,3.687164068222046,0.2710568308830261,3.416107177734375
494,3.6897361278533936,0.2582767903804779,3.431459426879883
495,3.73606014251709,0.3263654112815857,3.4096946716308594
496,3.6841366291046143,0.26884031295776367,3.4152963161468506
497,3.689058780670166,0.2632821798324585,3.425776481628418
498,3.6727466583251953,0.2572064697742462,3.4155402183532715
499,3.7014851570129395,0.2708419859409332,3.430643081665039
500,3.670889377593994,0.25254112482070923,3.4183483123779297
501,3.67587947845459,0.25693511962890625,3.4189443588256836
502,3.7193009853363037,0.26085519790649414,3.4584457874298096
503,3.7164037227630615,0.28020691871643066,3.436196804046631
504,3.6851582527160645,0.2638353407382965,3.421322822570801
505,3.697664260864258,0.2596898078918457,3.437974452972412
506,3.7250680923461914,0.29221969842910767,3.4328484535217285
507,3.7018301486968994,0.26063424348831177,3.4411959648132324
508,3.6639156341552734,0.24230065941810608,3.4216148853302
509,3.6932997703552246,0.27749839425086975,3.4158012866973877
510,3.690065383911133,0.26786255836486816,3.4222028255462646
511,3.695143222808838,0.2648056745529175,3.430337429046631
512,3.712451934814453,0.2905360758304596,3.4219157695770264
513,3.7644577026367188,0.3308635354042053,3.433594226837158
514,3.664982318878174,0.2516283392906189,3.41335391998291
515,3.7009592056274414,0.2848421335220337,3.416116952896118
516,3.662517547607422,0.25322309136390686,3.409294366836548
517,3.6871328353881836,0.26643121242523193,3.420701742172241
518,3.710131883621216,0.28141769766807556,3.4287142753601074
519,3.6742284297943115,0.25605231523513794,3.4181761741638184
520,3.7184667587280273,0.28058597445487976,3.437880754470825
521,3.682140350341797,0.2624559700489044,3.419684410095215
522,3.6637678146362305,0.23147064447402954,3.4322972297668457
523,3.6510043144226074,0.23915906250476837,3.4118452072143555
524,3.659499406814575,0.2477387636899948,3.4117605686187744
525,3.6679115295410156,0.24231919646263123,3.4255924224853516
526,3.7176074981689453,0.27861881256103516,3.43898868560791
527,3.6888675689697266,0.2578634023666382,3.431004047393799
528,3.7007670402526855,0.2567678689956665,3.4439992904663086
529,3.7021193504333496,0.26977431774139404,3.432345151901245
530,3.674196243286133,0.2568925619125366,3.4173035621643066
531,3.7227554321289062,0.26577621698379517,3.456979274749756
532,3.6688437461853027,0.25580430030822754,3.413039445877075
533,3.673353672027588,0.26497453451156616,3.408379077911377
534,3.69175386428833,0.2776927947998047,3.4140610694885254
535,3.66363787651062,0.24248388409614563,3.421154022216797
536,3.7050540447235107,0.2822877764701843,3.4227662086486816
537,3.7166175842285156,0.29450833797454834,3.4221091270446777
538,3.742091178894043,0.307616651058197,3.434474468231201
539,3.723557949066162,0.28553783893585205,3.4380202293395996
540,3.699982166290283,0.26169145107269287,3.438290596008301
541,3.723585844039917,0.2876088321208954,3.435976982116699
542,3.707653284072876,0.28587228059768677,3.421781063079834
543,3.736830949783325,0.29560980200767517,3.441221237182617
544,3.681520700454712,0.25736910104751587,3.424151659011841
545,3.6965174674987793,0.2652292251586914,3.431288242340088
546,3.670504331588745,0.26189595460891724,3.4086084365844727
547,3.706557512283325,0.26986509561538696,3.436692476272583
548,3.723540782928467,0.2763277292251587,3.4472131729125977
549,3.6686935424804688,0.2609991729259491,3.4076943397521973
550,3.6927003860473633,0.25815141201019287,3.434548854827881
551,3.678177833557129,0.2585431635379791,3.4196345806121826
552,3.644116163253784,0.23615679144859314,3.407959461212158
553,3.716332197189331,0.2836023271083832,3.432729959487915
554,3.731050729751587,0.3035861849784851,3.427464485168457
555,3.695777654647827,0.26329541206359863,3.4324822425842285
556,3.6566572189331055,0.23994168639183044,3.416715621948242
557,3.6887333393096924,0.26217442750930786,3.4265589714050293
558,3.6971206665039062,0.2712535858154297,3.4258670806884766
559,3.710312843322754,0.2825879454612732,3.427724838256836
560,3.6923351287841797,0.26778727769851685,3.4245479106903076
561,3.655028820037842,0.25293028354644775,3.4020986557006836
562,3.6937122344970703,0.2574729025363922,3.436239242553711
563,3.666161298751831,0.2666420340538025,3.399519205093384
564,3.6731913089752197,0.2584863007068634,3.4147050380706787
565,3.662536144256592,0.23262563347816467,3.42991042137146
566,3.6924521923065186,0.2818727493286133,3.4105794429779053
567,3.710339069366455,0.2921130657196045,3.4182260036468506
568,3.694301128387451,0.2559887170791626,3.438312530517578
569,3.7130675315856934,0.2935100495815277,3.419557571411133
570,3.683567762374878,0.25877562165260315,3.4247920513153076
571,3.6777377128601074,0.2519782781600952,3.4257593154907227
572,3.6872081756591797,0.25117626786231995,3.4360318183898926
573,3.687279462814331,0.2683822512626648,3.4188971519470215
574,3.679926872253418,0.2622876465320587,3.4176392555236816
575,3.7058122158050537,0.255871444940567,3.4499406814575195
576,3.6698179244995117,0.23640811443328857,3.4334096908569336
577,3.684380054473877,0.25074660778045654,3.433633327484131
578,3.660468339920044,0.27847820520401,3.3819901943206787
579,3.677676200866699,0.26643961668014526,3.411236524581909
580,3.6792514324188232,0.25387200713157654,3.425379514694214
581,3.704075813293457,0.26946938037872314,3.4346065521240234
582,3.7305994033813477,0.29737478494644165,3.433224678039551
583,3.7115602493286133,0.2592177987098694,3.4523425102233887
584,3.672131061553955,0.26674044132232666,3.405390501022339
585,3.698615074157715,0.2620295584201813,3.4365854263305664
586,3.6644656658172607,0.2625490128993988,3.401916742324829
587,3.6350789070129395,0.23733018338680267,3.3977487087249756
588,3.65342116355896,0.22481796145439148,3.428603172302246
589,3.7030794620513916,0.27044034004211426,3.4326391220092773
590,3.662299633026123,0.24726924300193787,3.4150304794311523
591,3.7117984294891357,0.2815113365650177,3.4302871227264404
592,3.680015802383423,0.2492481768131256,3.43076753616333
593,3.7301788330078125,0.29801124334335327,3.4321675300598145
594,3.7086739540100098,0.2663074731826782,3.442366361618042
595,3.6980109214782715,0.2545505166053772,3.443460464477539
596,3.6646087169647217,0.27172207832336426,3.3928866386413574
597,3.7602803707122803,0.30997005105018616,3.450310230255127
598,3.7210612297058105,0.2603023648262024,3.460758924484253
599,3.6599671840667725,0.23253969848155975,3.4274275302886963
600,3.7039616107940674,0.2821490168571472,3.4218125343322754
601,3.7121167182922363,0.28971588611602783,3.422400951385498
602,3.7092294692993164,0.2880208492279053,3.421208620071411
603,3.670581340789795,0.25988873839378357,3.4106926918029785
604,3.7022299766540527,0.2618316411972046,3.4403982162475586
605,3.7303054332733154,0.3013607859611511,3.4289445877075195
606,3.6554367542266846,0.2443210631608963,3.4111156463623047
607,3.693934917449951,0.2848992347717285,3.4090356826782227
608,3.6992456912994385,0.27153801918029785,3.4277076721191406
609,3.6935062408447266,0.26108938455581665,3.4324169158935547
610,3.708620548248291,0.27431294322013855,3.43430757522583
611,3.723985433578491,0.29381081461906433,3.4301745891571045
612,3.7109873294830322,0.28481525182724,3.4261720180511475
613,3.692040205001831,0.27274006605148315,3.419300079345703
614,3.7069153785705566,0.3042391538619995,3.4026761054992676
615,3.6928188800811768,0.25022026896476746,3.442598581314087
616,3.695314884185791,0.25646698474884033,3.4388480186462402
617,3.6723287105560303,0.2574350833892822,3.414893627166748
618,3.7329599857330322,0.2801973819732666,3.4527626037597656
619,3.6433353424072266,0.24862998723983765,3.394705295562744
620,3.687836170196533,0.26654359698295593,3.421292543411255
621,3.711587905883789,0.28810206055641174,3.42348575592041
622,3.698187828063965,0.26178741455078125,3.4364004135131836
623,3.7239842414855957,0.2928779125213623,3.4311063289642334
624,3.715144395828247,0.2801429331302643,3.4350013732910156
625,3.6569485664367676,0.2519279718399048,3.4050207138061523
626,3.6985530853271484,0.2672695517539978,3.431283473968506
627,3.695896625518799,0.2799168825149536,3.4159798622131348
628,3.7132816314697266,0.29040440917015076,3.422877311706543
629,3.7160449028015137,0.2841883897781372,3.431856632232666
630,3.6560568809509277,0.21738755702972412,3.438669204711914
631,3.6874115467071533,0.26592761278152466,3.4214839935302734
632,3.7047677040100098,0.28851112723350525,3.4162566661834717
633,3.7370259761810303,0.30201464891433716,3.435011386871338
634,3.6703710556030273,0.2446153312921524,3.425755739212036
635,3.6659281253814697,0.24547792971134186,3.420450210571289
636,3.675133466720581,0.27003178000450134,3.405101776123047
637,3.7338812351226807,0.29634493589401245,3.4375362396240234
638,3.69278621673584,0.2778781056404114,3.4149081707000732
639,3.6571624279022217,0.22774730622768402,3.429415225982666
640,3.6804375648498535,0.25786685943603516,3.4225707054138184
641,3.7091989517211914,0.2852592468261719,3.4239397048950195
642,3.678431510925293,0.25568151473999023,3.4227499961853027
643,3.6841342449188232,0.24584348499774933,3.43829083442688
644,3.683924913406372,0.23466520011425018,3.4492597579956055
645,3.679049015045166,0.2613755464553833,3.4176735877990723
646,3.6938037872314453,0.27057135105133057,3.4232325553894043
647,3.7179956436157227,0.2922762930393219,3.4257192611694336
648,3.7026400566101074,0.27391767501831055,3.428722381591797
649,3.694154977798462,0.2836415767669678,3.410513401031494
650,3.6329431533813477,0.23069867491722107,3.4022445678710938
651,3.7083137035369873,0.2704518139362335,3.437861919403076
652,3.681722640991211,0.26214736700057983,3.4195752143859863
653,3.6749141216278076,0.2564597725868225,3.41845440864563
654,3.650850296020508,0.23669233918190002,3.4141578674316406
655,3.711393117904663,0.2671448588371277,3.4442481994628906
656,3.656029462814331,0.24947451055049896,3.406554937362671
657,3.7135562896728516,0.2916475534439087,3.4219086170196533
658,3.6979594230651855,0.2632780075073242,3.4346814155578613
659,3.6494638919830322,0.24954476952552795,3.399919033050537
660,3.7124545574188232,0.2935684323310852,3.418886184692383
661,3.660490036010742,0.25172340869903564,3.408766746520996
662,3.675422191619873,0.2616778612136841,3.4137444496154785
663,3.641663074493408,0.23610985279083252,3.4055533409118652
664,3.6997084617614746,0.27328285574913025,3.4264256954193115
665,3.693094253540039,0.2745771110057831,3.4185171127319336
666,3.725461483001709,0.2876931130886078,3.4377684593200684
667,3.6821117401123047,0.24563969671726227,3.436471939086914
668,3.6977572441101074,0.28122031688690186,3.416536808013916
669,3.735574722290039,0.2883724570274353,3.447202205657959
670,3.674140453338623,0.24176399409770966,3.4323763847351074
671,3.655410051345825,0.262055367231369,3.393354654312134
672,3.731661319732666,0.2987581193447113,3.432903289794922
673,3.704399347305298,0.267374187707901,3.4370250701904297
674,3.707920789718628,0.2880491614341736,3.4198715686798096
675,3.690736770629883,0.2653045654296875,3.4254322052001953
676,3.703406810760498,0.28270161151885986,3.4207050800323486
677,3.7179741859436035,0.2868179678916931,3.4311561584472656
678,3.674652099609375,0.27009788155555725,3.4045541286468506
679,3.6821186542510986,0.2466619312763214,3.4354567527770996
680,3.734226942062378,0.2923073172569275,3.4419195652008057
681,3.6733005046844482,0.2655509114265442,3.407749652862549
682,3.709591865539551,0.27502256631851196,3.4345693588256836
683,3.6648237705230713,0.24399349093437195,3.420830249786377
684,3.6811516284942627,0.28519225120544434,3.3959593772888184
685,3.707594871520996,0.26770687103271484,3.4398880004882812
686,3.693784236907959,0.2555190324783325,3.438265085220337
687,3.7236504554748535,0.29877132177352905,3.4248790740966797
688,3.6685726642608643,0.2535908818244934,3.4149818420410156
689,3.7098538875579834,0.28242945671081543,3.427424430847168
690,3.6736133098602295,0.25853466987609863,3.415078639984131
691,3.6837711334228516,0.2656117081642151,3.4181594848632812
692,3.661527156829834,0.22497136890888214,3.436555862426758
693,3.7111780643463135,0.2795368731021881,3.431641101837158
694,3.7053158283233643,0.2633180022239685,3.441997766494751
695,3.666722297668457,0.25335174798965454,3.4133706092834473
696,3.7395832538604736,0.2963014245033264,3.443281888961792
697,3.7117490768432617,0.2565847337245941,3.4551644325256348
698,3.654680013656616,0.2551416754722595,3.399538278579712
699,3.6819658279418945,0.2642793357372284,3.4176864624023438
700,3.7069296836853027,0.2752184271812439,3.431711196899414
701,3.6702301502227783,0.25342223048210144,3.4168078899383545
702,3.729177236557007,0.2748912274837494,3.4542860984802246
703,3.712238311767578,0.27737677097320557,3.434861660003662
704,3.7098770141601562,0.276128888130188,3.433748245239258
705,3.67805814743042,0.2634517550468445,3.4146063327789307
706,3.679877519607544,0.25334471464157104,3.426532745361328
707,3.6493656635284424,0.24463926255702972,3.404726505279541
708,3.6751763820648193,0.25774797797203064,3.417428493499756
709,3.6950974464416504,0.2744380235671997,3.4206595420837402
710,3.703477382659912,0.28033775091171265,3.4231395721435547
711,3.715360641479492,0.29816657304763794,3.417194128036499
712,3.6678202152252197,0.24819432199001312,3.419625997543335
713,3.716266393661499,0.2962983250617981,3.4199681282043457
714,3.688703775405884,0.25420108437538147,3.434502601623535
715,3.6362764835357666,0.2264820635318756,3.409794330596924
716,3.6801342964172363,0.2610754668712616,3.4190587997436523
717,3.7007179260253906,0.25949519872665405,3.441222667694092
718,3.6930267810821533,0.2707177996635437,3.422308921813965
719,3.7062108516693115,0.27515915036201477,3.431051731109619
720,3.687394142150879,0.27526628971099854,3.412127733230591
721,3.7508656978607178,0.316203773021698,3.434661865234375
722,3.691882371902466,0.27071595191955566,3.42116641998291
723,3.6480579376220703,0.23390904068946838,3.4141488075256348
724,3.709207057952881,0.2594345808029175,3.449772596359253
725,3.6625757217407227,0.26033878326416016,3.4022369384765625
726,3.681291341781616,0.2640972435474396,3.417194128036499
727,3.7025136947631836,0.27006447315216064,3.4324491024017334
728,3.7121734619140625,0.2768365144729614,3.4353370666503906
729,3.666498899459839,0.2592635154724121,3.4072353839874268
730,3.715404510498047,0.27833878993988037,3.437065839767456
731,3.6508853435516357,0.23638226091861725,3.4145030975341797
732,3.6671767234802246,0.2532191872596741,3.4139575958251953
733,3.7033169269561768,0.2791726887226105,3.4241442680358887
734,3.7342052459716797,0.33646607398986816,3.3977391719818115
735,3.6866376399993896,0.2713400721549988,3.415297508239746
736,3.6747214794158936,0.2620467245578766,3.41267466545105
737,3.690128803253174,0.27234509587287903,3.417783737182617
738,3.6742610931396484,0.24889330565929413,3.425367832183838
739,3.7040491104125977,0.27173951268196106,3.432309627532959
740,3.689086675643921,0.25664186477661133,3.4324448108673096
741,3.6907224655151367,0.2792772650718689,3.411445140838623
742,3.6503236293792725,0.22319047152996063,3.427133083343506
743,3.6802725791931152,0.2461816817522049,3.4340908527374268
744,3.709791421890259,0.2828236222267151,3.4269678592681885
745,3.678750514984131,0.25391533970832825,3.424835205078125
746,3.716895818710327,0.25472521781921387,3.4621706008911133
747,3.6758666038513184,0.25735676288604736,3.4185099601745605
748,3.6620335578918457,0.23652726411819458,3.425506353378296
749,3.7011525630950928,0.27483654022216797,3.426316022872925
750,3.6961240768432617,0.26900720596313477,3.427116870880127
751,3.6937074661254883,0.2477552443742752,3.4459521770477295
752,3.6893725395202637,0.26623332500457764,3.4231390953063965
753,3.688889980316162,0.257959246635437,3.4309306144714355
754,3.703702926635742,0.28847646713256836,3.415226459503174
755,3.6686742305755615,0.261803537607193,3.4068706035614014
756,3.6792736053466797,0.2651391625404358,3.4141345024108887
757,3.6602275371551514,0.23985902965068817,3.4203684329986572
758,3.678257942199707,0.245061993598938,3.4331960678100586
759,3.6759450435638428,0.23971980810165405,3.436225175857544
760,3.6674094200134277,0.2518221139907837,3.4155874252319336
761,3.700887680053711,0.28316813707351685,3.417719602584839
762,3.6936569213867188,0.24358312785625458,3.450073719024658
763,3.6998424530029297,0.2635526657104492,3.4362897872924805
764,3.6830894947052,0.25930315256118774,3.4237864017486572
765,3.6667816638946533,0.23873454332351685,3.4280471801757812
766,3.704892635345459,0.28511130809783936,3.419781446456909
767,3.7122421264648438,0.2832941710948944,3.428947925567627
768,3.6991188526153564,0.2717059254646301,3.427412986755371
769,3.6255733966827393,0.2297843098640442,3.39578914642334
770,3.6745989322662354,0.26803046464920044,3.4065685272216797
771,3.6930301189422607,0.26720815896987915,3.4258220195770264
772,3.7027103900909424,0.26953190565109253,3.433178424835205
773,3.7478103637695312,0.27689552307128906,3.470914840698242
774,3.6527769565582275,0.2434888631105423,3.409288167953491
775,3.6832406520843506,0.26643627882003784,3.416804313659668
776,3.666280746459961,0.2662329077720642,3.400047779083252
777,3.6628994941711426,0.23908159136772156,3.4238178730010986
778,3.704545259475708,0.26642656326293945,3.4381186962127686
779,3.668250322341919,0.2334715574979782,3.4347786903381348
780,3.6737098693847656,0.24042826890945435,3.433281660079956
781,3.6676785945892334,0.24986714124679565,3.417811393737793
782,3.709329128265381,0.25534161925315857,3.4539875984191895
783,3.6920764446258545,0.267538845539093,3.4245376586914062
784,3.705986499786377,0.28055259585380554,3.425433874130249
785,3.6778616905212402,0.26658493280410767,3.4112768173217773
786,3.722205638885498,0.2783094048500061,3.4438962936401367
787,3.6560020446777344,0.26318633556365967,3.392815589904785
788,3.6905996799468994,0.2707841992378235,3.4198155403137207
789,3.691915988922119,0.2717587947845459,3.4201571941375732
790,3.7158894538879395,0.291714072227478,3.424175262451172
791,3.668562173843384,0.253113716840744,3.4154484272003174
792,3.6767187118530273,0.2616754472255707,3.415043354034424
793,3.6944565773010254,0.26778095960617065,3.42667555809021
794,3.694798469543457,0.2564734220504761,3.4383249282836914
795,3.702716827392578,0.2686818838119507,3.434034824371338
796,3.6946961879730225,0.261069118976593,3.433627128601074
797,3.7040061950683594,0.2580532431602478,3.445952892303467
798,3.7080202102661133,0.2931723892688751,3.4148478507995605
799,3.690049648284912,0.2715793550014496,3.4184703826904297
800,3.681732416152954,0.2701660990715027,3.4115662574768066
801,3.6563870906829834,0.24062325060367584,3.4157638549804688
802,3.663163423538208,0.252363383769989,3.410799980163574
803,3.7047572135925293,0.2826080322265625,3.422149181365967
804,3.68031907081604,0.2651330828666687,3.4151859283447266
805,3.679166316986084,0.25481367111206055,3.4243526458740234
806,3.673953056335449,0.25134336948394775,3.422609806060791
807,3.6644339561462402,0.2532545328140259,3.411179304122925
808,3.686677932739258,0.26672518253326416,3.419952869415283
809,3.7011446952819824,0.2558775246143341,3.4452672004699707
810,3.7425458431243896,0.3107747733592987,3.4317710399627686
811,3.680522918701172,0.2537940740585327,3.4267287254333496
812,3.6728291511535645,0.26200398802757263,3.410825252532959
813,3.651623010635376,0.23909026384353638,3.4125328063964844
814,3.692176342010498,0.2643014192581177,3.42787504196167
815,3.7061121463775635,0.29055866599082947,3.415553569793701
816,3.7048323154449463,0.2674749791622162,3.4373574256896973
817,3.6723012924194336,0.24617944657802582,3.426121950149536
818,3.6744441986083984,0.2462533712387085,3.4281909465789795
819,3.7205889225006104,0.29013946652412415,3.4304494857788086
820,3.700273036956787,0.2715917229652405,3.4286813735961914
821,3.684648036956787,0.2571949064731598,3.42745304107666
822,3.723876714706421,0.2769621014595032,3.4469146728515625
823,3.702828884124756,0.25021255016326904,3.4526162147521973
824,3.704387903213501,0.2732066512107849,3.4311811923980713
825,3.6762096881866455,0.23701342940330505,3.4391963481903076
826,3.634830951690674,0.21426796913146973,3.420562982559204
827,3.7168712615966797,0.27986276149749756,3.4370083808898926
828,3.69691801071167,0.26135969161987305,3.435558319091797
829,3.6692495346069336,0.26421552896499634,3.405034065246582
830,3.660313367843628,0.23563940823078156,3.4246740341186523
831,3.7114224433898926,0.2696492075920105,3.4417731761932373
832,3.7117908000946045,0.26904043555259705,3.4427504539489746
833,3.6914756298065186,0.2580702304840088,3.4334053993225098
834,3.6668896675109863,0.2439487874507904,3.422940969467163
835,3.6980526447296143,0.2572839856147766,3.4407687187194824
836,3.6934168338775635,0.28764790296554565,3.405768871307373
837,3.66329026222229,0.24056433141231537,3.4227259159088135
838,3.6900827884674072,0.2585427463054657,3.431540012359619
839,3.6848015785217285,0.25772520899772644,3.4270763397216797
840,3.6332149505615234,0.1979382336139679,3.435276746749878
841,3.641826868057251,0.22774463891983032,3.4140822887420654
842,3.688236713409424,0.2545393705368042,3.43369722366333
843,3.6990692615509033,0.28401899337768555,3.4150502681732178
844,3.6712355613708496,0.25286388397216797,3.4183716773986816
845,3.7110471725463867,0.27544263005256653,3.4356045722961426
846,3.7192599773406982,0.3002869486808777,3.418972969055176
847,3.6992197036743164,0.2762755751609802,3.4229440689086914
848,3.697791337966919,0.27451878786087036,3.4232726097106934
849,3.645037889480591,0.24137425422668457,3.4036636352539062
850,3.66882586479187,0.25706154108047485,3.41176438331604
851,3.6945109367370605,0.2657102644443512,3.428800582885742
852,3.666818857192993,0.2475685477256775,3.419250249862671
853,3.6364612579345703,0.22134827077388763,3.4151129722595215
854,3.687000274658203,0.26847004890441895,3.418530225753784
855,3.655751943588257,0.25504282116889954,3.4007091522216797
856,3.669346570968628,0.26780813932418823,3.401538372039795
857,3.668950080871582,0.24503013491630554,3.423919916152954
858,3.65208101272583,0.23588982224464417,3.4161911010742188
859,3.691906213760376,0.2870047092437744,3.4049015045166016
860,3.6580023765563965,0.2543330192565918,3.4036693572998047
861,3.708204507827759,0.26260867714881897,3.4455957412719727
862,3.681511640548706,0.254667729139328,3.4268438816070557
863,3.6881790161132812,0.2822367250919342,3.40594220161438
864,3.6694042682647705,0.25002598762512207,3.4193782806396484
865,3.7339513301849365,0.2813412845134735,3.4526100158691406
866,3.6749038696289062,0.2770676016807556,3.397836208343506
867,3.682982921600342,0.26582199335098267,3.417160987854004
868,3.7029595375061035,0.28463855385780334,3.418320894241333
869,3.656611919403076,0.23980478942394257,3.416807174682617
870,3.6795616149902344,0.2587193250656128,3.420842170715332
871,3.7011830806732178,0.286690890789032,3.414492130279541
872,3.679821729660034,0.24980859458446503,3.4300131797790527
873,3.6828253269195557,0.2716144025325775,3.4112110137939453
874,3.712906837463379,0.26504653692245483,3.4478602409362793
875,3.675405263900757,0.2718961834907532,3.4035091400146484
876,3.687767744064331,0.2686343193054199,3.419133424758911
877,3.697183847427368,0.25076600909233093,3.446417808532715
878,3.6727206707000732,0.259262353181839,3.4134583473205566
879,3.6942756175994873,0.29578524827957153,3.3984904289245605
880,3.721775770187378,0.2738035321235657,3.447972297668457
881,3.6836469173431396,0.25588104128837585,3.4277658462524414
882,3.704007148742676,0.2803216576576233,3.4236855506896973
883,3.691343307495117,0.2629584074020386,3.428384780883789
884,3.6820876598358154,0.25182512402534485,3.430262565612793
885,3.6768014430999756,0.2764013111591339,3.400400161743164
886,3.711710214614868,0.29236331582069397,3.419346809387207
887,3.680248737335205,0.25808292627334595,3.422165870666504
888,3.6348330974578857,0.2185853272676468,3.416247844696045
889,3.6892008781433105,0.2644933760166168,3.4247074127197266
890,3.6944282054901123,0.2735297977924347,3.4208984375
891,3.7198030948638916,0.288546621799469,3.4312565326690674
892,3.680879831314087,0.272231787443161,3.4086480140686035
893,3.708827495574951,0.2751741409301758,3.4336533546447754
894,3.7218449115753174,0.27688708901405334,3.444957733154297
895,3.6530661582946777,0.22752326726913452,3.4255428314208984
896,3.6962265968322754,0.25323301553726196,3.442993640899658
897,3.6850216388702393,0.2505733370780945,3.4344482421875
898,3.6961374282836914,0.2844116687774658,3.4117257595062256
899,3.6831061840057373,0.24473905563354492,3.4383671283721924
900,3.6798534393310547,0.24558743834495544,3.4342660903930664
901,3.709939956665039,0.2638736367225647,3.446066379547119
902,3.6859076023101807,0.2614491283893585,3.4244585037231445
903,3.6296913623809814,0.24382227659225464,3.385869026184082
904,3.681873321533203,0.2555847764015198,3.426288604736328
905,3.699122905731201,0.28085702657699585,3.4182658195495605
906,3.7100374698638916,0.28145337104797363,3.428584098815918
907,3.653895378112793,0.24769535660743713,3.4061999320983887
908,3.6804070472717285,0.2566448152065277,3.423762321472168
909,3.6734848022460938,0.251750648021698,3.421734094619751
910,3.6692185401916504,0.2632197439670563,3.405998706817627
911,3.7032971382141113,0.2695688009262085,3.4337282180786133
912,3.7230193614959717,0.2703964114189148,3.452622890472412
913,3.72044038772583,0.2905217409133911,3.4299185276031494
914,3.6870062351226807,0.28020840883255005,3.4067978858947754
915,3.6654927730560303,0.23799309134483337,3.427499771118164
916,3.6486783027648926,0.24956510961055756,3.399113178253174
917,3.630509376525879,0.21959489583969116,3.410914421081543
918,3.702972650527954,0.2740026116371155,3.4289700984954834
919,3.688530683517456,0.2582152485847473,3.4303154945373535
920,3.6741909980773926,0.2533584535121918,3.420832633972168
921,3.692626953125,0.25951719284057617,3.433109760284424
922,3.7220773696899414,0.2921980321407318,3.4298794269561768
923,3.6979660987854004,0.2595332860946655,3.4384329319000244
924,3.667050838470459,0.2508019804954529,3.4162487983703613
925,3.6973748207092285,0.2647905647754669,3.432584285736084
926,3.657269239425659,0.23092320561408997,3.4263460636138916
927,3.7383158206939697,0.31394273042678833,3.424373149871826
928,3.670471429824829,0.24814385175704956,3.4223275184631348
929,3.674870729446411,0.24755872786045074,3.427311897277832
930,3.6777079105377197,0.2579669654369354,3.419740915298462
931,3.664257287979126,0.24610814452171326,3.41814923286438
932,3.702040195465088,0.2560313940048218,3.4460086822509766
933,3.6794424057006836,0.26365888118743896,3.415783405303955
934,3.688497543334961,0.2621234953403473,3.4263739585876465
935,3.63478684425354,0.25230616331100464,3.3824806213378906
936,3.6781108379364014,0.23413750529289246,3.4439733028411865
937,3.6601343154907227,0.24744364619255066,3.4126906394958496
938,3.6930809020996094,0.2666754126548767,3.426405429840088
939,3.689425230026245,0.251053124666214,3.4383721351623535
940,3.6507201194763184,0.24313272535800934,3.4075872898101807
941,3.6707029342651367,0.26181313395500183,3.4088897705078125
942,3.697556257247925,0.27597394585609436,3.4215822219848633
943,3.6727428436279297,0.2580084204673767,3.414734363555908
944,3.6936192512512207,0.26037514209747314,3.433244228363037
945,3.6959426403045654,0.27320045232772827,3.4227421283721924
946,3.6708109378814697,0.24645210802555084,3.42435884475708
947,3.6467621326446533,0.2293575406074524,3.4174046516418457
948,3.685591697692871,0.2757704555988312,3.4098212718963623
949,3.6678311824798584,0.25213178992271423,3.4156994819641113
950,3.705012798309326,0.2530216872692108,3.451991081237793
951,3.6848504543304443,0.2752225399017334,3.409627914428711
952,3.6450436115264893,0.24754676222801208,3.3974969387054443
953,3.669584035873413,0.25154146552085876,3.4180426597595215
954,3.683778762817383,0.2705082893371582,3.4132704734802246
955,3.7313430309295654,0.2878643870353699,3.443478584289551
956,3.681149482727051,0.2693518400192261,3.411797523498535
957,3.6828787326812744,0.25915366411209106,3.423725128173828
958,3.718550682067871,0.27269405126571655,3.4458565711975098
959,3.682337999343872,0.2534902095794678,3.4288477897644043
960,3.64076828956604,0.24694518744945526,3.3938231468200684
961,3.6909756660461426,0.26065313816070557,3.4303226470947266
962,3.6709342002868652,0.250752717256546,3.4201815128326416
963,3.6704139709472656,0.24346312880516052,3.4269509315490723
964,3.691812038421631,0.26497167348861694,3.426840305328369
965,3.691646099090576,0.2684561014175415,3.423190116882324
966,3.6855640411376953,0.2696494460105896,3.415914535522461
967,3.671786069869995,0.2613232135772705,3.4104628562927246
968,3.6856658458709717,0.26862940192222595,3.417036533355713
969,3.6657676696777344,0.25012266635894775,3.415645122528076
970,3.692380428314209,0.2666630446910858,3.425717353820801
971,3.65998911857605,0.25140881538391113,3.4085803031921387
972,3.6508867740631104,0.23850978910923004,3.412376880645752
973,3.692164897918701,0.2626599371433258,3.429504871368408
974,3.6809470653533936,0.2557508945465088,3.4251961708068848
975,3.7008557319641113,0.24991904199123383,3.450936794281006
976,3.659827709197998,0.23228362202644348,3.427544116973877
977,3.6721749305725098,0.25688496232032776,3.415289878845215
978,3.716660499572754,0.28937339782714844,3.4272871017456055
979,3.740845203399658,0.2600666880607605,3.480778455734253
980,3.666097402572632,0.2430877834558487,3.4230096340179443
981,3.699747323989868,0.2585933804512024,3.4411540031433105
982,3.629908323287964,0.212537944316864,3.417370319366455
983,3.6734189987182617,0.2675257921218872,3.405893325805664
984,3.646066665649414,0.23069711029529572,3.4153695106506348
985,3.6584205627441406,0.23479214310646057,3.423628330230713
986,3.6580235958099365,0.24580365419387817,3.412220001220703
987,3.6858041286468506,0.2435038536787033,3.442300319671631
988,3.6410813331604004,0.23559702932834625,3.405484199523926
989,3.6786975860595703,0.2512440085411072,3.4274535179138184
990,3.662038803100586,0.2293667197227478,3.4326720237731934
991,3.68088436126709,0.25982528924942017,3.4210591316223145
992,3.664517402648926,0.2730501890182495,3.391467332839966
993,3.676156997680664,0.26336392760276794,3.4127931594848633
994,3.7117631435394287,0.2549299895763397,3.4568331241607666
995,3.6717562675476074,0.24624349176883698,3.4255127906799316
996,3.675220012664795,0.25334060192108154,3.421879529953003
997,3.6661715507507324,0.23946380615234375,3.4267077445983887
998,3.6395487785339355,0.2383558303117752,3.4011929035186768
999,3.7242534160614014,0.27527064085006714,3.4489827156066895
1000,3.7144267559051514,0.2762014865875244,3.438225269317627
1001,3.68503475189209,0.2527627944946289,3.432271957397461
1002,3.6976702213287354,0.27494946122169495,3.4227206707000732
1003,3.6707260608673096,0.23933525383472443,3.4313907623291016
1004,3.660799503326416,0.26126182079315186,3.3995375633239746
1005,3.6525208950042725,0.236612468957901,3.4159083366394043
1006,3.7020559310913086,0.26903510093688965,3.433020830154419
1007,3.666454553604126,0.2591719627380371,3.407282590866089
1008,3.7098581790924072,0.2816707491874695,3.428187370300293
1009,3.6574289798736572,0.24337083101272583,3.414058208465576
1010,3.644463062286377,0.22195971012115479,3.4225034713745117
1011,3.719104528427124,0.29184550046920776,3.4272589683532715
1012,3.701195240020752,0.2785736322402954,3.422621726989746
1013,3.618767023086548,0.2262735664844513,3.392493486404419
1014,3.69265079498291,0.28055620193481445,3.4120945930480957
1015,3.6724514961242676,0.23494426906108856,3.437507152557373
1016,3.6743733882904053,0.2503125071525574,3.424060821533203
1017,3.6412463188171387,0.2275162935256958,3.4137301445007324
1018,3.6961476802825928,0.2677360475063324,3.4284117221832275
1019,3.70678448677063,0.2730589509010315,3.433725595474243
1020,3.6671669483184814,0.2661297917366028,3.4010372161865234
1021,3.6941089630126953,0.2532111406326294,3.4408977031707764
1022,3.6508381366729736,0.21840855479240417,3.432429552078247
1023,3.6683201789855957,0.25356343388557434,3.4147567749023438
1024,3.7205982208251953,0.29417884349823,3.426419258117676
1025,3.6768720149993896,0.23825044929981232,3.4386215209960938
1026,3.6855993270874023,0.2632627487182617,3.4223365783691406
1027,3.663457155227661,0.230149045586586,3.4333081245422363
1028,3.6906087398529053,0.25925469398498535,3.43135404586792
1029,3.6578290462493896,0.24586334824562073,3.4119656085968018
1030,3.6969547271728516,0.27224457263946533,3.424710273742676
1031,3.679265022277832,0.24509698152542114,3.4341681003570557
1032,3.6737301349639893,0.2509198784828186,3.4228103160858154
1033,3.6890079975128174,0.2589412033557892,3.4300668239593506
1034,3.6920340061187744,0.2601073086261749,3.431926727294922
1035,3.6691949367523193,0.2431432157754898,3.426051616668701
1036,3.7057862281799316,0.2665858864784241,3.4392004013061523
1037,3.6938304901123047,0.239647775888443,3.4541826248168945
1038,3.652365207672119,0.24918752908706665,3.4031777381896973
1039,3.6754446029663086,0.25733083486557007,3.4181137084960938
1040,3.6958327293395996,0.27599138021469116,3.4198412895202637
1041,3.679250955581665,0.2468864619731903,3.4323644638061523
1042,3.679553747177124,0.2585459351539612,3.4210078716278076
1043,3.673410415649414,0.24194902181625366,3.4314613342285156
1044,3.7019917964935303,0.2602376341819763,3.441754102706909
1045,3.721740245819092,0.2829601466655731,3.4387800693511963
1046,3.6600875854492188,0.24133554100990295,3.4187519550323486
1047,3.6386430263519287,0.23108169436454773,3.4075613021850586
1048,3.6885018348693848,0.26164770126342773,3.426854133605957
1049,3.7156591415405273,0.2743392586708069,3.4413199424743652
1050,3.6662485599517822,0.24451082944869995,3.4217376708984375
1051,3.6596381664276123,0.23680554330348969,3.422832727432251
1052,3.6848020553588867,0.26940858364105225,3.415393352508545
1053,3.670109748840332,0.2431541234254837,3.4269556999206543
1054,3.6899361610412598,0.2693178653717041,3.4206182956695557
1055,3.643010139465332,0.23807436227798462,3.404935836791992
1056,3.6815662384033203,0.26046422123908997,3.4211020469665527
1057,3.6385819911956787,0.2320268601179123,3.40655517578125
1058,3.690160036087036,0.2661747932434082,3.423985242843628
1059,3.710297107696533,0.2695862054824829,3.44071102142334
1060,3.682276725769043,0.2608180642127991,3.4214587211608887
1061,3.6723155975341797,0.25776779651641846,3.414547920227051
1062,3.693176507949829,0.2480105757713318,3.4451658725738525
1063,3.657334327697754,0.23171862959861755,3.4256157875061035
1064,3.6449568271636963,0.2451097071170807,3.3998470306396484
1065,3.6773970127105713,0.2584037780761719,3.4189932346343994
1066,3.6905293464660645,0.25556692481040955,3.434962511062622
1067,3.6455368995666504,0.23493000864982605,3.410606861114502
1068,3.6909055709838867,0.2610253393650055,3.429880142211914
1069,3.701261520385742,0.2639918625354767,3.437269687652588
1070,3.7340404987335205,0.2884998321533203,3.4455406665802
1071,3.7152435779571533,0.2711941599845886,3.44404935836792
1072,3.666292905807495,0.24714395403862,3.4191489219665527
1073,3.6654930114746094,0.23586149513721466,3.429631471633911
1074,3.671689033508301,0.26226234436035156,3.409426689147949
1075,3.668208122253418,0.24501417577266693,3.42319393157959
1076,3.659433364868164,0.2482842057943344,3.411149263381958
1077,3.6759679317474365,0.24225887656211853,3.433709144592285
1078,3.669046401977539,0.2577466368675232,3.411299705505371
1079,3.6965136528015137,0.2640710175037384,3.4324426651000977
1080,3.661149024963379,0.25960826873779297,3.401540756225586
1081,3.7100393772125244,0.2716047763824463,3.438434600830078
1082,3.6877856254577637,0.24818013608455658,3.439605474472046
1083,3.635674476623535,0.23673966526985168,3.398934841156006
1084,3.6702117919921875,0.25387275218963623,3.4163389205932617
1085,3.6661934852600098,0.2611065208911896,3.4050869941711426
1086,3.656039237976074,0.2430844008922577,3.412954807281494
1087,3.680412769317627,0.24754436314105988,3.432868480682373
1088,3.6733269691467285,0.23643915355205536,3.436887741088867
1089,3.663526773452759,0.25733399391174316,3.4061927795410156
1090,3.698537588119507,0.2723025679588318,3.4262349605560303
1091,3.6828296184539795,0.2627260684967041,3.4201035499572754
1092,3.7081642150878906,0.28205442428588867,3.426109790802002
1093,3.6459813117980957,0.22845032811164856,3.4175310134887695
1094,3.710402250289917,0.26937127113342285,3.441030979156494
1095,3.644680976867676,0.22648298740386963,3.4181981086730957
1096,3.639864206314087,0.22172710299491882,3.4181370735168457
1097,3.676884174346924,0.25658416748046875,3.420300006866455
1098,3.6805038452148438,0.26994645595550537,3.410557270050049
1099,3.653637647628784,0.23632191121578217,3.417315721511841
1100,3.6522951126098633,0.22724346816539764,3.425051689147949
1101,3.689697027206421,0.269683837890625,3.420013189315796
1102,3.6792681217193604,0.24425503611564636,3.4350130558013916
1103,3.65939998626709,0.2359198033809662,3.423480272293091
1104,3.696223497390747,0.2623894214630127,3.4338340759277344
1105,3.6455559730529785,0.24905256927013397,3.396503448486328
1106,3.681126117706299,0.2765766382217407,3.4045495986938477
1107,3.662790536880493,0.2547774016857147,3.408013105392456
1108,3.66597580909729,0.24879294633865356,3.4171829223632812
1109,3.6875617504119873,0.2405659705400467,3.446995735168457
1110,3.681112289428711,0.2684555649757385,3.412656784057617
1111,3.6879684925079346,0.2585625946521759,3.429405927658081
1112,3.649202346801758,0.24006718397140503,3.409135103225708
1113,3.6694207191467285,0.25824928283691406,3.4111714363098145
1114,3.679673671722412,0.269207239151001,3.410466432571411
1115,3.681142568588257,0.26525282859802246,3.4158897399902344
1116,3.6488687992095947,0.2505723834037781,3.398296356201172
1117,3.7221269607543945,0.263441264629364,3.4586856365203857
1118,3.667123317718506,0.23251913487911224,3.4346041679382324
1119,3.688021183013916,0.2689127027988434,3.4191083908081055
1120,3.668788433074951,0.2483525574207306,3.420435905456543
1121,3.7123329639434814,0.2863423824310303,3.425990581512451
1122,3.6736900806427,0.26297739148139954,3.410712718963623
1123,3.7232391834259033,0.29422780871391296,3.429011344909668
1124,3.626392126083374,0.22115689516067505,3.4052352905273438
1125,3.688933849334717,0.26348260045051575,3.4254512786865234
1126,3.644435405731201,0.2414623498916626,3.402973175048828
1127,3.6386423110961914,0.23027323186397552,3.4083690643310547
1128,3.647214889526367,0.23002585768699646,3.417189121246338
1129,3.6778109073638916,0.24838103353977203,3.429429769515991
1130,3.6792373657226562,0.2616010904312134,3.4176363945007324
1131,3.7169601917266846,0.28418803215026855,3.432772159576416
1132,3.673191547393799,0.2483554184436798,3.4248361587524414
1133,3.6721882820129395,0.2579594850540161,3.414228916168213
1134,3.6574957370758057,0.23950697481632233,3.4179887771606445
1135,3.671743869781494,0.24584117531776428,3.4259026050567627
1136,3.6791577339172363,0.26594674587249756,3.413210868835449
1137,3.63374400138855,0.2173994481563568,3.41634464263916
1138,3.6521365642547607,0.23048321902751923,3.4216532707214355
1139,3.6854822635650635,0.2706410884857178,3.4148411750793457
1140,3.651984453201294,0.23020455241203308,3.4217798709869385
1141,3.7175259590148926,0.28423455357551575,3.433291435241699
1142,3.6998093128204346,0.26397794485092163,3.435831308364868
1143,3.7468364238739014,0.29138967394828796,3.455446720123291
1144,3.6923742294311523,0.26687103509902954,3.4255032539367676
1145,3.6711905002593994,0.2570578157901764,3.414132595062256
1146,3.6460373401641846,0.25489163398742676,3.391145706176758
1147,3.7200050354003906,0.26993268728256226,3.4500722885131836
1148,3.6739249229431152,0.24845436215400696,3.4254705905914307
1149,3.6183183193206787,0.22731515765190125,3.391003131866455
1150,3.6977481842041016,0.2548266649246216,3.4429216384887695
1151,3.6879379749298096,0.24151095747947693,3.4464271068573
1152,3.7130990028381348,0.2786937952041626,3.4344053268432617
1153,3.6504979133605957,0.2573283910751343,3.393169403076172
1154,3.6991145610809326,0.27634066343307495,3.422773838043213
1155,3.6328752040863037,0.22361208498477936,3.4092631340026855
1156,3.6819629669189453,0.27240076661109924,3.409562110900879
1157,3.667613983154297,0.25533396005630493,3.4122800827026367
1158,3.6513261795043945,0.24389725923538208,3.4074289798736572
1159,3.676868438720703,0.23477646708488464,3.442091941833496
1160,3.6856253147125244,0.251323401927948,3.4343018531799316
1161,3.744823932647705,0.29305946826934814,3.4517645835876465
1162,3.672980785369873,0.24004638195037842,3.432934284210205
1163,3.6946957111358643,0.27298662066459656,3.4217090606689453
1164,3.692225933074951,0.2580128014087677,3.434213161468506
1165,3.685598611831665,0.2560904324054718,3.4295082092285156
1166,3.721710205078125,0.2876630425453186,3.434047222137451
1167,3.666876792907715,0.2480664849281311,3.4188103675842285
1168,3.699932098388672,0.26868879795074463,3.4312431812286377
1169,3.6567118167877197,0.23418834805488586,3.4225234985351562
1170,3.652250051498413,0.22373560070991516,3.4285144805908203
1171,3.6702475547790527,0.24687713384628296,3.423370361328125
1172,3.660407304763794,0.23506233096122742,3.425344944000244
1173,3.666620969772339,0.256082683801651,3.4105381965637207
1174,3.638725519180298,0.21756015717983246,3.4211654663085938
1175,3.6792099475860596,0.27051877975463867,3.408691167831421
1176,3.684563398361206,0.25466617941856384,3.4298973083496094
1177,3.6763789653778076,0.24614015221595764,3.430238723754883
1178,3.645907163619995,0.22785687446594238,3.4180502891540527
1179,3.710688829421997,0.27642256021499634,3.4342663288116455
1180,3.7001843452453613,0.27718979120254517,3.422994613647461
1181,3.7042174339294434,0.2751860022544861,3.4290313720703125
1182,3.6570491790771484,0.24166548252105713,3.415383815765381
1183,3.633063316345215,0.21560874581336975,3.417454481124878
1184,3.6959128379821777,0.24298137426376343,3.4529314041137695
1185,3.6586201190948486,0.24826322495937347,3.4103569984436035
1186,3.631113290786743,0.21800082921981812,3.4131124019622803
1187,3.6737709045410156,0.251247763633728,3.422523021697998
1188,3.6777076721191406,0.27375543117523193,3.403952121734619
1189,3.6429083347320557,0.23349544405937195,3.4094128608703613
1190,3.6553714275360107,0.22603344917297363,3.429337978363037
1191,3.6156959533691406,0.22956246137619019,3.3861334323883057
1192,3.668024778366089,0.2592351734638214,3.40878963470459
1193,3.6730501651763916,0.2584039568901062,3.4146461486816406
1194,3.6130666732788086,0.2077687680721283,3.4052979946136475
1195,3.7034285068511963,0.2726896405220032,3.430738925933838
1196,3.695263624191284,0.270486056804657,3.4247775077819824
1197,3.6593916416168213,0.24610644578933716,3.413285255432129
1198,3.6823267936706543,0.24695920944213867,3.4353675842285156
1199,3.7105679512023926,0.25727880001068115,3.453289270401001
1200,3.6891021728515625,0.2775362432003021,3.4115660190582275
1201,3.6889398097991943,0.25498417019844055,3.433955669403076
1202,3.6753973960876465,0.23864707350730896,3.4367504119873047
1203,3.707461357116699,0.2707245349884033,3.436736822128296
1204,3.6457977294921875,0.2215489000082016,3.4242489337921143
1205,3.6518378257751465,0.2419062703847885,3.4099316596984863
1206,3.740952491760254,0.2947680354118347,3.4461843967437744
1207,3.6891298294067383,0.266012966632843,3.42311692237854
1208,3.6577961444854736,0.2603915333747864,3.397404670715332
1209,3.659259796142578,0.23098839819431305,3.4282712936401367
1210,3.6638336181640625,0.25382429361343384,3.4100093841552734
1211,3.7115938663482666,0.2890479564666748,3.422545909881592
1212,3.7064919471740723,0.26741254329681396,3.4390792846679688
1213,3.707472085952759,0.2823921740055084,3.425079822540283
1214,3.6666882038116455,0.2633397579193115,3.403348445892334
1215,3.704564094543457,0.2923732101917267,3.4121909141540527
1216,3.665684938430786,0.23348203301429749,3.4322028160095215
1217,3.6665456295013428,0.2458459436893463,3.4206995964050293
1218,3.7052359580993652,0.26154106855392456,3.443694829940796
1219,3.720231533050537,0.2712840735912323,3.4489474296569824
1220,3.665515184402466,0.23551419377326965,3.4300010204315186
1221,3.6876718997955322,0.2712157368659973,3.4164562225341797
1222,3.645615577697754,0.22352416813373566,3.422091484069824
1223,3.682579517364502,0.24567189812660217,3.4369075298309326
1224,3.6746833324432373,0.27019253373146057,3.4044907093048096
1225,3.627779245376587,0.2355329692363739,3.3922462463378906
1226,3.617940664291382,0.23322011530399323,3.38472056388855
1227,3.6946702003479004,0.258882075548172,3.435788154602051
1228,3.6332924365997314,0.23402532935142517,3.3992671966552734
1229,3.6538455486297607,0.24189028143882751,3.4119553565979004
1230,3.7149384021759033,0.2708774209022522,3.444061040878296
1231,3.6841135025024414,0.25052526593208313,3.4335882663726807
1232,3.6615705490112305,0.26558396220207214,3.395986557006836
1233,3.6800127029418945,0.23958399891853333,3.4404287338256836
1234,3.627263307571411,0.21698570251464844,3.4102776050567627
1235,3.6813902854919434,0.2643371820449829,3.41705322265625
1236,3.6984076499938965,0.25848206877708435,3.4399256706237793
1237,3.6626899242401123,0.2452298253774643,3.4174602031707764
1238,3.7071664333343506,0.2913440763950348,3.4158222675323486
1239,3.677072286605835,0.24865536391735077,3.4284169673919678
1240,3.678743839263916,0.2819064259529114,3.3968374729156494
1241,3.6691243648529053,0.24270839989185333,3.4264159202575684
1242,3.6533102989196777,0.23892724514007568,3.4143829345703125
1243,3.6526033878326416,0.24096331000328064,3.411640167236328
1244,3.658708333969116,0.2410895973443985,3.417618751525879
1245,3.6526639461517334,0.24464498460292816,3.4080190658569336
1246,3.6697888374328613,0.24948439002037048,3.420304536819458
1247,3.6535861492156982,0.23609869182109833,3.417487382888794
1248,3.6613388061523438,0.2326188087463379,3.428719997406006
1249,3.6852078437805176,0.24296754598617554,3.4422402381896973
1250,3.652916431427002,0.23167894780635834,3.4212374687194824
1251,3.618718385696411,0.2139768898487091,3.4047415256500244
1252,3.7144949436187744,0.2705913186073303,3.443903684616089
1253,3.6623902320861816,0.22517947852611542,3.43721079826355
1254,3.6452877521514893,0.22811584174633026,3.4171719551086426
1255,3.656761884689331,0.24670222401618958,3.410059690475464
1256,3.691636562347412,0.25632917881011963,3.435307502746582
1257,3.654176712036133,0.23782584071159363,3.416350841522217
1258,3.656018018722534,0.22569157183170319,3.430326461791992
1259,3.6994540691375732,0.24311184883117676,3.4563422203063965
1260,3.6342644691467285,0.23388183116912842,3.4003825187683105
1261,3.658172607421875,0.23906052112579346,3.419112205505371
1262,3.6661226749420166,0.24850831925868988,3.417614459991455
1263,3.6408071517944336,0.22297199070453644,3.417835235595703
1264,3.692326068878174,0.26167571544647217,3.430650472640991
1265,3.6105151176452637,0.20324647426605225,3.407268524169922
1266,3.6918838024139404,0.25964516401290894,3.4322385787963867
1267,3.6738030910491943,0.2634032368659973,3.410399913787842
1268,3.691950798034668,0.2533135414123535,3.4386372566223145
1269,3.698681116104126,0.2646065354347229,3.434074640274048
1270,3.7063803672790527,0.2699650228023529,3.436415433883667
1271,3.670046329498291,0.24777749180793762,3.422268867492676
1272,3.6790666580200195,0.24380052089691162,3.4352660179138184
1273,3.6376352310180664,0.2191561758518219,3.4184789657592773
1274,3.663170337677002,0.2501438558101654,3.4130265712738037
1275,3.67950177192688,0.2630288898944855,3.416472911834717
1276,3.642493724822998,0.2449283003807068,3.3975653648376465
1277,3.686023473739624,0.2569511830806732,3.429072380065918
1278,3.650658130645752,0.23735928535461426,3.4132988452911377
1279,3.6617608070373535,0.2395080327987671,3.422252893447876
1280,3.649160861968994,0.23595988750457764,3.413200855255127
1281,3.6669087409973145,0.2604687809944153,3.406440019607544
1282,3.663605213165283,0.2502967119216919,3.413308620452881
1283,3.682394504547119,0.232876718044281,3.4495177268981934
1284,3.69612717628479,0.26079148054122925,3.435335636138916
1285,3.677551031112671,0.2644636631011963,3.4130873680114746
1286,3.643782138824463,0.2300480604171753,3.413733959197998
1287,3.648988723754883,0.2157507836818695,3.4332380294799805
1288,3.6526966094970703,0.22306117415428162,3.429635524749756
1289,3.6833066940307617,0.2446594089269638,3.4386472702026367
1290,3.658334255218506,0.23953589797019958,3.4187984466552734
1291,3.6797518730163574,0.25239184498786926,3.4273600578308105
1292,3.633146047592163,0.2245737612247467,3.408572196960449
1293,3.686861276626587,0.2728850245475769,3.4139761924743652
1294,3.696847915649414,0.26047566533088684,3.4363722801208496
1295,3.6540017127990723,0.23597031831741333,3.4180314540863037
1296,3.698391914367676,0.2622472047805786,3.4361445903778076
1297,3.717639446258545,0.26248157024383545,3.45515775680542
1298,3.6478588581085205,0.22674351930618286,3.4211153984069824
1299,3.6585745811462402,0.24140489101409912,3.4171695709228516
1300,3.6972291469573975,0.2450474202632904,3.452181816101074
1301,3.652190685272217,0.23835845291614532,3.413832187652588
1302,3.678706645965576,0.2639484703540802,3.4147582054138184
1303,3.6236538887023926,0.2071165144443512,3.416537284851074
1304,3.64108943939209,0.2040204107761383,3.4370689392089844
1305,3.6791818141937256,0.263776957988739,3.415404796600342
1306,3.681243896484375,0.24270156025886536,3.438542366027832
1307,3.707566738128662,0.2773539125919342,3.4302127361297607
1308,3.7006871700286865,0.2644283175468445,3.4362587928771973
1309,3.6852381229400635,0.27977246046066284,3.405465602874756
1310,3.671483039855957,0.2513600289821625,3.4201231002807617
1311,3.6389355659484863,0.22679559886455536,3.412139892578125
1312,3.707669734954834,0.26147812604904175,3.4461915493011475
1313,3.6558523178100586,0.22175371646881104,3.434098720550537
1314,3.7039530277252197,0.26637813448905945,3.437574863433838
1315,3.665086269378662,0.21920089423656464,3.445885419845581
1316,3.667785882949829,0.22876670956611633,3.439019203186035
1317,3.638425350189209,0.22682726383209229,3.411597967147827
1318,3.6185219287872314,0.20700185000896454,3.411520004272461
1319,3.679818630218506,0.24208465218544006,3.4377338886260986
1320,3.6849658489227295,0.26366251707077026,3.4213032722473145
1321,3.690183401107788,0.26265835762023926,3.427525043487549
1322,3.628772020339966,0.23422689735889435,3.394545078277588
1323,3.668566942214966,0.23726564645767212,3.4313013553619385
1324,3.6733109951019287,0.2494370937347412,3.4238739013671875
1325,3.68477201461792,0.2668665647506714,3.417905330657959
1326,3.7041401863098145,0.29131653904914856,3.4128236770629883
1327,3.6707403659820557,0.2478320300579071,3.422908306121826
1328,3.6933035850524902,0.2483152449131012,3.444988250732422
1329,3.6449291706085205,0.22940459847450256,3.415524482727051
1330,3.6506340503692627,0.23744691908359528,3.413187026977539
1331,3.6653385162353516,0.2552081346511841,3.410130262374878
1332,3.6927008628845215,0.2444532811641693,3.4482476711273193
1333,3.6489570140838623,0.2186538726091385,3.4303030967712402
1334,3.6783182621002197,0.24045230448246002,3.437865972518921
1335,3.6794509887695312,0.2653818726539612,3.414069175720215
1336,3.672151565551758,0.23117929697036743,3.440972328186035
1337,3.692478656768799,0.26435989141464233,3.4281187057495117
1338,3.658113718032837,0.25699692964553833,3.4011168479919434
1339,3.6608786582946777,0.26010921597480774,3.4007694721221924
1340,3.6520097255706787,0.23665502667427063,3.4153547286987305
1341,3.63962459564209,0.22771544754505157,3.4119091033935547
1342,3.663620948791504,0.23548269271850586,3.428138256072998
1343,3.6728570461273193,0.23758243024349213,3.435274600982666
1344,3.62618350982666,0.2277153879404068,3.398468017578125
1345,3.693594455718994,0.26440149545669556,3.4291930198669434
1346,3.6720902919769287,0.24647018313407898,3.4256200790405273
1347,3.673349380493164,0.24491822719573975,3.4284310340881348
1348,3.672585964202881,0.23204678297042847,3.4405391216278076
1349,3.6659069061279297,0.25233590602874756,3.4135708808898926
1350,3.690786600112915,0.25610804557800293,3.434678554534912
1351,3.7108194828033447,0.26737135648727417,3.443448066711426
1352,3.702582836151123,0.2753000855445862,3.4272828102111816
1353,3.7052831649780273,0.2752037048339844,3.430079460144043
1354,3.6587436199188232,0.2469560205936432,3.411787509918213
1355,3.6594338417053223,0.2399950921535492,3.4194388389587402
1356,3.6685681343078613,0.24892199039459229,3.4196462631225586
1357,3.654452085494995,0.22629237174987793,3.428159713745117
1358,3.6460092067718506,0.23200686275959015,3.4140024185180664
1359,3.67790150642395,0.24882851541042328,3.4290730953216553
1360,3.683072805404663,0.237142875790596,3.445930004119873
1361,3.67523193359375,0.2583480775356293,3.416883945465088
1362,3.664235830307007,0.24192288517951965,3.4223129749298096
1363,3.6406748294830322,0.22963474690914154,3.4110400676727295
1364,3.649462938308716,0.2294309139251709,3.420032024383545
1365,3.6772730350494385,0.26424360275268555,3.413029432296753
1366,3.663163423538208,0.23437874019145966,3.4287846088409424
1367,3.6793904304504395,0.253196656703949,3.4261937141418457
1368,3.705470561981201,0.27417826652526855,3.4312922954559326
1369,3.6630682945251465,0.2474726438522339,3.415595531463623
1370,3.7062153816223145,0.26780804991722107,3.4384074211120605
1371,3.7000246047973633,0.26090455055236816,3.439120054244995
1372,3.6414690017700195,0.23191386461257935,3.409555196762085
1373,3.6392407417297363,0.23642674088478088,3.4028139114379883
1374,3.65848708152771,0.2388831079006195,3.4196040630340576
1375,3.647791862487793,0.2303815484046936,3.417410373687744
1376,3.691145181655884,0.27491074800491333,3.4162344932556152
1377,3.6900525093078613,0.265841543674469,3.424211025238037
1378,3.6778335571289062,0.2565906047821045,3.4212429523468018
1379,3.706306219100952,0.2581971287727356,3.4481091499328613
1380,3.6719863414764404,0.23990416526794434,3.432082176208496
1381,3.710362434387207,0.2660982012748718,3.4442641735076904
1382,3.660771369934082,0.2500206530094147,3.4107506275177
1383,3.6614205837249756,0.24763768911361694,3.413782835006714
1384,3.653529644012451,0.23159797489643097,3.421931743621826
1385,3.660463333129883,0.25527215003967285,3.40519118309021
1386,3.644965887069702,0.22485698759555817,3.4201087951660156
1387,3.6473493576049805,0.22007980942726135,3.427269458770752
1388,3.682347297668457,0.260277658700943,3.422069549560547
1389,3.7039170265197754,0.26631972193717957,3.4375972747802734
1390,3.661182165145874,0.24164249002933502,3.4195396900177
1391,3.6444170475006104,0.23696504533290863,3.40745210647583
1392,3.7124342918395996,0.2798462510108948,3.4325881004333496
1393,3.669020175933838,0.2614973187446594,3.4075229167938232
1394,3.66762113571167,0.23790845274925232,3.4297127723693848
1395,3.675886392593384,0.2602084279060364,3.415678024291992
1396,3.645690679550171,0.23215892910957336,3.41353178024292
1397,3.6649091243743896,0.24741381406784058,3.4174952507019043
1398,3.719923257827759,0.2699134945869446,3.450009822845459
1399,3.6568801403045654,0.2504739761352539,3.4064061641693115
1400,3.677819013595581,0.25045111775398254,3.427367925643921
1401,3.700395107269287,0.27595049142837524,3.4244446754455566
1402,3.6909902095794678,0.2581346333026886,3.4328556060791016
1403,3.6617612838745117,0.2484211027622223,3.4133400917053223
1404,3.676706075668335,0.25322583317756653,3.423480272293091
1405,3.660158634185791,0.22304308414459229,3.4371156692504883
1406,3.6143312454223633,0.19761615991592407,3.416715145111084
1407,3.6818604469299316,0.272903710603714,3.40895676612854
1408,3.640052318572998,0.24187463521957397,3.3981776237487793
1409,3.657151699066162,0.22519387304782867,3.431957721710205
1410,3.6414597034454346,0.22362324595451355,3.4178364276885986
1411,3.624354124069214,0.2106858193874359,3.413668394088745
1412,3.6355960369110107,0.2258586883544922,3.4097373485565186
1413,3.65435528755188,0.22710412740707397,3.427251100540161
1414,3.637439012527466,0.2257077395915985,3.411731243133545
1415,3.6772968769073486,0.25244981050491333,3.42484712600708
1416,3.680391788482666,0.2598198652267456,3.420571804046631
1417,3.6377079486846924,0.22259211540222168,3.4151158332824707
1418,3.6810691356658936,0.2518010139465332,3.4292681217193604
1419,3.6267611980438232,0.23304486274719238,3.393716335296631
1420,3.6474437713623047,0.22971591353416443,3.4177279472351074
1421,3.692927598953247,0.2587359547615051,3.4341917037963867
1422,3.646313190460205,0.2456207573413849,3.4006924629211426
1423,3.6456093788146973,0.22476926445960999,3.42084002494812
1424,3.6922554969787598,0.25974252820014954,3.4325129985809326
1425,3.7098422050476074,0.26103585958480835,3.4488062858581543
1426,3.6571598052978516,0.23005099594593048,3.4271087646484375
1427,3.653235673904419,0.2435632050037384,3.409672498703003
1428,3.649543046951294,0.2288653552532196,3.420677661895752
1429,3.6630618572235107,0.2375468909740448,3.4255149364471436
1430,3.623427629470825,0.23599500954151154,3.38743257522583
1431,3.627380132675171,0.23086491227149963,3.396515130996704
1432,3.6971664428710938,0.2743549644947052,3.422811508178711
1433,3.6611945629119873,0.2613993287086487,3.3997952938079834
1434,3.696192741394043,0.2647348642349243,3.431457996368408
1435,3.645571231842041,0.23309576511383057,3.4124755859375
1436,3.6626129150390625,0.23817390203475952,3.424438953399658
1437,3.674060106277466,0.2299669086933136,3.4440932273864746
1438,3.620846748352051,0.21490377187728882,3.405942916870117
1439,3.672454833984375,0.27879470586776733,3.393660068511963
1440,3.6668601036071777,0.24808314442634583,3.4187769889831543
1441,3.6603779792785645,0.2541191875934601,3.4062588214874268
1442,3.688532829284668,0.25985634326934814,3.4286766052246094
1443,3.6659398078918457,0.2397557497024536,3.4261841773986816
1444,3.640097141265869,0.2344319373369217,3.405665159225464
1445,3.6639482975006104,0.24460053443908691,3.4193477630615234
1446,3.6971404552459717,0.2535131573677063,3.44362735748291
1447,3.663926601409912,0.24917985498905182,3.4147467613220215
1448,3.6904244422912598,0.2674957513809204,3.42292857170105
1449,3.6623144149780273,0.23257577419281006,3.4297385215759277
1450,3.6682586669921875,0.2541743218898773,3.4140844345092773
1451,3.685647964477539,0.2686678171157837,3.416980028152466
1452,3.655334234237671,0.22122111916542053,3.434113025665283
1453,3.667222023010254,0.2522665858268738,3.4149553775787354
1454,3.674060821533203,0.24151939153671265,3.4325413703918457
1455,3.7058138847351074,0.26758432388305664,3.438229560852051
1456,3.66359806060791,0.23960351943969727,3.423994541168213
1457,3.706594467163086,0.2620278596878052,3.4445667266845703
1458,3.6886637210845947,0.26756539940834045,3.421098232269287
1459,3.6671643257141113,0.2522682547569275,3.414896011352539
1460,3.6777498722076416,0.27089762687683105,3.4068522453308105
1461,3.6812965869903564,0.2507779598236084,3.430518627166748
1462,3.664165496826172,0.2549316883087158,3.409233808517456
1463,3.6803297996520996,0.2547608017921448,3.4255690574645996
1464,3.6464920043945312,0.21292778849601746,3.4335641860961914
1465,3.7301254272460938,0.26198291778564453,3.468142509460449
1466,3.6705849170684814,0.2522158622741699,3.4183690547943115
1467,3.6502528190612793,0.23756065964698792,3.412692070007324
1468,3.6523163318634033,0.24743834137916565,3.4048779010772705
1469,3.7667012214660645,0.28000617027282715,3.4866950511932373
1470,3.7409350872039795,0.2988641858100891,3.442070960998535
1471,3.625812530517578,0.22453588247299194,3.4012765884399414
1472,3.6808297634124756,0.2514052987098694,3.429424524307251
1473,3.6529855728149414,0.23318922519683838,3.4197964668273926
1474,3.6885416507720947,0.268299400806427,3.4202423095703125
1475,3.688742160797119,0.25899940729141235,3.4297428131103516
1476,3.6539015769958496,0.24736663699150085,3.4065349102020264
1477,3.6460769176483154,0.22506499290466309,3.4210119247436523
1478,3.618518352508545,0.23146209120750427,3.387056350708008
1479,3.616168737411499,0.20271077752113342,3.4134578704833984
1480,3.6613993644714355,0.23983189463615417,3.421567440032959
1481,3.6589367389678955,0.2574387490749359,3.4014980792999268
1482,3.6641509532928467,0.23207685351371765,3.4320740699768066
1483,3.6639692783355713,0.25988316535949707,3.404086112976074
1484,3.6322555541992188,0.21635660529136658,3.4158990383148193
1485,3.673994779586792,0.24294668436050415,3.4310481548309326
1486,3.6793267726898193,0.23951369524002075,3.4398131370544434
1487,3.669929265975952,0.24323680996894836,3.426692485809326
1488,3.632382869720459,0.22060444951057434,3.411778450012207
1489,3.653601884841919,0.23127785325050354,3.4223239421844482
1490,3.6982104778289795,0.2492859661579132,3.4489245414733887
1491,3.6690030097961426,0.23684874176979065,3.4321541786193848
1492,3.646608352661133,0.23550568521022797,3.411102771759033
1493,3.6340813636779785,0.23234166204929352,3.4017395973205566
1494,3.6813712120056152,0.273112416267395,3.4082589149475098
1495,3.6493330001831055,0.22903195023536682,3.4203009605407715
1496,3.682199478149414,0.2543523907661438,3.427847146987915
1497,3.6674513816833496,0.2530803084373474,3.4143710136413574
1498,3.6520028114318848,0.24860689043998718,3.403395891189575
1499,3.711801290512085,0.267578125,3.444223165512085
1500,3.632127046585083,0.21448731422424316,3.41763973236084
1501,3.688643217086792,0.25446218252182007,3.434180974960327
1502,3.6877167224884033,0.2575993835926056,3.43011736869812
1503,3.653667688369751,0.25603511929512024,3.397632598876953
1504,3.688687562942505,0.2560650408267975,3.4326224327087402
1505,3.6159026622772217,0.20242200791835785,3.413480758666992
1506,3.622819185256958,0.20158976316452026,3.421229362487793
1507,3.6742210388183594,0.24406148493289948,3.430159568786621
1508,3.6585428714752197,0.2499946653842926,3.40854811668396
1509,3.6629891395568848,0.2476501166820526,3.4153389930725098
1510,3.6026294231414795,0.20997388660907745,3.392655611038208
1511,3.6545891761779785,0.24524274468421936,3.409346342086792
1512,3.6358067989349365,0.21845605969429016,3.4173507690429688
1513,3.673151969909668,0.23976004123687744,3.43339204788208
1514,3.669478178024292,0.2520197033882141,3.4174585342407227
1515,3.664764404296875,0.22871968150138855,3.436044692993164
1516,3.6795663833618164,0.2572580575942993,3.4223084449768066
1517,3.654085636138916,0.22360511124134064,3.430480480194092
1518,3.6835880279541016,0.244051992893219,3.4395360946655273
1519,3.681419849395752,0.2460956573486328,3.435324192047119
1520,3.6432228088378906,0.21574077010154724,3.4274821281433105
1521,3.627516746520996,0.21938368678092957,3.408133029937744
1522,3.654392719268799,0.23315654695034027,3.421236276626587
1523,3.701198101043701,0.2750054597854614,3.4261927604675293
1524,3.6804261207580566,0.25270020961761475,3.4277257919311523
1525,3.662821054458618,0.2409522831439972,3.4218688011169434
1526,3.635719060897827,0.23052850365638733,3.4051904678344727
1527,3.6438465118408203,0.23251493275165558,3.4113316535949707
1528,3.661911964416504,0.23864887654781342,3.4232630729675293
1529,3.6974000930786133,0.265872061252594,3.431528091430664
1530,3.709463119506836,0.2526218891143799,3.456841230392456
1531,3.6654629707336426,0.24182261526584625,3.423640251159668
1532,3.6844658851623535,0.24173876643180847,3.4427270889282227
1533,3.6829464435577393,0.2561071217060089,3.4268393516540527
1534,3.6767826080322266,0.2413995862007141,3.4353830814361572
1535,3.667431116104126,0.24259302020072937,3.424838066101074
1536,3.6659488677978516,0.24438393115997314,3.421565055847168
1537,3.6784281730651855,0.2456030547618866,3.4328250885009766
1538,3.7077627182006836,0.2634947896003723,3.444267988204956
1539,3.643967628479004,0.24221038818359375,3.40175724029541
1540,3.664762258529663,0.24343138933181763,3.4213309288024902
1541,3.6391196250915527,0.22771480679512024,3.411404848098755
1542,3.6798744201660156,0.24850331246852875,3.4313712120056152
1543,3.679755687713623,0.23000703752040863,3.4497487545013428
1544,3.64029860496521,0.2026481032371521,3.437650442123413
1545,3.6684579849243164,0.24584950506687164,3.4226083755493164
1546,3.700472354888916,0.2849315404891968,3.4155406951904297
1547,3.6460819244384766,0.22944501042366028,3.4166369438171387
1548,3.6309010982513428,0.20886224508285522,3.4220387935638428
1549,3.6860733032226562,0.24664293229579926,3.4394304752349854
1550,3.6992809772491455,0.26658886671066284,3.432692050933838
1551,3.646050214767456,0.23567238450050354,3.4103777408599854
1552,3.707944393157959,0.2702336013317108,3.437710762023926
1553,3.6526708602905273,0.2247852385044098,3.4278855323791504
1554,3.6809847354888916,0.23641732335090637,3.4445674419403076
1555,3.6713147163391113,0.23744291067123413,3.4338717460632324
1556,3.630876302719116,0.22737093269824982,3.403505325317383
1557,3.6545135974884033,0.2268258035182953,3.427687883377075
1558,3.671931505203247,0.2253808081150055,3.4465506076812744
1559,3.6650521755218506,0.24412743747234344,3.420924663543701
1560,3.6665148735046387,0.23619794845581055,3.430316925048828
1561,3.6653568744659424,0.23868577182292938,3.426671028137207
1562,3.6222338676452637,0.21535760164260864,3.4068763256073
1563,3.723461627960205,0.2745426893234253,3.4489188194274902
1564,3.6409475803375244,0.23323358595371246,3.4077138900756836
1565,3.6729800701141357,0.2299150824546814,3.4430649280548096
1566,3.6524040699005127,0.24266576766967773,3.409738302230835
1567,3.672304391860962,0.2565879225730896,3.4157164096832275
1568,3.6413462162017822,0.21280699968338013,3.428539276123047
1569,3.649792194366455,0.22203445434570312,3.427757740020752
1570,3.680067300796509,0.24749323725700378,3.4325740337371826
1571,3.633660078048706,0.24286386370658875,3.390796184539795
1572,3.691549062728882,0.2589956223964691,3.43255352973938
1573,3.6527600288391113,0.2381453663110733,3.414614677429199
1574,3.6699624061584473,0.23364603519439697,3.4363162517547607
1575,3.666682720184326,0.25885021686553955,3.407832622528076
1576,3.64311146736145,0.2249266505241394,3.418184757232666
1577,3.6633105278015137,0.25553715229034424,3.407773494720459
1578,3.664426565170288,0.2474382221698761,3.4169883728027344
1579,3.6816177368164062,0.2544296681880951,3.4271881580352783
1580,3.6832385063171387,0.2517091631889343,3.4315292835235596
1581,3.6825051307678223,0.24735112488269806,3.4351539611816406
1582,3.6832005977630615,0.22531777620315552,3.457882881164551
1583,3.640476942062378,0.23214855790138245,3.4083282947540283
1584,3.673346996307373,0.2618762254714966,3.411470890045166
1585,3.6411008834838867,0.22462831437587738,3.4164726734161377
1586,3.667189836502075,0.24477413296699524,3.4224157333374023
1587,3.6690573692321777,0.23769432306289673,3.431363105773926
1588,3.668733835220337,0.24710318446159363,3.421630620956421
1589,3.660444736480713,0.24750545620918274,3.4129393100738525
1590,3.646515369415283,0.22221814095973969,3.424297332763672
1591,3.70117449760437,0.25770583748817444,3.4434685707092285
1592,3.660954475402832,0.2418276071548462,3.4191269874572754
1593,3.6643152236938477,0.22883932292461395,3.4354758262634277
1594,3.669210910797119,0.24284684658050537,3.4263641834259033
1595,3.6673927307128906,0.24541375041007996,3.4219789505004883
1596,3.673581123352051,0.2393162101507187,3.434264898300171
1597,3.6918747425079346,0.27213066816329956,3.4197440147399902
1598,3.6448416709899902,0.2290627360343933,3.415778875350952
1599,3.6629648208618164,0.23327836394309998,3.4296865463256836
1600,3.6951639652252197,0.2632078528404236,3.4319560527801514
1601,3.6497719287872314,0.2338578999042511,3.4159140586853027
1602,3.6572794914245605,0.2344546914100647,3.4228248596191406
1603,3.687683343887329,0.2535593509674072,3.434123992919922
1604,3.6592156887054443,0.22875641286373138,3.4304592609405518
1605,3.673295497894287,0.2529226541519165,3.420372724533081
1606,3.635826826095581,0.24817022681236267,3.3876566886901855
1607,3.6996846199035645,0.2676863968372345,3.4319982528686523
1608,3.641157627105713,0.2455904483795166,3.3955671787261963
1609,3.6757099628448486,0.2470899522304535,3.4286201000213623
1610,3.6530966758728027,0.2405073046684265,3.4125893115997314
1611,3.6486382484436035,0.23639415204524994,3.4122440814971924
1612,3.6343064308166504,0.22457262873649597,3.409733772277832
1613,3.672524929046631,0.2405754029750824,3.4319496154785156
1614,3.672499656677246,0.24642077088356018,3.4260787963867188
1615,3.664050579071045,0.24309074878692627,3.420959711074829
1616,3.6583456993103027,0.2322053760290146,3.426140308380127
1617,3.667116641998291,0.2341388761997223,3.4329776763916016
1618,3.6556556224823,0.2353532314300537,3.420302391052246
1619,3.69745135307312,0.26790738105773926,3.429543972015381
1620,3.6977670192718506,0.24077670276165009,3.4569902420043945
1621,3.635145425796509,0.23506522178649902,3.4000802040100098
1622,3.6912269592285156,0.2550745904445648,3.436152458190918
1623,3.699462890625,0.2516408860683441,3.447822093963623
1624,3.6505064964294434,0.24567662179470062,3.404829978942871
1625,3.6546740531921387,0.24459318816661835,3.410080909729004
1626,3.6531193256378174,0.24726462364196777,3.4058547019958496
1627,3.627699851989746,0.22901476919651031,3.3986849784851074
1628,3.664536952972412,0.24182076752185822,3.4227161407470703
1629,3.6727848052978516,0.24931791424751282,3.423466920852661
1630,3.6347546577453613,0.2192258983850479,3.4155287742614746
1631,3.6816234588623047,0.24383318424224854,3.4377903938293457
1632,3.653219223022461,0.23580624163150787,3.4174129962921143
1633,3.6674063205718994,0.25262707471847534,3.4147791862487793
1634,3.6544249057769775,0.2258879840373993,3.428536891937256
1635,3.6698856353759766,0.2368188500404358,3.4330668449401855
1636,3.684257984161377,0.25712156295776367,3.4271364212036133
1637,3.656675100326538,0.2269231528043747,3.4297518730163574
1638,3.6681385040283203,0.24457085132598877,3.423567771911621
1639,3.6677699089050293,0.23020270466804504,3.4375672340393066
1640,3.6800506114959717,0.25045499205589294,3.429595708847046
1641,3.657789468765259,0.2250431478023529,3.432746410369873
1642,3.6513419151306152,0.2345850169658661,3.4167568683624268
1643,3.671717882156372,0.2518436312675476,3.4198741912841797
1644,3.663482666015625,0.262803316116333,3.400679349899292
1645,3.6842243671417236,0.2569393217563629,3.4272849559783936
1646,3.6684513092041016,0.24637269973754883,3.4220786094665527
1647,3.6897037029266357,0.25796905159950256,3.431734561920166
1648,3.6368906497955322,0.22631236910820007,3.4105782508850098
1649,3.6703717708587646,0.2505318522453308,3.419839859008789
1650,3.665233612060547,0.23992350697517395,3.4253101348876953
1651,3.692391872406006,0.26663023233413696,3.4257616996765137
1652,3.6753928661346436,0.24516841769218445,3.4302244186401367
1653,3.6533596515655518,0.23373612761497498,3.419623613357544
1654,3.6589837074279785,0.23596327006816864,3.423020362854004
1655,3.6420230865478516,0.2533499002456665,3.3886730670928955
1656,3.670118808746338,0.22971217334270477,3.440406560897827
1657,3.6447277069091797,0.22889190912246704,3.4158358573913574
1658,3.617032289505005,0.24108585715293884,3.375946521759033
1659,3.680079698562622,0.24710530042648315,3.432974338531494
1660,3.677510976791382,0.2558582127094269,3.4216527938842773
1661,3.66339111328125,0.26405489444732666,3.399336338043213
1662,3.619370937347412,0.22253254055976868,3.396838426589966
1663,3.6452722549438477,0.22534114122390747,3.419931173324585
1664,3.615036725997925,0.20942798256874084,3.405608654022217
1665,3.651521921157837,0.23119531571865082,3.4203267097473145
1666,3.637401580810547,0.2279835343360901,3.4094181060791016
1667,3.6695847511291504,0.23507727682590485,3.434507369995117
1668,3.631735324859619,0.21911945939064026,3.4126157760620117
1669,3.6685266494750977,0.23378881812095642,3.4347379207611084
1670,3.6569249629974365,0.24227872490882874,3.4146461486816406
1671,3.667065382003784,0.23600834608078003,3.4310569763183594
1672,3.6595194339752197,0.21717022359371185,3.4423491954803467
1673,3.6433136463165283,0.2272828221321106,3.4160308837890625
1674,3.6868739128112793,0.24665163457393646,3.4402222633361816
1675,3.688026189804077,0.2603388726711273,3.427687406539917
1676,3.6272363662719727,0.2163834571838379,3.4108529090881348
1677,3.639752149581909,0.23268939554691315,3.4070627689361572
1678,3.6335229873657227,0.23275035619735718,3.4007725715637207
1679,3.64418888092041,0.22814631462097168,3.4160425662994385
1680,3.660137891769409,0.2548556327819824,3.4052822589874268
1681,3.6668002605438232,0.2410624772310257,3.4257378578186035
1682,3.675997257232666,0.2536431849002838,3.422353982925415
1683,3.659223794937134,0.24102775752544403,3.418195962905884
1684,3.6834943294525146,0.2671000361442566,3.4163942337036133
1685,3.63145112991333,0.21756130456924438,3.4138898849487305
1686,3.646526575088501,0.22362485527992249,3.4229016304016113
1687,3.6462607383728027,0.23437446355819702,3.411886215209961
1688,3.6916236877441406,0.2567474842071533,3.4348762035369873
1689,3.637197494506836,0.24074113368988037,3.396456480026245
1690,3.670830011367798,0.2641053795814514,3.406724691390991
1691,3.6694750785827637,0.22917313873767853,3.4403018951416016
1692,3.6775729656219482,0.26370304822921753,3.413869857788086
1693,3.6393988132476807,0.23118089139461517,3.4082179069519043
1694,3.6398520469665527,0.22803166508674622,3.411820411682129
1695,3.6624863147735596,0.24492378532886505,3.417562484741211
1696,3.6166398525238037,0.20457175374031067,3.4120681285858154
1697,3.6660239696502686,0.2351992428302765,3.4308247566223145
1698,3.634502649307251,0.2265489548444748,3.4079537391662598
1699,3.674375534057617,0.2290167361497879,3.4453587532043457
1700,3.6283750534057617,0.21935664117336273,3.4090185165405273
1701,3.6950275897979736,0.26657634973526,3.4284512996673584
1702,3.6753902435302734,0.24384894967079163,3.4315412044525146
1703,3.680528163909912,0.25873863697052,3.4217894077301025
1704,3.6552138328552246,0.23888465762138367,3.4163291454315186
1705,3.69903564453125,0.25581419467926025,3.4432215690612793
1706,3.6431491374969482,0.2327115535736084,3.41043758392334
1707,3.628086566925049,0.2157117873430252,3.41237473487854
1708,3.6453075408935547,0.21981200575828552,3.4254956245422363
1709,3.6647303104400635,0.24368590116500854,3.42104434967041
1710,3.647449493408203,0.23409563302993774,3.41335391998291
1711,3.6184985637664795,0.20692303776741028,3.4115755558013916
1712,3.625023365020752,0.22937358915805817,3.3956496715545654
1713,3.6456098556518555,0.23045285046100616,3.4151570796966553
1714,3.563511848449707,0.15214522182941437,3.4113667011260986
1715,3.5961740016937256,0.199116051197052,3.3970580101013184
1716,3.6769378185272217,0.23509196937084198,3.4418458938598633
1717,3.651797294616699,0.24067425727844238,3.411123037338257
1718,3.669257879257202,0.24576354026794434,3.423494338989258
1719,3.66060471534729,0.24507781863212585,3.415526866912842
1720,3.6726016998291016,0.23006054759025574,3.4425411224365234
1721,3.6783998012542725,0.23072603344917297,3.447673797607422
1722,3.678354263305664,0.26254451274871826,3.4158096313476562
1723,3.664170265197754,0.23612895607948303,3.4280412197113037
1724,3.6721880435943604,0.24822543561458588,3.4239625930786133
1725,3.67294979095459,0.24128401279449463,3.4316656589508057
1726,3.6341147422790527,0.20209963619709015,3.4320151805877686
1727,3.633251905441284,0.22339209914207458,3.4098598957061768
1728,3.673248052597046,0.24644634127616882,3.4268016815185547
1729,3.672696113586426,0.2512088418006897,3.421487331390381
1730,3.645195245742798,0.2260841727256775,3.4191110134124756
1731,3.6361966133117676,0.2310093641281128,3.4051873683929443
1732,3.62984561920166,0.22266137599945068,3.40718412399292
1733,3.6232635974884033,0.19703777134418488,3.4262259006500244
1734,3.645443916320801,0.22268220782279968,3.4227616786956787
1735,3.667681932449341,0.25498607754707336,3.41269588470459
1736,3.6875956058502197,0.2558658719062805,3.431729793548584
1737,3.6571013927459717,0.22585803270339966,3.431243419647217
1738,3.6233842372894287,0.22278910875320435,3.400595188140869
1739,3.6718897819519043,0.24129387736320496,3.430595874786377
1740,3.640725612640381,0.2270960509777069,3.4136295318603516
1741,3.65079665184021,0.25210732221603394,3.3986892700195312
1742,3.664588689804077,0.2278132140636444,3.4367754459381104
1743,3.664141893386841,0.2388514131307602,3.425290584564209
1744,3.602372884750366,0.1926822066307068,3.4096906185150146
1745,3.6403653621673584,0.21972472965717316,3.420640707015991
1746,3.6644294261932373,0.24345612525939941,3.420973300933838
1747,3.6691160202026367,0.24019014835357666,3.4289259910583496
1748,3.628026247024536,0.20920206606388092,3.4188241958618164
1749,3.659073829650879,0.24373336136341095,3.4153404235839844
1750,3.7011775970458984,0.2638583779335022,3.437319278717041
1751,3.6617016792297363,0.246310755610466,3.415390968322754
1752,3.686624050140381,0.2344215214252472,3.452202558517456
1753,3.6535820960998535,0.23706386983394623,3.416518211364746
1754,3.661278247833252,0.24468277394771576,3.416595458984375
1755,3.646292209625244,0.2227935791015625,3.4234986305236816
1756,3.6426844596862793,0.2180870771408081,3.4245972633361816
1757,3.6437251567840576,0.24486279487609863,3.398862361907959
1758,3.681260585784912,0.2418154627084732,3.4394450187683105
1759,3.634212017059326,0.2388247847557068,3.3953871726989746
1760,3.6753756999969482,0.25825995206832886,3.4171156883239746
1761,3.7068920135498047,0.27414751052856445,3.4327445030212402
1762,3.647451400756836,0.2218337208032608,3.4256176948547363
1763,3.6672616004943848,0.2459661364555359,3.421295404434204
1764,3.69716215133667,0.26496684551239014,3.4321951866149902
1765,3.6576151847839355,0.23606258630752563,3.4215526580810547
1766,3.610095739364624,0.20265312492847443,3.407442569732666
1767,3.6657135486602783,0.23558169603347778,3.4301319122314453
1768,3.637190818786621,0.2261519581079483,3.411038875579834
1769,3.6742398738861084,0.2446153163909912,3.429624557495117
1770,3.7062811851501465,0.259929895401001,3.4463512897491455
1771,3.6679234504699707,0.2577097415924072,3.4102137088775635
1772,3.642153024673462,0.23298786580562592,3.409165143966675
1773,3.6812989711761475,0.24415217339992523,3.4371469020843506
1774,3.7041425704956055,0.27589279413223267,3.4282498359680176
1775,3.6462960243225098,0.2171364426612854,3.429159641265869
1776,3.6420531272888184,0.23699192702770233,3.4050612449645996
1777,3.6581225395202637,0.2333976924419403,3.424724817276001
1778,3.6635773181915283,0.23075217008590698,3.4328250885009766
1779,3.6674721240997314,0.2425374984741211,3.4249346256256104
1780,3.603022575378418,0.18870298564434052,3.4143195152282715
1781,3.6719765663146973,0.2557150721549988,3.4162614345550537
1782,3.618332862854004,0.1865045428276062,3.431828260421753
1783,3.6519649028778076,0.2448308765888214,3.4071340560913086
1784,3.654569149017334,0.24362756311893463,3.4109416007995605
1785,3.622835636138916,0.20880554616451263,3.414030075073242
1786,3.6462182998657227,0.23061086237430573,3.415607452392578
1787,3.6797802448272705,0.24020498991012573,3.4395751953125
1788,3.6260340213775635,0.2157595008611679,3.4102745056152344
1789,3.642207384109497,0.21176601946353912,3.430441379547119
1790,3.6516079902648926,0.24367080628871918,3.4079372882843018
1791,3.666179656982422,0.24365802109241486,3.4225215911865234
1792,3.6708662509918213,0.256045401096344,3.414820909500122
1793,3.634963035583496,0.21290424466133118,3.4220588207244873
1794,3.6540896892547607,0.2289404571056366,3.4251492023468018
1795,3.659698724746704,0.23837211728096008,3.4213266372680664
1796,3.6842026710510254,0.26442742347717285,3.4197752475738525
1797,3.6559853553771973,0.21462863683700562,3.441356658935547
1798,3.6493844985961914,0.21742381155490875,3.4319605827331543
1799,3.6370038986206055,0.2215934544801712,3.4154105186462402
1800,3.7097036838531494,0.2714464068412781,3.4382572174072266
1801,3.678210496902466,0.24742063879966736,3.4307899475097656
1802,3.6176650524139404,0.18475224077701569,3.432912826538086
1803,3.6379101276397705,0.2367520034313202,3.401158094406128
1804,3.6174027919769287,0.21815000474452972,3.3992528915405273
1805,3.659625768661499,0.24709740281105042,3.4125282764434814
1806,3.6813175678253174,0.2584756016731262,3.422842025756836
1807,3.673947334289551,0.2435494214296341,3.4303979873657227
1808,3.6003646850585938,0.20042717456817627,3.399937629699707
1809,3.6759939193725586,0.25676095485687256,3.4192330837249756
1810,3.679804563522339,0.256979763507843,3.4228248596191406
1811,3.6603798866271973,0.2572436034679413,3.4031362533569336
1812,3.673502206802368,0.23123259842395782,3.4422695636749268
1813,3.639328956604004,0.2187284678220749,3.420600414276123
1814,3.647826910018921,0.23650667071342468,3.411320209503174
1815,3.6628363132476807,0.24132800102233887,3.421508312225342
1816,3.6686344146728516,0.2443103939294815,3.4243240356445312
1817,3.6681125164031982,0.23709003627300262,3.4310224056243896
1818,3.6385326385498047,0.22951915860176086,3.409013509750366
1819,3.612060546875,0.19771894812583923,3.414341688156128
1820,3.6542673110961914,0.2451705038547516,3.4090967178344727
1821,3.653949737548828,0.22819077968597412,3.4257588386535645
1822,3.6799089908599854,0.25594332814216614,3.4239656925201416
1823,3.669309139251709,0.22281351685523987,3.446495532989502
1824,3.662949562072754,0.2334400862455368,3.429509401321411
1825,3.6858177185058594,0.2614656090736389,3.4243521690368652
1826,3.6555209159851074,0.22642765939235687,3.429093360900879
1827,3.659919261932373,0.2411578893661499,3.4187614917755127
1828,3.6347126960754395,0.2376469373703003,3.3970656394958496
1829,3.629254102706909,0.23015904426574707,3.399095058441162
1830,3.7130470275878906,0.28209078311920166,3.4309563636779785
1831,3.668710470199585,0.25040119886398315,3.418309211730957
1832,3.6870317459106445,0.24665510654449463,3.4403765201568604
1833,3.6318206787109375,0.23282477259635925,3.398995876312256
1834,3.613417387008667,0.1898445188999176,3.4235727787017822
1835,3.711421489715576,0.26422274112701416,3.4471988677978516
1836,3.6319780349731445,0.20199085772037506,3.4299871921539307
1837,3.676191568374634,0.2485124170780182,3.4276790618896484
1838,3.6628308296203613,0.2284541130065918,3.4343767166137695
1839,3.6842010021209717,0.24043008685112,3.4437708854675293
1840,3.6428377628326416,0.2313995361328125,3.411438226699829
1841,3.653294801712036,0.2273166924715042,3.425978183746338
1842,3.674771547317505,0.24725383520126343,3.4275176525115967
1843,3.692976951599121,0.2461313009262085,3.446845531463623
1844,3.6331770420074463,0.22070106863975525,3.412476062774658
1845,3.6439311504364014,0.21980737149715424,3.424123764038086
1846,3.6233251094818115,0.2124420553445816,3.4108829498291016
1847,3.6630337238311768,0.23000672459602356,3.4330270290374756
1848,3.646733045578003,0.2258564829826355,3.4208765029907227
1849,3.6515398025512695,0.2235325425863266,3.4280073642730713
1850,3.709475040435791,0.2531030774116516,3.456372022628784
1851,3.6699111461639404,0.24994562566280365,3.4199655055999756
1852,3.608346462249756,0.1931801736354828,3.4151663780212402
1853,3.641951322555542,0.23862804472446442,3.403323173522949
1854,3.674628973007202,0.22453904151916504,3.450089931488037
1855,3.6375746726989746,0.19985684752464294,3.437717914581299
1856,3.645101308822632,0.2306039184331894,3.4144973754882812
1857,3.643306016921997,0.2457539588212967,3.397552013397217
1858,3.623234987258911,0.23747560381889343,3.3857593536376953
1859,3.684035539627075,0.24740871787071228,3.43662691116333
1860,3.6434414386749268,0.22982345521450043,3.4136180877685547
1861,3.643669366836548,0.23116804659366608,3.412501335144043
1862,3.6870920658111572,0.2560808062553406,3.431011199951172
1863,3.661189079284668,0.23367033898830414,3.427518844604492
1864,3.64591121673584,0.22066596150398254,3.4252452850341797
1865,3.6864099502563477,0.2636362314224243,3.422773838043213
1866,3.6685473918914795,0.21645012497901917,3.452097177505493
1867,3.6226818561553955,0.23271392285823822,3.389967918395996
1868,3.691200017929077,0.24720355868339539,3.4439964294433594
1869,3.631669282913208,0.23169764876365662,3.3999717235565186
1870,3.639247417449951,0.2407914400100708,3.39845609664917
1871,3.6643998622894287,0.23041120171546936,3.433988571166992
1872,3.642103672027588,0.21170192956924438,3.4304018020629883
1873,3.657510757446289,0.24002429842948914,3.4174864292144775
1874,3.6777291297912598,0.262763112783432,3.414966106414795
1875,3.653197765350342,0.23507025837898254,3.4181275367736816
1876,3.6265411376953125,0.2274663746356964,3.3990747928619385
1877,3.678955078125,0.23977814614772797,3.4391770362854004
1878,3.6270408630371094,0.22320085763931274,3.4038400650024414
1879,3.6528055667877197,0.2218300700187683,3.4309754371643066
1880,3.6690545082092285,0.2552313208580017,3.413823127746582
1881,3.6798603534698486,0.22765031456947327,3.452209949493408
1882,3.6556806564331055,0.23973703384399414,3.4159436225891113
1883,3.635246515274048,0.215882807970047,3.4193637371063232
1884,3.6805598735809326,0.22907446324825287,3.4514853954315186
1885,3.632913112640381,0.21931058168411255,3.413602590560913
1886,3.7181177139282227,0.2727975845336914,3.4453201293945312
1887,3.617929697036743,0.2110152244567871,3.406914472579956
1888,3.701982259750366,0.2621929347515106,3.439789295196533
1889,3.679548501968384,0.24740996956825256,3.432138442993164
1890,3.673308849334717,0.24738354980945587,3.4259252548217773
1891,3.6430442333221436,0.23140978813171387,3.4116344451904297
1892,3.659515142440796,0.24211809039115906,3.4173970222473145
1893,3.628560781478882,0.21509166061878204,3.413469076156616
1894,3.6830382347106934,0.25082695484161377,3.43221116065979
1895,3.6522345542907715,0.2215062379837036,3.4307284355163574
1896,3.6634116172790527,0.2322196066379547,3.431191921234131
1897,3.650578260421753,0.23831495642662048,3.4122633934020996
1898,3.673682451248169,0.24005171656608582,3.4336307048797607
1899,3.628490924835205,0.22046655416488647,3.408024311065674
1900,3.666665554046631,0.2461494505405426,3.420516014099121
1901,3.6324820518493652,0.2209858000278473,3.411496162414551
1902,3.6539113521575928,0.23412302136421204,3.419788360595703
1903,3.7001075744628906,0.26772212982177734,3.4323854446411133
1904,3.6811130046844482,0.25528383255004883,3.4258291721343994
1905,3.6213033199310303,0.21945306658744812,3.4018502235412598
1906,3.6830339431762695,0.2683996558189392,3.4146342277526855
1907,3.6228926181793213,0.22064846754074097,3.4022440910339355
1908,3.645052671432495,0.22685417532920837,3.418198585510254
1909,3.64846134185791,0.22253665328025818,3.425924777984619
1910,3.679395914077759,0.2596305012702942,3.4197654724121094
1911,3.6704139709472656,0.2539099454879761,3.416504144668579
1912,3.648960590362549,0.2339291125535965,3.4150314331054688
1913,3.6686179637908936,0.24427297711372375,3.424345016479492
1914,3.631990671157837,0.2032940685749054,3.428696632385254
1915,3.645932197570801,0.23375403881072998,3.4121780395507812
1916,3.6558997631073,0.2362907975912094,3.4196090698242188
1917,3.661722183227539,0.25893867015838623,3.4027836322784424
1918,3.6493020057678223,0.2284897267818451,3.4208123683929443
1919,3.6041033267974854,0.2044370472431183,3.3996663093566895
1920,3.65166974067688,0.2336909919977188,3.4179787635803223
1921,3.6257975101470947,0.21977931261062622,3.4060182571411133
1922,3.637601852416992,0.22817856073379517,3.409423351287842
1923,3.6772611141204834,0.2567507326602936,3.4205102920532227
1924,3.6545116901397705,0.23849272727966309,3.4160189628601074
1925,3.6352438926696777,0.24230679869651794,3.392937183380127
1926,3.6527788639068604,0.23630598187446594,3.416472911834717
1927,3.619037389755249,0.21475854516029358,3.4042787551879883
1928,3.633805274963379,0.2077425718307495,3.42606258392334
1929,3.6190340518951416,0.21593071520328522,3.4031033515930176
1930,3.665860652923584,0.23313593864440918,3.432724714279175
1931,3.6768670082092285,0.23734046518802643,3.4395265579223633
1932,3.6507270336151123,0.2493455857038498,3.401381492614746
1933,3.655484676361084,0.22884951531887054,3.426635265350342
1934,3.662362575531006,0.2299432009458542,3.4324193000793457
1935,3.6288139820098877,0.21306735277175903,3.4157466888427734
1936,3.6427903175354004,0.24137450754642487,3.4014158248901367
1937,3.6608686447143555,0.226497083902359,3.4343714714050293
1938,3.642958402633667,0.2480144500732422,3.394943952560425
1939,3.638436794281006,0.21456211805343628,3.423874616622925
1940,3.6374289989471436,0.22375617921352386,3.413672924041748
1941,3.690732002258301,0.24533425271511078,3.4453978538513184
1942,3.6477622985839844,0.23447556793689728,3.4132866859436035
1943,3.672964334487915,0.2472255527973175,3.42573881149292
1944,3.616121530532837,0.22332817316055298,3.3927934169769287
1945,3.6524875164031982,0.23144769668579102,3.4210398197174072
1946,3.6743996143341064,0.24334359169006348,3.431056022644043
1947,3.6564254760742188,0.217515766620636,3.4389097690582275
1948,3.62796950340271,0.22728368639945984,3.4006857872009277
1949,3.6838626861572266,0.2377258539199829,3.446136951446533
1950,3.63702392578125,0.22269591689109802,3.414328098297119
1951,3.6636147499084473,0.2376943677663803,3.4259204864501953
1952,3.6322925090789795,0.23129591345787048,3.400996685028076
1953,3.6466574668884277,0.24141541123390198,3.4052419662475586
1954,3.6997811794281006,0.2484399974346161,3.451341152191162
1955,3.6249663829803467,0.2068796157836914,3.4180867671966553
1956,3.685488700866699,0.2581924796104431,3.4272961616516113
1957,3.605259895324707,0.1992872953414917,3.405972480773926
1958,3.6336326599121094,0.22608911991119385,3.407543659210205
1959,3.726996421813965,0.22018925845623016,3.5068070888519287
1960,3.6616291999816895,0.24682120978832245,3.4148080348968506
1961,3.6513514518737793,0.23568686842918396,3.4156646728515625
1962,3.6218628883361816,0.2181350737810135,3.4037277698516846
1963,3.618983507156372,0.20055188238620758,3.418431520462036
1964,3.676727533340454,0.24503737688064575,3.431690216064453
1965,3.641322135925293,0.2006111741065979,3.44071102142334
1966,3.646650791168213,0.23123875260353088,3.415411949157715
1967,3.6546072959899902,0.20868659019470215,3.445920705795288
1968,3.628241539001465,0.22527262568473816,3.4029688835144043
1969,3.6419286727905273,0.22963042557239532,3.4122982025146484
1970,3.6293513774871826,0.2180444598197937,3.411306858062744
1971,3.6495025157928467,0.23538073897361755,3.4141218662261963
1972,3.6772301197052,0.25763005018234253,3.419600009918213
1973,3.6339659690856934,0.22129294276237488,3.412672996520996
1974,3.6738953590393066,0.22877225279808044,3.4451231956481934
1975,3.6721136569976807,0.24762581288814545,3.424487829208374
1976,3.6503713130950928,0.23910969495773315,3.411261558532715
1977,3.649615526199341,0.21248844265937805,3.437127113342285
1978,3.613788366317749,0.20967242121696472,3.404115915298462
1979,3.6501433849334717,0.24292023479938507,3.4072232246398926
1980,3.614558458328247,0.21057304739952087,3.4039855003356934
1981,3.671011447906494,0.24442654848098755,3.4265849590301514
1982,3.6532342433929443,0.23262964189052582,3.420604705810547
1983,3.658447504043579,0.24566428363323212,3.412783145904541
1984,3.6353001594543457,0.23309510946273804,3.402204990386963
1985,3.6862025260925293,0.24410301446914673,3.4420995712280273
1986,3.6235337257385254,0.2144976407289505,3.409036159515381
1987,3.678236722946167,0.24343088269233704,3.4348058700561523
1988,3.651989459991455,0.22681871056556702,3.425170660018921
1989,3.609283924102783,0.1843830645084381,3.424900770187378
1990,3.6715478897094727,0.2590451240539551,3.4125027656555176
1991,3.6537764072418213,0.23638609051704407,3.4173903465270996
1992,3.68522310256958,0.23799563944339752,3.4472274780273438
1993,3.651028633117676,0.25610917806625366,3.3949193954467773
1994,3.6354801654815674,0.21392607688903809,3.4215540885925293
1995,3.616992712020874,0.20520688593387604,3.411785840988159
1996,3.6107122898101807,0.20974674820899963,3.400965452194214
1997,3.634428024291992,0.22036536037921906,3.414062738418579
1998,3.647035837173462,0.21043755114078522,3.436598300933838
1999,3.6771373748779297,0.2331414520740509,3.443995952606201
