Step,Tr_Loss,Value_Loss,Policy_Loss
0,3.636054277420044,0.2705615162849426,3.365492820739746
1,3.631786823272705,0.26050129532814026,3.3712854385375977
2,3.6426804065704346,0.2744596004486084,3.368220806121826
3,3.639735221862793,0.26400455832481384,3.3757307529449463
4,3.646672248840332,0.25877895951271057,3.3878931999206543
5,3.6512742042541504,0.2676239311695099,3.383650302886963
6,3.6106107234954834,0.23632092773914337,3.3742897510528564
7,3.631983995437622,0.2439044564962387,3.3880796432495117
8,3.667689561843872,0.2793676257133484,3.388321876525879
9,3.6343910694122314,0.27241945266723633,3.361971616744995
10,3.653482675552368,0.2662199139595032,3.3872628211975098
11,3.6525702476501465,0.28414952754974365,3.3684206008911133
12,3.6893320083618164,0.2949337661266327,3.3943982124328613
13,3.656522750854492,0.28436267375946045,3.372159957885742
14,3.6918368339538574,0.2923056483268738,3.399531126022339
15,3.6889076232910156,0.3048476278781891,3.3840599060058594
16,3.7035231590270996,0.29103729128837585,3.4124858379364014
17,3.655083179473877,0.28805506229400635,3.36702823638916
18,3.647066593170166,0.28272444009780884,3.364342212677002
19,3.64854097366333,0.2726253867149353,3.37591552734375
20,3.639699697494507,0.28131675720214844,3.3583829402923584
21,3.6830027103424072,0.28844958543777466,3.3945531845092773
22,3.6735801696777344,0.28154051303863525,3.3920397758483887
23,3.6879019737243652,0.2955895662307739,3.392312526702881
24,3.694413185119629,0.3005678355693817,3.393845319747925
25,3.6604676246643066,0.2732938528060913,3.387173652648926
26,3.6370317935943604,0.24982145428657532,3.3872103691101074
27,3.6360983848571777,0.2759711444377899,3.3601272106170654
28,3.71992826461792,0.3146144151687622,3.405313730239868
29,3.6627304553985596,0.2903711199760437,3.372359275817871
30,3.657534122467041,0.29567861557006836,3.3618555068969727
31,3.6505467891693115,0.27408573031425476,3.3764610290527344
32,3.6353185176849365,0.2692541778087616,3.3660643100738525
33,3.681084632873535,0.31184110045433044,3.369243621826172
34,3.65545916557312,0.2702614367008209,3.385197639465332
35,3.661879539489746,0.2886770963668823,3.373202323913574
36,3.6715142726898193,0.2916705012321472,3.3798437118530273
37,3.6412394046783447,0.2478823959827423,3.393357038497925
38,3.6974053382873535,0.30438125133514404,3.39302396774292
39,3.6204941272735596,0.2534920573234558,3.367002010345459
40,3.6404831409454346,0.28385624289512634,3.3566269874572754
41,3.6512560844421387,0.26492542028427124,3.3863306045532227
42,3.659055471420288,0.2661958336830139,3.392859697341919
43,3.676786422729492,0.28027093410491943,3.396515369415283
44,3.695488452911377,0.3015859127044678,3.393902540206909
45,3.6350536346435547,0.2392960786819458,3.3957576751708984
46,3.653108596801758,0.28812697529792786,3.3649816513061523
47,3.680375814437866,0.29168400168418884,3.3886919021606445
48,3.651641845703125,0.2801727056503296,3.371469259262085
49,3.639801025390625,0.2828673720359802,3.35693359375
50,3.6630845069885254,0.2779017686843872,3.3851828575134277
51,3.642979621887207,0.28460514545440674,3.35837459564209
52,3.6282641887664795,0.28424733877182007,3.3440167903900146
53,3.6818180084228516,0.28835761547088623,3.393460512161255
54,3.618102788925171,0.2613757252693176,3.356727123260498
55,3.619563579559326,0.2649655044078827,3.354598045349121
56,3.653303384780884,0.2878400385379791,3.3654632568359375
57,3.6737613677978516,0.29035335779190063,3.3834080696105957
58,3.666563034057617,0.3015899360179901,3.3649730682373047
59,3.6828086376190186,0.28204426169395447,3.4007644653320312
60,3.643817901611328,0.2609615921974182,3.3828563690185547
61,3.6697516441345215,0.28681257367134094,3.382939100265503
62,3.6579504013061523,0.2676658034324646,3.390284538269043
63,3.6248562335968018,0.26452162861824036,3.360334634780884
64,3.6368026733398438,0.27081623673439026,3.3659863471984863
65,3.643772602081299,0.26371073722839355,3.3800618648529053
66,3.720262289047241,0.3187490999698639,3.40151309967041
67,3.6411006450653076,0.28818076848983765,3.352919816970825
68,3.6503851413726807,0.26742246747016907,3.382962703704834
69,3.6402194499969482,0.2598908543586731,3.38032865524292
70,3.6102466583251953,0.24463844299316406,3.3656082153320312
71,3.6706600189208984,0.2809634208679199,3.3896965980529785
72,3.6632494926452637,0.28014588356018066,3.383103609085083
73,3.6360597610473633,0.267566055059433,3.3684937953948975
74,3.671419620513916,0.28261592984199524,3.388803720474243
75,3.6519384384155273,0.29094988107681274,3.3609886169433594
76,3.604127883911133,0.23480916023254395,3.369318723678589
77,3.6279726028442383,0.2653160095214844,3.362656593322754
78,3.6354668140411377,0.2562624514102936,3.379204273223877
79,3.6164402961730957,0.2606563866138458,3.3557839393615723
80,3.6223855018615723,0.2491503357887268,3.3732352256774902
81,3.6167449951171875,0.25875747203826904,3.357987642288208
82,3.635061025619507,0.26563340425491333,3.3694276809692383
83,3.6341371536254883,0.2641177177429199,3.3700194358825684
84,3.6573758125305176,0.2654987871646881,3.3918769359588623
85,3.680926561355591,0.2952520251274109,3.385674476623535
86,3.616504192352295,0.2673351764678955,3.3491690158843994
87,3.6399331092834473,0.2651275396347046,3.374805450439453
88,3.6648757457733154,0.29047033190727234,3.3744053840637207
89,3.660876989364624,0.2704947590827942,3.3903822898864746
90,3.621837854385376,0.2459053099155426,3.375932455062866
91,3.643141031265259,0.2800953984260559,3.3630456924438477
92,3.7101166248321533,0.3147275447845459,3.3953890800476074
93,3.6398274898529053,0.25904303789138794,3.380784511566162
94,3.638456106185913,0.25428465008735657,3.384171485900879
95,3.6938722133636475,0.2805039882659912,3.4133682250976562
96,3.64192533493042,0.27202534675598145,3.3698999881744385
97,3.639223098754883,0.26643240451812744,3.372790813446045
98,3.631016969680786,0.2273576259613037,3.4036593437194824
99,3.675532817840576,0.2871115505695343,3.3884212970733643
100,3.6330018043518066,0.24360191822052002,3.389399766921997
101,3.678100109100342,0.29638200998306274,3.381718158721924
102,3.6852128505706787,0.3013870418071747,3.3838257789611816
103,3.6598026752471924,0.27427035570144653,3.3855323791503906
104,3.6217799186706543,0.24159355461597443,3.3801863193511963
105,3.63567852973938,0.2631131708621979,3.372565269470215
106,3.639369010925293,0.2712245583534241,3.3681445121765137
107,3.70044207572937,0.30642154812812805,3.3940205574035645
108,3.641061782836914,0.26018473505973816,3.3808770179748535
109,3.635279417037964,0.2635990083217621,3.371680498123169
110,3.6341066360473633,0.2807700037956238,3.3533365726470947
111,3.683720350265503,0.28652286529541016,3.3971974849700928
112,3.6089396476745605,0.2414654791355133,3.36747407913208
113,3.6625282764434814,0.27787289023399353,3.384655475616455
114,3.6857616901397705,0.28311681747436523,3.4026448726654053
115,3.653322696685791,0.2615647315979004,3.3917579650878906
116,3.648362874984741,0.2718632221221924,3.376499652862549
117,3.651977300643921,0.27395501732826233,3.3780221939086914
118,3.635380268096924,0.26391518115997314,3.3714652061462402
119,3.628187417984009,0.2633153796195984,3.3648719787597656
120,3.6741483211517334,0.2839425206184387,3.3902058601379395
121,3.6633718013763428,0.28310638666152954,3.380265474319458
122,3.653251886367798,0.2745245099067688,3.378727436065674
123,3.6880557537078857,0.2856680750846863,3.4023876190185547
124,3.6459925174713135,0.28115177154541016,3.3648407459259033
125,3.640986919403076,0.26629823446273804,3.3746886253356934
126,3.630624771118164,0.26217949390411377,3.36844539642334
127,3.650376558303833,0.275376558303833,3.375
128,3.7156336307525635,0.3208414912223816,3.394792079925537
129,3.6574206352233887,0.2860807180404663,3.371339797973633
130,3.6991710662841797,0.2998352646827698,3.3993358612060547
131,3.62042498588562,0.2518773674964905,3.3685476779937744
132,3.6472246646881104,0.2635362446308136,3.383688449859619
133,3.612736225128174,0.24878093600273132,3.36395525932312
134,3.6416449546813965,0.26729434728622437,3.3743505477905273
135,3.6637985706329346,0.2785269320011139,3.3852715492248535
136,3.6756129264831543,0.2867541015148163,3.3888587951660156
137,3.635647773742676,0.2507387101650238,3.384909152984619
138,3.648189067840576,0.25908076763153076,3.389108180999756
139,3.6607449054718018,0.295515775680542,3.3652291297912598
140,3.644731044769287,0.2727999687194824,3.3719310760498047
141,3.6303489208221436,0.2665777802467346,3.3637712001800537
142,3.598051071166992,0.2247178703546524,3.373333215713501
143,3.691164255142212,0.3150370121002197,3.376127243041992
144,3.6280102729797363,0.2653246521949768,3.3626856803894043
145,3.662921905517578,0.2778034210205078,3.3851184844970703
146,3.590367317199707,0.22274072468280792,3.367626667022705
147,3.619799852371216,0.25875502824783325,3.3610448837280273
148,3.6797196865081787,0.2915577292442322,3.3881618976593018
149,3.64835786819458,0.27504634857177734,3.3733115196228027
150,3.6558260917663574,0.28808873891830444,3.367737293243408
151,3.658745765686035,0.273134708404541,3.385611057281494
152,3.670663595199585,0.27945253252983093,3.3912110328674316
153,3.6516354084014893,0.270029217004776,3.381606101989746
154,3.66483473777771,0.2827804982662201,3.382054328918457
155,3.607088565826416,0.24067851901054382,3.36641001701355
156,3.621427536010742,0.2638126611709595,3.3576149940490723
157,3.6760106086730957,0.2981145977973938,3.3778960704803467
158,3.6294631958007812,0.25894302129745483,3.3705201148986816
159,3.670417308807373,0.2747816741466522,3.3956356048583984
160,3.6539804935455322,0.26833027601242065,3.385650157928467
161,3.6712515354156494,0.2855297923088074,3.3857216835021973
162,3.6902706623077393,0.28884297609329224,3.401427745819092
163,3.6320242881774902,0.25376826524734497,3.37825608253479
164,3.623577833175659,0.25457286834716797,3.369004964828491
165,3.6541237831115723,0.28863126039505005,3.365492582321167
166,3.6011247634887695,0.2437598705291748,3.3573648929595947
167,3.6444926261901855,0.2600798010826111,3.3844127655029297
168,3.664433479309082,0.2936258912086487,3.370807647705078
169,3.6307716369628906,0.264201283454895,3.366570234298706
170,3.6733410358428955,0.2929973006248474,3.3803436756134033
171,3.653831720352173,0.2755054533481598,3.378326177597046
172,3.6277287006378174,0.25222888588905334,3.375499725341797
173,3.6888794898986816,0.30735182762145996,3.3815276622772217
174,3.6454994678497314,0.2653973400592804,3.3801021575927734
175,3.6334033012390137,0.25604504346847534,3.3773581981658936
176,3.6481683254241943,0.2589769959449768,3.3891913890838623
177,3.654754400253296,0.2774924635887146,3.3772618770599365
178,3.6670923233032227,0.29318001866340637,3.3739123344421387
179,3.689786911010742,0.29586392641067505,3.393923044204712
180,3.6309735774993896,0.255903422832489,3.375070095062256
181,3.6587204933166504,0.28774091601371765,3.3709795475006104
182,3.6361539363861084,0.26140639185905457,3.3747475147247314
183,3.6331164836883545,0.27182620763778687,3.361290216445923
184,3.655390501022339,0.2707354724407196,3.384654998779297
185,3.635770797729492,0.24250651895999908,3.3932642936706543
186,3.614799976348877,0.2434127926826477,3.371387243270874
187,3.66900634765625,0.2860161066055298,3.3829903602600098
188,3.6467487812042236,0.25413626432418823,3.3926124572753906
189,3.6530325412750244,0.2850458025932312,3.3679866790771484
190,3.6634414196014404,0.25650954246520996,3.4069318771362305
191,3.65181040763855,0.2614290416240692,3.390381336212158
192,3.626725912094116,0.24952749907970428,3.3771984577178955
193,3.623892307281494,0.2612050175666809,3.362687349319458
194,3.634624481201172,0.23714354634284973,3.3974809646606445
195,3.627936840057373,0.24725016951560974,3.3806867599487305
196,3.6478805541992188,0.2771650552749634,3.370715618133545
197,3.6740524768829346,0.28095608949661255,3.393096446990967
198,3.6690220832824707,0.29583361744880676,3.3731884956359863
199,3.6299824714660645,0.24598348140716553,3.3839991092681885
200,3.6362767219543457,0.2601570188999176,3.376119613647461
201,3.6222281455993652,0.2591184377670288,3.363109588623047
202,3.619260787963867,0.24763543903827667,3.3716254234313965
203,3.6302132606506348,0.25983887910842896,3.3703744411468506
204,3.6432547569274902,0.2750924527645111,3.3681623935699463
205,3.658376455307007,0.27211830019950867,3.386258125305176
206,3.6331820487976074,0.2711575925350189,3.3620245456695557
207,3.647719621658325,0.25207290053367615,3.395646810531616
208,3.657954216003418,0.28031447529792786,3.3776397705078125
209,3.6487629413604736,0.2624833285808563,3.386279582977295
210,3.6763381958007812,0.2985372245311737,3.377800941467285
211,3.6548686027526855,0.2688333988189697,3.386035203933716
212,3.632754325866699,0.26338446140289307,3.3693699836730957
213,3.6265265941619873,0.265919953584671,3.3606066703796387
214,3.600309371948242,0.23825937509536743,3.3620500564575195
215,3.6819534301757812,0.28965044021606445,3.392302989959717
216,3.6415255069732666,0.25992703437805176,3.381598472595215
217,3.6532211303710938,0.2664162516593933,3.3868048191070557
218,3.659163236618042,0.2799918055534363,3.379171371459961
219,3.675053596496582,0.2800444960594177,3.3950090408325195
220,3.631657123565674,0.2548980712890625,3.3767590522766113
221,3.618149757385254,0.2531197965145111,3.36503005027771
222,3.6716644763946533,0.29394763708114624,3.3777167797088623
223,3.6881120204925537,0.3148439824581146,3.3732681274414062
224,3.6308791637420654,0.2675750255584717,3.3633041381835938
225,3.6663269996643066,0.2742128372192383,3.3921141624450684
226,3.6462769508361816,0.2739322781562805,3.372344732284546
227,3.6750831604003906,0.2835143804550171,3.391568660736084
228,3.668152332305908,0.2690884470939636,3.3990638256073
229,3.619635820388794,0.2514842450618744,3.3681516647338867
230,3.6308484077453613,0.2521582245826721,3.378690242767334
231,3.641453504562378,0.2812340259552002,3.3602194786071777
232,3.6581690311431885,0.29633161425590515,3.361837387084961
233,3.6374895572662354,0.2656094431877136,3.371880054473877
234,3.6634650230407715,0.26738011837005615,3.396084785461426
235,3.645709753036499,0.2691425681114197,3.3765671253204346
236,3.654770851135254,0.2630377411842346,3.391733169555664
237,3.6163554191589355,0.23364727199077606,3.3827080726623535
238,3.619647979736328,0.25013476610183716,3.3695132732391357
239,3.6400249004364014,0.2634137272834778,3.3766112327575684
240,3.651747226715088,0.2674422264099121,3.384305000305176
241,3.6439905166625977,0.257089763879776,3.3869006633758545
242,3.6455326080322266,0.28274014592170715,3.362792491912842
243,3.641789436340332,0.27786290645599365,3.363926410675049
244,3.596944808959961,0.22081774473190308,3.376127004623413
245,3.6426455974578857,0.25325635075569153,3.3893892765045166
246,3.6056647300720215,0.23208558559417725,3.373579263687134
247,3.648958921432495,0.29294902086257935,3.3560099601745605
248,3.5827717781066895,0.1936710625886917,3.3891007900238037
249,3.6802501678466797,0.29523807764053345,3.385012149810791
250,3.6428418159484863,0.2710219621658325,3.3718199729919434
251,3.644482374191284,0.25731784105300903,3.38716459274292
252,3.6691012382507324,0.2986798882484436,3.3704214096069336
253,3.662358045578003,0.2794185280799866,3.382939577102661
254,3.656778335571289,0.2712007164955139,3.38557767868042
255,3.668656826019287,0.2855673134326935,3.383089542388916
256,3.690774440765381,0.3009189963340759,3.38985538482666
257,3.6502275466918945,0.263910174369812,3.386317253112793
258,3.6354284286499023,0.2531944215297699,3.3822340965270996
259,3.635573625564575,0.25820329785346985,3.3773703575134277
260,3.6562159061431885,0.2682636082172394,3.3879523277282715
261,3.640702962875366,0.2727181613445282,3.3679847717285156
262,3.6873276233673096,0.2780945301055908,3.4092330932617188
263,3.6544690132141113,0.2836064100265503,3.3708624839782715
264,3.639625072479248,0.27286332845687866,3.3667616844177246
265,3.619717597961426,0.2636633515357971,3.3560543060302734
266,3.655827045440674,0.26727670431137085,3.388550281524658
267,3.665421485900879,0.2953810691833496,3.3700404167175293
268,3.6315383911132812,0.24877452850341797,3.3827638626098633
269,3.6125071048736572,0.2584598660469055,3.3540472984313965
270,3.625091552734375,0.26186633110046387,3.363225221633911
271,3.6126904487609863,0.24801725149154663,3.364673137664795
272,3.6647772789001465,0.26844021677970886,3.3963370323181152
273,3.6919658184051514,0.31211525201797485,3.3798506259918213
274,3.638042688369751,0.26785916090011597,3.3701834678649902
275,3.6408636569976807,0.28542929887771606,3.3554344177246094
276,3.603818893432617,0.24147552251815796,3.3623433113098145
277,3.6322057247161865,0.2552209496498108,3.3769848346710205
278,3.627922534942627,0.2649301290512085,3.362992525100708
279,3.643418312072754,0.26706844568252563,3.376349925994873
280,3.652132272720337,0.2609464228153229,3.391185760498047
281,3.617328643798828,0.24025116860866547,3.377077579498291
282,3.6731204986572266,0.30666983127593994,3.366450548171997
283,3.6434879302978516,0.26058757305145264,3.3829004764556885
284,3.642533302307129,0.2687029540538788,3.3738303184509277
285,3.6084158420562744,0.23717711865901947,3.3712387084960938
286,3.6412088871002197,0.2670937180519104,3.374115228652954
287,3.631873607635498,0.26005446910858154,3.371819019317627
288,3.665362596511841,0.2743494212627411,3.3910131454467773
289,3.6040778160095215,0.22846907377243042,3.3756086826324463
290,3.64691162109375,0.2626895606517792,3.3842220306396484
291,3.6349010467529297,0.25153958797454834,3.383361339569092
292,3.664904832839966,0.28036102652549744,3.3845438957214355
293,3.6344335079193115,0.24816355109214783,3.386270046234131
294,3.578307628631592,0.21336284279823303,3.3649446964263916
295,3.6412405967712402,0.26184552907943726,3.379395008087158
296,3.63938570022583,0.2578306198120117,3.3815550804138184
297,3.618604898452759,0.2470337301492691,3.3715710639953613
298,3.6725261211395264,0.27618807554244995,3.3963379859924316
299,3.606863021850586,0.24400556087493896,3.3628573417663574
300,3.6648855209350586,0.2896308898925781,3.3752546310424805
301,3.6587636470794678,0.2758471965789795,3.3829164505004883
302,3.6357486248016357,0.2605813145637512,3.3751673698425293
303,3.6322097778320312,0.2699865698814392,3.3622231483459473
304,3.6241562366485596,0.2652365565299988,3.358919620513916
305,3.6468329429626465,0.2662409245967865,3.380592107772827
306,3.665881633758545,0.2856283187866211,3.380253314971924
307,3.5634570121765137,0.20833134651184082,3.355125665664673
308,3.6776580810546875,0.28547078371047974,3.3921873569488525
309,3.649656295776367,0.2578091025352478,3.3918471336364746
310,3.5841894149780273,0.2349620908498764,3.3492274284362793
311,3.662074565887451,0.2929648458957672,3.369109630584717
312,3.6858110427856445,0.29610392451286316,3.389707088470459
313,3.691525936126709,0.2993413209915161,3.3921844959259033
314,3.6510491371154785,0.27110719680786133,3.379941940307617
315,3.638770580291748,0.26780006289482117,3.3709704875946045
316,3.680001735687256,0.27322280406951904,3.4067788124084473
317,3.621063709259033,0.2614907920360565,3.3595728874206543
318,3.64278507232666,0.25609734654426575,3.386687755584717
319,3.6321468353271484,0.28810256719589233,3.3440442085266113
320,3.6320643424987793,0.2588886320590973,3.373175621032715
321,3.6269726753234863,0.25993335247039795,3.367039203643799
322,3.5989177227020264,0.22200995683670044,3.3769078254699707
323,3.604698896408081,0.25604167580604553,3.3486571311950684
324,3.621908187866211,0.2550169825553894,3.3668911457061768
325,3.624467134475708,0.2369849681854248,3.387482166290283
326,3.6216671466827393,0.2374984174966812,3.3841686248779297
327,3.633577346801758,0.27898767590522766,3.3545897006988525
328,3.637930393218994,0.2413673996925354,3.3965630531311035
329,3.6164450645446777,0.2580249309539795,3.3584201335906982
330,3.6839759349823,0.3002951145172119,3.383680820465088
331,3.6095263957977295,0.23740021884441376,3.3721261024475098
332,3.6369786262512207,0.26271969079971313,3.3742589950561523
333,3.6256866455078125,0.2577751874923706,3.3679115772247314
334,3.6813671588897705,0.29470205307006836,3.386665105819702
335,3.6220831871032715,0.24972951412200928,3.3723537921905518
336,3.633826732635498,0.24526512622833252,3.388561725616455
337,3.6762912273406982,0.2784455418586731,3.39784574508667
338,3.636080503463745,0.24122482538223267,3.3948557376861572
339,3.6633195877075195,0.2721971273422241,3.391122579574585
340,3.6429970264434814,0.24808181822299957,3.3949151039123535
341,3.593688726425171,0.23004314303398132,3.363645553588867
342,3.6361770629882812,0.2514110207557678,3.384766101837158
343,3.6012356281280518,0.24715009331703186,3.3540854454040527
344,3.614574670791626,0.2504414916038513,3.36413311958313
345,3.590235948562622,0.21718916296958923,3.373046875
346,3.612575054168701,0.25047919154167175,3.362095832824707
347,3.6290409564971924,0.2515760362148285,3.377465009689331
348,3.611229181289673,0.23861557245254517,3.3726136684417725
349,3.67901349067688,0.2908761501312256,3.3881373405456543
350,3.6268625259399414,0.25056642293930054,3.376296043395996
351,3.643019914627075,0.2686513364315033,3.374368667602539
352,3.612666130065918,0.2475842833518982,3.365081787109375
353,3.6347835063934326,0.2722035050392151,3.3625800609588623
354,3.6207447052001953,0.2509245276451111,3.3698201179504395
355,3.647857904434204,0.26290464401245117,3.384953260421753
356,3.632234811782837,0.24601346254348755,3.386221408843994
357,3.6318607330322266,0.25196677446365356,3.3798940181732178
358,3.616656541824341,0.2605641484260559,3.3560924530029297
359,3.6631619930267334,0.2885429263114929,3.3746190071105957
360,3.6110682487487793,0.24402153491973877,3.36704683303833
361,3.6563773155212402,0.26527655124664307,3.3911006450653076
362,3.6431918144226074,0.2734074890613556,3.369784355163574
363,3.677889347076416,0.27070844173431396,3.4071807861328125
364,3.6379189491271973,0.28387272357940674,3.354046106338501
365,3.637028694152832,0.26844072341918945,3.3685879707336426
366,3.6550755500793457,0.26376691460609436,3.391308546066284
367,3.619344711303711,0.26699256896972656,3.3523521423339844
368,3.656707763671875,0.2636382281780243,3.3930695056915283
369,3.627272129058838,0.2436142861843109,3.383657932281494
370,3.640578269958496,0.2719075381755829,3.368670701980591
371,3.65628981590271,0.26867371797561646,3.3876161575317383
372,3.6532998085021973,0.26306071877479553,3.3902390003204346
373,3.6422600746154785,0.2558455467224121,3.3864145278930664
374,3.6109538078308105,0.2526085674762726,3.3583452701568604
375,3.67020583152771,0.26324769854545593,3.4069581031799316
376,3.6002163887023926,0.22869017720222473,3.3715262413024902
377,3.594306230545044,0.23291680216789246,3.361389398574829
378,3.638673782348633,0.2715030014514923,3.367170810699463
379,3.606577157974243,0.23212088644504547,3.3744561672210693
380,3.6451730728149414,0.27312517166137695,3.3720479011535645
381,3.641342878341675,0.26807522773742676,3.373267650604248
382,3.6235904693603516,0.2575345039367676,3.366055965423584
383,3.628404378890991,0.2393958866596222,3.3890085220336914
384,3.6792125701904297,0.2683626413345337,3.4108498096466064
385,3.618288993835449,0.23726116120815277,3.381027936935425
386,3.5859971046447754,0.236120343208313,3.349876880645752
387,3.6426126956939697,0.2851412892341614,3.357471466064453
388,3.6467831134796143,0.2783961296081543,3.36838698387146
389,3.6484787464141846,0.24651220440864563,3.4019665718078613
390,3.6534500122070312,0.26714813709259033,3.3863019943237305
391,3.6581616401672363,0.2826394736766815,3.3755221366882324
392,3.63854718208313,0.260590136051178,3.3779571056365967
393,3.659597873687744,0.28766751289367676,3.3719303607940674
394,3.6571946144104004,0.2764807343482971,3.380713939666748
395,3.5814595222473145,0.2235192060470581,3.357940196990967
396,3.5946578979492188,0.23575705289840698,3.358900785446167
397,3.640573501586914,0.2546446919441223,3.3859288692474365
398,3.670600652694702,0.2751331627368927,3.395467519760132
399,3.661144495010376,0.27466654777526855,3.3864779472351074
400,3.6173813343048096,0.24240364134311676,3.3749775886535645
401,3.6784183979034424,0.31453174352645874,3.363886594772339
402,3.574234962463379,0.2186572551727295,3.3555777072906494
403,3.64774751663208,0.27543964982032776,3.372307777404785
404,3.6389031410217285,0.26735007762908936,3.3715529441833496
405,3.634390115737915,0.25340765714645386,3.3809823989868164
406,3.634749174118042,0.266800194978714,3.3679490089416504
407,3.619746208190918,0.2494068741798401,3.3703393936157227
408,3.644273281097412,0.2789972424507141,3.3652760982513428
409,3.636150360107422,0.2703914940357208,3.3657588958740234
410,3.6739282608032227,0.2642016112804413,3.409726619720459
411,3.6443984508514404,0.2540872097015381,3.3903112411499023
412,3.6025638580322266,0.24277718365192413,3.3597867488861084
413,3.6551992893218994,0.2756468951702118,3.3795523643493652
414,3.644106864929199,0.2727016508579254,3.3714051246643066
415,3.658538341522217,0.29121553897857666,3.3673226833343506
416,3.6237504482269287,0.28142648935317993,3.3423240184783936
417,3.6187376976013184,0.25070083141326904,3.368036985397339
418,3.6482937335968018,0.2743905186653137,3.373903274536133
419,3.674992322921753,0.2763920724391937,3.3986003398895264
420,3.666088819503784,0.28159165382385254,3.3844971656799316
421,3.6323680877685547,0.26725003123283386,3.3651180267333984
422,3.6221189498901367,0.25308191776275635,3.369036912918091
423,3.6556365489959717,0.2800259590148926,3.375610589981079
424,3.623345136642456,0.2308991551399231,3.3924460411071777
425,3.6466288566589355,0.27868524193763733,3.367943525314331
426,3.681387424468994,0.27560389041900635,3.4057834148406982
427,3.6935107707977295,0.29137033224105835,3.4021403789520264
428,3.611567258834839,0.23015335202217102,3.3814139366149902
429,3.6435000896453857,0.25107842683792114,3.3924217224121094
430,3.605938196182251,0.24629417061805725,3.3596439361572266
431,3.700258731842041,0.28184273838996887,3.4184160232543945
432,3.647469997406006,0.2558451294898987,3.391624927520752
433,3.6452460289001465,0.2540542483329773,3.3911917209625244
434,3.633782148361206,0.25393956899642944,3.379842519760132
435,3.6171600818634033,0.258741557598114,3.3584184646606445
436,3.619931221008301,0.2583805322647095,3.361550807952881
437,3.6341843605041504,0.27164384722709656,3.3625404834747314
438,3.6389970779418945,0.2614993751049042,3.377497673034668
439,3.692877769470215,0.27262866497039795,3.4202489852905273
440,3.6157758235931396,0.25127318501472473,3.3645026683807373
441,3.6142144203186035,0.2672133445739746,3.347001075744629
442,3.6204428672790527,0.23761411011219025,3.382828712463379
443,3.681603193283081,0.2943527102470398,3.3872504234313965
444,3.673387050628662,0.27874642610549927,3.3946406841278076
445,3.6336984634399414,0.2650521397590637,3.3686463832855225
446,3.6395959854125977,0.2742033004760742,3.3653926849365234
447,3.652587652206421,0.28024667501449585,3.3723409175872803
448,3.62540602684021,0.2538588047027588,3.371547222137451
449,3.61895489692688,0.25774532556533813,3.3612096309661865
450,3.659008026123047,0.2867957353591919,3.3722121715545654
451,3.61051344871521,0.252560555934906,3.357952833175659
452,3.608643054962158,0.23879952728748322,3.3698434829711914
453,3.698853015899658,0.29623836278915405,3.4026145935058594
454,3.6673424243927,0.2870503067970276,3.3802921772003174
455,3.6655783653259277,0.26585400104522705,3.3997244834899902
456,3.6139533519744873,0.23108580708503723,3.3828675746917725
457,3.619442939758301,0.23810282349586487,3.3813400268554688
458,3.652122974395752,0.27183932065963745,3.3802835941314697
459,3.5883216857910156,0.21404704451560974,3.374274730682373
460,3.590571403503418,0.22911140322685242,3.361459970474243
461,3.6258935928344727,0.25644344091415405,3.369450092315674
462,3.6381452083587646,0.271218866109848,3.366926431655884
463,3.624356746673584,0.25727295875549316,3.367083787918091
464,3.6143534183502197,0.24742905795574188,3.366924285888672
465,3.625556230545044,0.25038018822669983,3.375175952911377
466,3.671776533126831,0.28401118516921997,3.387765407562256
467,3.679641008377075,0.2926037609577179,3.3870372772216797
468,3.6625585556030273,0.27845102548599243,3.3841075897216797
469,3.635315418243408,0.2673395574092865,3.367975950241089
470,3.67294979095459,0.2595784366130829,3.4133713245391846
471,3.623727560043335,0.26365917921066284,3.3600683212280273
472,3.671868085861206,0.27707260847091675,3.3947954177856445
473,3.6158738136291504,0.25433433055877686,3.361539363861084
474,3.637936592102051,0.25096946954727173,3.386967182159424
475,3.5848441123962402,0.217403382062912,3.367440700531006
476,3.6469035148620605,0.26922690868377686,3.377676486968994
477,3.6498913764953613,0.2590814232826233,3.390810012817383
478,3.6128711700439453,0.23849673569202423,3.3743743896484375
479,3.6412086486816406,0.2585712671279907,3.3826375007629395
480,3.6548240184783936,0.254233181476593,3.4005908966064453
481,3.670046329498291,0.2931712865829468,3.376875162124634
482,3.629612445831299,0.26386868953704834,3.365743637084961
483,3.6590218544006348,0.2699010968208313,3.3891208171844482
484,3.648758888244629,0.2608751952648163,3.3878836631774902
485,3.62264084815979,0.24818339943885803,3.374457359313965
486,3.6669979095458984,0.28904974460601807,3.37794828414917
487,3.6274070739746094,0.2509273290634155,3.3764798641204834
488,3.66947340965271,0.2936042249202728,3.3758692741394043
489,3.6278040409088135,0.2763092815876007,3.351494789123535
490,3.644685983657837,0.2749517560005188,3.369734287261963
491,3.6094183921813965,0.2488049566745758,3.3606133460998535
492,3.638624429702759,0.2714383900165558,3.3671860694885254
493,3.5990591049194336,0.21689355373382568,3.3821654319763184
494,3.6385726928710938,0.2518824338912964,3.386690378189087
495,3.6669676303863525,0.2656165659427643,3.401350975036621
496,3.6285877227783203,0.2536389231681824,3.374948740005493
497,3.63545560836792,0.2454708218574524,3.3899848461151123
498,3.634577512741089,0.2495272010564804,3.3850502967834473
499,3.6867430210113525,0.29949161410331726,3.387251377105713
500,3.654923915863037,0.2554221749305725,3.3995018005371094
501,3.6504878997802734,0.25721943378448486,3.393268585205078
502,3.655463695526123,0.2806767523288727,3.374786853790283
503,3.6293981075286865,0.262054443359375,3.3673436641693115
504,3.6069631576538086,0.24497467279434204,3.3619885444641113
505,3.5937201976776123,0.23648150265216827,3.35723876953125
506,3.6400468349456787,0.2619950771331787,3.3780517578125
507,3.634861469268799,0.26464593410491943,3.37021541595459
508,3.662508726119995,0.26692789793014526,3.395580768585205
509,3.655946731567383,0.28168293833732605,3.3742637634277344
510,3.6111505031585693,0.2685200870037079,3.342630386352539
511,3.6662304401397705,0.2953692078590393,3.370861291885376
512,3.6377365589141846,0.255686491727829,3.382050037384033
513,3.633108139038086,0.25945472717285156,3.3736534118652344
514,3.625128746032715,0.2642259895801544,3.360902786254883
515,3.6379690170288086,0.2665034532546997,3.3714654445648193
516,3.624208450317383,0.25476527214050293,3.36944317817688
517,3.649028778076172,0.2785549759864807,3.370473861694336
518,3.610128879547119,0.251251220703125,3.358877658843994
519,3.594693660736084,0.22984158992767334,3.364851951599121
520,3.6409034729003906,0.2639864981174469,3.3769168853759766
521,3.6121208667755127,0.24632707238197327,3.3657937049865723
522,3.668431520462036,0.25899145007133484,3.409440040588379
523,3.6123318672180176,0.25137293338775635,3.3609588146209717
524,3.631228446960449,0.25370532274246216,3.377523183822632
525,3.612966299057007,0.25194475054740906,3.3610215187072754
526,3.65067720413208,0.2827720642089844,3.3679051399230957
527,3.60595440864563,0.22671039402484894,3.379244089126587
528,3.6447834968566895,0.2733481228351593,3.3714354038238525
529,3.6184239387512207,0.2644595801830292,3.353964328765869
530,3.594635248184204,0.23321232199668884,3.3614230155944824
531,3.641144037246704,0.2603859007358551,3.380758047103882
532,3.6317191123962402,0.2399519681930542,3.3917672634124756
533,3.639976739883423,0.2653047442436218,3.3746719360351562
534,3.5883500576019287,0.23829777538776398,3.3500523567199707
535,3.627586603164673,0.25465983152389526,3.372926712036133
536,3.600170612335205,0.2514396905899048,3.34873104095459
537,3.678896903991699,0.2698497176170349,3.4090471267700195
538,3.581085681915283,0.23285217583179474,3.348233461380005
539,3.637547016143799,0.2594980299472809,3.378048896789551
540,3.5854599475860596,0.23607808351516724,3.349381923675537
541,3.6362147331237793,0.25459516048431396,3.381619691848755
542,3.6184933185577393,0.2421124130487442,3.3763809204101562
543,3.6303963661193848,0.24280492961406708,3.3875913619995117
544,3.6535239219665527,0.28871476650238037,3.364809274673462
545,3.6087381839752197,0.2602999210357666,3.348438262939453
546,3.640604019165039,0.2544723153114319,3.386131763458252
547,3.6371538639068604,0.26650509238243103,3.3706488609313965
548,3.632110357284546,0.2577979862689972,3.374312400817871
549,3.598267078399658,0.24165445566177368,3.3566126823425293
550,3.6966047286987305,0.31127840280532837,3.385326385498047
551,3.643282175064087,0.2733116149902344,3.3699705600738525
552,3.657177448272705,0.28539150953292847,3.371785879135132
553,3.650552272796631,0.25906655192375183,3.3914856910705566
554,3.6507604122161865,0.28348278999328613,3.3672776222229004
555,3.6475863456726074,0.24009011685848236,3.407496213912964
556,3.630586862564087,0.26210999488830566,3.3684768676757812
557,3.6361939907073975,0.26497700810432434,3.3712170124053955
558,3.6304097175598145,0.26130211353302,3.369107723236084
559,3.6028261184692383,0.23722133040428162,3.365604877471924
560,3.6044514179229736,0.22372224926948547,3.3807291984558105
561,3.636115550994873,0.25742435455322266,3.3786911964416504
562,3.633139133453369,0.2531895935535431,3.3799495697021484
563,3.6347341537475586,0.26607954502105713,3.368654727935791
564,3.6128766536712646,0.24172192811965942,3.37115478515625
565,3.6455655097961426,0.27991628646850586,3.3656492233276367
566,3.6766388416290283,0.2987067699432373,3.377932071685791
567,3.590402364730835,0.23541654646396637,3.3549857139587402
568,3.621891736984253,0.24596025049686432,3.37593150138855
569,3.6389427185058594,0.2685335874557495,3.3704090118408203
570,3.6120920181274414,0.24236609041690826,3.3697259426116943
571,3.6290180683135986,0.24237185716629028,3.386646270751953
572,3.5739595890045166,0.2226356416940689,3.3513238430023193
573,3.6619317531585693,0.2669723629951477,3.3949594497680664
574,3.6606624126434326,0.2775861620903015,3.3830761909484863
575,3.6421444416046143,0.267647922039032,3.3744964599609375
576,3.649247169494629,0.25993773341178894,3.3893094062805176
577,3.6678552627563477,0.2779911756515503,3.389863967895508
578,3.6337695121765137,0.2507411241531372,3.383028268814087
579,3.6850717067718506,0.2871067225933075,3.3979649543762207
580,3.6096253395080566,0.24656735360622406,3.363058090209961
581,3.6556742191314697,0.24971646070480347,3.4059576988220215
582,3.630107879638672,0.27365273237228394,3.356455087661743
583,3.6300930976867676,0.2633957266807556,3.366697311401367
584,3.6469764709472656,0.2621746361255646,3.3848018646240234
585,3.592413902282715,0.2414974868297577,3.3509163856506348
586,3.6226422786712646,0.24056023359298706,3.382081985473633
587,3.6443142890930176,0.25251466035842896,3.3917996883392334
588,3.640096426010132,0.24611982703208923,3.3939766883850098
589,3.6118521690368652,0.250069260597229,3.361783027648926
590,3.614062547683716,0.25536274909973145,3.3586997985839844
591,3.622770071029663,0.24264484643936157,3.3801252841949463
592,3.6025326251983643,0.24127140641212463,3.3612611293792725
593,3.6392078399658203,0.26232683658599854,3.3768811225891113
594,3.5891616344451904,0.23838992416858673,3.35077166557312
595,3.6459338665008545,0.27281275391578674,3.3731210231781006
596,3.649970531463623,0.2712603807449341,3.3787100315093994
597,3.65010929107666,0.2510089874267578,3.3991003036499023
598,3.6584439277648926,0.2707739770412445,3.3876700401306152
599,3.6739537715911865,0.2878970503807068,3.386056661605835
600,3.6583898067474365,0.2835381329059601,3.374851703643799
601,3.6216087341308594,0.25264742970466614,3.3689613342285156
602,3.636720657348633,0.25576886534690857,3.3809518814086914
603,3.625157594680786,0.2265765219926834,3.398581027984619
604,3.657628059387207,0.2733478844165802,3.384280204772949
605,3.6142735481262207,0.2440042495727539,3.370269298553467
606,3.660569190979004,0.270499587059021,3.3900697231292725
607,3.645090103149414,0.257479727268219,3.38761043548584
608,3.624816417694092,0.2597019672393799,3.365114450454712
609,3.6296277046203613,0.2570562958717346,3.3725714683532715
610,3.5972182750701904,0.2315261960029602,3.365692138671875
611,3.6436424255371094,0.25498533248901367,3.3886570930480957
612,3.6197869777679443,0.23012427985668182,3.389662742614746
613,3.6004860401153564,0.22922873497009277,3.3712573051452637
614,3.644965648651123,0.2632521390914917,3.381713390350342
615,3.6053576469421387,0.23530949652194977,3.3700480461120605
616,3.655588388442993,0.2763873040676117,3.3792011737823486
617,3.623715400695801,0.2457188069820404,3.3779966831207275
618,3.625372886657715,0.2563513517379761,3.369021415710449
619,3.6065382957458496,0.24745681881904602,3.359081506729126
620,3.656733512878418,0.26388561725616455,3.392848014831543
621,3.648526191711426,0.28013575077056885,3.3683903217315674
622,3.6356146335601807,0.24352622032165527,3.3920884132385254
623,3.6065707206726074,0.2441312074661255,3.3624396324157715
624,3.637256383895874,0.2377420961856842,3.3995141983032227
625,3.644061326980591,0.2742297947406769,3.3698315620422363
626,3.676215171813965,0.2914942502975464,3.384720802307129
627,3.625840663909912,0.23460818827152252,3.391232490539551
628,3.6556036472320557,0.2615871727466583,3.3940165042877197
629,3.5609359741210938,0.21231596171855927,3.3486199378967285
630,3.60315203666687,0.22350896894931793,3.379642963409424
631,3.653416633605957,0.2686769962310791,3.384739637374878
632,3.612640142440796,0.24289259314537048,3.3697476387023926
633,3.620861053466797,0.25512874126434326,3.365732192993164
634,3.660421371459961,0.27164557576179504,3.3887758255004883
635,3.6359951496124268,0.24475784599781036,3.391237258911133
636,3.6420888900756836,0.2526611387729645,3.389427661895752
637,3.641934633255005,0.26841941475868225,3.3735151290893555
638,3.626384973526001,0.2602269947528839,3.3661580085754395
639,3.630300283432007,0.25492358207702637,3.3753767013549805
640,3.6440227031707764,0.26144152879714966,3.3825812339782715
641,3.69400954246521,0.30261102318763733,3.3913984298706055
642,3.596477508544922,0.23951993882656097,3.3569576740264893
643,3.6624603271484375,0.24751146137714386,3.4149489402770996
644,3.6356911659240723,0.2555917501449585,3.3800995349884033
645,3.652372360229492,0.2841130495071411,3.3682594299316406
646,3.652167320251465,0.2669185996055603,3.3852486610412598
647,3.627880811691284,0.24077346920967102,3.3871073722839355
648,3.6319386959075928,0.2562131881713867,3.375725507736206
649,3.615062952041626,0.2274274230003357,3.3876354694366455
650,3.6486270427703857,0.26450616121292114,3.3841209411621094
651,3.6385087966918945,0.249079167842865,3.3894295692443848
652,3.6179933547973633,0.24689054489135742,3.371102809906006
653,3.6014316082000732,0.23333582282066345,3.368095874786377
654,3.5921146869659424,0.2339680790901184,3.3581466674804688
655,3.6597461700439453,0.2692505419254303,3.390495538711548
656,3.6590027809143066,0.26972687244415283,3.3892760276794434
657,3.608600616455078,0.2388654202222824,3.3697352409362793
658,3.618419647216797,0.2468048632144928,3.371614694595337
659,3.6261980533599854,0.2412412464618683,3.3849568367004395
660,3.624490261077881,0.26114094257354736,3.363349437713623
661,3.637162685394287,0.24699577689170837,3.390166997909546
662,3.6234402656555176,0.2573065459728241,3.366133689880371
663,3.596715211868286,0.23272542655467987,3.36398983001709
664,3.6357760429382324,0.2553676962852478,3.38040828704834
665,3.656520366668701,0.276817262172699,3.3797030448913574
666,3.63138747215271,0.24632754921913147,3.3850598335266113
667,3.631521463394165,0.24701611697673798,3.384505271911621
668,3.5976169109344482,0.23869290947914124,3.35892391204834
669,3.6826043128967285,0.2892151176929474,3.3933892250061035
670,3.6668508052825928,0.2798355519771576,3.3870153427124023
671,3.5850110054016113,0.23029479384422302,3.3547163009643555
672,3.6574673652648926,0.277934193611145,3.379533052444458
673,3.6425671577453613,0.24590013921260834,3.396667003631592
674,3.636742115020752,0.2696647644042969,3.367077350616455
675,3.630033254623413,0.24610218405723572,3.3839311599731445
676,3.5784623622894287,0.20341505110263824,3.375047206878662
677,3.5999062061309814,0.23742356896400452,3.3624825477600098
678,3.644927978515625,0.24308881163597107,3.401839256286621
679,3.6046907901763916,0.2600131034851074,3.344677686691284
680,3.669603109359741,0.26123499870300293,3.4083681106567383
681,3.6399223804473877,0.2561953067779541,3.3837270736694336
682,3.6261661052703857,0.24057644605636597,3.385589599609375
683,3.6314544677734375,0.2740851640701294,3.3573694229125977
684,3.5964086055755615,0.2513444125652313,3.345064163208008
685,3.620757818222046,0.26746875047683716,3.3532891273498535
686,3.665536880493164,0.26750755310058594,3.398029327392578
687,3.6218698024749756,0.2556450366973877,3.366224765777588
688,3.6305782794952393,0.24823594093322754,3.3823423385620117
689,3.602750778198242,0.22394955158233643,3.378801107406616
690,3.6623473167419434,0.2722741961479187,3.39007306098938
691,3.62774920463562,0.2456372082233429,3.3821120262145996
692,3.6402485370635986,0.2689068913459778,3.3713417053222656
693,3.6617112159729004,0.2792545557022095,3.3824567794799805
694,3.60056471824646,0.23635095357894897,3.364213705062866
695,3.6803629398345947,0.2843422293663025,3.3960206508636475
696,3.635118246078491,0.2459755837917328,3.3891427516937256
697,3.613693952560425,0.2322094738483429,3.3814845085144043
698,3.6424858570098877,0.258160263299942,3.3843255043029785
699,3.638712167739868,0.23841592669487,3.400296211242676
700,3.5983333587646484,0.22568565607070923,3.372647762298584
701,3.6161141395568848,0.24846705794334412,3.367647171020508
702,3.6171624660491943,0.2551223635673523,3.3620400428771973
703,3.6456186771392822,0.24792218208312988,3.3976964950561523
704,3.6326253414154053,0.2574100196361542,3.3752152919769287
705,3.6096227169036865,0.23219521343708038,3.377427577972412
706,3.591047525405884,0.22076919674873352,3.3702783584594727
707,3.626840353012085,0.2416834682226181,3.3851568698883057
708,3.6582701206207275,0.26430782675743103,3.3939623832702637
709,3.6241791248321533,0.2501221001148224,3.3740570545196533
710,3.597963571548462,0.2367122769355774,3.3612513542175293
711,3.6234841346740723,0.2435726374387741,3.379911422729492
712,3.623992681503296,0.24086496233940125,3.3831276893615723
713,3.6024582386016846,0.24080103635787964,3.36165714263916
714,3.6772947311401367,0.28330036997795105,3.3939943313598633
715,3.572418689727783,0.21679580211639404,3.3556227684020996
716,3.591768264770508,0.2164515256881714,3.375316858291626
717,3.589407205581665,0.24472156167030334,3.3446855545043945
718,3.6596603393554688,0.273842453956604,3.3858180046081543
719,3.62204909324646,0.2451813519001007,3.3768677711486816
720,3.6490840911865234,0.27264076471328735,3.376443386077881
721,3.6084206104278564,0.23262672126293182,3.375793933868408
722,3.627246618270874,0.24940578639507294,3.377840757369995
723,3.637200355529785,0.2747114300727844,3.3624889850616455
724,3.6180474758148193,0.25015419721603394,3.3678932189941406
725,3.5777554512023926,0.22606948018074036,3.3516860008239746
726,3.636370897293091,0.26018795371055603,3.376183032989502
727,3.626124620437622,0.2487071305513382,3.37741756439209
728,3.6359639167785645,0.24666516482830048,3.389298677444458
729,3.6376595497131348,0.25608915090560913,3.381570339202881
730,3.6712679862976074,0.28046631813049316,3.3908016681671143
731,3.5837297439575195,0.23216533660888672,3.351564407348633
732,3.6092300415039062,0.24450992047786713,3.364720106124878
733,3.577040195465088,0.22451773285865784,3.352522373199463
734,3.5972232818603516,0.25313207507133484,3.3440911769866943
735,3.6238245964050293,0.24693121016025543,3.3768932819366455
736,3.657383918762207,0.27979984879493713,3.3775839805603027
737,3.6521239280700684,0.2732292711734772,3.378894567489624
738,3.641008138656616,0.25180456042289734,3.3892035484313965
739,3.637009620666504,0.2694772481918335,3.36753249168396
740,3.5982093811035156,0.22920697927474976,3.369002342224121
741,3.5896971225738525,0.21427425742149353,3.375422954559326
742,3.6264874935150146,0.22770947217941284,3.398777961730957
743,3.621753692626953,0.23510795831680298,3.386645793914795
744,3.5906083583831787,0.23690176010131836,3.3537065982818604
745,3.568852663040161,0.21823450922966003,3.3506181240081787
746,3.6086273193359375,0.2464926838874817,3.3621346950531006
747,3.6066384315490723,0.23578926920890808,3.370849132537842
748,3.638838052749634,0.26799067854881287,3.370847463607788
749,3.6373329162597656,0.2572547495365143,3.380078077316284
750,3.627761125564575,0.25057435035705566,3.3771867752075195
751,3.6096086502075195,0.24205991625785828,3.367548704147339
752,3.6060433387756348,0.23426568508148193,3.3717777729034424
753,3.6424314975738525,0.2699100375175476,3.37252140045166
754,3.5925769805908203,0.23856881260871887,3.354008197784424
755,3.604250192642212,0.21798160672187805,3.3862686157226562
756,3.64365291595459,0.2578287422657013,3.385824203491211
757,3.6324925422668457,0.27717459201812744,3.355318069458008
758,3.613245725631714,0.22588855028152466,3.387357234954834
759,3.627939462661743,0.24795344471931458,3.379986047744751
760,3.672050714492798,0.2723259925842285,3.3997247219085693
761,3.595906972885132,0.2308657467365265,3.3650412559509277
762,3.6232831478118896,0.24960914254188538,3.373673915863037
763,3.646195888519287,0.2559508681297302,3.390244960784912
764,3.6153664588928223,0.2467745542526245,3.3685920238494873
765,3.632791519165039,0.2568298578262329,3.3759617805480957
766,3.615173816680908,0.23586076498031616,3.3793129920959473
767,3.592532157897949,0.22260932624340057,3.3699228763580322
768,3.6281633377075195,0.2393510937690735,3.388812303543091
769,3.619208812713623,0.2437663972377777,3.3754425048828125
770,3.6433050632476807,0.2666694223880768,3.3766355514526367
771,3.609919548034668,0.2351919412612915,3.374727487564087
772,3.6541171073913574,0.26837360858917236,3.3857436180114746
773,3.62607479095459,0.23901450634002686,3.3870601654052734
774,3.6236026287078857,0.25054600834846497,3.373056650161743
775,3.5926926136016846,0.23286567628383636,3.3598270416259766
776,3.606266975402832,0.2553441524505615,3.3509228229522705
777,3.6751646995544434,0.29843559861183167,3.3767290115356445
778,3.628702402114868,0.256367951631546,3.3723344802856445
779,3.668483018875122,0.27816644310951233,3.3903164863586426
780,3.563460350036621,0.201104998588562,3.3623552322387695
781,3.6072239875793457,0.24925082921981812,3.357973098754883
782,3.628636598587036,0.25537410378456116,3.373262405395508
783,3.608114004135132,0.23963657021522522,3.3684773445129395
784,3.661130428314209,0.2971174120903015,3.3640129566192627
785,3.670713424682617,0.28540220856666565,3.3853111267089844
786,3.6235904693603516,0.25385597348213196,3.369734525680542
787,3.6160178184509277,0.24664613604545593,3.3693716526031494
788,3.5960006713867188,0.2350684404373169,3.3609323501586914
789,3.621488571166992,0.2496105432510376,3.371878147125244
790,3.608826160430908,0.233300119638443,3.375525951385498
791,3.6466052532196045,0.2571813464164734,3.3894238471984863
792,3.622356414794922,0.25657790899276733,3.3657784461975098
793,3.6405608654022217,0.28244829177856445,3.3581125736236572
794,3.6405718326568604,0.2677721083164215,3.3727996349334717
795,3.6699092388153076,0.28731077909469604,3.382598400115967
796,3.6468505859375,0.2588447332382202,3.3880059719085693
797,3.634465217590332,0.2727562189102173,3.3617091178894043
798,3.625044345855713,0.2289339154958725,3.3961105346679688
799,3.607736825942993,0.24678541719913483,3.3609514236450195
800,3.6070899963378906,0.22064301371574402,3.386446952819824
801,3.5745432376861572,0.21416078507900238,3.360382556915283
802,3.671374559402466,0.2770772874355316,3.3942973613739014
803,3.6003918647766113,0.22637784481048584,3.374014139175415
804,3.6585135459899902,0.2608795166015625,3.3976340293884277
805,3.6201486587524414,0.24443578720092773,3.3757128715515137
806,3.6538941860198975,0.2818072438240051,3.372087001800537
807,3.6161458492279053,0.2389439195394516,3.377202033996582
808,3.5997462272644043,0.22655782103538513,3.3731884956359863
809,3.5998423099517822,0.23778849840164185,3.362053871154785
810,3.606293201446533,0.22350984811782837,3.3827834129333496
811,3.650907039642334,0.24907439947128296,3.4018325805664062
812,3.6480579376220703,0.26503312587738037,3.3830246925354004
813,3.602005958557129,0.22546669840812683,3.3765392303466797
814,3.620333194732666,0.2594741880893707,3.360858917236328
815,3.6245267391204834,0.2439775913953781,3.380549192428589
816,3.60518217086792,0.24178513884544373,3.3633971214294434
817,3.615605115890503,0.23620477318763733,3.3794002532958984
818,3.6397299766540527,0.2471362203359604,3.3925938606262207
819,3.608445644378662,0.23307521641254425,3.375370502471924
820,3.642789363861084,0.2722763121128082,3.3705129623413086
821,3.6079671382904053,0.22427307069301605,3.3836941719055176
822,3.624969482421875,0.2524939775466919,3.3724756240844727
823,3.627147674560547,0.2626437544822693,3.364503860473633
824,3.6185410022735596,0.2483636885881424,3.3701772689819336
825,3.6449990272521973,0.2505086064338684,3.3944904804229736
826,3.624342203140259,0.2549397945404053,3.3694024085998535
827,3.594062089920044,0.23218561708927155,3.3618764877319336
828,3.6345643997192383,0.25824588537216187,3.3763184547424316
829,3.5911107063293457,0.21809881925582886,3.373011827468872
830,3.6318130493164062,0.2464050054550171,3.3854079246520996
831,3.6329991817474365,0.2573540210723877,3.375645160675049
832,3.605665445327759,0.22390876710414886,3.3817567825317383
833,3.620884895324707,0.23358047008514404,3.3873045444488525
834,3.637591600418091,0.2637958228588104,3.373795747756958
835,3.6494669914245605,0.2665124237537384,3.3829545974731445
836,3.641249179840088,0.23591652512550354,3.405332565307617
837,3.6426854133605957,0.26187267899513245,3.380812644958496
838,3.57944655418396,0.21995320916175842,3.3594932556152344
839,3.5912702083587646,0.22238315641880035,3.368886947631836
840,3.6686980724334717,0.2724207043647766,3.39627742767334
841,3.632200241088867,0.23815953731536865,3.394040822982788
842,3.5740432739257812,0.20777654647827148,3.3662667274475098
843,3.6106150150299072,0.23041266202926636,3.380202293395996
844,3.6297736167907715,0.24261564016342163,3.387157917022705
845,3.6060702800750732,0.24258656799793243,3.3634836673736572
846,3.615786552429199,0.25100743770599365,3.364778995513916
847,3.5947446823120117,0.2322854846715927,3.362459182739258
848,3.6371941566467285,0.2533864378929138,3.38380765914917
849,3.6154232025146484,0.24351507425308228,3.371908187866211
850,3.6171555519104004,0.23897457122802734,3.378180980682373
851,3.631173610687256,0.2337702214717865,3.3974034786224365
852,3.648604154586792,0.25947871804237366,3.389125347137451
853,3.6788957118988037,0.2817601263523102,3.3971354961395264
854,3.624037981033325,0.2482011616230011,3.3758368492126465
855,3.6016743183135986,0.24576438963413239,3.355909824371338
856,3.598670482635498,0.22664783895015717,3.3720226287841797
857,3.642193078994751,0.2535575330257416,3.3886356353759766
858,3.63631534576416,0.258704274892807,3.3776111602783203
859,3.6650547981262207,0.27475982904434204,3.3902950286865234
860,3.633998394012451,0.25467196106910706,3.379326343536377
861,3.6473257541656494,0.26255470514297485,3.3847711086273193
862,3.6186716556549072,0.24111893773078918,3.3775527477264404
863,3.6533761024475098,0.24388913810253143,3.409487009048462
864,3.6124281883239746,0.24608463048934937,3.3663434982299805
865,3.6124327182769775,0.2335580736398697,3.3788745403289795
866,3.605336904525757,0.2492228001356125,3.356114149093628
867,3.631880760192871,0.2680075168609619,3.363873243331909
868,3.6142280101776123,0.25123992562294006,3.362987995147705
869,3.626674175262451,0.2261766940355301,3.4004974365234375
870,3.666351318359375,0.2617722153663635,3.4045791625976562
871,3.6453187465667725,0.2769306004047394,3.3683881759643555
872,3.6368255615234375,0.23842212557792664,3.3984034061431885
873,3.610588550567627,0.2543178200721741,3.3562707901000977
874,3.6257271766662598,0.2560535669326782,3.369673728942871
875,3.626821517944336,0.24300801753997803,3.3838133811950684
876,3.6085877418518066,0.24902626872062683,3.3595614433288574
877,3.643681049346924,0.2687959671020508,3.374885082244873
878,3.6132700443267822,0.23951035737991333,3.3737597465515137
879,3.6643266677856445,0.2624191641807556,3.401907444000244
880,3.6342034339904785,0.25346651673316956,3.380736827850342
881,3.6508901119232178,0.27491116523742676,3.375978946685791
882,3.6165130138397217,0.24633675813674927,3.370176315307617
883,3.652249574661255,0.2695954740047455,3.3826541900634766
884,3.582524299621582,0.22207222878932953,3.360452175140381
885,3.644784688949585,0.26759034395217896,3.377194404602051
886,3.613327741622925,0.24255451560020447,3.3707733154296875
887,3.635314702987671,0.2565857768058777,3.3787288665771484
888,3.600555419921875,0.24637234210968018,3.3541829586029053
889,3.668203115463257,0.29005056619644165,3.37815260887146
890,3.6161816120147705,0.260062038898468,3.3561196327209473
891,3.5853993892669678,0.2265259474515915,3.3588733673095703
892,3.5977683067321777,0.23007309436798096,3.3676953315734863
893,3.599777936935425,0.22935590147972107,3.370422124862671
894,3.6230309009552,0.25479158759117126,3.368239402770996
895,3.6531577110290527,0.26528507471084595,3.3878726959228516
896,3.5816149711608887,0.21633562445640564,3.36527943611145
897,3.5751967430114746,0.2211345136165619,3.35406231880188
898,3.5664989948272705,0.2084859311580658,3.358013153076172
899,3.6387393474578857,0.25860458612442017,3.3801348209381104
900,3.617006778717041,0.254095196723938,3.3629114627838135
901,3.679030418395996,0.26772022247314453,3.4113101959228516
902,3.6285839080810547,0.2552539110183716,3.3733301162719727
903,3.658623218536377,0.2694971561431885,3.3891260623931885
904,3.631779670715332,0.2509814500808716,3.380798101425171
905,3.616346836090088,0.24405309557914734,3.372293710708618
906,3.6065361499786377,0.2273961454629898,3.3791399002075195
907,3.617187023162842,0.22473463416099548,3.3924524784088135
908,3.596834421157837,0.23102708160877228,3.365807294845581
909,3.5832412242889404,0.21384979784488678,3.369391441345215
910,3.6622538566589355,0.27092689275741577,3.391326904296875
911,3.6122896671295166,0.25169897079467773,3.360590696334839
912,3.604379653930664,0.23225456476211548,3.3721251487731934
913,3.6224076747894287,0.26230767369270325,3.360100030899048
914,3.6433207988739014,0.27221065759658813,3.371110200881958
915,3.6310791969299316,0.26107603311538696,3.3700032234191895
916,3.596236228942871,0.22785627841949463,3.368380069732666
917,3.635671377182007,0.25544285774230957,3.3802285194396973
918,3.599396228790283,0.2344440221786499,3.3649520874023438
919,3.6164515018463135,0.2317255288362503,3.384726047515869
920,3.6145503520965576,0.24948623776435852,3.3650641441345215
921,3.6130666732788086,0.2446846067905426,3.368381977081299
922,3.6525051593780518,0.26419517397880554,3.388309955596924
923,3.686393976211548,0.28487759828567505,3.4015164375305176
924,3.636977434158325,0.2674560546875,3.369521379470825
925,3.636343479156494,0.23278877139091492,3.403554677963257
926,3.632700204849243,0.2529635727405548,3.3797366619110107
927,3.6618919372558594,0.26414358615875244,3.3977482318878174
928,3.6121559143066406,0.22722671926021576,3.3849291801452637
929,3.667879104614258,0.26236870884895325,3.405510425567627
930,3.6096866130828857,0.2343818098306656,3.375304698944092
931,3.660065174102783,0.26309216022491455,3.396973133087158
932,3.621184825897217,0.2362316995859146,3.384953022003174
933,3.6480751037597656,0.27470865845680237,3.373366355895996
934,3.626332998275757,0.23645387589931488,3.3898792266845703
935,3.635047674179077,0.2786012291908264,3.3564465045928955
936,3.5669050216674805,0.21920138597488403,3.347703695297241
937,3.6318390369415283,0.24188202619552612,3.3899569511413574
938,3.6242969036102295,0.2348945587873459,3.389402389526367
939,3.592072010040283,0.2326280176639557,3.3594439029693604
940,3.636305332183838,0.2662302255630493,3.370074987411499
941,3.673316240310669,0.2767413258552551,3.3965749740600586
942,3.626279830932617,0.2590023875236511,3.3672773838043213
943,3.6315674781799316,0.256980836391449,3.374586582183838
944,3.6135873794555664,0.25160515308380127,3.3619821071624756
945,3.6285462379455566,0.2508561909198761,3.377690076828003
946,3.6343441009521484,0.24743103981018066,3.3869130611419678
947,3.6181163787841797,0.2524603009223938,3.3656561374664307
948,3.618781566619873,0.23414182662963867,3.3846397399902344
949,3.625208616256714,0.25337523221969604,3.371833324432373
950,3.6141648292541504,0.23867616057395935,3.375488758087158
951,3.630936861038208,0.2622368335723877,3.3687000274658203
952,3.6213674545288086,0.2679300904273987,3.3534374237060547
953,3.574615240097046,0.223866268992424,3.3507490158081055
954,3.592393398284912,0.21634617447853088,3.376047134399414
955,3.6282074451446533,0.2498871237039566,3.3783202171325684
956,3.6064603328704834,0.23792962729930878,3.368530750274658
957,3.6089208126068115,0.24103954434394836,3.3678812980651855
958,3.5794553756713867,0.21488256752490997,3.364572763442993
959,3.638700246810913,0.26503199338912964,3.3736681938171387
960,3.595963478088379,0.2259179651737213,3.3700454235076904
961,3.6208810806274414,0.24956369400024414,3.3713173866271973
962,3.5751423835754395,0.22553199529647827,3.3496103286743164
963,3.5889010429382324,0.23030507564544678,3.358595848083496
964,3.6013429164886475,0.22208227217197418,3.379260540008545
965,3.6428394317626953,0.2751292288303375,3.3677101135253906
966,3.623701810836792,0.23003166913986206,3.393670082092285
967,3.617476224899292,0.2509222626686096,3.366554021835327
968,3.611318588256836,0.24046728014945984,3.3708512783050537
969,3.610755681991577,0.23382499814033508,3.3769307136535645
970,3.5611367225646973,0.21076995134353638,3.3503668308258057
971,3.6205027103424072,0.2544834017753601,3.3660192489624023
972,3.626641035079956,0.2664601802825928,3.3601808547973633
973,3.6128175258636475,0.2421976923942566,3.370619773864746
974,3.595215320587158,0.22326993942260742,3.371945381164551
975,3.5782365798950195,0.21592192351818085,3.3623147010803223
976,3.590386152267456,0.22897225618362427,3.3614139556884766
977,3.588624954223633,0.2241925299167633,3.3644323348999023
978,3.618417978286743,0.25419631600379944,3.3642215728759766
979,3.5959627628326416,0.2418791800737381,3.35408353805542
980,3.6306891441345215,0.25062933564186096,3.3800597190856934
981,3.6054680347442627,0.23076456785202026,3.3747034072875977
982,3.5869147777557373,0.22433146834373474,3.3625833988189697
983,3.6018917560577393,0.23713810741901398,3.3647537231445312
984,3.57985258102417,0.2118806689977646,3.367971897125244
985,3.6405622959136963,0.23148693144321442,3.4090752601623535
986,3.5941035747528076,0.2326698899269104,3.361433744430542
987,3.643505811691284,0.25913792848587036,3.3843679428100586
988,3.579535484313965,0.20266352593898773,3.3768720626831055
989,3.617344856262207,0.2297617793083191,3.387583017349243
990,3.6795668601989746,0.26831871271133423,3.411248207092285
991,3.6051201820373535,0.2384214699268341,3.366698741912842
992,3.568026542663574,0.20424027740955353,3.363786220550537
993,3.6478476524353027,0.25100648403167725,3.396841049194336
994,3.6278114318847656,0.2562676966190338,3.3715436458587646
995,3.6296420097351074,0.23659375309944153,3.3930482864379883
996,3.6448893547058105,0.24575786292552948,3.3991315364837646
997,3.619694948196411,0.23369616270065308,3.3859987258911133
998,3.6114323139190674,0.23312808573246002,3.3783042430877686
999,3.6415610313415527,0.2643170654773712,3.377243995666504
1000,3.624016046524048,0.2558442950248718,3.3681716918945312
1001,3.600893974304199,0.22609053552150726,3.3748035430908203
1002,3.611837148666382,0.23426124453544617,3.3775758743286133
1003,3.6285250186920166,0.23093554377555847,3.3975894451141357
1004,3.617341995239258,0.23150157928466797,3.38584041595459
1005,3.6604397296905518,0.28672489523887634,3.3737149238586426
1006,3.6241414546966553,0.25130558013916016,3.372835874557495
1007,3.631200075149536,0.24182456731796265,3.3893754482269287
1008,3.6036126613616943,0.24108892679214478,3.3625237941741943
1009,3.6354007720947266,0.26213183999061584,3.3732688426971436
1010,3.61576509475708,0.2540903687477112,3.3616747856140137
1011,3.6199429035186768,0.23879578709602356,3.3811471462249756
1012,3.5849733352661133,0.21276530623435974,3.3722081184387207
1013,3.5904719829559326,0.2286592274904251,3.3618128299713135
1014,3.626828908920288,0.23692353069782257,3.3899054527282715
1015,3.6054978370666504,0.24191433191299438,3.363583564758301
1016,3.616488218307495,0.245435893535614,3.3710522651672363
1017,3.6297967433929443,0.24730832874774933,3.382488489151001
1018,3.592315435409546,0.22628144919872284,3.3660340309143066
1019,3.618720293045044,0.2475200742483139,3.3712003231048584
1020,3.5942797660827637,0.23089319467544556,3.363386631011963
1021,3.6286280155181885,0.24922053515911102,3.3794074058532715
1022,3.623906373977661,0.24811767041683197,3.375788688659668
1023,3.6366398334503174,0.24904955923557281,3.387590169906616
1024,3.6046268939971924,0.2367517352104187,3.367875099182129
1025,3.6078298091888428,0.23006084561347961,3.3777689933776855
1026,3.6186578273773193,0.2365950047969818,3.3820629119873047
1027,3.6200082302093506,0.22887161374092102,3.391136646270752
1028,3.580106496810913,0.23152801394462585,3.348578453063965
1029,3.6084179878234863,0.2422785609960556,3.3661394119262695
1030,3.6027143001556396,0.22774887084960938,3.3749654293060303
1031,3.6073858737945557,0.23493266105651855,3.372453212738037
1032,3.628408193588257,0.2578682005405426,3.370539903640747
1033,3.6313393115997314,0.2646179795265198,3.3667213916778564
1034,3.6276495456695557,0.2589995563030243,3.368649959564209
1035,3.6386420726776123,0.25720176100730896,3.3814404010772705
1036,3.6271023750305176,0.24372154474258423,3.383380889892578
1037,3.618067502975464,0.2531927227973938,3.364874839782715
1038,3.624326229095459,0.25642451643943787,3.3679018020629883
1039,3.6423447132110596,0.2665603756904602,3.375784397125244
1040,3.6055984497070312,0.21676087379455566,3.3888375759124756
1041,3.634514808654785,0.26377248764038086,3.3707423210144043
1042,3.601909637451172,0.22556227445602417,3.376347303390503
1043,3.6205601692199707,0.24960358440876007,3.3709566593170166
1044,3.608884811401367,0.23968160152435303,3.3692030906677246
1045,3.6637439727783203,0.2735532522201538,3.390190601348877
1046,3.608081579208374,0.22681541740894318,3.3812661170959473
1047,3.6617021560668945,0.28339630365371704,3.3783059120178223
1048,3.6368308067321777,0.25741440057754517,3.3794164657592773
1049,3.665203332901001,0.2586042881011963,3.4065990447998047
1050,3.6547467708587646,0.2653023302555084,3.389444351196289
1051,3.6399645805358887,0.2546466588973999,3.385317802429199
1052,3.6194305419921875,0.2277977019548416,3.3916327953338623
1053,3.6268563270568848,0.2577677369117737,3.369088649749756
1054,3.6198558807373047,0.23549944162368774,3.3843564987182617
1055,3.6191470623016357,0.2434883415699005,3.3756587505340576
1056,3.616917371749878,0.23827484250068665,3.3786425590515137
1057,3.5885956287384033,0.22328196465969086,3.365313768386841
1058,3.633249282836914,0.25431180000305176,3.3789374828338623
1059,3.604397773742676,0.24217450618743896,3.3622233867645264
1060,3.589019536972046,0.22942911088466644,3.359590530395508
1061,3.6354405879974365,0.24687451124191284,3.388566017150879
1062,3.6059274673461914,0.24683336913585663,3.3590941429138184
1063,3.6248247623443604,0.24352706968784332,3.3812975883483887
1064,3.5973355770111084,0.22373995184898376,3.373595714569092
1065,3.6376678943634033,0.26399827003479004,3.3736696243286133
1066,3.5783979892730713,0.22017666697502136,3.3582212924957275
1067,3.5977606773376465,0.24351048469543457,3.354250192642212
1068,3.630413293838501,0.2602802813053131,3.3701329231262207
1069,3.6093263626098633,0.23200702667236328,3.3773193359375
1070,3.6039085388183594,0.22316919267177582,3.380739450454712
1071,3.597158432006836,0.23482272028923035,3.362335681915283
1072,3.6087708473205566,0.2405734658241272,3.368197441101074
1073,3.5839972496032715,0.21443340182304382,3.3695638179779053
1074,3.6304569244384766,0.23303920030593872,3.3974177837371826
1075,3.6161153316497803,0.24283504486083984,3.3732802867889404
1076,3.5995614528656006,0.22768789529800415,3.371873617172241
1077,3.6143646240234375,0.24416446685791016,3.3702001571655273
1078,3.667332172393799,0.28160855174064636,3.38572359085083
1079,3.6025242805480957,0.22872301936149597,3.3738012313842773
1080,3.60402774810791,0.2278764247894287,3.3761513233184814
1081,3.612163782119751,0.2485218197107315,3.3636419773101807
1082,3.607635259628296,0.23881155252456665,3.368823766708374
1083,3.5964531898498535,0.2399970293045044,3.3564562797546387
1084,3.6470134258270264,0.26138466596603394,3.3856287002563477
1085,3.6289315223693848,0.23717227578163147,3.391759157180786
1086,3.5767691135406494,0.20733094215393066,3.3694381713867188
1087,3.6128530502319336,0.24689927697181702,3.3659536838531494
1088,3.572190999984741,0.22367648780345917,3.3485145568847656
1089,3.6308176517486572,0.2262851446866989,3.4045324325561523
1090,3.60052490234375,0.23496884107589722,3.365556001663208
1091,3.573812484741211,0.22359174489974976,3.3502206802368164
1092,3.57273530960083,0.2214498519897461,3.351285457611084
1093,3.605961799621582,0.2321382462978363,3.373823642730713
1094,3.6014983654022217,0.23268014192581177,3.3688182830810547
1095,3.5824074745178223,0.23141324520111084,3.350994110107422
1096,3.6279916763305664,0.24485774338245392,3.383133888244629
1097,3.5844967365264893,0.215683251619339,3.3688135147094727
1098,3.6267905235290527,0.24240642786026,3.3843841552734375
1099,3.6282713413238525,0.26156625151634216,3.3667051792144775
1100,3.607347011566162,0.2418607473373413,3.3654861450195312
1101,3.6507973670959473,0.24959473311901093,3.40120267868042
1102,3.6202592849731445,0.24558135867118835,3.374677896499634
1103,3.6561646461486816,0.2438620924949646,3.4123024940490723
1104,3.623709201812744,0.25250864028930664,3.3712005615234375
1105,3.6194992065429688,0.2507590651512146,3.3687400817871094
1106,3.654201030731201,0.267877995967865,3.3863229751586914
1107,3.604330062866211,0.21881821751594543,3.385511875152588
1108,3.606877326965332,0.2235475480556488,3.3833298683166504
1109,3.6050987243652344,0.23417270183563232,3.3709259033203125
1110,3.5801517963409424,0.21763178706169128,3.3625199794769287
1111,3.5819127559661865,0.191727414727211,3.3901853561401367
1112,3.60154128074646,0.24082213640213013,3.3607192039489746
1113,3.625192880630493,0.2466874122619629,3.3785054683685303
1114,3.6258578300476074,0.24703972041606903,3.3788180351257324
1115,3.6202666759490967,0.25786885619163513,3.3623979091644287
1116,3.595796585083008,0.24171611666679382,3.3540804386138916
1117,3.6289291381835938,0.24443091452121735,3.384498119354248
1118,3.597686767578125,0.2360510230064392,3.361635684967041
1119,3.6068167686462402,0.25328171253204346,3.3535351753234863
1120,3.62864351272583,0.2463284134864807,3.382315158843994
1121,3.6138672828674316,0.21963894367218018,3.394228458404541
1122,3.6630351543426514,0.25291314721107483,3.4101219177246094
1123,3.623379945755005,0.2502902150154114,3.3730897903442383
1124,3.5919456481933594,0.21221888065338135,3.3797266483306885
1125,3.6028645038604736,0.23435476422309875,3.3685097694396973
1126,3.6552047729492188,0.2628498077392578,3.392354965209961
1127,3.613234758377075,0.24288716912269592,3.370347499847412
1128,3.627058744430542,0.2630416452884674,3.3640170097351074
1129,3.6168596744537354,0.2356800138950348,3.3811795711517334
1130,3.6154279708862305,0.23559167981147766,3.379836320877075
1131,3.5868563652038574,0.23203395307064056,3.3548223972320557
1132,3.6365630626678467,0.24726319313049316,3.3892998695373535
1133,3.6336233615875244,0.24647673964500427,3.3871467113494873
1134,3.614727020263672,0.2483893632888794,3.366337776184082
1135,3.61480712890625,0.23622258007526398,3.378584623336792
1136,3.612563133239746,0.24296727776527405,3.369595766067505
1137,3.637507915496826,0.2511647641658783,3.386343240737915
1138,3.60271954536438,0.24219578504562378,3.3605237007141113
1139,3.593602180480957,0.20790308713912964,3.3856990337371826
1140,3.622992753982544,0.2503785490989685,3.3726141452789307
1141,3.5996673107147217,0.22587177157402039,3.373795509338379
1142,3.610521078109741,0.2416529357433319,3.368868112564087
1143,3.6541812419891357,0.2623794674873352,3.3918018341064453
1144,3.629739284515381,0.24612724781036377,3.3836121559143066
1145,3.608487844467163,0.2435336410999298,3.3649542331695557
1146,3.6368298530578613,0.2459149956703186,3.3909149169921875
1147,3.6403048038482666,0.2687971889972687,3.3715076446533203
1148,3.5715296268463135,0.22427353262901306,3.3472561836242676
1149,3.6077990531921387,0.23497049510478973,3.372828483581543
1150,3.6441152095794678,0.25791457295417786,3.3862006664276123
1151,3.618612766265869,0.24250268936157227,3.376110076904297
1152,3.6657958030700684,0.2733100652694702,3.3924856185913086
1153,3.5984609127044678,0.24113154411315918,3.3573293685913086
1154,3.606642961502075,0.23250217735767365,3.374140739440918
1155,3.627840995788574,0.2580927610397339,3.36974835395813
1156,3.597766399383545,0.2207426130771637,3.377023696899414
1157,3.6120002269744873,0.23945429921150208,3.3725459575653076
1158,3.6096887588500977,0.227958083152771,3.381730556488037
1159,3.5849177837371826,0.23607563972473145,3.348842144012451
1160,3.6205673217773438,0.2555502951145172,3.3650169372558594
1161,3.584041118621826,0.22284464538097382,3.361196517944336
1162,3.5935862064361572,0.23015710711479187,3.363429069519043
1163,3.5876102447509766,0.2245904952287674,3.3630197048187256
1164,3.6382625102996826,0.25649482011795044,3.381767749786377
1165,3.6742138862609863,0.2765696942806244,3.397644281387329
1166,3.5753371715545654,0.22445636987686157,3.3508808612823486
1167,3.5811409950256348,0.23302742838859558,3.348113536834717
1168,3.642428398132324,0.25433677434921265,3.388091564178467
1169,3.597106456756592,0.2216808795928955,3.3754255771636963
1170,3.5981955528259277,0.2212812304496765,3.3769142627716064
1171,3.64215350151062,0.26196596026420593,3.380187511444092
1172,3.6078925132751465,0.2379150390625,3.3699774742126465
1173,3.6500449180603027,0.264129102230072,3.385915756225586
1174,3.5935606956481934,0.23338627815246582,3.3601744174957275
1175,3.60677170753479,0.22717250883579254,3.379599094390869
1176,3.588691234588623,0.21189790964126587,3.376793384552002
1177,3.5855584144592285,0.22574511170387268,3.3598132133483887
1178,3.6031739711761475,0.22682447731494904,3.376349449157715
1179,3.608423948287964,0.21939006447792053,3.389033794403076
1180,3.615767002105713,0.24560844898223877,3.3701586723327637
1181,3.605943202972412,0.23433750867843628,3.371605634689331
1182,3.639559268951416,0.2670893669128418,3.372469902038574
1183,3.559065341949463,0.22121235728263855,3.337852954864502
1184,3.620328426361084,0.24643146991729736,3.373897075653076
1185,3.59979248046875,0.23448346555233002,3.365309000015259
1186,3.621445417404175,0.24201618134975433,3.379429340362549
1187,3.58743953704834,0.20690293610095978,3.3805365562438965
1188,3.6264030933380127,0.22951367497444153,3.3968894481658936
1189,3.5638859272003174,0.19665905833244324,3.3672268390655518
1190,3.579131603240967,0.21487513184547424,3.3642563819885254
1191,3.601630926132202,0.24043843150138855,3.361192464828491
1192,3.6153154373168945,0.23529772460460663,3.3800177574157715
1193,3.6302402019500732,0.2689829170703888,3.361257314682007
1194,3.634998083114624,0.24923846125602722,3.3857595920562744
1195,3.6330056190490723,0.25434017181396484,3.3786654472351074
1196,3.6544604301452637,0.259915292263031,3.394545078277588
1197,3.63713002204895,0.24966798722743988,3.3874621391296387
1198,3.619332790374756,0.24982713162899017,3.3695056438446045
1199,3.628113031387329,0.24883924424648285,3.3792738914489746
1200,3.612103223800659,0.24745486676692963,3.3646483421325684
1201,3.621117115020752,0.24257910251617432,3.378538131713867
1202,3.6209726333618164,0.24889227747917175,3.3720803260803223
1203,3.616800308227539,0.24391071498394012,3.372889518737793
1204,3.5795700550079346,0.2212032824754715,3.3583667278289795
1205,3.595597743988037,0.219302698969841,3.3762950897216797
1206,3.596933603286743,0.21618273854255676,3.380750894546509
1207,3.5651538372039795,0.21501772105693817,3.3501360416412354
1208,3.604915142059326,0.2516833543777466,3.35323166847229
1209,3.6008729934692383,0.23115432262420654,3.369718551635742
1210,3.617694854736328,0.24831807613372803,3.3693766593933105
1211,3.5703182220458984,0.21830539405345917,3.352012872695923
1212,3.587554931640625,0.22529049217700958,3.362264394760132
1213,3.625778913497925,0.2346213459968567,3.391157627105713
1214,3.630455493927002,0.2399207502603531,3.3905346393585205
1215,3.6331255435943604,0.22378845512866974,3.409337043762207
1216,3.615856885910034,0.24212023615837097,3.373736619949341
1217,3.598574638366699,0.2387198507785797,3.3598546981811523
1218,3.641540050506592,0.2602511942386627,3.381288766860962
1219,3.574035882949829,0.21687564253807068,3.3571603298187256
1220,3.573042154312134,0.2161412090063095,3.356900930404663
1221,3.599313259124756,0.21911956369876862,3.3801937103271484
1222,3.6381146907806396,0.2502305507659912,3.3878841400146484
1223,3.5681190490722656,0.22012433409690857,3.347994804382324
1224,3.6253669261932373,0.25788944959640503,3.3674774169921875
1225,3.625653028488159,0.24839483201503754,3.37725830078125
1226,3.606853485107422,0.2255925089120865,3.381260871887207
1227,3.6429734230041504,0.25261545181274414,3.3903579711914062
1228,3.602173089981079,0.23024138808250427,3.371931791305542
1229,3.620983362197876,0.23960858583450317,3.3813748359680176
1230,3.6050455570220947,0.2340775579214096,3.3709681034088135
1231,3.623107433319092,0.23260408639907837,3.390503406524658
1232,3.571251153945923,0.21698322892189026,3.3542678356170654
1233,3.5818328857421875,0.21032927930355072,3.3715035915374756
1234,3.61350154876709,0.25148627161979675,3.3620152473449707
1235,3.5941696166992188,0.24728436768054962,3.3468852043151855
1236,3.622220516204834,0.2236384153366089,3.3985819816589355
1237,3.6386818885803223,0.2605278491973877,3.3781540393829346
1238,3.632814645767212,0.2464483082294464,3.386366367340088
1239,3.6465115547180176,0.2414865791797638,3.405025005340576
1240,3.6181702613830566,0.2535346746444702,3.364635467529297
1241,3.577470541000366,0.21585920453071594,3.3616113662719727
1242,3.574812889099121,0.21922104060649872,3.3555917739868164
1243,3.581920862197876,0.20639438927173615,3.3755264282226562
1244,3.5790605545043945,0.2092132270336151,3.369847297668457
1245,3.631237745285034,0.24196410179138184,3.3892736434936523
1246,3.623591423034668,0.2510972023010254,3.3724942207336426
1247,3.583371877670288,0.2260289490222931,3.3573429584503174
1248,3.6398401260375977,0.24673974514007568,3.3931002616882324
1249,3.6186766624450684,0.24143442511558533,3.37724232673645
1250,3.6272621154785156,0.231084942817688,3.396177291870117
1251,3.5809566974639893,0.21040605008602142,3.3705506324768066
1252,3.6192941665649414,0.24402514100074768,3.3752689361572266
1253,3.5770809650421143,0.2277739942073822,3.349307060241699
1254,3.627041816711426,0.24697934091091156,3.3800625801086426
1255,3.605431318283081,0.24047501385211945,3.3649563789367676
1256,3.6094703674316406,0.24959984421730042,3.359870433807373
1257,3.6387033462524414,0.2476729154586792,3.3910303115844727
1258,3.632300615310669,0.23609012365341187,3.3962104320526123
1259,3.613499164581299,0.2294369637966156,3.3840622901916504
1260,3.6166605949401855,0.2370457500219345,3.37961483001709
1261,3.614501953125,0.23561908304691315,3.378882884979248
1262,3.6124792098999023,0.23128674924373627,3.381192445755005
1263,3.603701114654541,0.2375549077987671,3.3661460876464844
1264,3.586544990539551,0.23108762502670288,3.355457305908203
1265,3.607487201690674,0.2392650544643402,3.368222236633301
1266,3.6005747318267822,0.23518690466880798,3.3653879165649414
1267,3.622938871383667,0.2292836606502533,3.393655300140381
1268,3.5785558223724365,0.21558113396167755,3.3629746437072754
1269,3.6019575595855713,0.215289905667305,3.3866677284240723
1270,3.649707317352295,0.24600785970687866,3.4036993980407715
1271,3.610628604888916,0.22822877764701843,3.382399797439575
1272,3.6459033489227295,0.2536642551422119,3.3922390937805176
1273,3.586487054824829,0.22161301970481873,3.3648741245269775
1274,3.5916872024536133,0.22089606523513794,3.37079119682312
1275,3.613664388656616,0.2377191185951233,3.3759453296661377
1276,3.6046204566955566,0.23697437345981598,3.3676459789276123
1277,3.6521310806274414,0.2683084011077881,3.3838226795196533
1278,3.584113121032715,0.21939727663993835,3.364715814590454
1279,3.6102023124694824,0.2206769436597824,3.3895254135131836
1280,3.587289810180664,0.21971119940280914,3.3675785064697266
1281,3.590291738510132,0.23441332578659058,3.3558783531188965
1282,3.592696189880371,0.2190951704978943,3.373600959777832
1283,3.5986008644104004,0.21646739542484283,3.3821334838867188
1284,3.6107969284057617,0.22181355953216553,3.3889832496643066
1285,3.5951218605041504,0.23148685693740845,3.3636350631713867
1286,3.6395750045776367,0.2724710702896118,3.3671038150787354
1287,3.6055896282196045,0.22684571146965027,3.378743886947632
1288,3.6309828758239746,0.2391405552625656,3.3918423652648926
1289,3.5704774856567383,0.19863265752792358,3.37184476852417
1290,3.585009813308716,0.19648337364196777,3.388526439666748
1291,3.611459970474243,0.24611185491085052,3.3653481006622314
1292,3.6055493354797363,0.2516425848007202,3.3539068698883057
1293,3.6131675243377686,0.2260495126247406,3.387118101119995
1294,3.5991523265838623,0.23602302372455597,3.3631293773651123
1295,3.5975465774536133,0.23167328536510468,3.365873336791992
1296,3.549990177154541,0.2014601081609726,3.3485300540924072
1297,3.6097869873046875,0.23793119192123413,3.3718557357788086
1298,3.603470802307129,0.21145546436309814,3.3920154571533203
1299,3.6019458770751953,0.23919497430324554,3.362751007080078
1300,3.6306068897247314,0.2506893575191498,3.379917621612549
1301,3.608433723449707,0.23137778043746948,3.3770558834075928
1302,3.6064846515655518,0.2356136441230774,3.370871067047119
1303,3.5984385013580322,0.23038628697395325,3.3680522441864014
1304,3.590851306915283,0.2389560043811798,3.351895332336426
1305,3.6203155517578125,0.23511655628681183,3.3851990699768066
1306,3.6515958309173584,0.2658230662345886,3.385772705078125
1307,3.585392713546753,0.22053176164627075,3.364861011505127
1308,3.6223866939544678,0.2563541531562805,3.366032600402832
1309,3.6165080070495605,0.2346869558095932,3.3818211555480957
1310,3.6212046146392822,0.25458261370658875,3.366621971130371
1311,3.596853017807007,0.2312520146369934,3.365601062774658
1312,3.59706449508667,0.1955960988998413,3.401468276977539
1313,3.629927396774292,0.26015061140060425,3.369776725769043
1314,3.626877784729004,0.23358674347400665,3.3932909965515137
1315,3.5885586738586426,0.2136140763759613,3.3749446868896484
1316,3.662709951400757,0.2569105625152588,3.405799388885498
1317,3.595075845718384,0.2326464056968689,3.36242938041687
1318,3.628866672515869,0.2822118401527405,3.3466548919677734
1319,3.6679158210754395,0.2876186966896057,3.3802971839904785
1320,3.5901479721069336,0.21948584914207458,3.370662212371826
1321,3.5916526317596436,0.20503588020801544,3.3866167068481445
1322,3.6265358924865723,0.24902164936065674,3.377514362335205
1323,3.6368284225463867,0.24034306406974792,3.3964853286743164
1324,3.6380257606506348,0.2613440752029419,3.3766818046569824
1325,3.602893352508545,0.2230169177055359,3.3798763751983643
1326,3.6091806888580322,0.23230142891407013,3.3768792152404785
1327,3.5658066272735596,0.21155962347984314,3.3542470932006836
1328,3.6274983882904053,0.23965105414390564,3.387847423553467
1329,3.595224380493164,0.22328370809555054,3.3719406127929688
1330,3.5525875091552734,0.20387306809425354,3.3487143516540527
1331,3.583463430404663,0.21378681063652039,3.3696765899658203
1332,3.621450185775757,0.24978408217430115,3.371666193008423
1333,3.578098773956299,0.20198237895965576,3.3761162757873535
1334,3.6097400188446045,0.2469150274991989,3.3628249168395996
1335,3.6130778789520264,0.2067960798740387,3.4062817096710205
1336,3.582165479660034,0.20860454440116882,3.373560905456543
1337,3.6092841625213623,0.22915419936180115,3.3801300525665283
1338,3.581775188446045,0.2150142788887024,3.3667609691619873
1339,3.5527148246765137,0.20729005336761475,3.3454246520996094
1340,3.6174113750457764,0.23992027342319489,3.377490997314453
1341,3.625844955444336,0.24954447150230408,3.376300573348999
1342,3.6497371196746826,0.2761852741241455,3.373551845550537
1343,3.6299686431884766,0.2504907250404358,3.3794779777526855
1344,3.581735372543335,0.2147027850151062,3.367032527923584
1345,3.5514187812805176,0.20663779973983765,3.344780921936035
1346,3.5850987434387207,0.21744495630264282,3.3676538467407227
1347,3.639019727706909,0.27963900566101074,3.3593807220458984
1348,3.610588550567627,0.2288442850112915,3.381744146347046
1349,3.626056432723999,0.226399227976799,3.3996572494506836
1350,3.602534770965576,0.22647729516029358,3.3760573863983154
1351,3.6003456115722656,0.224210724234581,3.3761348724365234
1352,3.6060523986816406,0.23759180307388306,3.3684606552124023
1353,3.61043119430542,0.24237334728240967,3.3680577278137207
1354,3.6198132038116455,0.2531498968601227,3.3666632175445557
1355,3.6150405406951904,0.24811959266662598,3.3669209480285645
1356,3.563758611679077,0.2081354558467865,3.355623245239258
1357,3.582547903060913,0.2223695069551468,3.3601784706115723
1358,3.6269774436950684,0.248910591006279,3.3780667781829834
1359,3.5890467166900635,0.23594793677330017,3.3530988693237305
1360,3.6386287212371826,0.2543187141418457,3.384310007095337
1361,3.578880548477173,0.2136930674314499,3.365187406539917
1362,3.6215059757232666,0.24654370546340942,3.374962329864502
1363,3.637985944747925,0.2666277289390564,3.3713581562042236
1364,3.5927178859710693,0.23830676078796387,3.3544111251831055
1365,3.605213165283203,0.2338380515575409,3.37137508392334
1366,3.5908613204956055,0.23541724681854248,3.3554441928863525
1367,3.55796217918396,0.2003399282693863,3.3576221466064453
1368,3.6234543323516846,0.2513987421989441,3.3720555305480957
1369,3.567892551422119,0.2166045904159546,3.351287841796875
1370,3.6108152866363525,0.23287175595760345,3.377943515777588
1371,3.621630907058716,0.23753219842910767,3.384098768234253
1372,3.5840964317321777,0.20854230225086212,3.375554084777832
1373,3.593478202819824,0.2114466279745102,3.3820316791534424
1374,3.6409521102905273,0.23539254069328308,3.405559539794922
1375,3.6020121574401855,0.2184455394744873,3.3835666179656982
1376,3.595585346221924,0.20495179295539856,3.3906335830688477
1377,3.5945000648498535,0.2233434021472931,3.371156692504883
1378,3.621025800704956,0.24074339866638184,3.380282402038574
1379,3.5943946838378906,0.2268880158662796,3.367506742477417
1380,3.6082794666290283,0.24073998630046844,3.367539405822754
1381,3.58685040473938,0.21281656622886658,3.3740339279174805
1382,3.5864973068237305,0.22106659412384033,3.3654308319091797
1383,3.5962250232696533,0.22347483038902283,3.3727502822875977
1384,3.59902286529541,0.22351107001304626,3.375511884689331
1385,3.5940091609954834,0.2331750988960266,3.3608341217041016
1386,3.617100715637207,0.24185284972190857,3.3752479553222656
1387,3.5815250873565674,0.23989318311214447,3.3416318893432617
1388,3.5864176750183105,0.20689994096755981,3.3795177936553955
1389,3.6188719272613525,0.24410508573055267,3.3747668266296387
1390,3.577242374420166,0.21124497056007385,3.365997314453125
1391,3.588165760040283,0.23874792456626892,3.3494179248809814
1392,3.575007677078247,0.21157807111740112,3.363429546356201
1393,3.6022090911865234,0.22836926579475403,3.373839855194092
1394,3.642122983932495,0.2615813612937927,3.3805415630340576
1395,3.6487700939178467,0.2759859561920166,3.37278413772583
1396,3.6139075756073,0.24590809643268585,3.36799955368042
1397,3.616441488265991,0.23164337873458862,3.384798049926758
1398,3.60294246673584,0.2467106580734253,3.356231689453125
1399,3.587214231491089,0.20044919848442078,3.3867650032043457
1400,3.592902183532715,0.22706502676010132,3.3658370971679688
1401,3.5811474323272705,0.22059978544712067,3.3605475425720215
1402,3.5985286235809326,0.2291770577430725,3.369351625442505
1403,3.637481927871704,0.23493176698684692,3.402550220489502
1404,3.6299586296081543,0.23766927421092987,3.392289400100708
1405,3.616342306137085,0.23971110582351685,3.376631259918213
1406,3.5741724967956543,0.21460384130477905,3.3595685958862305
1407,3.608280897140503,0.23393946886062622,3.3743414878845215
1408,3.615525722503662,0.23135431110858917,3.384171485900879
1409,3.6279616355895996,0.2501652240753174,3.3777964115142822
1410,3.5754880905151367,0.21158544719219208,3.3639025688171387
1411,3.614945411682129,0.22004000842571259,3.3949053287506104
1412,3.580875873565674,0.2161003202199936,3.3647756576538086
1413,3.62373685836792,0.23873576521873474,3.3850011825561523
1414,3.6061341762542725,0.23266290128231049,3.373471260070801
1415,3.6369354724884033,0.25190287828445435,3.3850326538085938
1416,3.6309733390808105,0.25317269563674927,3.377800703048706
1417,3.642857074737549,0.25772181153297424,3.3851351737976074
1418,3.616760492324829,0.24001146852970123,3.376749038696289
1419,3.602055788040161,0.241194486618042,3.360861301422119
1420,3.554121494293213,0.19862136244773865,3.3555002212524414
1421,3.6191062927246094,0.20904436707496643,3.410061836242676
1422,3.615605354309082,0.24715305864810944,3.368452310562134
1423,3.6327552795410156,0.2549501657485962,3.377805233001709
1424,3.576206922531128,0.2008509486913681,3.3753559589385986
1425,3.6115522384643555,0.24088075757026672,3.370671510696411
1426,3.602064371109009,0.2380296140909195,3.364034652709961
1427,3.562577486038208,0.20305854082107544,3.3595190048217773
1428,3.6199710369110107,0.24133452773094177,3.378636598587036
1429,3.6445271968841553,0.26626840233802795,3.37825870513916
1430,3.6309428215026855,0.24881991744041443,3.3821229934692383
1431,3.6022861003875732,0.24136947095394135,3.3609166145324707
1432,3.6141929626464844,0.23279249668121338,3.3814005851745605
1433,3.6160006523132324,0.24077002704143524,3.375230550765991
1434,3.6247496604919434,0.2471466064453125,3.377603054046631
1435,3.642786979675293,0.24206888675689697,3.4007182121276855
1436,3.595667839050293,0.22648753225803375,3.369180202484131
1437,3.596796751022339,0.23523303866386414,3.3615636825561523
1438,3.6335623264312744,0.2579931616783142,3.3755691051483154
1439,3.6062862873077393,0.2248837649822235,3.3814024925231934
1440,3.584632635116577,0.20663504302501678,3.377997636795044
1441,3.624126672744751,0.23692083358764648,3.3872058391571045
1442,3.6051268577575684,0.22131948173046112,3.383807420730591
1443,3.617434501647949,0.2329692393541336,3.384465217590332
1444,3.6004483699798584,0.2398555874824524,3.360592842102051
1445,3.598383665084839,0.2499644011259079,3.348419189453125
1446,3.6210739612579346,0.2396966964006424,3.3813772201538086
1447,3.6275417804718018,0.23137643933296204,3.396165370941162
1448,3.5866024494171143,0.22721117734909058,3.359391212463379
1449,3.5986039638519287,0.2097351998090744,3.388868808746338
1450,3.611555337905884,0.24287810921669006,3.3686771392822266
1451,3.6215896606445312,0.23661668598651886,3.3849730491638184
1452,3.5776686668395996,0.23612698912620544,3.3415417671203613
1453,3.562710762023926,0.19492655992507935,3.367784261703491
1454,3.583677291870117,0.21636861562728882,3.3673086166381836
1455,3.592031478881836,0.219210684299469,3.3728208541870117
1456,3.5622847080230713,0.19696298241615295,3.365321636199951
1457,3.6341989040374756,0.26839378476142883,3.365805149078369
1458,3.6134023666381836,0.226156085729599,3.3872463703155518
1459,3.5450599193573,0.19465371966362,3.3504061698913574
1460,3.609954833984375,0.22924862802028656,3.380706310272217
1461,3.6085519790649414,0.2488456815481186,3.359706401824951
1462,3.6016712188720703,0.2226933240890503,3.3789780139923096
1463,3.610481023788452,0.2279690057039261,3.382512092590332
1464,3.6281986236572266,0.25297868251800537,3.3752198219299316
1465,3.6058497428894043,0.22383055090904236,3.382019281387329
1466,3.630527973175049,0.2414882481098175,3.3890397548675537
1467,3.5734026432037354,0.21722295880317688,3.356179714202881
1468,3.6007723808288574,0.22640065848827362,3.3743717670440674
1469,3.6335132122039795,0.2278478890657425,3.405665397644043
1470,3.584469795227051,0.21046121418476105,3.3740086555480957
1471,3.615800619125366,0.24542075395584106,3.37037992477417
1472,3.5787854194641113,0.22419491410255432,3.35459041595459
1473,3.590223789215088,0.21102240681648254,3.3792014122009277
1474,3.5996835231781006,0.2262851893901825,3.3733983039855957
1475,3.608579635620117,0.23182101547718048,3.376758575439453
1476,3.5979409217834473,0.2292618751525879,3.3686790466308594
1477,3.5790066719055176,0.20544755458831787,3.3735592365264893
1478,3.602710723876953,0.23978538811206818,3.3629252910614014
1479,3.6207778453826904,0.230259507894516,3.3905184268951416
1480,3.6071665287017822,0.22549644112586975,3.3816699981689453
1481,3.647043228149414,0.2261510044336319,3.4208922386169434
1482,3.6338729858398438,0.23685577511787415,3.397017240524292
1483,3.5811848640441895,0.2030491828918457,3.3781356811523438
1484,3.6349289417266846,0.24312277138233185,3.391806125640869
1485,3.5747108459472656,0.2139415740966797,3.360769271850586
1486,3.5888586044311523,0.22430413961410522,3.3645544052124023
1487,3.562554359436035,0.20127712190151215,3.3612773418426514
1488,3.5661420822143555,0.2146698236465454,3.3514723777770996
1489,3.624314546585083,0.24866795539855957,3.3756465911865234
1490,3.56826114654541,0.20817701518535614,3.360084056854248
1491,3.6303062438964844,0.2598153352737427,3.370490789413452
1492,3.593479871749878,0.2185891568660736,3.3748908042907715
1493,3.5900557041168213,0.22411701083183289,3.365938663482666
1494,3.5995078086853027,0.2382422387599945,3.3612656593322754
1495,3.6011738777160645,0.23074686527252197,3.370427131652832
1496,3.6019740104675293,0.22319018840789795,3.378783941268921
1497,3.5982136726379395,0.23361212015151978,3.3646016120910645
1498,3.624843120574951,0.22933435440063477,3.3955087661743164
1499,3.637714147567749,0.2612770199775696,3.376437187194824
1500,3.6035826206207275,0.222645103931427,3.3809375762939453
1501,3.593684196472168,0.23287825286388397,3.3608059883117676
1502,3.614241123199463,0.23533669114112854,3.378904342651367
1503,3.6195645332336426,0.22894561290740967,3.3906188011169434
1504,3.604039430618286,0.2378932535648346,3.3661460876464844
1505,3.595989465713501,0.23176349699497223,3.3642258644104004
1506,3.610105037689209,0.24532505869865417,3.3647799491882324
1507,3.593639850616455,0.21806758642196655,3.3755722045898438
1508,3.615001678466797,0.254219114780426,3.3607826232910156
1509,3.6198723316192627,0.24029326438903809,3.3795790672302246
1510,3.581120014190674,0.22207410633563995,3.35904598236084
1511,3.597097158432007,0.24103403091430664,3.3560631275177
1512,3.57891583442688,0.21837398409843445,3.360541820526123
1513,3.559473752975464,0.202681303024292,3.356792449951172
1514,3.56149959564209,0.22312018275260925,3.338379383087158
1515,3.644197940826416,0.25485098361968994,3.3893468379974365
1516,3.594067335128784,0.2232929766178131,3.370774269104004
1517,3.6184544563293457,0.22998735308647156,3.3884670734405518
1518,3.565023422241211,0.21232721209526062,3.352696180343628
1519,3.627601146697998,0.2368088811635971,3.3907923698425293
1520,3.600010871887207,0.23605898022651672,3.3639519214630127
1521,3.589582920074463,0.2300724983215332,3.3595104217529297
1522,3.61846923828125,0.21673496067523956,3.4017343521118164
1523,3.62734055519104,0.2590363323688507,3.3683042526245117
1524,3.5720717906951904,0.22107914090156555,3.3509926795959473
1525,3.6000025272369385,0.23928527534008026,3.360717296600342
1526,3.5733745098114014,0.18867753446102142,3.3846969604492188
1527,3.5996057987213135,0.22131036221981049,3.378295421600342
1528,3.6329402923583984,0.24298983812332153,3.3899505138397217
1529,3.6030232906341553,0.24619081616401672,3.356832504272461
1530,3.557814598083496,0.2031717300415039,3.354642868041992
1531,3.568392276763916,0.2189333587884903,3.349458932876587
1532,3.5613937377929688,0.21275722980499268,3.3486366271972656
1533,3.5756847858428955,0.2121194303035736,3.363565444946289
1534,3.5936379432678223,0.21818742156028748,3.375450611114502
1535,3.596254825592041,0.22048643231391907,3.3757684230804443
1536,3.607449531555176,0.2197905331850052,3.3876590728759766
1537,3.607815980911255,0.24969935417175293,3.358116626739502
1538,3.6166510581970215,0.22955729067325592,3.3870937824249268
1539,3.5893232822418213,0.21685858070850372,3.372464656829834
1540,3.5967838764190674,0.23936107754707336,3.3574228286743164
1541,3.5565764904022217,0.19834208488464355,3.358234405517578
1542,3.570067882537842,0.20581528544425964,3.3642525672912598
1543,3.623297929763794,0.23928624391555786,3.384011745452881
1544,3.6227431297302246,0.23714913427829742,3.385593891143799
1545,3.6076033115386963,0.23324842751026154,3.374354839324951
1546,3.611135244369507,0.22023871541023254,3.3908965587615967
1547,3.581273317337036,0.2232186198234558,3.3580546379089355
1548,3.6216211318969727,0.24402126669883728,3.3775999546051025
1549,3.5895159244537354,0.22754648327827454,3.361969470977783
1550,3.6007354259490967,0.22501149773597717,3.3757238388061523
1551,3.6171865463256836,0.22508180141448975,3.3921046257019043
1552,3.637053966522217,0.2549894452095032,3.3820645809173584
1553,3.615219831466675,0.2343662530183792,3.3808536529541016
1554,3.6122679710388184,0.22505855560302734,3.387209415435791
1555,3.617387533187866,0.23228994011878967,3.3850975036621094
1556,3.5706121921539307,0.2350713312625885,3.335540771484375
1557,3.600080728530884,0.22365731000900269,3.3764233589172363
1558,3.6047892570495605,0.22369757294654846,3.381091594696045
1559,3.598217725753784,0.22094511985778809,3.377272605895996
1560,3.567688465118408,0.20104697346687317,3.3666415214538574
1561,3.588467597961426,0.22595062851905823,3.3625168800354004
1562,3.6615958213806152,0.26368582248687744,3.3979098796844482
1563,3.5812199115753174,0.20816117525100708,3.373058795928955
1564,3.6244046688079834,0.2505086064338684,3.3738961219787598
1565,3.610408067703247,0.24146494269371033,3.368943214416504
1566,3.633721351623535,0.24224483966827393,3.3914763927459717
1567,3.6415634155273438,0.2636122405529022,3.377951145172119
1568,3.6020164489746094,0.21258114278316498,3.389435291290283
1569,3.622737407684326,0.23461006581783295,3.388127326965332
1570,3.6135060787200928,0.23265010118484497,3.3808560371398926
1571,3.572157621383667,0.21540850400924683,3.3567490577697754
1572,3.625399112701416,0.2378326654434204,3.387566566467285
1573,3.631385326385498,0.24478954076766968,3.3865957260131836
1574,3.5903947353363037,0.22281230986118317,3.367582321166992
1575,3.618570327758789,0.23243865370750427,3.386131763458252
1576,3.602489948272705,0.2263454645872116,3.3761444091796875
1577,3.5450057983398438,0.214384526014328,3.3306212425231934
1578,3.61130428314209,0.24742217361927032,3.363882064819336
1579,3.6137709617614746,0.22729134559631348,3.386479616165161
1580,3.6359176635742188,0.2353784590959549,3.4005391597747803
1581,3.5780246257781982,0.21593846380710602,3.362086057662964
1582,3.5918233394622803,0.2034478336572647,3.3883755207061768
1583,3.5711071491241455,0.21119853854179382,3.3599085807800293
1584,3.6123976707458496,0.2312617301940918,3.381135940551758
1585,3.5610389709472656,0.21728408336639404,3.343754768371582
1586,3.580505609512329,0.2077162265777588,3.3727893829345703
1587,3.6200029850006104,0.23922941088676453,3.3807735443115234
1588,3.5906546115875244,0.21653175354003906,3.3741228580474854
1589,3.602642059326172,0.23422396183013916,3.3684182167053223
1590,3.6438941955566406,0.26246213912963867,3.381432056427002
1591,3.6418159008026123,0.2748791575431824,3.366936683654785
1592,3.6127066612243652,0.24049890041351318,3.3722078800201416
1593,3.572533130645752,0.22080527245998383,3.3517279624938965
1594,3.6070127487182617,0.23026049137115479,3.3767523765563965
1595,3.5891640186309814,0.21560558676719666,3.373558521270752
1596,3.6094963550567627,0.2554587721824646,3.3540375232696533
1597,3.6178252696990967,0.2501296401023865,3.3676955699920654
1598,3.593440055847168,0.23380325734615326,3.3596367835998535
1599,3.5982649326324463,0.23372480273246765,3.3645401000976562
1600,3.66243052482605,0.2534317970275879,3.408998727798462
1601,3.5920755863189697,0.23212480545043945,3.3599507808685303
1602,3.564384698867798,0.2096938192844391,3.3546907901763916
1603,3.6291258335113525,0.24112477898597717,3.388000965118408
1604,3.5970630645751953,0.2249968945980072,3.3720662593841553
1605,3.5842480659484863,0.20896559953689575,3.3752825260162354
1606,3.5604867935180664,0.19163188338279724,3.3688549995422363
1607,3.5890228748321533,0.2271035611629486,3.361919403076172
1608,3.6084320545196533,0.23000022768974304,3.378431797027588
1609,3.6166913509368896,0.24148772656917572,3.3752036094665527
1610,3.626185178756714,0.23528623580932617,3.3908989429473877
1611,3.6134188175201416,0.22517484426498413,3.3882439136505127
1612,3.611309051513672,0.238309845328331,3.3729991912841797
1613,3.571958065032959,0.20034855604171753,3.3716094493865967
1614,3.6440765857696533,0.2679239809513092,3.376152515411377
1615,3.5885696411132812,0.22979819774627686,3.358771562576294
1616,3.5824990272521973,0.22646105289459229,3.3560378551483154
1617,3.6028661727905273,0.2257525622844696,3.3771135807037354
1618,3.605217218399048,0.2609560191631317,3.3442611694335938
1619,3.5719330310821533,0.19163590669631958,3.3802971839904785
1620,3.6285557746887207,0.24505586922168732,3.38349986076355
1621,3.5781493186950684,0.21849435567855835,3.3596549034118652
1622,3.5851662158966064,0.22621363401412964,3.358952522277832
1623,3.5868444442749023,0.2104892134666443,3.3763551712036133
1624,3.6026477813720703,0.20954325795173645,3.3931045532226562
1625,3.617318630218506,0.24226152896881104,3.3750572204589844
1626,3.5905799865722656,0.2175220549106598,3.3730578422546387
1627,3.5982184410095215,0.23087173700332642,3.36734676361084
1628,3.5970795154571533,0.21409675478935242,3.3829827308654785
1629,3.6098475456237793,0.23847059905529022,3.3713769912719727
1630,3.61999773979187,0.23560649156570435,3.3843913078308105
1631,3.645179510116577,0.24902614951133728,3.396153450012207
1632,3.5892140865325928,0.20714879035949707,3.3820652961730957
1633,3.6358203887939453,0.25373074412345886,3.382089614868164
1634,3.6107664108276367,0.2300761640071869,3.380690336227417
1635,3.6388869285583496,0.24810215830802917,3.390784740447998
1636,3.632105827331543,0.2521601915359497,3.3799455165863037
1637,3.623462200164795,0.23362867534160614,3.389833450317383
1638,3.5996928215026855,0.22923260927200317,3.370460271835327
1639,3.629796266555786,0.22999979555606842,3.399796485900879
1640,3.6236016750335693,0.25299522280693054,3.3706064224243164
1641,3.6035196781158447,0.22194510698318481,3.3815746307373047
1642,3.53751802444458,0.21294456720352173,3.324573516845703
1643,3.627983808517456,0.24617235362529755,3.3818113803863525
1644,3.615365505218506,0.24157549440860748,3.3737900257110596
1645,3.5965025424957275,0.24028927087783813,3.356213331222534
1646,3.630831480026245,0.25036922097206116,3.380462169647217
1647,3.597653865814209,0.216591477394104,3.3810625076293945
1648,3.5809192657470703,0.20527534186840057,3.3756439685821533
1649,3.607776641845703,0.23628008365631104,3.3714964389801025
1650,3.629448652267456,0.23237106204032898,3.3970775604248047
1651,3.617324113845825,0.21744397282600403,3.3998801708221436
1652,3.581796407699585,0.22631213068962097,3.3554842472076416
1653,3.634334087371826,0.2392278015613556,3.395106315612793
1654,3.5744030475616455,0.20740917325019836,3.3669939041137695
1655,3.6251816749572754,0.2368125021457672,3.388369083404541
1656,3.6004247665405273,0.2423402965068817,3.3580844402313232
1657,3.6106717586517334,0.246347576379776,3.3643240928649902
1658,3.6301181316375732,0.27082306146621704,3.359295129776001
1659,3.5967841148376465,0.22671562433242798,3.3700685501098633
1660,3.575913190841675,0.20237478613853455,3.3735384941101074
1661,3.6244730949401855,0.25100603699684143,3.373466968536377
1662,3.59564471244812,0.21997994184494019,3.375664710998535
1663,3.65850567817688,0.260913610458374,3.397592067718506
1664,3.6029915809631348,0.2536558210849762,3.3493356704711914
1665,3.5818493366241455,0.21176841855049133,3.3700809478759766
1666,3.596174955368042,0.21912150084972382,3.3770534992218018
1667,3.6408369541168213,0.244954913854599,3.3958821296691895
1668,3.6008129119873047,0.2234257161617279,3.377387285232544
1669,3.5789670944213867,0.21654987335205078,3.362417221069336
1670,3.603959083557129,0.24469473958015442,3.359264373779297
1671,3.599726915359497,0.21243596076965332,3.3872909545898438
1672,3.57956862449646,0.2108173370361328,3.368751287460327
1673,3.5692529678344727,0.19010618329048157,3.3791468143463135
1674,3.5208561420440674,0.1860329806804657,3.3348231315612793
1675,3.5955793857574463,0.22258706390857697,3.3729922771453857
1676,3.629171371459961,0.24981902539730072,3.379352331161499
1677,3.6140482425689697,0.24528631567955017,3.3687620162963867
1678,3.6020915508270264,0.21487392485141754,3.3872175216674805
1679,3.6259584426879883,0.2312236726284027,3.3947348594665527
1680,3.581517219543457,0.2257927656173706,3.355724334716797
1681,3.6031675338745117,0.22415690124034882,3.3790106773376465
1682,3.618992567062378,0.23960240185260773,3.379390239715576
1683,3.564852476119995,0.2003633677959442,3.3644890785217285
1684,3.5908327102661133,0.21019402146339417,3.380638599395752
1685,3.5960333347320557,0.23211893439292908,3.3639144897460938
1686,3.5800516605377197,0.20824480056762695,3.3718068599700928
1687,3.605628728866577,0.257274329662323,3.3483543395996094
1688,3.570934772491455,0.21846666932106018,3.3524680137634277
1689,3.5975146293640137,0.22709371149539948,3.3704209327697754
1690,3.6176223754882812,0.2251330018043518,3.392489433288574
1691,3.5843911170959473,0.21859359741210938,3.365797519683838
1692,3.6281051635742188,0.23615843057632446,3.391946792602539
1693,3.619974136352539,0.24124960601329803,3.3787245750427246
1694,3.583113670349121,0.21821117401123047,3.3649024963378906
1695,3.567396640777588,0.22146084904670715,3.345935821533203
1696,3.6127822399139404,0.24496793746948242,3.367814302444458
1697,3.6194050312042236,0.25422969460487366,3.365175247192383
1698,3.5454885959625244,0.17809511721134186,3.3673934936523438
1699,3.6510515213012695,0.2411271333694458,3.4099245071411133
1700,3.5584352016448975,0.19569557905197144,3.3627395629882812
1701,3.638674736022949,0.24694958329200745,3.3917250633239746
1702,3.5990304946899414,0.21907778084278107,3.3799526691436768
1703,3.5977401733398438,0.21519315242767334,3.38254714012146
1704,3.591937780380249,0.21797922253608704,3.3739585876464844
1705,3.573831081390381,0.20867061614990234,3.3651604652404785
1706,3.5815012454986572,0.2026953101158142,3.3788058757781982
1707,3.617971420288086,0.2193850725889206,3.3985862731933594
1708,3.656595230102539,0.25202304124832153,3.4045722484588623
1709,3.608562469482422,0.2520149350166321,3.3565475940704346
1710,3.6264564990997314,0.23605874180793762,3.390397787094116
1711,3.5775866508483887,0.20364469289779663,3.3739418983459473
1712,3.580491781234741,0.21914027631282806,3.361351490020752
1713,3.5891098976135254,0.21940281987190247,3.3697071075439453
1714,3.6382040977478027,0.2540065050125122,3.38419771194458
1715,3.647176742553711,0.23878133296966553,3.408395290374756
1716,3.5549371242523193,0.20567640662193298,3.3492608070373535
1717,3.618868827819824,0.2303527593612671,3.3885159492492676
1718,3.581634044647217,0.2242974191904068,3.3573365211486816
1719,3.5832386016845703,0.20848652720451355,3.3747520446777344
1720,3.5911238193511963,0.2197931706905365,3.371330738067627
1721,3.5733237266540527,0.20723631978034973,3.3660874366760254
1722,3.620485305786133,0.22898149490356445,3.3915038108825684
1723,3.6100990772247314,0.22694899141788483,3.383150100708008
1724,3.611586332321167,0.2458842396736145,3.3657021522521973
1725,3.6327779293060303,0.24777095019817352,3.385006904602051
1726,3.6018457412719727,0.2217450886964798,3.380100727081299
1727,3.5832788944244385,0.20860281586647034,3.374675989151001
1728,3.574068546295166,0.1947678178548813,3.379300832748413
1729,3.5901026725769043,0.2367420494556427,3.353360652923584
1730,3.587616443634033,0.2267351746559143,3.3608813285827637
1731,3.5613417625427246,0.20480963587760925,3.356532096862793
1732,3.576312303543091,0.20885631442070007,3.3674559593200684
1733,3.610790491104126,0.23689255118370056,3.3738980293273926
1734,3.604846715927124,0.21973320841789246,3.385113477706909
1735,3.6109635829925537,0.21770590543746948,3.3932576179504395
1736,3.556800603866577,0.19762659072875977,3.3591740131378174
1737,3.5755228996276855,0.21896886825561523,3.3565540313720703
1738,3.618936538696289,0.23962199687957764,3.379314422607422
1739,3.5990824699401855,0.21106573939323425,3.388016700744629
1740,3.626865863800049,0.23482513427734375,3.392040729522705
1741,3.6178319454193115,0.21965302526950836,3.398178815841675
1742,3.564357042312622,0.21485204994678497,3.3495049476623535
1743,3.542410135269165,0.19143012166023254,3.350980043411255
1744,3.6414990425109863,0.24493592977523804,3.3965630531311035
1745,3.5634710788726807,0.2146560251712799,3.3488149642944336
1746,3.5685677528381348,0.19850000739097595,3.370067834854126
1747,3.603039503097534,0.2279272973537445,3.375112295150757
1748,3.6020803451538086,0.228836789727211,3.373243570327759
1749,3.553682327270508,0.1839187890291214,3.3697636127471924
1750,3.5921785831451416,0.22451384365558624,3.3676648139953613
1751,3.6029651165008545,0.22327837347984314,3.3796868324279785
1752,3.6108884811401367,0.2312667965888977,3.379621744155884
1753,3.5708632469177246,0.20910167694091797,3.3617615699768066
1754,3.568887710571289,0.2001543939113617,3.3687334060668945
1755,3.606879949569702,0.2118222415447235,3.3950576782226562
1756,3.6224348545074463,0.23857179284095764,3.3838629722595215
1757,3.5903496742248535,0.22816792130470276,3.3621816635131836
1758,3.5983541011810303,0.2252071499824524,3.3731470108032227
1759,3.584857702255249,0.21848765015602112,3.3663699626922607
1760,3.563377618789673,0.21377301216125488,3.349604606628418
1761,3.619741439819336,0.225299671292305,3.394441843032837
1762,3.5738089084625244,0.20856791734695435,3.365241050720215
1763,3.580440044403076,0.211250901222229,3.3691890239715576
1764,3.5783400535583496,0.21077445149421692,3.367565631866455
1765,3.5506591796875,0.18678191304206848,3.363877296447754
1766,3.5573341846466064,0.20801305770874023,3.349321126937866
1767,3.6204864978790283,0.23834893107414246,3.3821375370025635
1768,3.5813634395599365,0.2079891711473465,3.3733742237091064
1769,3.5961127281188965,0.2197403907775879,3.3763723373413086
1770,3.636573553085327,0.24706768989562988,3.3895058631896973
1771,3.5737838745117188,0.21934334933757782,3.354440450668335
1772,3.5971808433532715,0.22666972875595093,3.370511054992676
1773,3.641167640686035,0.25273653864860535,3.3884310722351074
1774,3.6200332641601562,0.2385627031326294,3.3814706802368164
1775,3.5758533477783203,0.22169452905654907,3.354158878326416
1776,3.5797696113586426,0.21000909805297852,3.369760513305664
1777,3.5913596153259277,0.22852905094623566,3.362830638885498
1778,3.592198133468628,0.21257510781288147,3.3796229362487793
1779,3.6036646366119385,0.2501096725463867,3.3535549640655518
1780,3.6070058345794678,0.22757935523986816,3.3794264793395996
1781,3.6185402870178223,0.23028942942619324,3.3882508277893066
1782,3.605189561843872,0.22479431331157684,3.3803951740264893
1783,3.556083917617798,0.20312771201133728,3.3529562950134277
1784,3.6106338500976562,0.2354523241519928,3.3751814365386963
1785,3.5929837226867676,0.22026211023330688,3.3727216720581055
1786,3.5854763984680176,0.21430067718029022,3.371175765991211
1787,3.618664026260376,0.23837925493717194,3.3802847862243652
1788,3.6389389038085938,0.24806296825408936,3.390875816345215
1789,3.574528217315674,0.20428811013698578,3.3702402114868164
1790,3.614227056503296,0.22591345012187958,3.3883135318756104
1791,3.5838654041290283,0.23274964094161987,3.3511157035827637
1792,3.561687469482422,0.1956041306257248,3.3660833835601807
1793,3.606163740158081,0.23217374086380005,3.373990058898926
1794,3.5711803436279297,0.2070273756980896,3.3641529083251953
1795,3.621872663497925,0.25182342529296875,3.370049238204956
1796,3.6081900596618652,0.24303868412971497,3.3651514053344727
1797,3.6198291778564453,0.2409314513206482,3.3788976669311523
1798,3.604257345199585,0.22889770567417145,3.375359535217285
1799,3.607248067855835,0.24125318229198456,3.365994930267334
1800,3.639209508895874,0.22800315916538239,3.4112062454223633
1801,3.5702803134918213,0.2087060809135437,3.361574172973633
1802,3.6196300983428955,0.2520691752433777,3.367560863494873
1803,3.5859975814819336,0.23058626055717468,3.3554112911224365
1804,3.6042375564575195,0.21778541803359985,3.3864521980285645
1805,3.5828170776367188,0.20677119493484497,3.3760459423065186
1806,3.61749267578125,0.23316951096057892,3.3843231201171875
1807,3.5451643466949463,0.19147567451000214,3.3536887168884277
1808,3.5650012493133545,0.20331645011901855,3.361684799194336
1809,3.584050416946411,0.1963064968585968,3.3877439498901367
1810,3.6042938232421875,0.2415539026260376,3.3627400398254395
1811,3.601499319076538,0.23169854283332825,3.3698008060455322
1812,3.611748456954956,0.24853834509849548,3.3632102012634277
1813,3.5964207649230957,0.22026151418685913,3.376159191131592
1814,3.6174135208129883,0.23506709933280945,3.3823463916778564
1815,3.590909481048584,0.21727463603019714,3.3736348152160645
1816,3.6870150566101074,0.2716153860092163,3.4153997898101807
1817,3.622958183288574,0.20990556478500366,3.413052558898926
1818,3.602130889892578,0.2252587527036667,3.3768720626831055
1819,3.5652356147766113,0.19580179452896118,3.369433879852295
1820,3.6480953693389893,0.25035184621810913,3.3977434635162354
1821,3.5670547485351562,0.194672629237175,3.372382164001465
1822,3.566880226135254,0.19917136430740356,3.367708921432495
1823,3.568309783935547,0.19309580326080322,3.375213861465454
1824,3.582218647003174,0.21422508358955383,3.3679935932159424
1825,3.5946884155273438,0.24231526255607605,3.3523731231689453
1826,3.582132339477539,0.21300733089447021,3.3691251277923584
1827,3.6356308460235596,0.2541496753692627,3.381481170654297
1828,3.5951147079467773,0.22314462065696716,3.3719701766967773
1829,3.604402542114258,0.22714677453041077,3.37725567817688
1830,3.576308012008667,0.21686291694641113,3.359445095062256
1831,3.590169668197632,0.21436423063278198,3.375805377960205
1832,3.583897590637207,0.21465928852558136,3.3692383766174316
1833,3.563701629638672,0.20611855387687683,3.3575830459594727
1834,3.6234114170074463,0.23707883059978485,3.3863325119018555
1835,3.5783467292785645,0.22407186031341553,3.3542747497558594
1836,3.585632085800171,0.21506530046463013,3.3705668449401855
1837,3.569639205932617,0.1940997838973999,3.3755393028259277
1838,3.594970464706421,0.2203386425971985,3.374631881713867
1839,3.5965373516082764,0.21465960144996643,3.3818776607513428
1840,3.5969831943511963,0.2257898449897766,3.3711934089660645
1841,3.581331253051758,0.20968982577323914,3.3716413974761963
1842,3.598795175552368,0.2189977914094925,3.3797974586486816
1843,3.603555202484131,0.2288396954536438,3.374715566635132
1844,3.556617498397827,0.1883094310760498,3.3683080673217773
1845,3.60675311088562,0.23846641182899475,3.368286609649658
1846,3.5986979007720947,0.2371685653924942,3.3615293502807617
1847,3.618769884109497,0.23069027066230774,3.3880796432495117
1848,3.581530809402466,0.21940146386623383,3.3621294498443604
1849,3.6202921867370605,0.2479248195886612,3.3723673820495605
1850,3.5786941051483154,0.23470260202884674,3.34399151802063
1851,3.5988428592681885,0.2307121753692627,3.368130683898926
1852,3.607675552368164,0.21705713868141174,3.390618324279785
1853,3.5822558403015137,0.22509586811065674,3.3571600914001465
1854,3.5951178073883057,0.21589277684688568,3.379225015640259
1855,3.5876734256744385,0.20451751351356506,3.3831558227539062
1856,3.6066832542419434,0.22366411983966827,3.383019208908081
1857,3.5870721340179443,0.22222672402858734,3.3648455142974854
1858,3.5890634059906006,0.2312271147966385,3.3578362464904785
1859,3.609098196029663,0.2310945689678192,3.3780035972595215
1860,3.5858500003814697,0.22545912861824036,3.3603909015655518
1861,3.611975908279419,0.21645335853099823,3.3955225944519043
1862,3.577265739440918,0.20658454298973083,3.3706812858581543
1863,3.607567548751831,0.23470038175582886,3.3728671073913574
1864,3.6292388439178467,0.24014879763126373,3.389090061187744
1865,3.552485942840576,0.2011895775794983,3.3512964248657227
1866,3.612870931625366,0.23152585327625275,3.38134503364563
1867,3.607370138168335,0.22972407937049866,3.377645969390869
1868,3.569687843322754,0.21508365869522095,3.3546042442321777
1869,3.608764886856079,0.2212543785572052,3.3875105381011963
1870,3.608299970626831,0.22849780321121216,3.3798022270202637
1871,3.564908027648926,0.20272065699100494,3.362187385559082
1872,3.596823215484619,0.22630393505096436,3.3705193996429443
1873,3.5760786533355713,0.21770980954170227,3.3583688735961914
1874,3.6135802268981934,0.22919383645057678,3.3843863010406494
1875,3.568838119506836,0.19546324014663696,3.3733749389648438
1876,3.599886417388916,0.22258678078651428,3.3772995471954346
1877,3.6015641689300537,0.23004478216171265,3.3715193271636963
1878,3.5768001079559326,0.20369532704353333,3.3731048107147217
1879,3.5929009914398193,0.23334555327892303,3.35955548286438
1880,3.5499653816223145,0.18683958053588867,3.363125801086426
1881,3.6106154918670654,0.2526690661907196,3.3579463958740234
1882,3.599599838256836,0.2111215591430664,3.3884782791137695
1883,3.613825798034668,0.2335049957036972,3.3803207874298096
1884,3.54789662361145,0.18049702048301697,3.3673996925354004
1885,3.6220436096191406,0.23179207742214203,3.390251636505127
1886,3.5973901748657227,0.2187720537185669,3.3786182403564453
1887,3.5607643127441406,0.19574123620986938,3.365023136138916
1888,3.5740597248077393,0.2242944836616516,3.3497653007507324
1889,3.6264140605926514,0.24175181984901428,3.38466215133667
1890,3.596444606781006,0.20893335342407227,3.3875112533569336
1891,3.5969550609588623,0.21743032336235046,3.3795247077941895
1892,3.58087158203125,0.21453511714935303,3.3663363456726074
1893,3.553194046020508,0.196503147482872,3.3566908836364746
1894,3.588150978088379,0.2119210809469223,3.376230001449585
1895,3.5693671703338623,0.21252207458019257,3.3568451404571533
1896,3.5916383266448975,0.23009087145328522,3.3615474700927734
1897,3.609489917755127,0.2212400883436203,3.3882498741149902
1898,3.6121346950531006,0.2342340648174286,3.3779006004333496
1899,3.597764253616333,0.21119999885559082,3.386564254760742
1900,3.5884337425231934,0.22267571091651917,3.365757942199707
1901,3.6094820499420166,0.235609233379364,3.373872756958008
1902,3.6226449012756348,0.22932323813438416,3.3933217525482178
1903,3.600391387939453,0.23052442073822021,3.3698668479919434
1904,3.5840823650360107,0.21604666113853455,3.3680357933044434
1905,3.576056957244873,0.2110172063112259,3.365039825439453
1906,3.6407558917999268,0.26153916120529175,3.3792166709899902
1907,3.583195686340332,0.22199910879135132,3.361196517944336
1908,3.584590196609497,0.2017786204814911,3.3828115463256836
1909,3.54030704498291,0.18163764476776123,3.3586695194244385
1910,3.5878896713256836,0.22310680150985718,3.3647828102111816
1911,3.5760717391967773,0.21137754619121552,3.364694118499756
1912,3.6092324256896973,0.21931280195713043,3.3899195194244385
1913,3.597419500350952,0.215651735663414,3.381767749786377
1914,3.6540586948394775,0.24907159805297852,3.404987096786499
1915,3.5944056510925293,0.21322445571422577,3.381181240081787
1916,3.5699188709259033,0.21223564445972443,3.3576831817626953
1917,3.581974744796753,0.21936321258544922,3.3626115322113037
1918,3.6214113235473633,0.2301093339920044,3.3913021087646484
1919,3.606619358062744,0.23082759976387024,3.3757917881011963
1920,3.58902645111084,0.22310934960842133,3.365917205810547
1921,3.556548595428467,0.20201630890369415,3.354532241821289
1922,3.554116725921631,0.22306478023529053,3.331051826477051
1923,3.627042531967163,0.25148797035217285,3.3755545616149902
1924,3.5949575901031494,0.22456671297550201,3.3703908920288086
1925,3.568232536315918,0.20057478547096252,3.3676576614379883
1926,3.5971479415893555,0.2193688601255417,3.377779006958008
1927,3.586977481842041,0.21857976913452148,3.3683977127075195
1928,3.6148715019226074,0.2514113485813141,3.363460063934326
1929,3.5443592071533203,0.20568744838237762,3.3386716842651367
1930,3.611293077468872,0.23202058672904968,3.3792724609375
1931,3.5930464267730713,0.21938863396644592,3.373657703399658
1932,3.5858631134033203,0.22529557347297668,3.360567569732666
1933,3.573369026184082,0.2028946727514267,3.370474338531494
1934,3.5767197608947754,0.20897071063518524,3.367748975753784
1935,3.5956063270568848,0.2240620255470276,3.371544361114502
1936,3.6156809329986572,0.21830907464027405,3.397371768951416
1937,3.60105037689209,0.20752257108688354,3.3935277462005615
1938,3.5907206535339355,0.22670896351337433,3.364011764526367
1939,3.5991857051849365,0.21808220446109772,3.381103515625
1940,3.6063928604125977,0.21938243508338928,3.387010335922241
1941,3.570613145828247,0.21267864108085632,3.3579344749450684
1942,3.597188711166382,0.23861736059188843,3.3585712909698486
1943,3.563868284225464,0.1971575766801834,3.366710662841797
1944,3.6275947093963623,0.23730704188346863,3.3902876377105713
1945,3.5824778079986572,0.21885690093040466,3.3636209964752197
1946,3.615010976791382,0.2398325502872467,3.375178337097168
1947,3.5534958839416504,0.19780206680297852,3.355693817138672
1948,3.6145193576812744,0.23551392555236816,3.3790054321289062
1949,3.5767316818237305,0.20809516310691833,3.3686366081237793
1950,3.635723114013672,0.26235926151275635,3.373363733291626
1951,3.6029953956604004,0.23093143105506897,3.3720638751983643
1952,3.596242904663086,0.221827894449234,3.3744149208068848
1953,3.559314727783203,0.21907833218574524,3.3402364253997803
1954,3.603339910507202,0.22959643602371216,3.3737435340881348
1955,3.5838842391967773,0.20310012996196747,3.380784034729004
1956,3.597289562225342,0.2211560159921646,3.376133441925049
1957,3.603151798248291,0.2131982147693634,3.38995361328125
1958,3.6087534427642822,0.23627299070358276,3.3724803924560547
1959,3.568673610687256,0.2025093287229538,3.366164207458496
1960,3.558264970779419,0.21123084425926208,3.347034215927124
1961,3.5586049556732178,0.21638603508472443,3.3422188758850098
1962,3.5911712646484375,0.22807681560516357,3.3630945682525635
1963,3.557499408721924,0.18595460057258606,3.37154483795166
1964,3.5587852001190186,0.22293922305107117,3.335845947265625
1965,3.567255973815918,0.21569180488586426,3.3515641689300537
1966,3.575298547744751,0.1797231137752533,3.395575523376465
1967,3.603616714477539,0.22089959681034088,3.3827171325683594
1968,3.5462865829467773,0.17836487293243408,3.367921829223633
1969,3.594311237335205,0.22696514427661896,3.3673460483551025
1970,3.5816283226013184,0.21464622020721436,3.3669819831848145
1971,3.607602834701538,0.23899340629577637,3.3686094284057617
1972,3.5838873386383057,0.23461344838142395,3.349273920059204
1973,3.6129050254821777,0.23878565430641174,3.374119281768799
1974,3.6073203086853027,0.23664970695972443,3.3706705570220947
1975,3.6120309829711914,0.25729382038116455,3.3547372817993164
1976,3.606858730316162,0.22240298986434937,3.384455680847168
1977,3.6042978763580322,0.22017017006874084,3.384127616882324
1978,3.6160147190093994,0.23145171999931335,3.3845629692077637
1979,3.591284990310669,0.218364417552948,3.372920513153076
1980,3.571964979171753,0.1923268437385559,3.379638195037842
1981,3.587987184524536,0.22817791998386383,3.359809160232544
1982,3.5875704288482666,0.21995282173156738,3.367617607116699
1983,3.5753982067108154,0.2214675098657608,3.353930711746216
1984,3.6034698486328125,0.22167925536632538,3.3817906379699707
1985,3.586036443710327,0.2145853489637375,3.3714511394500732
1986,3.5800352096557617,0.22008763253688812,3.359947681427002
1987,3.5967233180999756,0.22152027487754822,3.3752031326293945
1988,3.5938374996185303,0.1935642659664154,3.400273323059082
1989,3.6016433238983154,0.2248554527759552,3.3767879009246826
1990,3.6002755165100098,0.20789775252342224,3.3923778533935547
1991,3.629760980606079,0.2328755408525467,3.396885395050049
1992,3.605273485183716,0.22368544340133667,3.3815879821777344
1993,3.591381788253784,0.22414226830005646,3.367239475250244
1994,3.578220844268799,0.2025243639945984,3.3756964206695557
1995,3.5906012058258057,0.21514767408370972,3.375453472137451
1996,3.5734641551971436,0.19808067381381989,3.3753833770751953
1997,3.6232223510742188,0.22945892810821533,3.393763542175293
1998,3.6062686443328857,0.21933230757713318,3.3869364261627197
1999,3.591339588165283,0.22031739354133606,3.3710222244262695
