Step,Tr_Loss,Value_Loss,Policy_Loss
0,3.5582592487335205,0.2453591376543045,3.3129000663757324
1,3.594599485397339,0.2543390691280365,3.3402605056762695
2,3.585858106613159,0.24481017887592316,3.341048002243042
3,3.601872682571411,0.2712591588497162,3.330613613128662
4,3.642037868499756,0.2942286431789398,3.347809314727783
5,3.6184706687927246,0.2833508849143982,3.3351197242736816
6,3.600543737411499,0.2842027544975281,3.316340923309326
7,3.582226276397705,0.25387728214263916,3.3283491134643555
8,3.6071343421936035,0.2661419212818146,3.3409924507141113
9,3.602903366088867,0.2541062533855438,3.348797082901001
10,3.592637300491333,0.2636958956718445,3.3289413452148438
11,3.599762439727783,0.27544504404067993,3.324317455291748
12,3.583028793334961,0.25306645035743713,3.3299622535705566
13,3.5801310539245605,0.2519589364528656,3.328172206878662
14,3.580354690551758,0.2556810975074768,3.324673652648926
15,3.5690534114837646,0.25753670930862427,3.311516761779785
16,3.5976366996765137,0.2813464403152466,3.3162901401519775
17,3.5778696537017822,0.27515649795532227,3.30271315574646
18,3.554600954055786,0.2334950566291809,3.32110595703125
19,3.5762746334075928,0.2570602595806122,3.319214344024658
20,3.6247429847717285,0.26545101404190063,3.3592920303344727
21,3.5792698860168457,0.2546144127845764,3.324655532836914
22,3.5873732566833496,0.26278790831565857,3.324585437774658
23,3.585686206817627,0.2774644196033478,3.3082218170166016
24,3.592379570007324,0.2579289674758911,3.3344504833221436
25,3.590595245361328,0.26167675852775574,3.32891845703125
26,3.6148862838745117,0.27282240986824036,3.3420639038085938
27,3.5931057929992676,0.27747029066085815,3.3156354427337646
28,3.5624430179595947,0.24486179649829865,3.3175811767578125
29,3.6100616455078125,0.2738834619522095,3.3361780643463135
30,3.5615384578704834,0.2534727454185486,3.30806565284729
31,3.5732054710388184,0.2652716338634491,3.307933807373047
32,3.5894641876220703,0.27516689896583557,3.3142971992492676
33,3.581695318222046,0.239759162068367,3.3419361114501953
34,3.5999350547790527,0.2760482132434845,3.3238868713378906
35,3.6317832469940186,0.2803274989128113,3.3514556884765625
36,3.586588144302368,0.2674180865287781,3.3191699981689453
37,3.6179587841033936,0.28323525190353394,3.334723472595215
38,3.6295549869537354,0.2842260003089905,3.3453290462493896
39,3.6065821647644043,0.27546241879463196,3.3311197757720947
40,3.6236648559570312,0.29570162296295166,3.32796311378479
41,3.6046557426452637,0.27423012256622314,3.33042573928833
42,3.5561327934265137,0.23952873051166534,3.3166041374206543
43,3.5874741077423096,0.2579943537712097,3.329479694366455
44,3.605668067932129,0.2705167531967163,3.335151433944702
45,3.6428442001342773,0.30002063512802124,3.3428235054016113
46,3.583186626434326,0.25921714305877686,3.323969602584839
47,3.5709781646728516,0.257235050201416,3.3137431144714355
48,3.595676898956299,0.2710093855857849,3.324667453765869
49,3.588717460632324,0.24673160910606384,3.3419859409332275
50,3.5844762325286865,0.266414612531662,3.318061590194702
51,3.582702159881592,0.2540070712566376,3.328695058822632
52,3.6103618144989014,0.2842664122581482,3.3260953426361084
53,3.6349236965179443,0.3061096668243408,3.3288140296936035
54,3.623079538345337,0.28441697359085083,3.338662624359131
55,3.5768730640411377,0.24197599291801453,3.334897041320801
56,3.623074769973755,0.2929498851299286,3.330124855041504
57,3.585447311401367,0.26727139949798584,3.318175792694092
58,3.5864968299865723,0.27042990922927856,3.3160669803619385
59,3.5634663105010986,0.2333439290523529,3.330122470855713
60,3.6016149520874023,0.2586457133293152,3.3429691791534424
61,3.5944626331329346,0.2612219452857971,3.3332407474517822
62,3.5822153091430664,0.25009626150131226,3.3321189880371094
63,3.5854523181915283,0.24845105409622192,3.337001323699951
64,3.537122964859009,0.23526492714881897,3.3018579483032227
65,3.5791285037994385,0.264976441860199,3.3141520023345947
66,3.6074740886688232,0.2686312794685364,3.3388428688049316
67,3.617428779602051,0.2628384232521057,3.35459041595459
68,3.574406862258911,0.245008185505867,3.3293986320495605
69,3.5873045921325684,0.252952516078949,3.3343520164489746
70,3.6161041259765625,0.2831963300704956,3.3329079151153564
71,3.564862012863159,0.2241281419992447,3.340733766555786
72,3.6221706867218018,0.26755601167678833,3.354614734649658
73,3.569648504257202,0.24290600419044495,3.32674241065979
74,3.557649612426758,0.23198997974395752,3.32565975189209
75,3.5966291427612305,0.24707713723182678,3.3495519161224365
76,3.6052374839782715,0.2595910131931305,3.345646381378174
77,3.572197914123535,0.26219505071640015,3.3100028038024902
78,3.610272169113159,0.27526021003723145,3.3350119590759277
79,3.5839250087738037,0.2814623713493347,3.302462577819824
80,3.5382232666015625,0.217220738530159,3.32100248336792
81,3.6084442138671875,0.28436362743377686,3.324080467224121
82,3.5774049758911133,0.23984655737876892,3.3375585079193115
83,3.558089256286621,0.2543583810329437,3.3037309646606445
84,3.5892133712768555,0.2661915421485901,3.32302188873291
85,3.571601152420044,0.2627265453338623,3.3088746070861816
86,3.5950958728790283,0.24227212369441986,3.3528237342834473
87,3.572770118713379,0.24420970678329468,3.3285603523254395
88,3.542856454849243,0.2291795313358307,3.3136768341064453
89,3.5835254192352295,0.24620884656906128,3.3373165130615234
90,3.58103609085083,0.25860488414764404,3.3224313259124756
91,3.6142802238464355,0.29195156693458557,3.322328567504883
92,3.5883126258850098,0.25009000301361084,3.3382225036621094
93,3.5868172645568848,0.253933846950531,3.332883358001709
94,3.5936031341552734,0.2762409448623657,3.3173623085021973
95,3.5855629444122314,0.2411469668149948,3.3444159030914307
96,3.571280002593994,0.25700700283050537,3.314272880554199
97,3.537466287612915,0.20920969545841217,3.328256607055664
98,3.5797183513641357,0.2606240212917328,3.31909441947937
99,3.54658579826355,0.25028494000434875,3.2963008880615234
100,3.6201205253601074,0.28330859541893005,3.3368120193481445
101,3.6053457260131836,0.2622099816799164,3.3431358337402344
102,3.635359048843384,0.2873315215110779,3.348027467727661
103,3.5963573455810547,0.23296082019805908,3.363396644592285
104,3.5875210762023926,0.254520446062088,3.333000659942627
105,3.5680997371673584,0.2634061872959137,3.3046934604644775
106,3.5618739128112793,0.22872492671012878,3.333148956298828
107,3.5768680572509766,0.25847095251083374,3.318397045135498
108,3.5592730045318604,0.25443172454833984,3.3048412799835205
109,3.5280680656433105,0.2147091031074524,3.313359022140503
110,3.572458505630493,0.25672367215156555,3.31573486328125
111,3.58541202545166,0.2588167190551758,3.3265953063964844
112,3.5783863067626953,0.25400310754776,3.32438325881958
113,3.594257354736328,0.25715190172195435,3.3371055126190186
114,3.55218243598938,0.22523555159568787,3.326946973800659
115,3.590801477432251,0.26506537199020386,3.3257360458374023
116,3.5540761947631836,0.2419765591621399,3.3120996952056885
117,3.6043269634246826,0.27480652928352356,3.3295204639434814
118,3.61018705368042,0.2675781846046448,3.34260892868042
119,3.5463409423828125,0.2561754286289215,3.290165424346924
120,3.5889220237731934,0.259658545255661,3.32926344871521
121,3.5534982681274414,0.23875081539154053,3.3147473335266113
122,3.572110652923584,0.2455853521823883,3.3265252113342285
123,3.570761203765869,0.232844278216362,3.337916851043701
124,3.603085994720459,0.2709892988204956,3.332096815109253
125,3.573164939880371,0.2626515030860901,3.310513496398926
126,3.5883822441101074,0.2662261724472046,3.3221559524536133
127,3.6542961597442627,0.32483845949172974,3.3294577598571777
128,3.591137409210205,0.26747360825538635,3.3236637115478516
129,3.579214334487915,0.23622983694076538,3.342984437942505
130,3.583282947540283,0.2541200816631317,3.329162836074829
131,3.6071808338165283,0.2846069037914276,3.3225739002227783
132,3.5744149684906006,0.25706130266189575,3.3173537254333496
133,3.519127130508423,0.2268640249967575,3.2922630310058594
134,3.5871787071228027,0.26589834690093994,3.3212802410125732
135,3.5733792781829834,0.25307497382164,3.3203043937683105
136,3.5999960899353027,0.27184855937957764,3.3281474113464355
137,3.5980772972106934,0.2511816620826721,3.346895694732666
138,3.630507469177246,0.27640870213508606,3.3540987968444824
139,3.5604357719421387,0.2401048243045807,3.320330858230591
140,3.612154722213745,0.26769933104515076,3.3444554805755615
141,3.5827174186706543,0.26011186838150024,3.322605609893799
142,3.5915870666503906,0.2447213977575302,3.346865653991699
143,3.6214520931243896,0.30319419503211975,3.3182578086853027
144,3.5799832344055176,0.25562337040901184,3.324359893798828
145,3.5839929580688477,0.25679248571395874,3.327200412750244
146,3.5797371864318848,0.2435232698917389,3.3362138271331787
147,3.6411542892456055,0.30098235607147217,3.3401718139648438
148,3.5980138778686523,0.27834832668304443,3.3196656703948975
149,3.5536136627197266,0.23807871341705322,3.315535068511963
150,3.5897750854492188,0.25542932748794556,3.334345817565918
151,3.56615948677063,0.259712278842926,3.3064472675323486
152,3.5878567695617676,0.2596215009689331,3.328235149383545
153,3.562382698059082,0.21678125858306885,3.3456013202667236
154,3.572606325149536,0.25524356961250305,3.3173627853393555
155,3.5978071689605713,0.2770988643169403,3.3207082748413086
156,3.5889487266540527,0.2681739032268524,3.320774793624878
157,3.61858868598938,0.27102258801460266,3.3475661277770996
158,3.559603452682495,0.23770073056221008,3.3219027519226074
159,3.6305439472198486,0.2849719524383545,3.345571994781494
160,3.611489772796631,0.2629551887512207,3.34853458404541
161,3.58329439163208,0.2558175027370453,3.327476978302002
162,3.6109158992767334,0.27636608481407166,3.334549903869629
163,3.583317279815674,0.26138317584991455,3.3219339847564697
164,3.593212127685547,0.26334965229034424,3.329862594604492
165,3.6132349967956543,0.2871937155723572,3.3260412216186523
166,3.5677096843719482,0.2430572807788849,3.3246524333953857
167,3.5816707611083984,0.23558925092220306,3.346081495285034
168,3.5960867404937744,0.254050076007843,3.342036724090576
169,3.5792348384857178,0.2555977702140808,3.323637008666992
170,3.590075969696045,0.2549692392349243,3.335106611251831
171,3.6251614093780518,0.2950976490974426,3.330063819885254
172,3.5931878089904785,0.2739911675453186,3.3191967010498047
173,3.6036057472229004,0.27131330966949463,3.3322925567626953
174,3.630082845687866,0.29375073313713074,3.336332082748413
175,3.6021530628204346,0.2671583294868469,3.3349947929382324
176,3.6110823154449463,0.28272753953933716,3.328354835510254
177,3.570965051651001,0.25156015157699585,3.3194048404693604
178,3.6124231815338135,0.266153484582901,3.3462696075439453
179,3.5881974697113037,0.25272008776664734,3.335477352142334
180,3.586557388305664,0.2595949172973633,3.326962471008301
181,3.5725057125091553,0.24556250870227814,3.3269431591033936
182,3.597679376602173,0.2774007320404053,3.3202786445617676
183,3.581094980239868,0.25447210669517517,3.32662296295166
184,3.586304187774658,0.24863150715827942,3.337672710418701
185,3.54559588432312,0.22807767987251282,3.3175182342529297
186,3.606539249420166,0.27148139476776123,3.3350579738616943
187,3.597405433654785,0.26650792360305786,3.330897569656372
188,3.6087875366210938,0.26588669419288635,3.3429007530212402
189,3.5767650604248047,0.24364063143730164,3.3331243991851807
190,3.5911965370178223,0.2769814729690552,3.3142151832580566
191,3.607182502746582,0.26335036754608154,3.34383225440979
192,3.6306052207946777,0.27570241689682007,3.354902744293213
193,3.5581955909729004,0.256869912147522,3.301325559616089
194,3.5758869647979736,0.249166801571846,3.3267202377319336
195,3.592094898223877,0.2669776678085327,3.325117349624634
196,3.599547863006592,0.2681314945220947,3.331416368484497
197,3.6100752353668213,0.2714858949184418,3.3385894298553467
198,3.6302998065948486,0.27455300092697144,3.3557467460632324
199,3.6043853759765625,0.2583496570587158,3.3460357189178467
200,3.59853458404541,0.2639271020889282,3.3346076011657715
201,3.5892930030822754,0.25848114490509033,3.3308119773864746
202,3.5773253440856934,0.25311315059661865,3.324212074279785
203,3.5999956130981445,0.2646346986293793,3.3353610038757324
204,3.5638935565948486,0.2475164830684662,3.3163771629333496
205,3.570652723312378,0.2553512752056122,3.3153014183044434
206,3.6113476753234863,0.2515457570552826,3.359802007675171
207,3.5859827995300293,0.26517587900161743,3.3208069801330566
208,3.582907199859619,0.2668875455856323,3.3160197734832764
209,3.6183700561523438,0.2780609130859375,3.3403091430664062
210,3.595489501953125,0.2717495560646057,3.323740005493164
211,3.543555736541748,0.25423866510391235,3.2893171310424805
212,3.579793691635132,0.23596137762069702,3.34383225440979
213,3.6073338985443115,0.2771461009979248,3.3301877975463867
214,3.587027072906494,0.26046597957611084,3.326561212539673
215,3.552920341491699,0.24418358504772186,3.308736801147461
216,3.5957565307617188,0.27014976739883423,3.3256068229675293
217,3.606645345687866,0.2696373462677002,3.337007999420166
218,3.571868419647217,0.2460041344165802,3.325864315032959
219,3.5727474689483643,0.2441578358411789,3.328589677810669
220,3.6113228797912598,0.2607865631580353,3.350536346435547
221,3.556286096572876,0.2545424997806549,3.301743507385254
222,3.576195240020752,0.2656955122947693,3.310499668121338
223,3.5753238201141357,0.25659775733947754,3.318726062774658
224,3.5968494415283203,0.26188573241233826,3.334963798522949
225,3.5639195442199707,0.2614263892173767,3.302493095397949
226,3.570380926132202,0.2520599365234375,3.3183209896087646
227,3.5606024265289307,0.2281351238489151,3.3324673175811768
228,3.6260311603546143,0.28317591547966003,3.342855215072632
229,3.6013617515563965,0.2729600667953491,3.328401565551758
230,3.581005096435547,0.25115928053855896,3.329845905303955
231,3.561607837677002,0.23956729471683502,3.322040557861328
232,3.567188024520874,0.2410258650779724,3.326162099838257
233,3.5506508350372314,0.23343774676322937,3.3172130584716797
234,3.5709123611450195,0.2429875284433365,3.3279247283935547
235,3.605315923690796,0.2694990634918213,3.3358168601989746
236,3.5725584030151367,0.2511337995529175,3.321424722671509
237,3.626532554626465,0.285515695810318,3.3410167694091797
238,3.5758087635040283,0.25919896364212036,3.3166098594665527
239,3.6079986095428467,0.28185224533081055,3.326146364212036
240,3.580737829208374,0.23959845304489136,3.341139316558838
241,3.572402000427246,0.22776593267917633,3.3446359634399414
242,3.573381185531616,0.2448875904083252,3.328493595123291
243,3.5668294429779053,0.2471446394920349,3.3196847438812256
244,3.69059157371521,0.26634687185287476,3.4242446422576904
245,3.5949196815490723,0.26365581154823303,3.331263780593872
246,3.595886707305908,0.27118754386901855,3.3246991634368896
247,3.5671427249908447,0.2553860545158386,3.3117566108703613
248,3.6025514602661133,0.26286134123802185,3.3396902084350586
249,3.577277421951294,0.25890761613845825,3.3183698654174805
250,3.588587760925293,0.27462902665138245,3.3139586448669434
251,3.5844838619232178,0.24977803230285645,3.3347058296203613
252,3.580564260482788,0.26821082830429077,3.3123533725738525
253,3.604126214981079,0.27137941122055054,3.332746744155884
254,3.6568307876586914,0.30789172649383545,3.3489389419555664
255,3.585271120071411,0.2631310522556305,3.3221399784088135
256,3.573328971862793,0.23669475317001343,3.3366341590881348
257,3.5507431030273438,0.24643315374851227,3.304309844970703
258,3.5668396949768066,0.25067847967147827,3.3161611557006836
259,3.5915563106536865,0.24361589550971985,3.347940444946289
260,3.6021623611450195,0.27133435010910034,3.3308279514312744
261,3.565310478210449,0.24418506026268005,3.3211255073547363
262,3.5795722007751465,0.2855907678604126,3.2939815521240234
263,3.56427264213562,0.25331899523735046,3.3109536170959473
264,3.6176090240478516,0.2857095003128052,3.331899404525757
265,3.5677032470703125,0.24091407656669617,3.326789140701294
266,3.5765717029571533,0.2581985592842102,3.318373203277588
267,3.5941483974456787,0.27579158544540405,3.31835675239563
268,3.547163486480713,0.2254500389099121,3.321713447570801
269,3.579392433166504,0.25340500473976135,3.3259873390197754
270,3.6135518550872803,0.2606212794780731,3.3529305458068848
271,3.537142276763916,0.2317274808883667,3.3054146766662598
272,3.5809011459350586,0.256269633769989,3.324631452560425
273,3.5332350730895996,0.2322777658700943,3.300957202911377
274,3.5771307945251465,0.26968908309936523,3.3074417114257812
275,3.5527384281158447,0.2579343020915985,3.294804096221924
276,3.546841621398926,0.2167438268661499,3.3300976753234863
277,3.593665838241577,0.25452548265457153,3.3391404151916504
278,3.584662437438965,0.261919766664505,3.3227427005767822
279,3.557262420654297,0.24236392974853516,3.3148984909057617
280,3.6157476902008057,0.26999497413635254,3.345752716064453
281,3.5426673889160156,0.2140595018863678,3.3286077976226807
282,3.552353620529175,0.22780880331993103,3.324544906616211
283,3.604257106781006,0.25027352571487427,3.3539836406707764
284,3.5804128646850586,0.23055288195610046,3.3498599529266357
285,3.5932064056396484,0.2595031261444092,3.3337032794952393
286,3.6016783714294434,0.2708854675292969,3.3307929039001465
287,3.5474510192871094,0.22001488506793976,3.3274362087249756
288,3.573089122772217,0.23444414138793945,3.3386449813842773
289,3.598388910293579,0.2589389979839325,3.339449882507324
290,3.5931992530822754,0.2582332491874695,3.334965944290161
291,3.5867881774902344,0.26187652349472046,3.324911594390869
292,3.5665605068206787,0.24716615676879883,3.31939435005188
293,3.581092357635498,0.24014374613761902,3.3409485816955566
294,3.5504934787750244,0.24075928330421448,3.3097341060638428
295,3.6041183471679688,0.28615033626556396,3.3179678916931152
296,3.5859084129333496,0.2542175054550171,3.331690788269043
297,3.5778472423553467,0.24250392615795135,3.335343360900879
298,3.560983180999756,0.24287880957126617,3.3181042671203613
299,3.608088493347168,0.26798146963119507,3.340106964111328
300,3.6047658920288086,0.2647017240524292,3.340064287185669
301,3.5730834007263184,0.2388487160205841,3.3342347145080566
302,3.5639657974243164,0.26291418075561523,3.301051616668701
303,3.5895144939422607,0.24459367990493774,3.3449208736419678
304,3.55671763420105,0.23344190418720245,3.3232758045196533
305,3.5988051891326904,0.26097577810287476,3.337829351425171
306,3.5909900665283203,0.2606629431247711,3.330327033996582
307,3.556933879852295,0.254440575838089,3.3024933338165283
308,3.5768725872039795,0.2438712865114212,3.3330013751983643
309,3.5660243034362793,0.23539778590202332,3.3306264877319336
310,3.5892226696014404,0.25899243354797363,3.330230236053467
311,3.619567394256592,0.28012794256210327,3.3394393920898438
312,3.623379945755005,0.29273301362991333,3.3306469917297363
313,3.5819013118743896,0.2598474323749542,3.322053909301758
314,3.5978901386260986,0.26297277212142944,3.3349173069000244
315,3.5778374671936035,0.25272753834724426,3.3251099586486816
316,3.5628445148468018,0.24344126880168915,3.3194031715393066
317,3.540925979614258,0.21742409467697144,3.3235018253326416
318,3.6072444915771484,0.272782564163208,3.3344619274139404
319,3.581843137741089,0.25651994347572327,3.3253231048583984
320,3.6097445487976074,0.2696181535720825,3.3401265144348145
321,3.59078311920166,0.26638126373291016,3.32440185546875
322,3.5811917781829834,0.24591168761253357,3.335280179977417
323,3.54034686088562,0.22364026308059692,3.316706657409668
324,3.5947341918945312,0.245803564786911,3.348930597305298
325,3.5846896171569824,0.2689203917980194,3.3157691955566406
326,3.5540759563446045,0.24057747423648834,3.3134984970092773
327,3.591156005859375,0.2510818839073181,3.340074062347412
328,3.576098680496216,0.25398802757263184,3.322110652923584
329,3.618100643157959,0.2656925916671753,3.352407932281494
330,3.6185338497161865,0.28717154264450073,3.331362247467041
331,3.6056244373321533,0.2700679898262024,3.3355565071105957
332,3.542818546295166,0.22776177525520325,3.315056800842285
333,3.594740629196167,0.2677185535430908,3.327022075653076
334,3.566636562347412,0.2504163384437561,3.316220283508301
335,3.575610876083374,0.2299845665693283,3.3456263542175293
336,3.5692782402038574,0.25411948561668396,3.3151588439941406
337,3.577988624572754,0.25274989008903503,3.3252387046813965
338,3.545112133026123,0.23195841908454895,3.3131537437438965
339,3.589160442352295,0.2716935873031616,3.317466974258423
340,3.583263874053955,0.254435658454895,3.3288283348083496
341,3.56925368309021,0.24315887689590454,3.32609486579895
342,3.584026336669922,0.2622089385986328,3.321817398071289
343,3.5820772647857666,0.2774685323238373,3.3046088218688965
344,3.5642597675323486,0.2447008192539215,3.31955885887146
345,3.5732014179229736,0.26428768038749695,3.3089137077331543
346,3.6132330894470215,0.2843962609767914,3.3288369178771973
347,3.5740678310394287,0.256368488073349,3.317699432373047
348,3.5998220443725586,0.2555456757545471,3.3442764282226562
349,3.6098289489746094,0.28197532892227173,3.3278536796569824
350,3.617496967315674,0.282803475856781,3.334693431854248
351,3.5928351879119873,0.2608798146247864,3.3319554328918457
352,3.6245198249816895,0.28508567810058594,3.3394341468811035
353,3.5997142791748047,0.2659093737602234,3.3338048458099365
354,3.5716495513916016,0.24974866211414337,3.3219008445739746
355,3.598111152648926,0.2685443162918091,3.3295669555664062
356,3.5504865646362305,0.23178663849830627,3.318699836730957
357,3.5794336795806885,0.2506836950778961,3.328749895095825
358,3.6046271324157715,0.2580505311489105,3.346576690673828
359,3.578422784805298,0.26396676898002625,3.314455986022949
360,3.5642969608306885,0.22515693306922913,3.339139938354492
361,3.5832700729370117,0.2520756125450134,3.3311944007873535
362,3.610119342803955,0.25724613666534424,3.3528733253479004
363,3.59426212310791,0.25290727615356445,3.3413548469543457
364,3.5711722373962402,0.25369489192962646,3.317477226257324
365,3.6180801391601562,0.2712850272655487,3.346795082092285
366,3.5836803913116455,0.2502622604370117,3.333418130874634
367,3.536085367202759,0.2267483025789261,3.3093371391296387
368,3.573578119277954,0.24138452112674713,3.332193613052368
369,3.6292498111724854,0.289325088262558,3.3399248123168945
370,3.527275800704956,0.23907575011253357,3.2882001399993896
371,3.5480544567108154,0.24930080771446228,3.2987537384033203
372,3.5723438262939453,0.25330430269241333,3.3190395832061768
373,3.6210579872131348,0.291689395904541,3.3293685913085938
374,3.6235241889953613,0.2783616781234741,3.3451626300811768
375,3.5620486736297607,0.24381278455257416,3.3182358741760254
376,3.5512900352478027,0.2244681417942047,3.326821804046631
377,3.598602533340454,0.27214184403419495,3.326460599899292
378,3.5954020023345947,0.23846404254436493,3.356937885284424
379,3.5900609493255615,0.26404207944869995,3.326018810272217
380,3.5625805854797363,0.22143301367759705,3.3411476612091064
381,3.5650765895843506,0.24443861842155457,3.3206379413604736
382,3.5821340084075928,0.24803896248340607,3.334095001220703
383,3.5465917587280273,0.22216832637786865,3.3244235515594482
384,3.5691006183624268,0.25852614641189575,3.310574531555176
385,3.551776170730591,0.24115648865699768,3.310619592666626
386,3.566927433013916,0.24625086784362793,3.320676565170288
387,3.5878751277923584,0.25704970955848694,3.3308253288269043
388,3.6177473068237305,0.2772780656814575,3.3404693603515625
389,3.5727994441986084,0.239590123295784,3.333209276199341
390,3.594484806060791,0.25931045413017273,3.335174322128296
391,3.572465419769287,0.23834794759750366,3.3341174125671387
392,3.578786611557007,0.25649768114089966,3.322288990020752
393,3.567680835723877,0.23138409852981567,3.336296796798706
394,3.5404844284057617,0.23830361664295197,3.302180767059326
395,3.5500662326812744,0.22418616712093353,3.3258800506591797
396,3.5502700805664062,0.23355570435523987,3.316714286804199
397,3.5841293334960938,0.26317596435546875,3.320953369140625
398,3.565751791000366,0.24484343826770782,3.320908308029175
399,3.5856642723083496,0.246615931391716,3.339048385620117
400,3.5715787410736084,0.2415335327386856,3.330045223236084
401,3.608865737915039,0.2640986442565918,3.3447670936584473
402,3.575228214263916,0.2722986936569214,3.302929401397705
403,3.595080852508545,0.26007360219955444,3.3350071907043457
404,3.500635862350464,0.20678302645683289,3.2938528060913086
405,3.567988157272339,0.25293803215026855,3.3150501251220703
406,3.5921497344970703,0.24753642082214355,3.3446133136749268
407,3.578242301940918,0.27116847038269043,3.3070738315582275
408,3.57564115524292,0.25317659974098206,3.3224644660949707
409,3.5446009635925293,0.24003663659095764,3.3045642375946045
410,3.5936906337738037,0.24722416698932648,3.346466541290283
411,3.6041300296783447,0.27625688910484314,3.3278732299804688
412,3.578103542327881,0.23254157602787018,3.345561981201172
413,3.5413408279418945,0.22318896651268005,3.3181519508361816
414,3.5446414947509766,0.23603111505508423,3.308610439300537
415,3.566387176513672,0.24551331996917725,3.320873975753784
416,3.6095409393310547,0.28202295303344727,3.3275179862976074
417,3.5511410236358643,0.23642376065254211,3.3147172927856445
418,3.5640363693237305,0.23973612487316132,3.3243002891540527
419,3.603238821029663,0.26729679107666016,3.335942029953003
420,3.627640724182129,0.284824013710022,3.3428165912628174
421,3.6119208335876465,0.27673131227493286,3.3351895809173584
422,3.5782246589660645,0.25434410572052,3.323880672454834
423,3.621368408203125,0.28167062997817993,3.33969783782959
424,3.5426437854766846,0.2160523384809494,3.3265914916992188
425,3.5721161365509033,0.25249528884887695,3.3196208477020264
426,3.5478811264038086,0.23588573932647705,3.311995506286621
427,3.6045658588409424,0.27461737394332886,3.3299484252929688
428,3.590517997741699,0.2578188180923462,3.3326992988586426
429,3.560213088989258,0.24558362364768982,3.314629554748535
430,3.59975528717041,0.2803577780723572,3.319397449493408
431,3.57787823677063,0.2500828206539154,3.3277955055236816
432,3.600533962249756,0.26979076862335205,3.3307433128356934
433,3.565476894378662,0.23843036592006683,3.3270466327667236
434,3.5534162521362305,0.24034574627876282,3.31307053565979
435,3.6188406944274902,0.28651514649391174,3.3323254585266113
436,3.559516191482544,0.22757183015346527,3.331944465637207
437,3.5417823791503906,0.24328568577766418,3.298496723175049
438,3.5919058322906494,0.25685301423072815,3.335052728652954
439,3.566019296646118,0.2608282268047333,3.3051910400390625
440,3.543386697769165,0.2303946316242218,3.3129920959472656
441,3.6035537719726562,0.27242183685302734,3.331131935119629
442,3.595777750015259,0.28234702348709106,3.3134307861328125
443,3.574237823486328,0.2631176710128784,3.31112003326416
444,3.5877442359924316,0.2492532581090927,3.3384909629821777
445,3.5427651405334473,0.21883243322372437,3.323932647705078
446,3.571611166000366,0.24731753766536713,3.324293613433838
447,3.592803955078125,0.25608789920806885,3.3367161750793457
448,3.5374209880828857,0.22575092315673828,3.3116700649261475
449,3.529773235321045,0.2127862125635147,3.3169870376586914
450,3.5763862133026123,0.2632412612438202,3.3131449222564697
451,3.6238608360290527,0.2859567701816559,3.3379039764404297
452,3.632059097290039,0.3002709746360779,3.3317880630493164
453,3.5993847846984863,0.25495558977127075,3.3444292545318604
454,3.588365077972412,0.2562885880470276,3.3320765495300293
455,3.5813043117523193,0.24422912299633026,3.3370752334594727
456,3.548665761947632,0.22160664200782776,3.327059030532837
457,3.5885066986083984,0.2526121735572815,3.3358945846557617
458,3.5881471633911133,0.2387498915195465,3.3493971824645996
459,3.5534300804138184,0.23185878992080688,3.3215713500976562
460,3.549602746963501,0.22643132507801056,3.323171377182007
461,3.5897154808044434,0.24842379987239838,3.341291666030884
462,3.6073577404022217,0.26195791363716125,3.345399856567383
463,3.5830256938934326,0.24412474036216736,3.3389010429382324
464,3.576678991317749,0.25173547863960266,3.3249435424804688
465,3.5762674808502197,0.2489253729581833,3.3273420333862305
466,3.5915207862854004,0.2636219263076782,3.3278987407684326
467,3.60050368309021,0.250652939081192,3.349850654602051
468,3.548675775527954,0.2231145203113556,3.325561285018921
469,3.601616859436035,0.2525781989097595,3.349038600921631
470,3.5573983192443848,0.22757139801979065,3.329826831817627
471,3.6315407752990723,0.2869972586631775,3.34454345703125
472,3.5791332721710205,0.2293313443660736,3.349802017211914
473,3.586834192276001,0.2645823359489441,3.322251796722412
474,3.6116061210632324,0.2549542188644409,3.356651782989502
475,3.5573887825012207,0.23594152927398682,3.3214473724365234
476,3.565596103668213,0.2531372904777527,3.3124587535858154
477,3.5700902938842773,0.23513653874397278,3.334953784942627
478,3.583235740661621,0.24750088155269623,3.3357348442077637
479,3.584928274154663,0.2619832158088684,3.3229451179504395
480,3.555626392364502,0.22818970680236816,3.327436685562134
481,3.592506170272827,0.25568923354148865,3.3368170261383057
482,3.599487781524658,0.2563402056694031,3.3431475162506104
483,3.5945510864257812,0.2578962445259094,3.3366549015045166
484,3.5425353050231934,0.2340942621231079,3.308441162109375
485,3.5696680545806885,0.25174638628959656,3.3179216384887695
486,3.5664520263671875,0.231859490275383,3.334592580795288
487,3.5575194358825684,0.23567114770412445,3.3218483924865723
488,3.5669374465942383,0.25593793392181396,3.3109993934631348
489,3.671915292739868,0.30823639035224915,3.3636789321899414
490,3.589115858078003,0.23828761279582977,3.350828170776367
491,3.5924437046051025,0.2573574185371399,3.3350863456726074
492,3.593723773956299,0.260438472032547,3.333285331726074
493,3.5885026454925537,0.2518637776374817,3.336638927459717
494,3.542551040649414,0.2042093575000763,3.33834171295166
495,3.5627593994140625,0.23454809188842773,3.3282113075256348
496,3.586024284362793,0.24793997406959534,3.3380842208862305
497,3.581312656402588,0.26344573497772217,3.317866802215576
498,3.5942046642303467,0.23253649473190308,3.361668109893799
499,3.598691701889038,0.26573628187179565,3.3329553604125977
500,3.5846054553985596,0.2624909281730652,3.3221144676208496
501,3.577698230743408,0.24652494490146637,3.3311731815338135
502,3.538712978363037,0.23521560430526733,3.303497314453125
503,3.5534703731536865,0.2542404532432556,3.299229860305786
504,3.5754499435424805,0.25728505849838257,3.318164825439453
505,3.549403190612793,0.24020278453826904,3.3092002868652344
506,3.542262315750122,0.23290647566318512,3.3093557357788086
507,3.540687084197998,0.24088120460510254,3.2998058795928955
508,3.5270111560821533,0.21424221992492676,3.3127689361572266
509,3.6036131381988525,0.2699386477470398,3.333674430847168
510,3.557762861251831,0.2254335582256317,3.332329273223877
511,3.5805275440216064,0.24604974687099457,3.3344779014587402
512,3.581953763961792,0.26762133836746216,3.3143324851989746
513,3.583005905151367,0.26004552841186523,3.322960376739502
514,3.5447916984558105,0.21614933013916016,3.3286423683166504
515,3.5688867568969727,0.2500159442424774,3.318870782852173
516,3.5646889209747314,0.24811379611492157,3.316575050354004
517,3.557202100753784,0.24169273674488068,3.31550931930542
518,3.587221145629883,0.26199573278427124,3.325225353240967
519,3.588731527328491,0.27847981452941895,3.3102517127990723
520,3.5757431983947754,0.23939254879951477,3.336350679397583
521,3.570502281188965,0.2387944906949997,3.331707715988159
522,3.53214430809021,0.2290622889995575,3.30308198928833
523,3.594367027282715,0.2590411901473999,3.3353259563446045
524,3.586801528930664,0.244820237159729,3.3419814109802246
525,3.5926594734191895,0.25648653507232666,3.3361730575561523
526,3.6048245429992676,0.27203643321990967,3.3327879905700684
527,3.605614185333252,0.27021732926368713,3.3353967666625977
528,3.546220302581787,0.2279442548751831,3.3182759284973145
529,3.6085195541381836,0.29204845428466797,3.3164710998535156
530,3.5940494537353516,0.24702072143554688,3.3470287322998047
531,3.5648670196533203,0.2451113760471344,3.3197555541992188
532,3.5511488914489746,0.2362307459115982,3.314918041229248
533,3.5458486080169678,0.23410503566265106,3.3117434978485107
534,3.5906920433044434,0.258634090423584,3.3320579528808594
535,3.5377774238586426,0.21529555320739746,3.322481870651245
536,3.5456581115722656,0.2361128330230713,3.3095452785491943
537,3.6115775108337402,0.254952996969223,3.3566246032714844
538,3.5763795375823975,0.24745449423789978,3.328925132751465
539,3.5682923793792725,0.2272636890411377,3.3410286903381348
540,3.5648651123046875,0.2516125440597534,3.3132524490356445
541,3.558262825012207,0.2251315414905548,3.3331313133239746
542,3.5760645866394043,0.24698412418365479,3.329080581665039
543,3.5817058086395264,0.23489712178707123,3.346808671951294
544,3.530588150024414,0.2203184813261032,3.310269594192505
545,3.563716411590576,0.23385056853294373,3.3298659324645996
546,3.577694892883301,0.249485582113266,3.328209400177002
547,3.5917773246765137,0.2560018301010132,3.335775375366211
548,3.539365768432617,0.2165604829788208,3.322805404663086
549,3.569518566131592,0.2366110384464264,3.3329074382781982
550,3.576475143432617,0.2551363706588745,3.321338653564453
551,3.5694286823272705,0.22937263548374176,3.3400559425354004
552,3.609013557434082,0.2598995566368103,3.349113941192627
553,3.5336010456085205,0.22511163353919983,3.3084893226623535
554,3.5659420490264893,0.2288673222064972,3.3370747566223145
555,3.610868215560913,0.27723070979118347,3.3336374759674072
556,3.5266547203063965,0.23773059248924255,3.288924217224121
557,3.5539443492889404,0.23803535103797913,3.315908908843994
558,3.543560028076172,0.21573734283447266,3.327822685241699
559,3.5826451778411865,0.2547423243522644,3.3279027938842773
560,3.6009230613708496,0.2598010003566742,3.3411221504211426
561,3.55995512008667,0.23259654641151428,3.3273584842681885
562,3.5618577003479004,0.22985148429870605,3.3320062160491943
563,3.532252073287964,0.23031988739967346,3.3019320964813232
564,3.582942247390747,0.2444341778755188,3.338508129119873
565,3.537358522415161,0.22949662804603577,3.307861804962158
566,3.555530548095703,0.22456690669059753,3.330963611602783
567,3.59831166267395,0.2528459429740906,3.345465660095215
568,3.609203577041626,0.25172391533851624,3.3574795722961426
569,3.5967864990234375,0.255823016166687,3.340963363647461
570,3.5591719150543213,0.2337244302034378,3.3254475593566895
571,3.619037389755249,0.2761751711368561,3.342862129211426
572,3.5761122703552246,0.23785549402236938,3.3382568359375
573,3.5578091144561768,0.21832914650440216,3.339479923248291
574,3.5651395320892334,0.2212093621492386,3.343930244445801
575,3.541807174682617,0.23464572429656982,3.307161331176758
576,3.5994362831115723,0.2640041410923004,3.3354320526123047
577,3.5460760593414307,0.2262190282344818,3.319857120513916
578,3.6056413650512695,0.2732562720775604,3.3323850631713867
579,3.5649685859680176,0.2385932207107544,3.3263754844665527
580,3.546490430831909,0.21512863039970398,3.331361770629883
581,3.5791420936584473,0.2190255969762802,3.360116481781006
582,3.584172248840332,0.24183091521263123,3.342341423034668
583,3.582202911376953,0.2537662386894226,3.3284366130828857
584,3.552299737930298,0.21717184782028198,3.335127830505371
585,3.55362868309021,0.22965247929096222,3.3239762783050537
586,3.549666166305542,0.23567171394824982,3.3139944076538086
587,3.5866611003875732,0.24168629944324493,3.3449747562408447
588,3.533376693725586,0.21785414218902588,3.3155226707458496
589,3.549849510192871,0.2525132894515991,3.2973361015319824
590,3.565000057220459,0.22261713445186615,3.3423829078674316
591,3.5539073944091797,0.2595001459121704,3.294407367706299
592,3.597363233566284,0.26104214787483215,3.3363211154937744
593,3.5892295837402344,0.2603883147239685,3.328841209411621
594,3.5858592987060547,0.26850593090057373,3.3173534870147705
595,3.5595929622650146,0.24189911782741547,3.3176939487457275
596,3.555544137954712,0.2354772984981537,3.3200669288635254
597,3.5787596702575684,0.24831435084342957,3.3304452896118164
598,3.55204176902771,0.24825844168663025,3.303783416748047
599,3.6268153190612793,0.27851930260658264,3.3482959270477295
600,3.592639207839966,0.25240105390548706,3.340238094329834
601,3.5205962657928467,0.21103213727474213,3.3095641136169434
602,3.541919469833374,0.24301084876060486,3.2989087104797363
603,3.5831491947174072,0.2653905749320984,3.317758560180664
604,3.5484938621520996,0.21522490680217743,3.333268880844116
605,3.558412551879883,0.2482319474220276,3.3101806640625
606,3.561100482940674,0.2431730479001999,3.317927360534668
607,3.591156244277954,0.26346418261528015,3.3276920318603516
608,3.6013824939727783,0.2711805999279022,3.3302018642425537
609,3.563215732574463,0.24621784687042236,3.316997766494751
610,3.522308588027954,0.22795739769935608,3.294351100921631
611,3.6104159355163574,0.29146528244018555,3.318950653076172
612,3.589829683303833,0.24593141674995422,3.343898296356201
613,3.5576748847961426,0.22149458527565002,3.3361802101135254
614,3.568591356277466,0.2478470802307129,3.320744276046753
615,3.559885025024414,0.22302000224590302,3.336864948272705
616,3.563051462173462,0.23975150287151337,3.3232998847961426
617,3.5244967937469482,0.2128932774066925,3.311603546142578
618,3.6061348915100098,0.26360756158828735,3.342527389526367
619,3.587181568145752,0.25511616468429565,3.3320653438568115
620,3.559924364089966,0.25963035225868225,3.3002939224243164
621,3.5518534183502197,0.22587695717811584,3.3259763717651367
622,3.5316081047058105,0.20612743496894836,3.3254806995391846
623,3.564708709716797,0.23864559829235077,3.3260631561279297
624,3.5587635040283203,0.23224088549613953,3.3265225887298584
625,3.6005969047546387,0.2683514952659607,3.332245349884033
626,3.567319631576538,0.23443108797073364,3.332888603210449
627,3.5619313716888428,0.23896238207817078,3.3229689598083496
628,3.554314136505127,0.2317514568567276,3.3225626945495605
629,3.5367343425750732,0.23009711503982544,3.3066372871398926
630,3.5418148040771484,0.23692373931407928,3.3048911094665527
631,3.5640642642974854,0.2343580722808838,3.3297061920166016
632,3.5770764350891113,0.2509461045265198,3.3261303901672363
633,3.5683388710021973,0.2417566180229187,3.326582193374634
634,3.5560109615325928,0.2234797179698944,3.332531213760376
635,3.5753014087677,0.25151196122169495,3.323789358139038
636,3.583900213241577,0.24998050928115845,3.3339197635650635
637,3.5413339138031006,0.2308095395565033,3.3105244636535645
638,3.5430705547332764,0.24811483919620514,3.2949557304382324
639,3.557527542114258,0.23692703247070312,3.3206005096435547
640,3.548222303390503,0.22365903854370117,3.3245632648468018
641,3.5741822719573975,0.24597316980361938,3.328209161758423
642,3.607560157775879,0.2628992795944214,3.344660758972168
643,3.5475566387176514,0.2274211347103119,3.3201355934143066
644,3.591660976409912,0.25959303975105286,3.3320679664611816
645,3.5738909244537354,0.24626557528972626,3.327625274658203
646,3.537400722503662,0.22031910717487335,3.3170816898345947
647,3.5315780639648438,0.21453139185905457,3.317046642303467
648,3.5353105068206787,0.24042081832885742,3.2948896884918213
649,3.55849552154541,0.2323952615261078,3.3261003494262695
650,3.566664695739746,0.23136776685714722,3.335296869277954
651,3.5326879024505615,0.22250717878341675,3.3101806640625
652,3.6046459674835205,0.2523179054260254,3.352328062057495
653,3.5792694091796875,0.24926047027111053,3.3300089836120605
654,3.5774407386779785,0.23909613490104675,3.3383445739746094
655,3.5788557529449463,0.2620752453804016,3.3167805671691895
656,3.5472612380981445,0.2405153214931488,3.306746006011963
657,3.57759428024292,0.2522267699241638,3.3253674507141113
658,3.604341983795166,0.2795902490615845,3.324751853942871
659,3.598886013031006,0.2818409204483032,3.317044973373413
660,3.5687756538391113,0.24391420185565948,3.324861526489258
661,3.607738971710205,0.26812079548835754,3.33961820602417
662,3.5848655700683594,0.2582055926322937,3.326659917831421
663,3.5869457721710205,0.25724151730537415,3.3297042846679688
664,3.5835280418395996,0.2401682287454605,3.3433597087860107
665,3.588763475418091,0.2576821744441986,3.3310813903808594
666,3.5716161727905273,0.2581023573875427,3.31351375579834
667,3.5467171669006348,0.23224833607673645,3.3144688606262207
668,3.5720252990722656,0.24360673129558563,3.328418493270874
669,3.5566201210021973,0.2361072301864624,3.3205127716064453
670,3.6023621559143066,0.24595138430595398,3.3564107418060303
671,3.591397285461426,0.25118738412857056,3.3402099609375
672,3.6183242797851562,0.2790578603744507,3.339266538619995
673,3.5486559867858887,0.21852953732013702,3.3301265239715576
674,3.614711284637451,0.28603020310401917,3.328680992126465
675,3.5736780166625977,0.24948231875896454,3.324195623397827
676,3.574636697769165,0.2680242359638214,3.306612491607666
677,3.5724105834960938,0.25171005725860596,3.3207006454467773
678,3.565530300140381,0.2339651882648468,3.3315651416778564
679,3.5713951587677,0.2237861603498459,3.347609043121338
680,3.582569122314453,0.2702065110206604,3.3123626708984375
681,3.5549755096435547,0.23131173849105835,3.3236637115478516
682,3.585998058319092,0.25726431608200073,3.3287336826324463
683,3.5724093914031982,0.22838085889816284,3.3440284729003906
684,3.575716018676758,0.246409609913826,3.3293063640594482
685,3.5856218338012695,0.24566420912742615,3.3399577140808105
686,3.562440872192383,0.24288882315158844,3.319551944732666
687,3.58532452583313,0.2447669506072998,3.34055757522583
688,3.576082229614258,0.25259098410606384,3.323491334915161
689,3.5861926078796387,0.23271256685256958,3.353480100631714
690,3.581580400466919,0.2512981593608856,3.330282211303711
691,3.5960798263549805,0.25933945178985596,3.336740493774414
692,3.566056489944458,0.2492251992225647,3.316831350326538
693,3.5739874839782715,0.2556455135345459,3.3183419704437256
694,3.5550661087036133,0.2415260523557663,3.313539981842041
695,3.574314594268799,0.24695870280265808,3.3273558616638184
696,3.5324771404266357,0.2266162931919098,3.305860757827759
697,3.590078830718994,0.26567932963371277,3.324399471282959
698,3.607201337814331,0.26827558875083923,3.338925838470459
699,3.542848587036133,0.21207763254642487,3.330770969390869
700,3.5766916275024414,0.2533649802207947,3.323326587677002
701,3.5814995765686035,0.2637617290019989,3.3177378177642822
702,3.5710809230804443,0.2555782198905945,3.315502643585205
703,3.5670509338378906,0.22930052876472473,3.3377504348754883
704,3.531787157058716,0.23013991117477417,3.301647186279297
705,3.594754934310913,0.24197229743003845,3.352782726287842
706,3.5770435333251953,0.2553337514400482,3.3217098712921143
707,3.5690720081329346,0.23384734988212585,3.3352246284484863
708,3.5762648582458496,0.25589269399642944,3.3203721046447754
709,3.5520286560058594,0.2177223265171051,3.334306240081787
710,3.57529354095459,0.24208462238311768,3.3332090377807617
711,3.5990374088287354,0.25650864839553833,3.342528820037842
712,3.5661652088165283,0.24195890128612518,3.3242063522338867
713,3.52854061126709,0.21297839283943176,3.3155622482299805
714,3.554593563079834,0.21983285248279572,3.3347606658935547
715,3.518089532852173,0.2050379067659378,3.313051700592041
716,3.559028387069702,0.24330107867717743,3.3157272338867188
717,3.603074550628662,0.27914515137672424,3.3239293098449707
718,3.5973658561706543,0.2606854736804962,3.3366804122924805
719,3.6237945556640625,0.28248655796051025,3.341308116912842
720,3.5408294200897217,0.2256356030702591,3.3151938915252686
721,3.5588512420654297,0.2425042986869812,3.3163468837738037
722,3.5181686878204346,0.1967046558856964,3.3214640617370605
723,3.5649032592773438,0.25140810012817383,3.31349515914917
724,3.5821549892425537,0.24092355370521545,3.341231346130371
725,3.567774534225464,0.24548962712287903,3.3222849369049072
726,3.578227996826172,0.24628782272338867,3.331940174102783
727,3.543591260910034,0.2229105532169342,3.320680618286133
728,3.601790189743042,0.2504971921443939,3.3512930870056152
729,3.6276872158050537,0.2623337209224701,3.365353584289551
730,3.6227400302886963,0.27397698163986206,3.3487629890441895
731,3.5280914306640625,0.21963270008563995,3.3084588050842285
732,3.560661554336548,0.2334091067314148,3.3272523880004883
733,3.597482204437256,0.257912278175354,3.3395700454711914
734,3.61698842048645,0.2605418264865875,3.3564465045928955
735,3.577267646789551,0.2584701180458069,3.3187975883483887
736,3.5950510501861572,0.25897979736328125,3.336071252822876
737,3.5838239192962646,0.2447112649679184,3.3391127586364746
738,3.609452486038208,0.26850971579551697,3.340942859649658
739,3.5479331016540527,0.23112116754055023,3.316812038421631
740,3.583682060241699,0.2672581970691681,3.3164238929748535
741,3.542762279510498,0.2262883484363556,3.316473960876465
742,3.551649808883667,0.2452535629272461,3.306396245956421
743,3.5466818809509277,0.239156574010849,3.307525396347046
744,3.5448734760284424,0.22159644961357117,3.323276996612549
745,3.5524115562438965,0.22531452775001526,3.327096939086914
746,3.5488033294677734,0.22686582803726196,3.3219375610351562
747,3.5414462089538574,0.22041083872318268,3.321035385131836
748,3.570169687271118,0.2364485263824463,3.333721160888672
749,3.5815365314483643,0.23628954589366913,3.3452470302581787
750,3.546015977859497,0.22050108015537262,3.325514793395996
751,3.533620834350586,0.24517247080802917,3.2884483337402344
752,3.5624771118164062,0.2350582480430603,3.327418804168701
753,3.5499136447906494,0.2519547641277313,3.2979588508605957
754,3.5547103881835938,0.22004982829093933,3.334660530090332
755,3.5975046157836914,0.26101940870285034,3.3364851474761963
756,3.570754051208496,0.23226264119148254,3.338491439819336
757,3.5673372745513916,0.24289774894714355,3.324439525604248
758,3.5472593307495117,0.23315468430519104,3.3141045570373535
759,3.5779621601104736,0.2503955066204071,3.327566623687744
760,3.544348955154419,0.22624805569648743,3.318100929260254
761,3.5737836360931396,0.23957590758800507,3.334207773208618
762,3.5397114753723145,0.221732497215271,3.317979097366333
763,3.521728277206421,0.2048318237066269,3.316896438598633
764,3.601532459259033,0.26205766201019287,3.33947491645813
765,3.540220022201538,0.21345239877700806,3.326767683029175
766,3.549652338027954,0.2231309711933136,3.326521396636963
767,3.5691442489624023,0.22350502014160156,3.345639228820801
768,3.513895273208618,0.2195538580417633,3.2943413257598877
769,3.614504337310791,0.28058701753616333,3.3339173793792725
770,3.5266690254211426,0.21270984411239624,3.3139591217041016
771,3.5445339679718018,0.22008724510669708,3.324446678161621
772,3.5552115440368652,0.23112013936042786,3.3240914344787598
773,3.6062252521514893,0.25973621010780334,3.3464889526367188
774,3.5771231651306152,0.26741307973861694,3.3097100257873535
775,3.5396008491516113,0.23210768401622772,3.307493209838867
776,3.6164443492889404,0.26837044954299927,3.348073959350586
777,3.547659158706665,0.22849178314208984,3.319167375564575
778,3.575094699859619,0.24280034005641937,3.332294464111328
779,3.5487029552459717,0.22823217511177063,3.3204708099365234
780,3.5608348846435547,0.21866671741008759,3.342168092727661
781,3.5652880668640137,0.23887452483177185,3.326413631439209
782,3.5888149738311768,0.25732070207595825,3.3314943313598633
783,3.6143128871917725,0.27263814210891724,3.3416748046875
784,3.559048891067505,0.22161747515201569,3.3374314308166504
785,3.572451591491699,0.23508572578430176,3.3373658657073975
786,3.5624380111694336,0.22996234893798828,3.3324756622314453
787,3.5688371658325195,0.2521132826805115,3.3167238235473633
788,3.5585885047912598,0.232613205909729,3.3259754180908203
789,3.6028337478637695,0.2638939917087555,3.338939666748047
790,3.557889938354492,0.2383645474910736,3.3195254802703857
791,3.5434794425964355,0.21877050399780273,3.324708938598633
792,3.5864293575286865,0.2449839562177658,3.3414454460144043
793,3.5318996906280518,0.21647176146507263,3.3154280185699463
794,3.5674359798431396,0.25371360778808594,3.3137223720550537
795,3.5512542724609375,0.22876641154289246,3.3224878311157227
796,3.5566506385803223,0.23729798197746277,3.319352626800537
797,3.520395278930664,0.2017924189567566,3.3186028003692627
798,3.560673713684082,0.2336270660161972,3.3270466327667236
799,3.5702052116394043,0.22894081473350525,3.341264486312866
800,3.5436038970947266,0.2266465276479721,3.316957473754883
801,3.5718865394592285,0.2378382682800293,3.334048271179199
802,3.605382204055786,0.2712518572807312,3.33413028717041
803,3.5709547996520996,0.2433224618434906,3.327632427215576
804,3.5349512100219727,0.2100231796503067,3.324928045272827
805,3.5784945487976074,0.25997859239578247,3.3185160160064697
806,3.5614805221557617,0.255489706993103,3.305990695953369
807,3.57220721244812,0.2518868148326874,3.3203203678131104
808,3.5332517623901367,0.2214026004076004,3.3118491172790527
809,3.568380832672119,0.261821985244751,3.306558847427368
810,3.620614767074585,0.26777809858322144,3.3528366088867188
811,3.5801312923431396,0.2389640212059021,3.3411672115325928
812,3.5727899074554443,0.23957613110542297,3.3332138061523438
813,3.5538055896759033,0.2257193624973297,3.3280861377716064
814,3.5397486686706543,0.2275892198085785,3.312159538269043
815,3.5489697456359863,0.2310284674167633,3.317941188812256
816,3.5622994899749756,0.242430180311203,3.31986927986145
817,3.6018826961517334,0.2694966793060303,3.332386016845703
818,3.578701972961426,0.24536770582199097,3.33333420753479
819,3.5325772762298584,0.2415602058172226,3.2910170555114746
820,3.603799343109131,0.24560852348804474,3.3581907749176025
821,3.5465316772460938,0.2314925491809845,3.3150391578674316
822,3.5765883922576904,0.2425503432750702,3.334038019180298
823,3.592859983444214,0.24518507719039917,3.34767484664917
824,3.5786612033843994,0.23717030882835388,3.3414909839630127
825,3.6025938987731934,0.27613216638565063,3.3264617919921875
826,3.5803661346435547,0.24278387427330017,3.3375823497772217
827,3.553601026535034,0.22379174828529358,3.3298091888427734
828,3.5842769145965576,0.2562731206417084,3.3280038833618164
829,3.5725698471069336,0.23935651779174805,3.3332133293151855
830,3.595393657684326,0.25691333413124084,3.338480234146118
831,3.5579352378845215,0.22674331068992615,3.3311920166015625
832,3.5753250122070312,0.25629091262817383,3.3190340995788574
833,3.5532524585723877,0.2264796942472458,3.326772689819336
834,3.5349690914154053,0.23200570046901703,3.3029634952545166
835,3.5558321475982666,0.23517616093158722,3.3206560611724854
836,3.5537760257720947,0.2408561110496521,3.312919855117798
837,3.5526885986328125,0.24560029804706573,3.3070883750915527
838,3.5348527431488037,0.21294620633125305,3.321906566619873
839,3.575132369995117,0.23845341801643372,3.336678981781006
840,3.5806379318237305,0.2661069929599762,3.314530849456787
841,3.551060676574707,0.25071775913238525,3.3003430366516113
842,3.5543065071105957,0.2430795133113861,3.3112270832061768
843,3.5923094749450684,0.2594934105873108,3.3328161239624023
844,3.609912157058716,0.26661843061447144,3.3432936668395996
845,3.5499866008758545,0.2209523618221283,3.3290343284606934
846,3.5763602256774902,0.25477224588394165,3.3215880393981934
847,3.5899314880371094,0.2544534206390381,3.3354780673980713
848,3.544846534729004,0.22399798035621643,3.3208484649658203
849,3.5314853191375732,0.21026641130447388,3.321218967437744
850,3.547624349594116,0.23339585959911346,3.3142285346984863
851,3.551266670227051,0.24316897988319397,3.3080976009368896
852,3.5734269618988037,0.23359528183937073,3.339831590652466
853,3.579272747039795,0.2521721124649048,3.3271007537841797
854,3.5230894088745117,0.21240559220314026,3.3106837272644043
855,3.5642824172973633,0.2200043797492981,3.34427809715271
856,3.5856621265411377,0.24924343824386597,3.336418628692627
857,3.5438175201416016,0.21443888545036316,3.329378604888916
858,3.5214664936065674,0.20549607276916504,3.3159704208374023
859,3.543808698654175,0.21712377667427063,3.3266849517822266
860,3.5282983779907227,0.20438674092292786,3.323911666870117
861,3.58027982711792,0.24280335009098053,3.3374764919281006
862,3.533928394317627,0.20491039752960205,3.3290181159973145
863,3.5349643230438232,0.21105027198791504,3.323914051055908
864,3.603362798690796,0.2770000398159027,3.3263628482818604
865,3.5612399578094482,0.23780879378318787,3.3234312534332275
866,3.532944679260254,0.21476972103118896,3.3181750774383545
867,3.533069133758545,0.21266186237335205,3.3204073905944824
868,3.599487066268921,0.26917126774787903,3.3303158283233643
869,3.580780506134033,0.2475903481245041,3.3331902027130127
870,3.6100542545318604,0.25808772444725037,3.351966619491577
871,3.5337235927581787,0.21306011080741882,3.3206634521484375
872,3.5587317943573,0.22980231046676636,3.3289294242858887
873,3.5770342350006104,0.24350415170192719,3.3335301876068115
874,3.5781216621398926,0.25007545948028564,3.3280463218688965
875,3.541802167892456,0.22541850805282593,3.3163836002349854
876,3.546584129333496,0.22337254881858826,3.323211669921875
877,3.625826597213745,0.27227655053138733,3.3535499572753906
878,3.530924081802368,0.2160368710756302,3.314887285232544
879,3.581080913543701,0.2665714919567108,3.314509391784668
880,3.5376265048980713,0.22076009213924408,3.316866397857666
881,3.5746073722839355,0.24919366836547852,3.325413703918457
882,3.5508005619049072,0.22981424629688263,3.320986270904541
883,3.559330701828003,0.22219297289848328,3.3371376991271973
884,3.5220584869384766,0.21874241530895233,3.303316116333008
885,3.5292253494262695,0.23368728160858154,3.2955381870269775
886,3.5838403701782227,0.25807106494903564,3.3257691860198975
887,3.5548248291015625,0.21416817605495453,3.3406567573547363
888,3.5779964923858643,0.25420838594436646,3.3237881660461426
889,3.5617520809173584,0.2265998274087906,3.3351521492004395
890,3.5679593086242676,0.24567174911499023,3.3222875595092773
891,3.546165704727173,0.2325790524482727,3.313586711883545
892,3.5734481811523438,0.2338346540927887,3.339613437652588
893,3.560957908630371,0.23052458465099335,3.3304333686828613
894,3.575073003768921,0.26338672637939453,3.3116862773895264
895,3.5012691020965576,0.20670969784259796,3.2945594787597656
896,3.568643569946289,0.2554760277271271,3.3131675720214844
897,3.562225580215454,0.21781417727470398,3.3444113731384277
898,3.5065228939056396,0.19661441445350647,3.309908390045166
899,3.5469000339508057,0.22978892922401428,3.317111015319824
900,3.550495147705078,0.22056055068969727,3.329934597015381
901,3.5604729652404785,0.23638522624969482,3.324087619781494
902,3.5604374408721924,0.2464854121208191,3.3139519691467285
903,3.576317071914673,0.23827852308750153,3.338038444519043
904,3.578604221343994,0.2460574507713318,3.3325467109680176
905,3.546030282974243,0.23506519198417664,3.310965061187744
906,3.564263343811035,0.24720481038093567,3.317058563232422
907,3.532907009124756,0.21945427358150482,3.31345272064209
908,3.5535035133361816,0.22683197259902954,3.326671600341797
909,3.538790225982666,0.20810043811798096,3.3306899070739746
910,3.551953077316284,0.22715017199516296,3.324802875518799
911,3.5436227321624756,0.2128765881061554,3.3307461738586426
912,3.55354380607605,0.20994091033935547,3.3436028957366943
913,3.5727720260620117,0.24050772190093994,3.3322644233703613
914,3.546051263809204,0.2269914746284485,3.3190598487854004
915,3.563246726989746,0.23039494454860687,3.3328518867492676
916,3.5872421264648438,0.2317878007888794,3.355454444885254
917,3.622368335723877,0.2696976661682129,3.352670669555664
918,3.5779073238372803,0.25066831707954407,3.3272390365600586
919,3.5553760528564453,0.2406940758228302,3.3146820068359375
920,3.5717597007751465,0.2360653579235077,3.3356943130493164
921,3.5700604915618896,0.2277854084968567,3.3422751426696777
922,3.5625040531158447,0.22315092384815216,3.339353084564209
923,3.5767858028411865,0.2507798671722412,3.3260059356689453
924,3.564912796020508,0.2459201216697693,3.3189926147460938
925,3.5544075965881348,0.24746789038181305,3.3069396018981934
926,3.56107759475708,0.21998155117034912,3.3410959243774414
927,3.5625038146972656,0.23017731308937073,3.3323264122009277
928,3.543492078781128,0.23021140694618225,3.3132805824279785
929,3.5989279747009277,0.26176655292510986,3.3371615409851074
930,3.579770088195801,0.23782414197921753,3.3419458866119385
931,3.5642752647399902,0.22094771265983582,3.343327522277832
932,3.5173516273498535,0.19959554076194763,3.317756175994873
933,3.5846774578094482,0.24933061003684998,3.3353469371795654
934,3.5303640365600586,0.20735207200050354,3.323011875152588
935,3.5742335319519043,0.2329712212085724,3.3412623405456543
936,3.562819480895996,0.21562060713768005,3.347198963165283
937,3.552192211151123,0.21910053491592407,3.3330917358398438
938,3.5693633556365967,0.2342463582754135,3.3351171016693115
939,3.5638813972473145,0.2501169443130493,3.3137643337249756
940,3.622152805328369,0.28285765647888184,3.3392951488494873
941,3.5658822059631348,0.23104169964790344,3.3348405361175537
942,3.531928539276123,0.2209334373474121,3.310995101928711
943,3.562530755996704,0.23051850497722626,3.332012176513672
944,3.54909348487854,0.23769162595272064,3.311401844024658
945,3.5142147541046143,0.21079589426517487,3.3034188747406006
946,3.5878419876098633,0.24664317071437836,3.3411989212036133
947,3.5310616493225098,0.2195514440536499,3.3115100860595703
948,3.5336711406707764,0.2166716456413269,3.3169994354248047
949,3.5191588401794434,0.20920652151107788,3.3099522590637207
950,3.56565260887146,0.24736008048057556,3.3182926177978516
951,3.5935254096984863,0.25703004002571106,3.3364953994750977
952,3.570376396179199,0.2551523745059967,3.3152239322662354
953,3.542907476425171,0.2206617146730423,3.3222458362579346
954,3.5940966606140137,0.2656671404838562,3.3284294605255127
955,3.5534117221832275,0.24815312027931213,3.3052585124969482
956,3.587690591812134,0.23031048476696014,3.3573801517486572
957,3.5926167964935303,0.26491284370422363,3.3277039527893066
958,3.5867233276367188,0.2562688887119293,3.3304543495178223
959,3.5807554721832275,0.24930590391159058,3.331449508666992
960,3.613407611846924,0.2728666067123413,3.340540885925293
961,3.5511510372161865,0.22331222891807556,3.327838897705078
962,3.565821647644043,0.23226647078990936,3.333555221557617
963,3.5687458515167236,0.24166995286941528,3.327075958251953
964,3.5946359634399414,0.2777458429336548,3.316890239715576
965,3.585658073425293,0.2589445114135742,3.3267135620117188
966,3.6058430671691895,0.2577086091041565,3.3481345176696777
967,3.5717270374298096,0.24548688530921936,3.326240062713623
968,3.5298640727996826,0.2062435746192932,3.323620557785034
969,3.580176591873169,0.2405736744403839,3.3396029472351074
970,3.6057708263397217,0.2678227126598358,3.3379480838775635
971,3.5920557975769043,0.2533028721809387,3.3387529850006104
972,3.5788626670837402,0.25441232323646545,3.3244502544403076
973,3.526945114135742,0.20601902902126312,3.3209261894226074
974,3.5745768547058105,0.25803548097610474,3.3165414333343506
975,3.607107639312744,0.27465009689331055,3.3324575424194336
976,3.553743362426758,0.23910042643547058,3.314642906188965
977,3.5595333576202393,0.249113529920578,3.310419797897339
978,3.586447238922119,0.2502380311489105,3.336209297180176
979,3.5230941772460938,0.20144721865653992,3.3216469287872314
980,3.5539422035217285,0.22728711366653442,3.326655149459839
981,3.5483508110046387,0.23487892746925354,3.313471794128418
982,3.519132614135742,0.19189131259918213,3.3272414207458496
983,3.5251030921936035,0.2245352566242218,3.300567865371704
984,3.561722755432129,0.22529128193855286,3.3364315032958984
985,3.5717904567718506,0.23314790427684784,3.3386425971984863
986,3.5198655128479004,0.20951327681541443,3.310352325439453
987,3.5686166286468506,0.22965674102306366,3.3389599323272705
988,3.529452085494995,0.21646669507026672,3.312985420227051
989,3.5234322547912598,0.21865230798721313,3.3047800064086914
990,3.5604286193847656,0.2407599538564682,3.319668769836426
991,3.5550737380981445,0.2302408516407013,3.3248329162597656
992,3.583514451980591,0.25916916131973267,3.324345350265503
993,3.542552947998047,0.21508952975273132,3.327463388442993
994,3.585538148880005,0.2583891749382019,3.327148914337158
995,3.543741464614868,0.23123091459274292,3.3125104904174805
996,3.5398385524749756,0.21641233563423157,3.3234262466430664
997,3.52489972114563,0.20453545451164246,3.320364236831665
998,3.5388317108154297,0.2263016700744629,3.312530040740967
999,3.513761043548584,0.2048959881067276,3.3088650703430176
1000,3.5476255416870117,0.23221085965633392,3.3154146671295166
1001,3.5590779781341553,0.2376844584941864,3.3213934898376465
1002,3.5720720291137695,0.24962210655212402,3.3224499225616455
1003,3.539429187774658,0.21830111742019653,3.3211281299591064
1004,3.5757927894592285,0.25390905141830444,3.3218836784362793
1005,3.546626329421997,0.21268285810947418,3.3339433670043945
1006,3.5345120429992676,0.22111496329307556,3.313397169113159
1007,3.569992780685425,0.21352887153625488,3.35646390914917
1008,3.581113338470459,0.25203120708465576,3.3290820121765137
1009,3.540130376815796,0.23514357209205627,3.3049867153167725
1010,3.541470527648926,0.2304506003856659,3.3110198974609375
1011,3.5683300495147705,0.23367191851139069,3.334658145904541
1012,3.5591249465942383,0.2383691370487213,3.32075572013855
1013,3.5580456256866455,0.22873874008655548,3.3293068408966064
1014,3.5453686714172363,0.21872174739837646,3.3266470432281494
1015,3.572756052017212,0.2359212338924408,3.3368349075317383
1016,3.5417330265045166,0.23009146749973297,3.3116414546966553
1017,3.6013712882995605,0.2683873772621155,3.33298397064209
1018,3.5631256103515625,0.24105513095855713,3.322070360183716
1019,3.532158851623535,0.21866720914840698,3.3134915828704834
1020,3.5276567935943604,0.2052774876356125,3.3223793506622314
1021,3.525460720062256,0.1934012621641159,3.332059383392334
1022,3.5224523544311523,0.21987377107143402,3.3025786876678467
1023,3.5437443256378174,0.22796984016895294,3.315774440765381
1024,3.5811643600463867,0.24166977405548096,3.339494466781616
1025,3.5481643676757812,0.21208831667900085,3.336076021194458
1026,3.539893627166748,0.22638584673404694,3.3135077953338623
1027,3.533487319946289,0.22371917963027954,3.3097681999206543
1028,3.5605876445770264,0.23010288178920746,3.3304848670959473
1029,3.574923038482666,0.26375138759613037,3.311171531677246
1030,3.507340431213379,0.20949211716651917,3.2978482246398926
1031,3.57138729095459,0.24013179540634155,3.3312554359436035
1032,3.636510133743286,0.27308815717697144,3.36342191696167
1033,3.5820446014404297,0.23547838628292084,3.3465662002563477
1034,3.505207061767578,0.21158850193023682,3.2936184406280518
1035,3.5456058979034424,0.23332363367080688,3.3122823238372803
1036,3.5271782875061035,0.20793664455413818,3.319241523742676
1037,3.5283262729644775,0.2130996286869049,3.3152265548706055
1038,3.5930368900299072,0.2533547282218933,3.339682102203369
1039,3.588078022003174,0.2465895414352417,3.3414885997772217
1040,3.5527963638305664,0.24621064960956573,3.3065857887268066
1041,3.572010040283203,0.23416462540626526,3.3378453254699707
1042,3.512958526611328,0.1947668045759201,3.3181917667388916
1043,3.580665349960327,0.2363618165254593,3.344303607940674
1044,3.5500357151031494,0.24536079168319702,3.3046748638153076
1045,3.5693283081054688,0.24106448888778687,3.328263759613037
1046,3.5690462589263916,0.2466612607240677,3.32238507270813
1047,3.5796663761138916,0.24765847623348236,3.332007884979248
1048,3.5563788414001465,0.22908103466033936,3.3272976875305176
1049,3.561323881149292,0.2270565778017044,3.3342673778533936
1050,3.587710380554199,0.2567480504512787,3.3309624195098877
1051,3.5823488235473633,0.24069592356681824,3.3416528701782227
1052,3.578730821609497,0.25093790888786316,3.3277928829193115
1053,3.524766683578491,0.2253842055797577,3.299382448196411
1054,3.582190990447998,0.22539553046226501,3.3567955493927
1055,3.5050790309906006,0.18928895890712738,3.3157901763916016
1056,3.536264419555664,0.2155526876449585,3.320711612701416
1057,3.5616023540496826,0.23553577065467834,3.326066493988037
1058,3.535443067550659,0.21995915472507477,3.315483808517456
1059,3.555983304977417,0.21975161135196686,3.3362317085266113
1060,3.5475590229034424,0.2160569131374359,3.3315021991729736
1061,3.5277137756347656,0.19409769773483276,3.333616018295288
1062,3.5442609786987305,0.2354489266872406,3.308812141418457
1063,3.535557746887207,0.212654709815979,3.3229031562805176
1064,3.5649070739746094,0.22303089499473572,3.341876268386841
1065,3.5838069915771484,0.24479812383651733,3.3390088081359863
1066,3.5907487869262695,0.2574892044067383,3.3332595825195312
1067,3.5750560760498047,0.23062025010585785,3.344435930252075
1068,3.554198741912842,0.21585750579833984,3.338341236114502
1069,3.6039113998413086,0.26423221826553345,3.33967924118042
1070,3.5195364952087402,0.1920756846666336,3.327460765838623
1071,3.519798994064331,0.19397667050361633,3.325822353363037
1072,3.5049386024475098,0.23219498991966248,3.2727437019348145
1073,3.6154003143310547,0.2633015513420105,3.3520987033843994
1074,3.5148446559906006,0.19590583443641663,3.318938732147217
1075,3.556880474090576,0.23060430586338043,3.3262760639190674
1076,3.558307647705078,0.23530730605125427,3.323000431060791
1077,3.5618205070495605,0.24194946885108948,3.319870948791504
1078,3.5942671298980713,0.252849280834198,3.3414177894592285
1079,3.5555460453033447,0.23427598178386688,3.321269989013672
1080,3.5413742065429688,0.22177666425704956,3.3195974826812744
1081,3.5338006019592285,0.21827702224254608,3.315523624420166
1082,3.5903890132904053,0.2829771041870117,3.3074119091033936
1083,3.5603458881378174,0.24757680296897888,3.3127691745758057
1084,3.5108187198638916,0.195235937833786,3.315582752227783
1085,3.5609898567199707,0.24169790744781494,3.3192920684814453
1086,3.5318098068237305,0.23475417494773865,3.297055721282959
1087,3.562856674194336,0.24085620045661926,3.322000503540039
1088,3.5879626274108887,0.23604118824005127,3.351921558380127
1089,3.5748443603515625,0.24354463815689087,3.3312997817993164
1090,3.610414981842041,0.26415103673934937,3.346263885498047
1091,3.5365805625915527,0.23594142496585846,3.3006391525268555
1092,3.5430731773376465,0.21544784307479858,3.327625274658203
1093,3.5464587211608887,0.22550302743911743,3.320955753326416
1094,3.51464581489563,0.19411581754684448,3.3205299377441406
1095,3.51646089553833,0.20736365020275116,3.3090972900390625
1096,3.5744566917419434,0.24564671516418457,3.328809976577759
1097,3.5811684131622314,0.2524454593658447,3.3287229537963867
1098,3.5766947269439697,0.23654095828533173,3.340153694152832
1099,3.571126699447632,0.24518612027168274,3.3259406089782715
1100,3.518965244293213,0.2106313705444336,3.3083338737487793
1101,3.5303597450256348,0.22218847274780273,3.308171272277832
1102,3.542412042617798,0.2331058382987976,3.3093061447143555
1103,3.591813087463379,0.26805442571640015,3.323758602142334
1104,3.596890449523926,0.2537537217140198,3.343136787414551
1105,3.5838305950164795,0.24260075390338898,3.3412299156188965
1106,3.59014630317688,0.24893781542778015,3.3412084579467773
1107,3.5912530422210693,0.2522980272769928,3.3389549255371094
1108,3.5803773403167725,0.2572648823261261,3.3231124877929688
1109,3.561082601547241,0.22944551706314087,3.331637144088745
1110,3.569669246673584,0.22816188633441925,3.3415074348449707
1111,3.5669710636138916,0.22729267179965973,3.3396782875061035
1112,3.531383991241455,0.2200036644935608,3.311380386352539
1113,3.5517849922180176,0.2214331179857254,3.3303518295288086
1114,3.546738624572754,0.22073668241500854,3.3260018825531006
1115,3.5656847953796387,0.23780447244644165,3.327880382537842
1116,3.566129207611084,0.22366780042648315,3.342461347579956
1117,3.5321600437164307,0.21391651034355164,3.3182435035705566
1118,3.60121488571167,0.2624894380569458,3.3387255668640137
1119,3.516782283782959,0.21263226866722107,3.304150104522705
1120,3.543379306793213,0.21727506816387177,3.326104164123535
1121,3.5596954822540283,0.23622387647628784,3.3234715461730957
1122,3.5572147369384766,0.2395099699497223,3.317704677581787
1123,3.5654001235961914,0.2335832267999649,3.3318169116973877
1124,3.56954288482666,0.23648953437805176,3.3330533504486084
1125,3.55509877204895,0.23469284176826477,3.320405960083008
1126,3.537855863571167,0.21118244528770447,3.3266735076904297
1127,3.551036834716797,0.21320734918117523,3.33782958984375
1128,3.542325019836426,0.21774013340473175,3.3245849609375
1129,3.5507116317749023,0.2172389030456543,3.333472728729248
1130,3.552234649658203,0.24636860191822052,3.305866003036499
1131,3.5817906856536865,0.23081904649734497,3.3509716987609863
1132,3.5197880268096924,0.1969449669122696,3.322843074798584
1133,3.585674524307251,0.239057257771492,3.3466172218322754
1134,3.5673763751983643,0.23562750220298767,3.3317489624023438
1135,3.5262715816497803,0.20743846893310547,3.318833112716675
1136,3.5516045093536377,0.23722916841506958,3.314375400543213
1137,3.4898617267608643,0.1927626132965088,3.2970991134643555
1138,3.555772066116333,0.2166503369808197,3.3391218185424805
1139,3.5512571334838867,0.22370365262031555,3.3275535106658936
1140,3.585657835006714,0.2387334704399109,3.346924304962158
1141,3.5672755241394043,0.23800939321517944,3.32926607131958
1142,3.5547471046447754,0.23486050963401794,3.3198866844177246
1143,3.560413360595703,0.2108343243598938,3.349579095840454
1144,3.525465488433838,0.20838305354118347,3.317082405090332
1145,3.5462026596069336,0.2185894250869751,3.327613115310669
1146,3.543738603591919,0.22951951622962952,3.3142189979553223
1147,3.5451841354370117,0.21217000484466553,3.3330140113830566
1148,3.547003746032715,0.22872433066368103,3.318279504776001
1149,3.5307750701904297,0.21174609661102295,3.319028854370117
1150,3.526275396347046,0.2100871205329895,3.316188335418701
1151,3.5437073707580566,0.20638439059257507,3.337322950363159
1152,3.5566461086273193,0.22135809063911438,3.3352880477905273
1153,3.551213502883911,0.22660782933235168,3.324605703353882
1154,3.5991873741149902,0.2729308307170868,3.326256513595581
1155,3.5800275802612305,0.25573796033859253,3.324289560317993
1156,3.5968477725982666,0.2410610169172287,3.3557868003845215
1157,3.5373589992523193,0.19314700365066528,3.344212055206299
1158,3.5236358642578125,0.22217288613319397,3.3014628887176514
1159,3.5535778999328613,0.24126851558685303,3.312309503555298
1160,3.5413172245025635,0.21441958844661713,3.326897621154785
1161,3.5619747638702393,0.24595192074775696,3.3160228729248047
1162,3.6173899173736572,0.2785247266292572,3.338865280151367
1163,3.5639472007751465,0.24189871549606323,3.3220484256744385
1164,3.595543146133423,0.2542603611946106,3.341282844543457
1165,3.5299453735351562,0.1931343674659729,3.336811065673828
1166,3.543381452560425,0.24546167254447937,3.297919750213623
1167,3.5355446338653564,0.2225664258003235,3.3129782676696777
1168,3.57857608795166,0.24664270877838135,3.3319334983825684
1169,3.574713706970215,0.25233346223831177,3.322380304336548
1170,3.583951950073242,0.24279676377773285,3.3411552906036377
1171,3.5488858222961426,0.20022103190422058,3.3486647605895996
1172,3.4749093055725098,0.1803494691848755,3.294559955596924
1173,3.5242462158203125,0.2061825692653656,3.318063735961914
1174,3.5526912212371826,0.23517999053001404,3.3175113201141357
1175,3.5412237644195557,0.21868154406547546,3.322542190551758
1176,3.5568795204162598,0.2514156103134155,3.3054637908935547
1177,3.6098995208740234,0.24399569630622864,3.365903854370117
1178,3.5507211685180664,0.21836218237876892,3.3323590755462646
1179,3.5448672771453857,0.22426825761795044,3.32059907913208
1180,3.5657527446746826,0.2316843420267105,3.3340682983398438
1181,3.5223140716552734,0.22094576060771942,3.301368236541748
1182,3.553892135620117,0.2310781180858612,3.3228139877319336
1183,3.5584640502929688,0.2512395679950714,3.3072245121002197
1184,3.5485639572143555,0.23032060265541077,3.3182432651519775
1185,3.5810739994049072,0.25971969962120056,3.321354389190674
1186,3.5474581718444824,0.22009240090847015,3.3273658752441406
1187,3.5363149642944336,0.20236298441886902,3.333951950073242
1188,3.5529613494873047,0.22349348664283752,3.3294677734375
1189,3.55273699760437,0.21655893325805664,3.3361780643463135
1190,3.5397284030914307,0.22570353746414185,3.3140249252319336
1191,3.5480897426605225,0.22459563612937927,3.3234941959381104
1192,3.5475211143493652,0.23970696330070496,3.307814121246338
1193,3.5381863117218018,0.20829741656780243,3.3298888206481934
1194,3.542485475540161,0.21326187252998352,3.3292236328125
1195,3.60249400138855,0.26968836784362793,3.332805633544922
1196,3.5318143367767334,0.2231268584728241,3.308687448501587
1197,3.554384708404541,0.2349235713481903,3.3194611072540283
1198,3.5889830589294434,0.2617844343185425,3.3271985054016113
1199,3.546168088912964,0.22146543860435486,3.324702739715576
1200,3.576709747314453,0.23709958791732788,3.3396100997924805
1201,3.54158616065979,0.21984413266181946,3.321742057800293
1202,3.5901217460632324,0.27586230635643005,3.3142595291137695
1203,3.558094024658203,0.23690328001976013,3.32119083404541
1204,3.5261173248291016,0.19650736451148987,3.3296098709106445
1205,3.554769992828369,0.24396657943725586,3.3108034133911133
1206,3.5268640518188477,0.20720341801643372,3.3196606636047363
1207,3.575005054473877,0.23811271786689758,3.3368923664093018
1208,3.582899808883667,0.24362733960151672,3.3392724990844727
1209,3.604682207107544,0.2564989924430847,3.3481831550598145
1210,3.566058874130249,0.22517713904380798,3.340881824493408
1211,3.5536012649536133,0.21912381052970886,3.334477424621582
1212,3.5753164291381836,0.235075443983078,3.340240955352783
1213,3.5565619468688965,0.24267572164535522,3.3138861656188965
1214,3.5329649448394775,0.2229381948709488,3.3100266456604004
1215,3.568524122238159,0.23926681280136108,3.3292572498321533
1216,3.587125778198242,0.24380198121070862,3.3433237075805664
1217,3.5831923484802246,0.22978335618972778,3.3534090518951416
1218,3.5502634048461914,0.2319207638502121,3.318342685699463
1219,3.5452303886413574,0.2213420271873474,3.3238883018493652
1220,3.5235748291015625,0.23680832982063293,3.286766529083252
1221,3.5610578060150146,0.23261699080467224,3.3284409046173096
1222,3.58925724029541,0.24972867965698242,3.3395285606384277
1223,3.522914171218872,0.19437596201896667,3.328538179397583
1224,3.5998446941375732,0.30711454153060913,3.2927300930023193
1225,3.545135021209717,0.20824630558490753,3.3368887901306152
1226,3.560380220413208,0.2548518478870392,3.305528402328491
1227,3.5445663928985596,0.22546105086803436,3.319105386734009
1228,3.5629584789276123,0.24015721678733826,3.322801351547241
1229,3.560206413269043,0.2397323101758957,3.320474147796631
1230,3.519727945327759,0.209573894739151,3.3101539611816406
1231,3.57485032081604,0.2470076084136963,3.3278427124023438
1232,3.54936146736145,0.22559957206249237,3.3237619400024414
1233,3.524919033050537,0.22296273708343506,3.3019564151763916
1234,3.5313949584960938,0.22360286116600037,3.3077921867370605
1235,3.5687143802642822,0.2370501160621643,3.3316643238067627
1236,3.534973621368408,0.2021624743938446,3.332811117172241
1237,3.567035436630249,0.2412627637386322,3.325772762298584
1238,3.5360090732574463,0.20707584917545319,3.3289332389831543
1239,3.5684733390808105,0.24056631326675415,3.327907085418701
1240,3.5504798889160156,0.22435249388217926,3.326127290725708
1241,3.555690288543701,0.23481515049934387,3.3208751678466797
1242,3.531691074371338,0.22894802689552307,3.3027429580688477
1243,3.515300750732422,0.1937081664800644,3.3215925693511963
1244,3.5468225479125977,0.20875316858291626,3.338069438934326
1245,3.5626401901245117,0.2198970764875412,3.342743158340454
1246,3.5688974857330322,0.23835882544517517,3.330538749694824
1247,3.581080675125122,0.23768869042396545,3.3433918952941895
1248,3.567983388900757,0.23389782011508942,3.334085464477539
1249,3.5651979446411133,0.22697919607162476,3.3382186889648438
1250,3.589067220687866,0.24804899096488953,3.3410181999206543
1251,3.535460948944092,0.21067851781845093,3.324782371520996
1252,3.542294979095459,0.22692923247814178,3.315365791320801
1253,3.5618433952331543,0.23788240551948547,3.323961019515991
1254,3.536736011505127,0.21889978647232056,3.317836284637451
1255,3.523333787918091,0.21838584542274475,3.304947853088379
1256,3.561389446258545,0.24957609176635742,3.3118133544921875
1257,3.5680739879608154,0.23030978441238403,3.337764263153076
1258,3.5722012519836426,0.2316380739212036,3.3405632972717285
1259,3.5409817695617676,0.2212904840707779,3.3196911811828613
1260,3.563030242919922,0.24221274256706238,3.320817470550537
1261,3.543781042098999,0.22781719267368317,3.3159637451171875
1262,3.535820960998535,0.21205481886863708,3.3237662315368652
1263,3.545154094696045,0.2172665148973465,3.327887535095215
1264,3.563486099243164,0.22445571422576904,3.3390302658081055
1265,3.5839695930480957,0.2393336296081543,3.3446359634399414
1266,3.533175468444824,0.22094440460205078,3.3122310638427734
1267,3.564316749572754,0.23161844909191132,3.332698345184326
1268,3.538360595703125,0.22224241495132446,3.3161182403564453
1269,3.5368359088897705,0.23424595594406128,3.3025898933410645
1270,3.5659260749816895,0.22845935821533203,3.3374667167663574
1271,3.5285069942474365,0.2111913561820984,3.3173155784606934
1272,3.538163185119629,0.22575700283050537,3.312406301498413
1273,3.5235583782196045,0.20378011465072632,3.3197782039642334
1274,3.55698823928833,0.22602128982543945,3.3309669494628906
1275,3.5286881923675537,0.22757703065872192,3.3011112213134766
1276,3.5553689002990723,0.21543332934379578,3.339935541152954
1277,3.5347890853881836,0.20923006534576416,3.325559139251709
1278,3.573848247528076,0.24442580342292786,3.3294224739074707
1279,3.5361075401306152,0.21964843571186066,3.3164591789245605
1280,3.5967955589294434,0.2551797032356262,3.341615915298462
1281,3.541264057159424,0.22974249720573425,3.311521530151367
1282,3.5645813941955566,0.22157344222068787,3.343008041381836
1283,3.574042558670044,0.2375200390815735,3.3365225791931152
1284,3.5280814170837402,0.19288115203380585,3.335200309753418
1285,3.5441431999206543,0.21997782588005066,3.3241653442382812
1286,3.6113433837890625,0.2795788049697876,3.3317644596099854
1287,3.5463197231292725,0.21425935626029968,3.3320603370666504
1288,3.5363261699676514,0.2102176547050476,3.326108455657959
1289,3.5604026317596436,0.24206183850765228,3.31834077835083
1290,3.551677942276001,0.2140234112739563,3.3376545906066895
1291,3.5468103885650635,0.219207763671875,3.3276026248931885
1292,3.549746036529541,0.22015511989593506,3.3295907974243164
1293,3.5314955711364746,0.21176880598068237,3.3197267055511475
1294,3.527393341064453,0.22054806351661682,3.306845188140869
1295,3.5379650592803955,0.22158083319664001,3.3163843154907227
1296,3.578953742980957,0.24310779571533203,3.335845947265625
1297,3.5862460136413574,0.22746659815311432,3.3587794303894043
1298,3.5646615028381348,0.2370566576719284,3.3276047706604004
1299,3.558505058288574,0.2201295644044876,3.3383755683898926
1300,3.5669803619384766,0.2480407953262329,3.318939685821533
1301,3.5651731491088867,0.23701560497283936,3.328157424926758
1302,3.5223259925842285,0.21894708275794983,3.3033788204193115
1303,3.543546676635742,0.21080011129379272,3.3327465057373047
1304,3.5391499996185303,0.2259444147348404,3.3132054805755615
1305,3.5634546279907227,0.2379036694765091,3.3255510330200195
1306,3.553649425506592,0.2178102284669876,3.33583927154541
1307,3.5166733264923096,0.20341406762599945,3.3132593631744385
1308,3.5793991088867188,0.26214128732681274,3.317257881164551
1309,3.5651967525482178,0.23296573758125305,3.332231044769287
1310,3.5528652667999268,0.23162595927715302,3.3212392330169678
1311,3.5583698749542236,0.2214086353778839,3.336961269378662
1312,3.492046594619751,0.1843743920326233,3.3076722621917725
1313,3.563594102859497,0.23523065447807312,3.3283634185791016
1314,3.558368682861328,0.23936977982521057,3.3189988136291504
1315,3.5413849353790283,0.21778754889965057,3.3235974311828613
1316,3.5390467643737793,0.2253514528274536,3.313695192337036
1317,3.535541296005249,0.21527448296546936,3.3202667236328125
1318,3.559802293777466,0.23406627774238586,3.3257360458374023
1319,3.566136598587036,0.22316598892211914,3.342970609664917
1320,3.5391697883605957,0.21263328194618225,3.3265364170074463
1321,3.575498342514038,0.25940728187561035,3.3160910606384277
1322,3.546998977661133,0.20816132426261902,3.3388376235961914
1323,3.536539316177368,0.20157985389232635,3.3349595069885254
1324,3.549597978591919,0.23518100380897522,3.3144168853759766
1325,3.525653839111328,0.2196580171585083,3.3059959411621094
1326,3.558837413787842,0.23775973916053772,3.321077585220337
1327,3.525409698486328,0.2252083420753479,3.300201416015625
1328,3.5839672088623047,0.24386073648929596,3.34010648727417
1329,3.5356123447418213,0.21396520733833313,3.3216471672058105
1330,3.5583133697509766,0.22998976707458496,3.3283236026763916
1331,3.5571541786193848,0.23862025141716003,3.3185338973999023
1332,3.568408966064453,0.24877923727035522,3.319629669189453
1333,3.5458128452301025,0.20465920865535736,3.341153621673584
1334,3.5473809242248535,0.2339296042919159,3.3134512901306152
1335,3.5500481128692627,0.2396395206451416,3.310408592224121
1336,3.598492383956909,0.2577689588069916,3.3407235145568848
1337,3.5359249114990234,0.20975318551063538,3.326171636581421
1338,3.535778045654297,0.195523202419281,3.340254783630371
1339,3.5604138374328613,0.21958380937576294,3.340830087661743
1340,3.5548176765441895,0.23599328100681305,3.318824291229248
1341,3.5652647018432617,0.20813019573688507,3.3571345806121826
1342,3.5741145610809326,0.23207156360149384,3.342042922973633
1343,3.5668509006500244,0.2566072344779968,3.310243606567383
1344,3.5591928958892822,0.23336264491081238,3.3258302211761475
1345,3.536745071411133,0.2150501310825348,3.321694850921631
1346,3.592027187347412,0.24453118443489075,3.3474960327148438
1347,3.5283896923065186,0.23371340334415436,3.2946763038635254
1348,3.5383386611938477,0.24065622687339783,3.297682523727417
1349,3.532562494277954,0.2132856547832489,3.319276809692383
1350,3.5495643615722656,0.2094728648662567,3.3400914669036865
1351,3.5478131771087646,0.22265833616256714,3.3251547813415527
1352,3.533318281173706,0.2407093048095703,3.2926089763641357
1353,3.5082449913024902,0.21591249108314514,3.292332410812378
1354,3.5228140354156494,0.22093874216079712,3.301875352859497
1355,3.5674984455108643,0.2226347029209137,3.3448636531829834
1356,3.540773391723633,0.18817755579948425,3.352595806121826
1357,3.547196865081787,0.22677600383758545,3.320420980453491
1358,3.5389177799224854,0.24888014793395996,3.2900376319885254
1359,3.5265181064605713,0.20719893276691437,3.319319248199463
1360,3.524566650390625,0.21562346816062927,3.308943271636963
1361,3.590117931365967,0.246405690908432,3.343712329864502
1362,3.544886827468872,0.22202903032302856,3.3228578567504883
1363,3.5743908882141113,0.23941171169281006,3.334979295730591
1364,3.500959634780884,0.19890950620174408,3.3020501136779785
1365,3.5528907775878906,0.23648056387901306,3.3164103031158447
1366,3.524303913116455,0.20104682445526123,3.3232569694519043
1367,3.548868417739868,0.19865703582763672,3.3502113819122314
1368,3.553870677947998,0.22354617714881897,3.330324411392212
1369,3.523921489715576,0.1931842863559723,3.3307371139526367
1370,3.5728094577789307,0.22951224446296692,3.343297243118286
1371,3.515469551086426,0.19721856713294983,3.318250894546509
1372,3.5281476974487305,0.2093592882156372,3.318788528442383
1373,3.5949044227600098,0.24302709102630615,3.351877450942993
1374,3.556980609893799,0.22766724228858948,3.329313278198242
1375,3.533492088317871,0.2177647203207016,3.315727472305298
1376,3.5294349193573,0.21727314591407776,3.312161684036255
1377,3.617392063140869,0.26931247115135193,3.3480796813964844
1378,3.567300319671631,0.2337568998336792,3.333543539047241
1379,3.5623252391815186,0.228651762008667,3.3336734771728516
1380,3.5376431941986084,0.22867140173912048,3.308971881866455
1381,3.560365676879883,0.22347992658615112,3.336885690689087
1382,3.54409122467041,0.20595310628414154,3.3381381034851074
1383,3.540741205215454,0.22098717093467712,3.319754123687744
1384,3.540767192840576,0.21361052989959717,3.3271565437316895
1385,3.520627975463867,0.2127663642168045,3.307861566543579
1386,3.5439364910125732,0.22316819429397583,3.320768356323242
1387,3.5416877269744873,0.22342465817928314,3.318263053894043
1388,3.5490803718566895,0.21400511264801025,3.3350753784179688
1389,3.5278780460357666,0.20383188128471375,3.3240461349487305
1390,3.5380778312683105,0.21727953851222992,3.320798397064209
1391,3.573624610900879,0.23603636026382446,3.337588310241699
1392,3.523838996887207,0.18856245279312134,3.3352766036987305
1393,3.568434000015259,0.23139777779579163,3.3370361328125
1394,3.520167589187622,0.20071902871131897,3.319448471069336
1395,3.5352683067321777,0.22700704634189606,3.3082611560821533
1396,3.5406076908111572,0.2067159116268158,3.3338918685913086
1397,3.5288450717926025,0.22681394219398499,3.3020310401916504
1398,3.534116744995117,0.2164795696735382,3.3176372051239014
1399,3.5934512615203857,0.24475127458572388,3.3487000465393066
1400,3.524784564971924,0.21392038464546204,3.310864210128784
1401,3.525012493133545,0.18810364603996277,3.3369088172912598
1402,3.563483476638794,0.22974425554275513,3.3337392807006836
1403,3.5664353370666504,0.23387520015239716,3.3325600624084473
1404,3.539266347885132,0.2212403416633606,3.318026065826416
1405,3.5651509761810303,0.25609520077705383,3.309055805206299
1406,3.5515387058258057,0.22101186215877533,3.330526828765869
1407,3.571288585662842,0.2343849539756775,3.3369035720825195
1408,3.562880754470825,0.246114581823349,3.3167662620544434
1409,3.5477964878082275,0.21528786420822144,3.3325085639953613
1410,3.558546781539917,0.21969440579414368,3.3388524055480957
1411,3.5590085983276367,0.233721524477005,3.325287103652954
1412,3.533104419708252,0.21734696626663208,3.3157575130462646
1413,3.593977212905884,0.23243403434753418,3.3615431785583496
1414,3.5805745124816895,0.24887028336524963,3.3317041397094727
1415,3.5928497314453125,0.24639150500297546,3.3464581966400146
1416,3.525822877883911,0.20319370925426483,3.32262921333313
1417,3.5241007804870605,0.21296167373657227,3.3111391067504883
1418,3.575572967529297,0.23607152700424194,3.33950138092041
1419,3.5456178188323975,0.2158765196800232,3.3297412395477295
1420,3.5259876251220703,0.19957198202610016,3.326415538787842
1421,3.6008458137512207,0.2559562921524048,3.3448896408081055
1422,3.541353464126587,0.2263270765542984,3.31502628326416
1423,3.5431270599365234,0.2183222770690918,3.3248047828674316
1424,3.562084197998047,0.22458487749099731,3.3374993801116943
1425,3.5282092094421387,0.20301766693592072,3.3251914978027344
1426,3.5186610221862793,0.19000689685344696,3.3286540508270264
1427,3.5470473766326904,0.22458817064762115,3.3224592208862305
1428,3.5204808712005615,0.20680782198905945,3.3136730194091797
1429,3.5303921699523926,0.21055755019187927,3.3198347091674805
1430,3.5410609245300293,0.23672974109649658,3.3043313026428223
1431,3.542311668395996,0.23005066812038422,3.3122611045837402
1432,3.490016222000122,0.19015666842460632,3.2998595237731934
1433,3.5762252807617188,0.2502650022506714,3.325960397720337
1434,3.527416229248047,0.23437686264514923,3.293039321899414
1435,3.527933120727539,0.19659385085105896,3.3313393592834473
1436,3.564157724380493,0.22586266696453094,3.3382949829101562
1437,3.558335065841675,0.21346788108348846,3.34486722946167
1438,3.5307810306549072,0.2149956375360489,3.3157854080200195
1439,3.5433709621429443,0.221360445022583,3.3220105171203613
1440,3.5155954360961914,0.21067580580711365,3.304919719696045
1441,3.527357339859009,0.21930909156799316,3.3080482482910156
1442,3.5647435188293457,0.2297648787498474,3.3349785804748535
1443,3.5377399921417236,0.22388334572315216,3.313856601715088
1444,3.5504252910614014,0.23431457579135895,3.316110610961914
1445,3.5429329872131348,0.21180926263332367,3.3311238288879395
1446,3.584778070449829,0.24216923117637634,3.34260892868042
1447,3.5464727878570557,0.21076282858848572,3.335710048675537
1448,3.5549211502075195,0.2325311005115509,3.322390079498291
1449,3.5533039569854736,0.21568503975868225,3.337618827819824
1450,3.5276641845703125,0.20431111752986908,3.3233530521392822
1451,3.5569517612457275,0.23292940855026245,3.3240222930908203
1452,3.5767853260040283,0.2547338902950287,3.322051525115967
1453,3.566710948944092,0.24693197011947632,3.3197789192199707
1454,3.55741286277771,0.23269420862197876,3.324718713760376
1455,3.5263125896453857,0.21034741401672363,3.315965175628662
1456,3.5756139755249023,0.24963712692260742,3.325976848602295
1457,3.538785934448242,0.21139192581176758,3.3273940086364746
1458,3.5181517601013184,0.20688441395759583,3.311267375946045
1459,3.5706937313079834,0.24695947766304016,3.3237342834472656
1460,3.5520479679107666,0.23422974348068237,3.3178181648254395
1461,3.5563278198242188,0.22302062809467316,3.3333072662353516
1462,3.5519659519195557,0.22950199246406555,3.3224639892578125
1463,3.5417277812957764,0.21418604254722595,3.3275418281555176
1464,3.5254311561584473,0.18897855281829834,3.3364524841308594
1465,3.5262250900268555,0.20325905084609985,3.3229660987854004
1466,3.5452373027801514,0.22817307710647583,3.3170642852783203
1467,3.5227034091949463,0.20368361473083496,3.3190197944641113
1468,3.5202224254608154,0.19756540656089783,3.3226571083068848
1469,3.5267763137817383,0.24605651199817657,3.280719757080078
1470,3.5652859210968018,0.23145225644111633,3.333833694458008
1471,3.5578765869140625,0.23875746130943298,3.3191192150115967
1472,3.5668065547943115,0.22409671545028687,3.34270977973938
1473,3.568394660949707,0.24720531702041626,3.3211894035339355
1474,3.5016283988952637,0.19137227535247803,3.310256242752075
1475,3.5351133346557617,0.2034229040145874,3.331690549850464
1476,3.5300378799438477,0.21559584140777588,3.3144419193267822
1477,3.517302989959717,0.19681495428085327,3.3204879760742188
1478,3.5200350284576416,0.2030843049287796,3.316950798034668
1479,3.5392425060272217,0.22544649243354797,3.313796043395996
1480,3.527738571166992,0.21156176924705505,3.3161768913269043
1481,3.5260229110717773,0.20639681816101074,3.3196260929107666
1482,3.512927770614624,0.19770556688308716,3.3152222633361816
1483,3.533625364303589,0.21037457883358002,3.3232507705688477
1484,3.521779775619507,0.21449504792690277,3.3072848320007324
1485,3.528796672821045,0.22080132365226746,3.307995319366455
1486,3.5305569171905518,0.20385566353797913,3.3267011642456055
1487,3.547013282775879,0.22459042072296143,3.322422981262207
1488,3.4909613132476807,0.1875479519367218,3.3034133911132812
1489,3.5132699012756348,0.1913684904575348,3.321901321411133
1490,3.5718533992767334,0.23952969908714294,3.3323237895965576
1491,3.5711097717285156,0.2321290522813797,3.3389806747436523
1492,3.5648653507232666,0.21987909078598022,3.3449862003326416
1493,3.566880464553833,0.21787704527378082,3.349003314971924
1494,3.5641112327575684,0.23287871479988098,3.3312325477600098
1495,3.500138998031616,0.19219666719436646,3.3079423904418945
1496,3.5708634853363037,0.22622248530387878,3.3446409702301025
1497,3.5457603931427,0.22807908058166504,3.317681312561035
1498,3.544701337814331,0.2061450183391571,3.3385562896728516
1499,3.5853986740112305,0.23311488330364227,3.3522837162017822
1500,3.570298194885254,0.23800420761108398,3.33229398727417
1501,3.5646607875823975,0.231278657913208,3.3333821296691895
1502,3.550147294998169,0.20726895332336426,3.3428783416748047
1503,3.582934856414795,0.24635782837867737,3.3365769386291504
1504,3.555328845977783,0.21782802045345306,3.337500810623169
1505,3.5257608890533447,0.21025075018405914,3.3155100345611572
1506,3.5469164848327637,0.22822731733322144,3.3186891078948975
1507,3.5406100749969482,0.22122567892074585,3.3193843364715576
1508,3.5449421405792236,0.2265166938304901,3.318425416946411
1509,3.5837721824645996,0.2358754277229309,3.3478968143463135
1510,3.569706916809082,0.23292198777198792,3.336784839630127
1511,3.5197908878326416,0.21546097099781036,3.3043298721313477
1512,3.5656981468200684,0.2263435274362564,3.3393545150756836
1513,3.570983648300171,0.25610437989234924,3.3148791790008545
1514,3.5457446575164795,0.2120601385831833,3.3336844444274902
1515,3.5201199054718018,0.19861730933189392,3.321502685546875
1516,3.544994592666626,0.21079984307289124,3.3341946601867676
1517,3.611093044281006,0.27931949496269226,3.331773519515991
1518,3.5750584602355957,0.24850285053253174,3.3265554904937744
1519,3.5482873916625977,0.22742587327957153,3.320861577987671
1520,3.558419942855835,0.22963622212409973,3.3287837505340576
1521,3.519303798675537,0.2142937332391739,3.3050100803375244
1522,3.5160446166992188,0.19420617818832397,3.32183837890625
1523,3.503286838531494,0.20046497881412506,3.3028218746185303
1524,3.5509636402130127,0.21725994348526,3.3337037563323975
1525,3.5380523204803467,0.21092967689037323,3.327122688293457
1526,3.573280096054077,0.24767690896987915,3.3256032466888428
1527,3.5433707237243652,0.19487214088439941,3.348498582839966
1528,3.5561940670013428,0.22391079366207123,3.3322832584381104
1529,3.5777060985565186,0.24951866269111633,3.3281874656677246
1530,3.544797897338867,0.21889570355415344,3.325902223587036
1531,3.557063579559326,0.21789085865020752,3.339172601699829
1532,3.552244186401367,0.22375014424324036,3.328494071960449
1533,3.5482523441314697,0.23511266708374023,3.3131396770477295
1534,3.574846029281616,0.2284231036901474,3.3464229106903076
1535,3.5467193126678467,0.2041197419166565,3.342599630355835
1536,3.532921075820923,0.20818167924880981,3.324739456176758
1537,3.5461621284484863,0.22356168925762177,3.3226003646850586
1538,3.5557944774627686,0.21118517220020294,3.344609260559082
1539,3.534621000289917,0.21071115136146545,3.3239097595214844
1540,3.54390287399292,0.21171727776527405,3.3321855068206787
1541,3.5670664310455322,0.2274130880832672,3.339653253555298
1542,3.548591136932373,0.216703400015831,3.331887722015381
1543,3.574479103088379,0.2469121217727661,3.3275668621063232
1544,3.533496379852295,0.19707320630550385,3.33642315864563
1545,3.5145316123962402,0.21114876866340637,3.3033828735351562
1546,3.544231414794922,0.22964048385620117,3.3145909309387207
1547,3.530775308609009,0.2209576964378357,3.3098175525665283
1548,3.4978275299072266,0.1858283132314682,3.3119993209838867
1549,3.5490076541900635,0.21579089760780334,3.333216667175293
1550,3.5479135513305664,0.20739030838012695,3.3405232429504395
1551,3.557055711746216,0.22375410795211792,3.333301544189453
1552,3.550062656402588,0.22929072380065918,3.3207719326019287
1553,3.5436127185821533,0.21635976433753967,3.3272528648376465
1554,3.510183572769165,0.17887243628501892,3.3313112258911133
1555,3.5472795963287354,0.215841606259346,3.3314380645751953
1556,3.5566370487213135,0.23539792001247406,3.3212392330169678
1557,3.526810646057129,0.2241085022687912,3.3027021884918213
1558,3.5028438568115234,0.19303405284881592,3.309809684753418
1559,3.546783924102783,0.21510562300682068,3.3316783905029297
1560,3.5606849193573,0.23556098341941833,3.3251240253448486
1561,3.547734498977661,0.23242169618606567,3.3153128623962402
1562,3.5389997959136963,0.2179466336965561,3.3210532665252686
1563,3.530003309249878,0.220685213804245,3.3093180656433105
1564,3.57437801361084,0.24414846301078796,3.3302295207977295
1565,3.568493604660034,0.23318906128406525,3.3353044986724854
1566,3.5083553791046143,0.20607541501522064,3.3022799491882324
1567,3.531569242477417,0.19825822114944458,3.333311080932617
1568,3.554022789001465,0.22783991694450378,3.3261828422546387
1569,3.549790859222412,0.22472871840000153,3.3250620365142822
1570,3.5175740718841553,0.20287588238716125,3.3146982192993164
1571,3.532090187072754,0.19792801141738892,3.3341622352600098
1572,3.5313804149627686,0.22636479139328003,3.3050155639648438
1573,3.563382625579834,0.23191583156585693,3.3314666748046875
1574,3.560899496078491,0.23344305157661438,3.327456474304199
1575,3.5458548069000244,0.234104722738266,3.3117501735687256
1576,3.474799394607544,0.17939750850200653,3.2954018115997314
1577,3.58064866065979,0.23701810836791992,3.34363055229187
1578,3.50957989692688,0.20026186108589172,3.3093180656433105
1579,3.555370569229126,0.23773446679115295,3.317636013031006
1580,3.510192632675171,0.20520052313804626,3.304992198944092
1581,3.545576572418213,0.22406291961669922,3.3215136528015137
1582,3.5646493434906006,0.2264695167541504,3.33817982673645
1583,3.557126522064209,0.22508679330348969,3.3320398330688477
1584,3.5398802757263184,0.21604079008102417,3.3238394260406494
1585,3.543621778488159,0.20415830612182617,3.339463472366333
1586,3.5384433269500732,0.21247312426567078,3.32597017288208
1587,3.560591459274292,0.23142075538635254,3.3291707038879395
1588,3.5816526412963867,0.22521454095840454,3.356438159942627
1589,3.5563347339630127,0.23093733191490173,3.325397491455078
1590,3.5508158206939697,0.22049064934253693,3.330325126647949
1591,3.515390634536743,0.18073859810829163,3.3346519470214844
1592,3.5873067378997803,0.2522658705711365,3.335040807723999
1593,3.537729263305664,0.22376663982868195,3.313962697982788
1594,3.5490641593933105,0.21264851093292236,3.3364155292510986
1595,3.5168840885162354,0.20484480261802673,3.312039375305176
1596,3.5760703086853027,0.22373425960540771,3.3523359298706055
1597,3.587552547454834,0.26158422231674194,3.3259682655334473
1598,3.5356314182281494,0.20911043882369995,3.3265209197998047
1599,3.539789915084839,0.22626110911369324,3.3135287761688232
1600,3.56282901763916,0.23027577996253967,3.3325531482696533
1601,3.5594465732574463,0.2400428205728531,3.319403648376465
1602,3.516054153442383,0.20245802402496338,3.31359601020813
1603,3.564016819000244,0.22579336166381836,3.338223457336426
1604,3.567218780517578,0.24169360101222992,3.3255252838134766
1605,3.578007698059082,0.23589514195919037,3.3421125411987305
1606,3.5466556549072266,0.21481847763061523,3.3318371772766113
1607,3.556429147720337,0.21467381715774536,3.3417553901672363
1608,3.5288772583007812,0.22094155848026276,3.3079357147216797
1609,3.5463645458221436,0.22998788952827454,3.3163766860961914
1610,3.5383877754211426,0.2235293984413147,3.3148584365844727
1611,3.532491683959961,0.20059287548065186,3.3318986892700195
1612,3.516068696975708,0.1951206624507904,3.3209481239318848
1613,3.581739664077759,0.2595060467720032,3.3222336769104004
1614,3.499685764312744,0.1903437376022339,3.3093421459198
1615,3.52289080619812,0.20977084338665009,3.313119888305664
1616,3.5002658367156982,0.20768819749355316,3.2925777435302734
1617,3.5763401985168457,0.23841968178749084,3.3379204273223877
1618,3.5699524879455566,0.23386912047863007,3.33608341217041
1619,3.554677963256836,0.2305259257555008,3.3241519927978516
1620,3.5888748168945312,0.22972716391086578,3.359147548675537
1621,3.533371686935425,0.21395015716552734,3.3194215297698975
1622,3.5823514461517334,0.23997658491134644,3.342374801635742
1623,3.579561471939087,0.2291974127292633,3.3503639698028564
1624,3.512539863586426,0.2161053568124771,3.2964344024658203
1625,3.5395891666412354,0.18750262260437012,3.3520865440368652
1626,3.5502970218658447,0.21982936561107635,3.330467700958252
1627,3.5777359008789062,0.23713523149490356,3.3406007289886475
1628,3.5377001762390137,0.21240663528442383,3.32529354095459
1629,3.5322089195251465,0.21988509595394135,3.312323808670044
1630,3.5579581260681152,0.2260603904724121,3.331897735595703
1631,3.5434584617614746,0.21506837010383606,3.328390121459961
1632,3.5579373836517334,0.24274906516075134,3.315188407897949
1633,3.520888328552246,0.2105804681777954,3.3103079795837402
1634,3.5042741298675537,0.1940847933292389,3.3101892471313477
1635,3.5761849880218506,0.23870226740837097,3.3374826908111572
1636,3.53369140625,0.21603924036026,3.3176522254943848
1637,3.564364194869995,0.23786857724189758,3.32649564743042
1638,3.5519652366638184,0.21771934628486633,3.3342459201812744
1639,3.519327402114868,0.21326899528503418,3.306058406829834
1640,3.554184913635254,0.22934676706790924,3.324838161468506
1641,3.5480799674987793,0.21634541451931,3.3317346572875977
1642,3.5306003093719482,0.21627305448055267,3.3143272399902344
1643,3.562662363052368,0.22993816435337067,3.332724094390869
1644,3.550365924835205,0.22665680944919586,3.323709011077881
1645,3.521930694580078,0.19708672165870667,3.3248438835144043
1646,3.559281587600708,0.23897415399551392,3.320307493209839
1647,3.557213544845581,0.2238459587097168,3.3333675861358643
1648,3.5465619564056396,0.22408132255077362,3.3224806785583496
1649,3.4976794719696045,0.19156955182552338,3.30610990524292
1650,3.5561141967773438,0.242471843957901,3.3136422634124756
1651,3.528346538543701,0.24052608013153076,3.287820339202881
1652,3.51039981842041,0.21099945902824402,3.2994003295898438
1653,3.547677993774414,0.19903361797332764,3.348644256591797
1654,3.5784404277801514,0.2514246106147766,3.3270158767700195
1655,3.4979894161224365,0.18361446261405945,3.3143749237060547
1656,3.558279275894165,0.2241693139076233,3.3341100215911865
1657,3.5332627296447754,0.21032923460006714,3.3229334354400635
1658,3.5137763023376465,0.1910494714975357,3.3227267265319824
1659,3.517817258834839,0.19661304354667664,3.32120418548584
1660,3.489427089691162,0.19742757081985474,3.291999578475952
1661,3.5164687633514404,0.20671072602272034,3.309757947921753
1662,3.5424561500549316,0.21898037195205688,3.3234758377075195
1663,3.5556533336639404,0.21566516160964966,3.3399882316589355
1664,3.482175588607788,0.17472049593925476,3.307455062866211
1665,3.5583438873291016,0.24424898624420166,3.3140947818756104
1666,3.5267813205718994,0.19884750247001648,3.3279337882995605
1667,3.509591579437256,0.19082355499267578,3.31876802444458
1668,3.54654598236084,0.23242394626140594,3.314121961593628
1669,3.512024164199829,0.19378980994224548,3.318234443664551
1670,3.543055295944214,0.22616949677467346,3.3168857097625732
1671,3.5526130199432373,0.2024967074394226,3.35011625289917
1672,3.5402867794036865,0.21821340918540955,3.322073459625244
1673,3.54661226272583,0.22517681121826172,3.3214354515075684
1674,3.5444416999816895,0.2143312394618988,3.330110549926758
1675,3.5623302459716797,0.22374442219734192,3.33858585357666
1676,3.514042377471924,0.21206486225128174,3.3019776344299316
1677,3.5310769081115723,0.2307577133178711,3.300319194793701
1678,3.5444424152374268,0.21940922737121582,3.325033187866211
1679,3.561070680618286,0.23555245995521545,3.3255181312561035
1680,3.543299674987793,0.21932736039161682,3.323972225189209
1681,3.5154919624328613,0.20364707708358765,3.311844825744629
1682,3.551706314086914,0.22988784313201904,3.3218185901641846
1683,3.5712051391601562,0.2331881821155548,3.338016986846924
1684,3.5684874057769775,0.22531142830848694,3.3431758880615234
1685,3.551831007003784,0.21642310917377472,3.3354079723358154
1686,3.510972261428833,0.20625528693199158,3.3047170639038086
1687,3.556293487548828,0.2343169003725052,3.321976661682129
1688,3.529299020767212,0.21679119765758514,3.3125078678131104
1689,3.5328097343444824,0.21524646878242493,3.31756329536438
1690,3.510552406311035,0.21309341490268707,3.2974588871002197
1691,3.546092987060547,0.23318949341773987,3.31290340423584
1692,3.5688421726226807,0.2231273204088211,3.345714807510376
1693,3.562314510345459,0.234377920627594,3.3279366493225098
1694,3.5569729804992676,0.20827408134937286,3.348698854446411
1695,3.530698776245117,0.21664831042289734,3.3140504360198975
1696,3.5239226818084717,0.20490732789039612,3.3190152645111084
1697,3.5820908546447754,0.2519580125808716,3.3301327228546143
1698,3.516697883605957,0.20594017207622528,3.310757637023926
1699,3.5164966583251953,0.21387633681297302,3.3026204109191895
1700,3.536163568496704,0.22724413871765137,3.3089194297790527
1701,3.6077308654785156,0.26272326707839966,3.3450076580047607
1702,3.519711971282959,0.18495994806289673,3.334752082824707
1703,3.5025434494018555,0.19970941543579102,3.3028340339660645
1704,3.540858030319214,0.22260929644107819,3.318248748779297
1705,3.5392796993255615,0.1987445056438446,3.3405351638793945
1706,3.559858560562134,0.24085666239261627,3.3190019130706787
1707,3.5096681118011475,0.21349796652793884,3.296170234680176
1708,3.5384299755096436,0.2148127555847168,3.3236172199249268
1709,3.5645532608032227,0.2227635383605957,3.341789722442627
1710,3.5472304821014404,0.21312977373600006,3.3341007232666016
1711,3.5407066345214844,0.2105884701013565,3.330118179321289
1712,3.5396528244018555,0.21132758259773254,3.3283252716064453
1713,3.528381824493408,0.21574406325817108,3.3126378059387207
1714,3.567735433578491,0.23999018967151642,3.327745199203491
1715,3.517831325531006,0.20878827571868896,3.3090429306030273
1716,3.5551910400390625,0.23070193827152252,3.324489116668701
1717,3.538208484649658,0.2124485969543457,3.3257598876953125
1718,3.5738470554351807,0.24711336195468903,3.3267335891723633
1719,3.540649652481079,0.2088840752840042,3.331765651702881
1720,3.5303714275360107,0.21400710940361023,3.316364288330078
1721,3.5811805725097656,0.24306105077266693,3.3381195068359375
1722,3.545949697494507,0.19620826840400696,3.3497414588928223
1723,3.539057970046997,0.1965230405330658,3.3425350189208984
1724,3.4970204830169678,0.19691628217697144,3.3001041412353516
1725,3.5753917694091797,0.24026340246200562,3.3351283073425293
1726,3.5417702198028564,0.21113279461860657,3.3306374549865723
1727,3.549407720565796,0.2091514766216278,3.3402562141418457
1728,3.5095207691192627,0.19101040065288544,3.3185102939605713
1729,3.5557618141174316,0.2294318974018097,3.3263299465179443
1730,3.539682149887085,0.22454844415187836,3.315133810043335
1731,3.5700647830963135,0.23387511074543,3.3361897468566895
1732,3.5414276123046875,0.213683620095253,3.3277440071105957
1733,3.527439594268799,0.20248770713806152,3.3249518871307373
1734,3.5618653297424316,0.23668190836906433,3.325183391571045
1735,3.536550283432007,0.22529393434524536,3.3112564086914062
1736,3.496731758117676,0.18542855978012085,3.31130313873291
1737,3.4882988929748535,0.18533955514431,3.302959442138672
1738,3.549250602722168,0.22266612946987152,3.326584577560425
1739,3.5338294506073,0.21610639989376068,3.317723035812378
1740,3.5045552253723145,0.19362880289554596,3.3109264373779297
1741,3.564122438430786,0.22939522564411163,3.3347272872924805
1742,3.5536868572235107,0.2456963211297989,3.307990550994873
1743,3.5350544452667236,0.2078196406364441,3.3272347450256348
1744,3.5642471313476562,0.2312658429145813,3.3329813480377197
1745,3.567707061767578,0.2325170487165451,3.3351900577545166
1746,3.519869565963745,0.19734221696853638,3.3225274085998535
1747,3.5347042083740234,0.21597686409950256,3.3187272548675537
1748,3.507840394973755,0.19761963188648224,3.310220718383789
1749,3.557677745819092,0.21944290399551392,3.3382349014282227
1750,3.5564000606536865,0.2084522396326065,3.347947835922241
1751,3.5583596229553223,0.20572853088378906,3.352631092071533
1752,3.535165548324585,0.19929932057857513,3.3358662128448486
1753,3.5748655796051025,0.24979951977729797,3.325066089630127
1754,3.505560874938965,0.20725961029529572,3.2983012199401855
1755,3.499971866607666,0.1743360161781311,3.3256359100341797
1756,3.5132555961608887,0.19940339028835297,3.313852310180664
1757,3.563666820526123,0.2253509759902954,3.338315725326538
1758,3.548591375350952,0.21187162399291992,3.3367197513580322
1759,3.5372164249420166,0.22518211603164673,3.3120343685150146
1760,3.5156683921813965,0.18334046006202698,3.3323278427124023
1761,3.5342230796813965,0.21521317958831787,3.319009780883789
1762,3.5436952114105225,0.2328025996685028,3.3108925819396973
1763,3.5067458152770996,0.19621416926383972,3.3105316162109375
1764,3.532975673675537,0.22198829054832458,3.3109874725341797
1765,3.5182604789733887,0.20791539549827576,3.31034517288208
1766,3.5416595935821533,0.21622829139232635,3.3254313468933105
1767,3.493443727493286,0.1836782842874527,3.309765338897705
1768,3.5410029888153076,0.2113330066204071,3.329669952392578
1769,3.5626256465911865,0.22047117352485657,3.3421545028686523
1770,3.52250075340271,0.2037610113620758,3.318739652633667
1771,3.5489563941955566,0.2208797186613083,3.3280766010284424
1772,3.4943933486938477,0.19464871287345886,3.2997446060180664
1773,3.578213691711426,0.23139239847660065,3.3468213081359863
1774,3.5653257369995117,0.2343187928199768,3.3310070037841797
1775,3.5169296264648438,0.20915859937667847,3.3077709674835205
1776,3.5740060806274414,0.2508660554885864,3.3231401443481445
1777,3.5688483715057373,0.21783503890037537,3.351013422012329
1778,3.5625815391540527,0.22909215092658997,3.333489418029785
1779,3.5823936462402344,0.2440425008535385,3.338351249694824
1780,3.5371503829956055,0.2224712073802948,3.3146791458129883
1781,3.5091075897216797,0.19114947319030762,3.317958116531372
1782,3.5503950119018555,0.20715494453907013,3.3432400226593018
1783,3.52854061126709,0.1901509165763855,3.3383896350860596
1784,3.5698134899139404,0.2205115109682083,3.349302053451538
1785,3.529542922973633,0.2146214097738266,3.3149216175079346
1786,3.516111135482788,0.2127034068107605,3.303407669067383
1787,3.5458459854125977,0.22653916478157043,3.3193068504333496
1788,3.5656661987304688,0.22811350226402283,3.337552785873413
1789,3.520277738571167,0.20596393942832947,3.3143138885498047
1790,3.492495059967041,0.1882019340991974,3.304293155670166
1791,3.559504985809326,0.24088230729103088,3.318622589111328
1792,3.533515453338623,0.2042461633682251,3.3292694091796875
1793,3.5680911540985107,0.223545104265213,3.34454607963562
1794,3.53855037689209,0.20882324874401093,3.3297271728515625
1795,3.531034469604492,0.21920821070671082,3.311826229095459
1796,3.5587635040283203,0.22001558542251587,3.338747978210449
1797,3.5233402252197266,0.19231656193733215,3.331023693084717
1798,3.530118227005005,0.20230749249458313,3.327810764312744
1799,3.5447781085968018,0.23920658230781555,3.3055715560913086
1800,3.541141986846924,0.2265123873949051,3.314629554748535
1801,3.5452613830566406,0.21359246969223022,3.3316688537597656
1802,3.575226068496704,0.24891109764575958,3.326314926147461
1803,3.553924798965454,0.206875741481781,3.3470489978790283
1804,3.5676145553588867,0.2107114940881729,3.356903076171875
1805,3.5391011238098145,0.22481437027454376,3.314286708831787
1806,3.5290801525115967,0.21620292961597443,3.3128771781921387
1807,3.541792631149292,0.20622164011001587,3.335571050643921
1808,3.5530083179473877,0.25677043199539185,3.2962379455566406
1809,3.515897750854492,0.2114194929599762,3.304478168487549
1810,3.5492310523986816,0.21670877933502197,3.332522392272949
1811,3.5626940727233887,0.24583718180656433,3.316856861114502
1812,3.5499191284179688,0.2044447660446167,3.3454742431640625
1813,3.545806407928467,0.22223283350467682,3.323573589324951
1814,3.574967384338379,0.2437639683485031,3.3312034606933594
1815,3.508528470993042,0.19602616131305695,3.312502384185791
1816,3.5300519466400146,0.20713315904140472,3.3229188919067383
1817,3.5088908672332764,0.1872941553592682,3.321596622467041
1818,3.5361900329589844,0.2118806540966034,3.3243093490600586
1819,3.5177183151245117,0.19358418881893158,3.324134111404419
1820,3.5397613048553467,0.20046287775039673,3.3392984867095947
1821,3.523881673812866,0.20299890637397766,3.320882797241211
1822,3.5662012100219727,0.23045441508293152,3.3357467651367188
1823,3.4906136989593506,0.1877920925617218,3.302821636199951
1824,3.5253825187683105,0.21599291265010834,3.309389591217041
1825,3.545564889907837,0.209920734167099,3.335644245147705
1826,3.4869046211242676,0.19781914353370667,3.2890853881835938
1827,3.5534749031066895,0.23219527304172516,3.321279525756836
1828,3.5758635997772217,0.2120044082403183,3.363859176635742
1829,3.52664852142334,0.21176394820213318,3.314884662628174
1830,3.555879592895508,0.2319883406162262,3.3238911628723145
1831,3.546555519104004,0.2187337875366211,3.327821731567383
1832,3.580467462539673,0.2310168743133545,3.3494505882263184
1833,3.5538859367370605,0.2271188497543335,3.3267669677734375
1834,3.592888832092285,0.26063859462738037,3.3322501182556152
1835,3.500943183898926,0.19129237532615662,3.3096508979797363
1836,3.520481824874878,0.2054111659526825,3.315070629119873
1837,3.5172581672668457,0.18315750360488892,3.3341007232666016
1838,3.53995680809021,0.2279299944639206,3.3120267391204834
1839,3.5483617782592773,0.23504796624183655,3.3133137226104736
1840,3.5397894382476807,0.21129879355430603,3.328490734100342
1841,3.5318450927734375,0.20538243651390076,3.326462745666504
1842,3.572772264480591,0.238331139087677,3.3344411849975586
1843,3.5371437072753906,0.21028415858745575,3.326859474182129
1844,3.5409233570098877,0.21700286865234375,3.323920488357544
1845,3.5177083015441895,0.21586692333221436,3.3018412590026855
1846,3.537675142288208,0.21837851405143738,3.3192965984344482
1847,3.51486873626709,0.18610788881778717,3.328760862350464
1848,3.532057285308838,0.21101853251457214,3.3210387229919434
1849,3.5136358737945557,0.1776418834924698,3.335994005203247
1850,3.5612006187438965,0.2253836989402771,3.3358168601989746
1851,3.540862798690796,0.21816334128379822,3.322699546813965
1852,3.5168440341949463,0.19694200158119202,3.319901943206787
1853,3.526693820953369,0.2119259536266327,3.314767837524414
1854,3.5360093116760254,0.20236161351203918,3.3336477279663086
1855,3.5336239337921143,0.2052253782749176,3.3283984661102295
1856,3.53975772857666,0.2145465612411499,3.3252110481262207
1857,3.5405163764953613,0.1936306655406952,3.3468856811523438
1858,3.557983875274658,0.232639878988266,3.3253440856933594
1859,3.5443308353424072,0.20147967338562012,3.342851161956787
1860,3.5847272872924805,0.24553725123405457,3.3391900062561035
1861,3.5465354919433594,0.20354196429252625,3.3429934978485107
1862,3.515388250350952,0.19997796416282654,3.3154103755950928
1863,3.5262622833251953,0.22728228569030762,3.2989799976348877
1864,3.5539751052856445,0.2209172546863556,3.3330578804016113
1865,3.529752254486084,0.20122328400611877,3.328528881072998
1866,3.559813976287842,0.23308223485946655,3.3267316818237305
1867,3.534759044647217,0.21562924981117249,3.319129705429077
1868,3.5620124340057373,0.24088886380195618,3.3211236000061035
1869,3.567776679992676,0.2137824445962906,3.353994131088257
1870,3.5673916339874268,0.2225503921508789,3.344841241836548
1871,3.5231056213378906,0.20914989709854126,3.313955783843994
1872,3.4901607036590576,0.17871227860450745,3.311448335647583
1873,3.507310628890991,0.19198814034461975,3.3153223991394043
1874,3.517946481704712,0.19723686575889587,3.320709705352783
1875,3.5561559200286865,0.2446257770061493,3.311530113220215
1876,3.5619547367095947,0.23369476199150085,3.3282599449157715
1877,3.54937481880188,0.20459003746509552,3.344784736633301
1878,3.539506435394287,0.2275742143392563,3.311932325363159
1879,3.508603572845459,0.19764578342437744,3.310957908630371
1880,3.5168638229370117,0.20004740357398987,3.3168163299560547
1881,3.5122926235198975,0.21236571669578552,3.299926996231079
1882,3.5432705879211426,0.2216920405626297,3.3215785026550293
1883,3.544804811477661,0.20270748436450958,3.342097282409668
1884,3.520235061645508,0.20550666749477386,3.3147284984588623
1885,3.5143213272094727,0.22377565503120422,3.290545701980591
1886,3.5513997077941895,0.2205667942762375,3.3308329582214355
1887,3.546619415283203,0.21805807948112488,3.328561305999756
1888,3.5165417194366455,0.20016226172447205,3.3163795471191406
1889,3.5157086849212646,0.19519001245498657,3.320518732070923
1890,3.5098161697387695,0.19953201711177826,3.31028413772583
1891,3.5106945037841797,0.19278737902641296,3.3179070949554443
1892,3.5597481727600098,0.23024222254753113,3.3295059204101562
1893,3.558419942855835,0.2374137043952942,3.3210062980651855
1894,3.556723117828369,0.2089104950428009,3.3478126525878906
1895,3.5357120037078857,0.20854452252388,3.327167510986328
1896,3.5470948219299316,0.2157747596502304,3.33132004737854
1897,3.4947762489318848,0.19662630558013916,3.298150062561035
1898,3.558253526687622,0.23605750501155853,3.3221960067749023
1899,3.508256196975708,0.19407811760902405,3.314177989959717
1900,3.5364205837249756,0.21395088732242584,3.322469711303711
1901,3.5390052795410156,0.2183755487203598,3.320629835128784
1902,3.5320496559143066,0.2028665542602539,3.3291831016540527
1903,3.522383213043213,0.20829401910305023,3.314089298248291
1904,3.5722973346710205,0.23102815449237823,3.3412692546844482
1905,3.547909736633301,0.2147998809814453,3.3331098556518555
1906,3.5273733139038086,0.21291673183441162,3.3144567012786865
1907,3.509249210357666,0.1926274597644806,3.316621780395508
1908,3.5069358348846436,0.2077018916606903,3.299233913421631
1909,3.5221714973449707,0.19321554899215698,3.328955888748169
1910,3.51336407661438,0.2114919275045395,3.3018722534179688
1911,3.5428218841552734,0.22219322621822357,3.3206286430358887
1912,3.5070133209228516,0.21253353357315063,3.2944798469543457
1913,3.49114990234375,0.18576446175575256,3.3053853511810303
1914,3.5439701080322266,0.21937036514282227,3.3245997428894043
1915,3.5585973262786865,0.22317907214164734,3.335418224334717
1916,3.4859540462493896,0.18625062704086304,3.299703359603882
1917,3.51499080657959,0.22000041604042053,3.294990301132202
1918,3.5695128440856934,0.2222423106431961,3.3472704887390137
1919,3.5996804237365723,0.25471383333206177,3.3449666500091553
1920,3.539133071899414,0.21375083923339844,3.3253822326660156
1921,3.541059970855713,0.21905797719955444,3.3220019340515137
1922,3.534275770187378,0.18556097149848938,3.348714828491211
1923,3.526973247528076,0.2031278908252716,3.323845386505127
1924,3.547243595123291,0.2121625691652298,3.335081100463867
1925,3.5481038093566895,0.225228413939476,3.322875499725342
1926,3.5805163383483887,0.2386702299118042,3.341845989227295
1927,3.5204389095306396,0.18995578587055206,3.3304831981658936
1928,3.5234923362731934,0.2081742286682129,3.3153181076049805
1929,3.543515920639038,0.21785473823547363,3.3256611824035645
1930,3.543144702911377,0.19599300622940063,3.347151756286621
1931,3.54654598236084,0.2269226312637329,3.3196232318878174
1932,3.503255844116211,0.19053658843040466,3.3127193450927734
1933,3.510262966156006,0.2028251439332962,3.3074378967285156
1934,3.5224523544311523,0.20059305429458618,3.321859359741211
1935,3.4996182918548584,0.19017767906188965,3.3094406127929688
1936,3.5856149196624756,0.23340916633605957,3.352205753326416
1937,3.523547410964966,0.20812398195266724,3.3154234886169434
1938,3.526503086090088,0.21404732763767242,3.312455654144287
1939,3.5551633834838867,0.2158695012331009,3.339293956756592
1940,3.587914228439331,0.25708621740341187,3.3308279514312744
1941,3.559852361679077,0.24789470434188843,3.311957597732544
1942,3.5379629135131836,0.2080141305923462,3.329948663711548
1943,3.5511064529418945,0.21308425068855286,3.338022232055664
1944,3.5368826389312744,0.2058723121881485,3.331010341644287
1945,3.5188522338867188,0.1931413859128952,3.3257107734680176
1946,3.4747066497802734,0.19088464975357056,3.2838220596313477
1947,3.548679828643799,0.23087425529956818,3.317805528640747
1948,3.4815309047698975,0.187728613615036,3.293802261352539
1949,3.542022228240967,0.19689524173736572,3.3451271057128906
1950,3.505026340484619,0.19538022577762604,3.3096461296081543
1951,3.521052360534668,0.20682887732982635,3.314223527908325
1952,3.5398807525634766,0.2134326845407486,3.3264479637145996
1953,3.5859577655792236,0.26129287481307983,3.324664831161499
1954,3.5772595405578613,0.25193244218826294,3.325327157974243
1955,3.5874710083007812,0.24343352019786835,3.3440375328063965
1956,3.5323781967163086,0.2022131383419037,3.330165147781372
1957,3.5499937534332275,0.2236296385526657,3.326364040374756
1958,3.520336866378784,0.2011071890592575,3.3192296028137207
1959,3.567370891571045,0.25402435660362244,3.3133466243743896
1960,3.5110912322998047,0.2068786472082138,3.3042125701904297
1961,3.567493438720703,0.24309441447257996,3.324398994445801
1962,3.5005874633789062,0.19506263732910156,3.3055248260498047
1963,3.596367597579956,0.23202428221702576,3.3643434047698975
1964,3.5140790939331055,0.1900143176317215,3.3240647315979004
1965,3.560983419418335,0.21159063279628754,3.349392890930176
1966,3.5291805267333984,0.2111632376909256,3.3180172443389893
1967,3.538686752319336,0.22238466143608093,3.3163020610809326
1968,3.553621292114258,0.22456219792366028,3.32905912399292
1969,3.5165841579437256,0.1870996206998825,3.329484462738037
1970,3.5188117027282715,0.20517973601818085,3.313632011413574
1971,3.5497331619262695,0.2191062867641449,3.330626964569092
1972,3.525343894958496,0.20107313990592957,3.324270725250244
1973,3.506065607070923,0.2077057957649231,3.2983598709106445
1974,3.5380659103393555,0.22767075896263123,3.3103952407836914
1975,3.4826834201812744,0.18560895323753357,3.297074556350708
1976,3.5323596000671387,0.2100440114736557,3.3223156929016113
1977,3.5615251064300537,0.22321376204490662,3.3383114337921143
1978,3.530994415283203,0.2257833182811737,3.305211067199707
1979,3.5590615272521973,0.23684996366500854,3.322211503982544
1980,3.504314661026001,0.20147734880447388,3.302837371826172
1981,3.515610694885254,0.20246896147727966,3.3131418228149414
1982,3.5748023986816406,0.22085605561733246,3.3539464473724365
1983,3.5487496852874756,0.20873594284057617,3.3400137424468994
1984,3.516141891479492,0.21965041756629944,3.2964913845062256
1985,3.5486814975738525,0.2098826915025711,3.338798761367798
1986,3.5367000102996826,0.22096413373947144,3.3157358169555664
1987,3.551970958709717,0.21598055958747864,3.3359904289245605
1988,3.5170907974243164,0.20110692083835602,3.315983772277832
1989,3.5376038551330566,0.21197092533111572,3.3256330490112305
1990,3.503505229949951,0.20132115483283997,3.3021841049194336
1991,3.512897253036499,0.1818731129169464,3.331024169921875
1992,3.50270938873291,0.21010445058345795,3.292604923248291
1993,3.5455269813537598,0.20705942809581757,3.338467597961426
1994,3.4921865463256836,0.1878700852394104,3.304316520690918
1995,3.5615508556365967,0.22084714472293854,3.3407037258148193
1996,3.5616512298583984,0.22352847456932068,3.338122844696045
1997,3.5266406536102295,0.17646212875843048,3.3501784801483154
1998,3.5015203952789307,0.19142797589302063,3.3100924491882324
1999,3.5353634357452393,0.20239655673503876,3.3329668045043945
