Step,Tr_Loss,Value_Loss,Policy_Loss
0,3.56128191947937,0.26456841826438904,3.2967135906219482
1,3.5523619651794434,0.26618340611457825,3.2861785888671875
2,3.520986557006836,0.23342891037464142,3.287557601928711
3,3.5580286979675293,0.2803415060043335,3.2776870727539062
4,3.5507423877716064,0.2577151656150818,3.29302716255188
5,3.505195379257202,0.22635911405086517,3.278836250305176
6,3.622358798980713,0.31366342306137085,3.3086953163146973
7,3.529193162918091,0.24297307431697845,3.286220073699951
8,3.5532784461975098,0.24714802205562592,3.3061304092407227
9,3.5391464233398438,0.27779436111450195,3.261352062225342
10,3.524397134780884,0.26250430941581726,3.261892795562744
11,3.5771687030792236,0.2833656668663025,3.2938029766082764
12,3.5262668132781982,0.24084380269050598,3.2854230403900146
13,3.5290021896362305,0.27639448642730713,3.252607583999634
14,3.5442233085632324,0.2572886347770691,3.2869346141815186
15,3.5467984676361084,0.25876665115356445,3.288031816482544
16,3.5364928245544434,0.24435970187187195,3.292133092880249
17,3.5332891941070557,0.23928651213645935,3.2940027713775635
18,3.546647787094116,0.25111228227615356,3.2955355644226074
19,3.5326361656188965,0.23123043775558472,3.301405668258667
20,3.55273699760437,0.27605462074279785,3.2766823768615723
21,3.5332202911376953,0.2516011595726013,3.281619071960449
22,3.5585482120513916,0.2511824071407318,3.307365894317627
23,3.553471565246582,0.2688976526260376,3.284573793411255
24,3.5321168899536133,0.24408304691314697,3.2880337238311768
25,3.568230152130127,0.28351813554763794,3.284712076187134
26,3.5339906215667725,0.26349228620529175,3.270498275756836
27,3.522331714630127,0.24983130395412445,3.272500514984131
28,3.521836757659912,0.2499699890613556,3.271866798400879
29,3.556608200073242,0.26432573795318604,3.2922823429107666
30,3.5363621711730957,0.23276761174201965,3.3035945892333984
31,3.524225950241089,0.24940362572669983,3.274822235107422
32,3.555457353591919,0.2711239755153656,3.2843334674835205
33,3.5568416118621826,0.2805204391479492,3.2763211727142334
34,3.6009140014648438,0.2902860641479492,3.3106279373168945
35,3.5424489974975586,0.2502327561378479,3.2922163009643555
36,3.5454468727111816,0.2518599331378937,3.2935869693756104
37,3.5394949913024902,0.25501716136932373,3.284477949142456
38,3.601184844970703,0.28432735800743103,3.3168575763702393
39,3.5637521743774414,0.2738589942455292,3.28989315032959
40,3.5576677322387695,0.267606645822525,3.2900609970092773
41,3.527580499649048,0.25457316637039185,3.273007392883301
42,3.5273213386535645,0.2649087905883789,3.2624125480651855
43,3.546248435974121,0.26225048303604126,3.2839980125427246
44,3.5164313316345215,0.25533974170684814,3.261091709136963
45,3.548609733581543,0.25310125946998596,3.29550838470459
46,3.50936222076416,0.23913347721099854,3.270228862762451
47,3.5494003295898438,0.27146679162979126,3.2779335975646973
48,3.5308375358581543,0.26223498582839966,3.2686026096343994
49,3.505434274673462,0.22868132591247559,3.2767529487609863
50,3.505246162414551,0.22395716607570648,3.2812891006469727
51,3.5424368381500244,0.26685672998428345,3.2755801677703857
52,3.54636287689209,0.26560330390930176,3.280759572982788
53,3.5135982036590576,0.24770893156528473,3.2658891677856445
54,3.5408427715301514,0.26206904649734497,3.278773784637451
55,3.5520517826080322,0.25463026762008667,3.297421455383301
56,3.517216205596924,0.23982617259025574,3.2773900032043457
57,3.5633111000061035,0.27088087797164917,3.2924301624298096
58,3.5518360137939453,0.2685054540634155,3.2833304405212402
59,3.5156984329223633,0.24192851781845093,3.2737698554992676
60,3.575140953063965,0.28225967288017273,3.2928812503814697
61,3.5474932193756104,0.2457592487335205,3.30173397064209
62,3.53792667388916,0.24741020798683167,3.2905163764953613
63,3.5347135066986084,0.25239381194114685,3.2823197841644287
64,3.565610647201538,0.2670762538909912,3.298534393310547
65,3.526564359664917,0.24504198133945465,3.281522274017334
66,3.5099730491638184,0.20266196131706238,3.3073110580444336
67,3.5790562629699707,0.2847980558872223,3.2942581176757812
68,3.5281388759613037,0.24999545514583588,3.2781434059143066
69,3.53696346282959,0.25241976976394653,3.284543752670288
70,3.544589042663574,0.2702278792858124,3.2743611335754395
71,3.52247953414917,0.2241440713405609,3.298335552215576
72,3.506401300430298,0.224989652633667,3.281411647796631
73,3.5110247135162354,0.2337905764579773,3.2772340774536133
74,3.5562429428100586,0.2474689930677414,3.308773994445801
75,3.5638010501861572,0.269681453704834,3.2941195964813232
76,3.521496534347534,0.2442922294139862,3.2772042751312256
77,3.5631253719329834,0.24888557195663452,3.314239740371704
78,3.4998300075531006,0.23983067274093628,3.2599992752075195
79,3.538123846054077,0.2608063817024231,3.277317523956299
80,3.550976276397705,0.26765674352645874,3.2833194732666016
81,3.513629198074341,0.24123874306678772,3.272390365600586
82,3.5539026260375977,0.2555052638053894,3.2983973026275635
83,3.518155574798584,0.24529848992824554,3.272857189178467
84,3.5315499305725098,0.2513003945350647,3.28024959564209
85,3.52158260345459,0.2421308010816574,3.279451847076416
86,3.5015785694122314,0.21881529688835144,3.2827632427215576
87,3.513132095336914,0.2476283311843872,3.2655038833618164
88,3.50545597076416,0.24104951322078705,3.264406442642212
89,3.5319671630859375,0.2525399923324585,3.2794270515441895
90,3.5548925399780273,0.27077287435531616,3.2841196060180664
91,3.5824313163757324,0.29803282022476196,3.2843985557556152
92,3.5749239921569824,0.2778013348579407,3.2971227169036865
93,3.5715694427490234,0.28660935163497925,3.2849600315093994
94,3.5373916625976562,0.25364768505096436,3.2837440967559814
95,3.5261082649230957,0.22734549641609192,3.298762798309326
96,3.538628578186035,0.25724077224731445,3.2813878059387207
97,3.521991014480591,0.25485342741012573,3.2671375274658203
98,3.526797294616699,0.24093472957611084,3.285862684249878
99,3.531717300415039,0.26307493448257446,3.2686424255371094
100,3.501011610031128,0.21337822079658508,3.2876334190368652
101,3.556875705718994,0.2689394950866699,3.287936210632324
102,3.5257198810577393,0.24080845713615417,3.2849113941192627
103,3.5468451976776123,0.2665465176105499,3.2802987098693848
104,3.585989475250244,0.29088348150253296,3.2951059341430664
105,3.5335121154785156,0.2542056739330292,3.279306411743164
106,3.556283950805664,0.2695198655128479,3.286764144897461
107,3.5321524143218994,0.2583081126213074,3.2738442420959473
108,3.5286216735839844,0.252318799495697,3.2763028144836426
109,3.5525810718536377,0.25134778022766113,3.3012332916259766
110,3.5595924854278564,0.2806585729122162,3.2789340019226074
111,3.563459634780884,0.2688605785369873,3.2945990562438965
112,3.5315568447113037,0.24431300163269043,3.2872438430786133
113,3.5716826915740967,0.28384092450141907,3.287841796875
114,3.545557975769043,0.25419285893440247,3.291365146636963
115,3.5506136417388916,0.2629392147064209,3.2876744270324707
116,3.547588586807251,0.2657720446586609,3.2818164825439453
117,3.526156425476074,0.2559334933757782,3.2702229022979736
118,3.5575978755950928,0.28493204712867737,3.2726657390594482
119,3.5265071392059326,0.23750737309455872,3.2889997959136963
120,3.552974224090576,0.26184120774269104,3.291132926940918
121,3.57180118560791,0.27255547046661377,3.299245834350586
122,3.5614778995513916,0.26191583275794983,3.2995619773864746
123,3.5609188079833984,0.28641408681869507,3.2745046615600586
124,3.5510642528533936,0.2664835453033447,3.284580707550049
125,3.5331034660339355,0.2587248682975769,3.274378538131714
126,3.560515880584717,0.2537374496459961,3.3067784309387207
127,3.521383762359619,0.2488732784986496,3.272510528564453
128,3.5411088466644287,0.256541907787323,3.284566879272461
129,3.552384853363037,0.28334981203079224,3.2690351009368896
130,3.5275893211364746,0.24622446298599243,3.281364917755127
131,3.5635061264038086,0.2791701555252075,3.2843360900878906
132,3.5158987045288086,0.24033883213996887,3.275559902191162
133,3.4939863681793213,0.22707584500312805,3.2669105529785156
134,3.5163581371307373,0.23932012915611267,3.277038097381592
135,3.5375139713287354,0.2390579879283905,3.2984559535980225
136,3.4894649982452393,0.24456191062927246,3.244903087615967
137,3.5410256385803223,0.25266051292419434,3.288365125656128
138,3.50089693069458,0.23036108911037445,3.270535945892334
139,3.534733772277832,0.2685920000076294,3.266141891479492
140,3.5573906898498535,0.2761157751083374,3.2812750339508057
141,3.582414150238037,0.3013787865638733,3.2810354232788086
142,3.5257034301757812,0.2385987937450409,3.287104606628418
143,3.526724338531494,0.24282348155975342,3.2839009761810303
144,3.571871280670166,0.2669767141342163,3.3048946857452393
145,3.535919427871704,0.26015397906303406,3.2757654190063477
146,3.5748050212860107,0.2644338011741638,3.310371160507202
147,3.5407586097717285,0.241450235247612,3.2993083000183105
148,3.5290098190307617,0.2533915638923645,3.275618314743042
149,3.5055599212646484,0.2297842800617218,3.275775671005249
150,3.5294606685638428,0.2657792568206787,3.263681411743164
151,3.5519354343414307,0.2690814137458801,3.2828540802001953
152,3.532942056655884,0.2720112204551697,3.2609307765960693
153,3.530609607696533,0.2604363262653351,3.2701733112335205
154,3.5756850242614746,0.2693558633327484,3.3063292503356934
155,3.5608396530151367,0.2685903012752533,3.2922494411468506
156,3.509706735610962,0.2404152899980545,3.269291400909424
157,3.5599029064178467,0.27237337827682495,3.287529468536377
158,3.5480072498321533,0.2625558078289032,3.2854514122009277
159,3.555497646331787,0.26754510402679443,3.2879526615142822
160,3.5537915229797363,0.23985321819782257,3.3139383792877197
161,3.491750955581665,0.2263166904449463,3.2654342651367188
162,3.540843963623047,0.24868513643741608,3.292158842086792
163,3.5519254207611084,0.26383718848228455,3.288088321685791
164,3.4902355670928955,0.21742621064186096,3.2728092670440674
165,3.5497827529907227,0.26654917001724243,3.283233642578125
166,3.5561418533325195,0.284953236579895,3.271188735961914
167,3.5358529090881348,0.2420705407857895,3.2937824726104736
168,3.520890474319458,0.24868430197238922,3.2722060680389404
169,3.5473170280456543,0.27414119243621826,3.2731757164001465
170,3.544086456298828,0.2735133171081543,3.270573139190674
171,3.5667240619659424,0.26334676146507263,3.303377389907837
172,3.5497400760650635,0.2622554302215576,3.287484645843506
173,3.546687126159668,0.2629862427711487,3.283700942993164
174,3.5744309425354004,0.28189611434936523,3.292534828186035
175,3.5401394367218018,0.2772867977619171,3.262852668762207
176,3.5438995361328125,0.2685598134994507,3.2753396034240723
177,3.5219838619232178,0.2450072020292282,3.2769765853881836
178,3.501347780227661,0.2115037739276886,3.289844036102295
179,3.5285942554473877,0.2532254755496979,3.2753686904907227
180,3.5129175186157227,0.24093014001846313,3.2719874382019043
181,3.500462532043457,0.23761656880378723,3.262845993041992
182,3.5471107959747314,0.2602089047431946,3.2869019508361816
183,3.527951955795288,0.23667588829994202,3.291275978088379
184,3.5422632694244385,0.2613331973552704,3.2809300422668457
185,3.5569472312927246,0.26624152064323425,3.290705680847168
186,3.5681064128875732,0.2896754741668701,3.278430938720703
187,3.545337677001953,0.2628931999206543,3.282444477081299
188,3.5579311847686768,0.2633691132068634,3.2945621013641357
189,3.5236597061157227,0.2522076964378357,3.271451950073242
190,3.5856072902679443,0.2819215655326843,3.3036856651306152
191,3.5520663261413574,0.2625536620616913,3.2895126342773438
192,3.5229108333587646,0.259819358587265,3.263091564178467
193,3.5553228855133057,0.2781990170478821,3.2771239280700684
194,3.514695167541504,0.2258881777524948,3.288806915283203
195,3.550935745239258,0.2786160707473755,3.2723195552825928
196,3.500791072845459,0.2274966537952423,3.273294448852539
197,3.5223448276519775,0.22747673094272614,3.294867992401123
198,3.5357019901275635,0.25842157006263733,3.277280330657959
199,3.503358840942383,0.2371302843093872,3.266228675842285
200,3.5755727291107178,0.2767493724822998,3.298823356628418
201,3.5150020122528076,0.23247990012168884,3.282522201538086
202,3.5250461101531982,0.2469504177570343,3.2780957221984863
203,3.5284934043884277,0.2493237555027008,3.2791695594787598
204,3.5276734828948975,0.24817103147506714,3.2795023918151855
205,3.542556047439575,0.27662786841392517,3.265928268432617
206,3.572981834411621,0.2638486623764038,3.3091330528259277
207,3.50663423538208,0.21839767694473267,3.288236618041992
208,3.5238473415374756,0.24534565210342407,3.2785017490386963
209,3.5329556465148926,0.24475204944610596,3.288203716278076
210,3.534923791885376,0.239362433552742,3.2955613136291504
211,3.526341199874878,0.2542783319950104,3.2720627784729004
212,3.544664144515991,0.2612411379814148,3.2834229469299316
213,3.543947696685791,0.25457704067230225,3.289370536804199
214,3.5454163551330566,0.25715285539627075,3.2882635593414307
215,3.5618278980255127,0.2807120680809021,3.281115770339966
216,3.4808359146118164,0.2095075249671936,3.2713284492492676
217,3.5471456050872803,0.26366305351257324,3.283482551574707
218,3.5498735904693604,0.26951736211776733,3.2803561687469482
219,3.5289793014526367,0.23516900837421417,3.2938103675842285
220,3.5649142265319824,0.2853051424026489,3.279608964920044
221,3.498755931854248,0.23184314370155334,3.2669126987457275
222,3.538837432861328,0.26181328296661377,3.277024030685425
223,3.520954132080078,0.23173236846923828,3.28922176361084
224,3.5101778507232666,0.25174832344055176,3.258429527282715
225,3.535459280014038,0.27313342690467834,3.2623257637023926
226,3.5374069213867188,0.25746190547943115,3.279944896697998
227,3.5736496448516846,0.26216334104537964,3.31148624420166
228,3.528179168701172,0.23632776737213135,3.29185152053833
229,3.55702543258667,0.2743687033653259,3.282656669616699
230,3.5600287914276123,0.26241376996040344,3.2976150512695312
231,3.5585527420043945,0.2694106996059418,3.28914213180542
232,3.513956308364868,0.23481374979019165,3.2791426181793213
233,3.5465831756591797,0.2569833993911743,3.289599895477295
234,3.541595458984375,0.24496236443519592,3.296633005142212
235,3.5334970951080322,0.23586349189281464,3.297633647918701
236,3.5559403896331787,0.2749609649181366,3.2809793949127197
237,3.548130989074707,0.26755237579345703,3.28057861328125
238,3.533613443374634,0.2454608529806137,3.2881526947021484
239,3.5546610355377197,0.2636677622795105,3.2909932136535645
240,3.496647357940674,0.23735612630844116,3.259291172027588
241,3.535907745361328,0.2577337324619293,3.2781739234924316
242,3.554799795150757,0.2644598186016083,3.290339946746826
243,3.5743675231933594,0.2753719389438629,3.2989954948425293
244,3.482801675796509,0.22554180026054382,3.2572598457336426
245,3.5613040924072266,0.2872059643268585,3.2740981578826904
246,3.541076183319092,0.27316907048225403,3.26790714263916
247,3.5329651832580566,0.2514243721961975,3.281540870666504
248,3.5346462726593018,0.23946169018745422,3.29518461227417
249,3.491626262664795,0.23391973972320557,3.2577064037323
250,3.5210936069488525,0.23337173461914062,3.287721872329712
251,3.5266735553741455,0.2564498782157898,3.270223617553711
252,3.5222933292388916,0.24793373048305511,3.274359703063965
253,3.5679309368133545,0.2765752673149109,3.291355609893799
254,3.545989513397217,0.2535350024700165,3.292454481124878
255,3.4961740970611572,0.2184779942035675,3.277696132659912
256,3.5441431999206543,0.26531702280044556,3.2788262367248535
257,3.4900059700012207,0.22437870502471924,3.265627384185791
258,3.4927430152893066,0.23276333510875702,3.259979724884033
259,3.540682077407837,0.25754329562187195,3.2831387519836426
260,3.5387659072875977,0.24306952953338623,3.295696496963501
261,3.5474696159362793,0.26816609501838684,3.279303550720215
262,3.551215410232544,0.26093024015426636,3.290285110473633
263,3.543027400970459,0.251616507768631,3.2914109230041504
264,3.517366647720337,0.24891389906406403,3.2684526443481445
265,3.507849931716919,0.2308759093284607,3.2769739627838135
266,3.5348663330078125,0.2546728253364563,3.280193567276001
267,3.528308391571045,0.26686233282089233,3.261445999145508
268,3.5355422496795654,0.2501533627510071,3.285388946533203
269,3.5570380687713623,0.2645251750946045,3.292512893676758
270,3.5582919120788574,0.25820404291152954,3.3000879287719727
271,3.533036231994629,0.24838577210903168,3.2846505641937256
272,3.5529377460479736,0.2607143521308899,3.2922234535217285
273,3.4924941062927246,0.20939376950263977,3.2831003665924072
274,3.5178937911987305,0.21711884438991547,3.3007750511169434
275,3.552561044692993,0.27320489287376404,3.2793562412261963
276,3.550907850265503,0.26565200090408325,3.2852559089660645
277,3.531496524810791,0.2516495883464813,3.2798469066619873
278,3.52243709564209,0.25696611404418945,3.2654709815979004
279,3.5424182415008545,0.2596166729927063,3.282801628112793
280,3.5080621242523193,0.22390176355838776,3.2841603755950928
281,3.5392355918884277,0.25811946392059326,3.281116008758545
282,3.547776937484741,0.27297908067703247,3.2747979164123535
283,3.5224335193634033,0.2351125180721283,3.287321090698242
284,3.562997341156006,0.2665087580680847,3.2964885234832764
285,3.567955255508423,0.2560752034187317,3.311880111694336
286,3.5402708053588867,0.25503504276275635,3.28523588180542
287,3.5405821800231934,0.2484905868768692,3.2920916080474854
288,3.531264305114746,0.2593883275985718,3.2718758583068848
289,3.5296082496643066,0.24459899961948395,3.2850091457366943
290,3.5448126792907715,0.25856220722198486,3.286250352859497
291,3.5315845012664795,0.26253724098205566,3.269047260284424
292,3.525620937347412,0.23458056151866913,3.2910404205322266
293,3.553004264831543,0.27501344680786133,3.2779908180236816
294,3.530627965927124,0.24084186553955078,3.2897861003875732
295,3.523345708847046,0.24354320764541626,3.2798025608062744
296,3.52079439163208,0.24530154466629028,3.2754929065704346
297,3.5038058757781982,0.21602770686149597,3.28777813911438
298,3.556814432144165,0.2771241068840027,3.2796902656555176
299,3.4987616539001465,0.24625135958194733,3.2525103092193604
300,3.5807135105133057,0.29269713163375854,3.2880163192749023
301,3.536292791366577,0.27457788586616516,3.2617149353027344
302,3.5713114738464355,0.2902560532093048,3.281055450439453
303,3.48091983795166,0.21465301513671875,3.2662668228149414
304,3.553793430328369,0.2690964341163635,3.2846970558166504
305,3.5387046337127686,0.25528213381767273,3.2834224700927734
306,3.5436646938323975,0.26640719175338745,3.2772574424743652
307,3.5539655685424805,0.2571469247341156,3.296818733215332
308,3.5383670330047607,0.2560465335845947,3.282320499420166
309,3.5361900329589844,0.2428627461194992,3.2933273315429688
310,3.5085582733154297,0.24338948726654053,3.2651686668395996
311,3.532520055770874,0.2511347234249115,3.2813854217529297
312,3.491480588912964,0.2076057642698288,3.283874750137329
313,3.540492057800293,0.2461020052433014,3.2943899631500244
314,3.5251545906066895,0.25500380992889404,3.270150661468506
315,3.5095043182373047,0.24144548177719116,3.2680587768554688
316,3.5346312522888184,0.25170063972473145,3.282930612564087
317,3.5404248237609863,0.2550398111343384,3.2853848934173584
318,3.5092241764068604,0.236922949552536,3.272301197052002
319,3.493420362472534,0.2343655526638031,3.2590548992156982
320,3.5300769805908203,0.22497819364070892,3.30509877204895
321,3.506601572036743,0.23010894656181335,3.2764925956726074
322,3.494555950164795,0.21435731649398804,3.280198574066162
323,3.559933662414551,0.2594093084335327,3.3005244731903076
324,3.5139658451080322,0.22330684959888458,3.290658950805664
325,3.512636423110962,0.23467271029949188,3.277963638305664
326,3.5407533645629883,0.2463741898536682,3.294379234313965
327,3.5692474842071533,0.2630418837070465,3.3062055110931396
328,3.542983293533325,0.26838573813438416,3.274597644805908
329,3.5388784408569336,0.24545253813266754,3.2934257984161377
330,3.559009075164795,0.25750672817230225,3.301502227783203
331,3.5294790267944336,0.24621953070163727,3.283259391784668
332,3.5080394744873047,0.23824536800384521,3.269794225692749
333,3.5093154907226562,0.24188686907291412,3.2674286365509033
334,3.535390615463257,0.2574021816253662,3.2779884338378906
335,3.4969825744628906,0.2219981998205185,3.274984359741211
336,3.5774967670440674,0.2660755515098572,3.3114211559295654
337,3.5500643253326416,0.2511299252510071,3.2989344596862793
338,3.5137667655944824,0.23898020386695862,3.2747864723205566
339,3.525136709213257,0.22967667877674103,3.2954599857330322
340,3.5140912532806396,0.2505134046077728,3.263577938079834
341,3.514781951904297,0.2566872239112854,3.2580947875976562
342,3.5293309688568115,0.2527787983417511,3.276552200317383
343,3.4887173175811768,0.21420694887638092,3.274510383605957
344,3.533417224884033,0.24127434194087982,3.292142868041992
345,3.552833318710327,0.2506963610649109,3.3021368980407715
346,3.5540952682495117,0.2652278542518616,3.288867473602295
347,3.5277810096740723,0.2561911940574646,3.271589756011963
348,3.492419719696045,0.23639929294586182,3.2560205459594727
349,3.529698133468628,0.2410602867603302,3.28863787651062
350,3.5189337730407715,0.2489708662033081,3.269963026046753
351,3.549891948699951,0.24887409806251526,3.3010177612304688
352,3.5551321506500244,0.26521894335746765,3.2899131774902344
353,3.5246543884277344,0.2348732352256775,3.289781093597412
354,3.5528664588928223,0.2771494686603546,3.27571702003479
355,3.5351552963256836,0.25909334421157837,3.27606201171875
356,3.5359082221984863,0.24839167296886444,3.2875165939331055
357,3.509817123413086,0.22352032363414764,3.286296844482422
358,3.555990695953369,0.26347994804382324,3.292510747909546
359,3.558121681213379,0.28543296456336975,3.272688627243042
360,3.5589520931243896,0.25067922472953796,3.3082728385925293
361,3.5594305992126465,0.26272058486938477,3.2967100143432617
362,3.562669038772583,0.2914044260978699,3.2712645530700684
363,3.5475969314575195,0.2653016448020935,3.2822952270507812
364,3.4931585788726807,0.2229469120502472,3.270211696624756
365,3.545570135116577,0.23631645739078522,3.309253692626953
366,3.5402615070343018,0.25481146574020386,3.285449981689453
367,3.51456618309021,0.2317684143781662,3.2827978134155273
368,3.5157814025878906,0.2515595555305481,3.2642219066619873
369,3.5246641635894775,0.24243144690990448,3.2822327613830566
370,3.5300087928771973,0.2549610733985901,3.275047779083252
371,3.526850461959839,0.25290945172309875,3.2739410400390625
372,3.5347609519958496,0.2573833763599396,3.2773776054382324
373,3.5105810165405273,0.22112451493740082,3.289456605911255
374,3.529313802719116,0.24552801251411438,3.283785820007324
375,3.5235965251922607,0.24594861268997192,3.2776479721069336
376,3.5030550956726074,0.22670045495033264,3.2763545513153076
377,3.547668695449829,0.25653132796287537,3.291137456893921
378,3.564427137374878,0.2606256604194641,3.3038015365600586
379,3.53598690032959,0.2554246187210083,3.280562162399292
380,3.5086817741394043,0.23901218175888062,3.269669532775879
381,3.5043952465057373,0.234933540225029,3.2694616317749023
382,3.5037193298339844,0.23868250846862793,3.2650368213653564
383,3.5143980979919434,0.25119683146476746,3.2632012367248535
384,3.4757585525512695,0.21010643243789673,3.2656521797180176
385,3.502777099609375,0.22008036077022552,3.2826967239379883
386,3.5647192001342773,0.27350950241088867,3.2912096977233887
387,3.5483713150024414,0.2673152685165405,3.2810561656951904
388,3.5682334899902344,0.27413272857666016,3.294100761413574
389,3.4944496154785156,0.22221842408180237,3.272231101989746
390,3.472193717956543,0.21816125512123108,3.2540323734283447
391,3.5279757976531982,0.24576251208782196,3.2822132110595703
392,3.4854917526245117,0.18176119029521942,3.3037304878234863
393,3.4787704944610596,0.2131689041852951,3.265601634979248
394,3.524238109588623,0.23905089497566223,3.285187244415283
395,3.5096077919006348,0.23135752975940704,3.278250217437744
396,3.5663135051727295,0.26322558522224426,3.3030879497528076
397,3.541015625,0.2415427565574646,3.2994728088378906
398,3.493022918701172,0.22388595342636108,3.269136905670166
399,3.5385208129882812,0.2667112350463867,3.2718095779418945
400,3.521304130554199,0.2493457794189453,3.271958351135254
401,3.5717926025390625,0.26242586970329285,3.3093667030334473
402,3.501077651977539,0.22764742374420166,3.273430347442627
403,3.5317330360412598,0.2377730756998062,3.293959856033325
404,3.544703960418701,0.26885849237442017,3.275845527648926
405,3.5440235137939453,0.2566683292388916,3.2873551845550537
406,3.5252912044525146,0.23293571174144745,3.292355537414551
407,3.545278549194336,0.26768630743026733,3.277592182159424
408,3.5128815174102783,0.23306144773960114,3.279819965362549
409,3.5180280208587646,0.24391759932041168,3.2741103172302246
410,3.5209264755249023,0.24958384037017822,3.2713425159454346
411,3.5688295364379883,0.2931061089038849,3.275723457336426
412,3.501338481903076,0.21645072102546692,3.2848877906799316
413,3.5471017360687256,0.2767348289489746,3.270366907119751
414,3.5868821144104004,0.29360902309417725,3.2932729721069336
415,3.504833459854126,0.21326187252998352,3.291571617126465
416,3.5346662998199463,0.25464943051338196,3.2800168991088867
417,3.5032598972320557,0.21938441693782806,3.2838754653930664
418,3.5144238471984863,0.24244330823421478,3.2719805240631104
419,3.5183510780334473,0.23148304224014282,3.286868095397949
420,3.541926145553589,0.2521550953388214,3.28977108001709
421,3.5107340812683105,0.22841501235961914,3.2823190689086914
422,3.543778896331787,0.2453272044658661,3.2984516620635986
423,3.5843403339385986,0.2834339141845703,3.3009064197540283
424,3.5855512619018555,0.2660910189151764,3.319460153579712
425,3.5263209342956543,0.24736180901527405,3.278959035873413
426,3.562670946121216,0.2598866820335388,3.3027842044830322
427,3.524101972579956,0.2621369957923889,3.261965036392212
428,3.5470383167266846,0.2591412663459778,3.2878971099853516
429,3.526632070541382,0.24518412351608276,3.2814478874206543
430,3.4999122619628906,0.21244914829730988,3.2874631881713867
431,3.4996907711029053,0.22264592349529266,3.2770447731018066
432,3.580127239227295,0.2992020845413208,3.2809252738952637
433,3.5595805644989014,0.2641201317310333,3.2954604625701904
434,3.5056538581848145,0.2478276491165161,3.257826328277588
435,3.5260441303253174,0.23353515565395355,3.292509078979492
436,3.4992520809173584,0.21942338347434998,3.2798287868499756
437,3.5097641944885254,0.24524113535881042,3.2645230293273926
438,3.5290818214416504,0.24740764498710632,3.2816741466522217
439,3.5252461433410645,0.24511677026748657,3.2801294326782227
440,3.5406124591827393,0.2384021282196045,3.3022103309631348
441,3.5114409923553467,0.23012810945510864,3.281312942504883
442,3.495604991912842,0.23465055227279663,3.2609543800354004
443,3.517787456512451,0.22572988271713257,3.292057514190674
444,3.544316053390503,0.24630579352378845,3.2980103492736816
445,3.536670684814453,0.25104227662086487,3.285628318786621
446,3.506319522857666,0.2164772003889084,3.289842367172241
447,3.5111701488494873,0.23423925042152405,3.276930809020996
448,3.539747714996338,0.23881492018699646,3.3009328842163086
449,3.547173023223877,0.26007747650146484,3.287095546722412
450,3.5185317993164062,0.2338225543498993,3.2847092151641846
451,3.521156072616577,0.2263016402721405,3.2948544025421143
452,3.5616917610168457,0.28063714504241943,3.281054735183716
453,3.543670892715454,0.25972574949264526,3.283945083618164
454,3.5282130241394043,0.26280713081359863,3.2654058933258057
455,3.5345804691314697,0.2590877413749695,3.2754926681518555
456,3.556015968322754,0.2664715349674225,3.2895443439483643
457,3.5041043758392334,0.23929589986801147,3.264808416366577
458,3.5287201404571533,0.24074262380599976,3.287977457046509
459,3.563450813293457,0.2588123083114624,3.304638624191284
460,3.5468661785125732,0.24631722271442413,3.300549030303955
461,3.4899673461914062,0.2200102061033249,3.2699570655822754
462,3.5209436416625977,0.2362033873796463,3.2847402095794678
463,3.550985813140869,0.27738261222839355,3.2736032009124756
464,3.532165288925171,0.251162588596344,3.2810027599334717
465,3.5330874919891357,0.24797984957695007,3.2851076126098633
466,3.555325508117676,0.25273990631103516,3.3025856018066406
467,3.523437738418579,0.24172940850257874,3.281708240509033
468,3.5549495220184326,0.2521893382072449,3.302760124206543
469,3.5022428035736084,0.22450852394104004,3.2777342796325684
470,3.532714605331421,0.2407696545124054,3.291944980621338
471,3.5198304653167725,0.22790935635566711,3.2919211387634277
472,3.5198333263397217,0.21976082026958466,3.300072431564331
473,3.5108962059020996,0.23955115675926208,3.2713451385498047
474,3.510279417037964,0.22739309072494507,3.282886266708374
475,3.489786386489868,0.2353363037109375,3.2544500827789307
476,3.5444376468658447,0.26768699288368225,3.2767505645751953
477,3.5196337699890137,0.23079726099967957,3.2888364791870117
478,3.4669790267944336,0.19686032831668854,3.2701187133789062
479,3.505277633666992,0.24707798659801483,3.258199691772461
480,3.503326654434204,0.23026224970817566,3.273064374923706
481,3.5428576469421387,0.24563100934028625,3.297226667404175
482,3.5397329330444336,0.2645338773727417,3.2751989364624023
483,3.554027557373047,0.24457888305187225,3.309448719024658
484,3.5371811389923096,0.25068598985671997,3.2864952087402344
485,3.543771266937256,0.27109086513519287,3.2726802825927734
486,3.5443241596221924,0.24610687792301178,3.298217296600342
487,3.512876510620117,0.2484113723039627,3.264465093612671
488,3.541106700897217,0.24851267039775848,3.2925939559936523
489,3.5613772869110107,0.26307445764541626,3.2983028888702393
490,3.5149710178375244,0.24486827850341797,3.2701027393341064
491,3.5111708641052246,0.24067580699920654,3.2704949378967285
492,3.5415704250335693,0.25588101148605347,3.285689353942871
493,3.529329776763916,0.2513274550437927,3.2780022621154785
494,3.553178071975708,0.26486918330192566,3.28830885887146
495,3.5237345695495605,0.23499619960784912,3.288738489151001
496,3.545070171356201,0.254940927028656,3.2901291847229004
497,3.5028865337371826,0.223858043551445,3.2790284156799316
498,3.5023202896118164,0.23968416452407837,3.262636184692383
499,3.5074946880340576,0.22893674671649933,3.2785580158233643
500,3.5431196689605713,0.25345510244369507,3.2896645069122314
501,3.501784563064575,0.23540884256362915,3.266375780105591
502,3.579131603240967,0.2616460919380188,3.3174855709075928
503,3.518678903579712,0.22813935577869415,3.290539503097534
504,3.536966562271118,0.25619298219680786,3.280773639678955
505,3.5078535079956055,0.22878748178482056,3.2790660858154297
506,3.540132999420166,0.2363811731338501,3.3037519454956055
507,3.527556896209717,0.24546916782855988,3.282087802886963
508,3.5481693744659424,0.2600776255130768,3.2880916595458984
509,3.5479822158813477,0.23768746852874756,3.3102946281433105
510,3.5313706398010254,0.26339206099510193,3.2679786682128906
511,3.516914129257202,0.23013931512832642,3.2867748737335205
512,3.51723575592041,0.24705514311790466,3.2701807022094727
513,3.5006415843963623,0.2133994698524475,3.2872421741485596
514,3.5277154445648193,0.250843346118927,3.276872158050537
515,3.536362886428833,0.2486855685710907,3.28767728805542
516,3.5256643295288086,0.24527710676193237,3.2803871631622314
517,3.529979705810547,0.2399844080209732,3.2899951934814453
518,3.5339767932891846,0.2466401755809784,3.287336587905884
519,3.5545806884765625,0.2572866678237915,3.2972941398620605
520,3.5478689670562744,0.24848921597003937,3.299379825592041
521,3.5158770084381104,0.23651023209095,3.2793667316436768
522,3.531752109527588,0.2580164670944214,3.273735761642456
523,3.5278444290161133,0.24498224258422852,3.2828621864318848
524,3.529836654663086,0.2623498737812042,3.267486810684204
525,3.492065668106079,0.23118238151073456,3.260883331298828
526,3.562464952468872,0.286472350358963,3.2759926319122314
527,3.489990711212158,0.23496700823307037,3.255023717880249
528,3.5472419261932373,0.25961750745773315,3.2876243591308594
529,3.5353238582611084,0.24951694905757904,3.285806894302368
530,3.489908218383789,0.21832135319709778,3.2715868949890137
531,3.5144972801208496,0.23906075954437256,3.2754364013671875
532,3.524746894836426,0.24646247923374176,3.2782843112945557
533,3.5290818214416504,0.23713359236717224,3.2919483184814453
534,3.502648115158081,0.23510333895683289,3.267544746398926
535,3.5137147903442383,0.24287092685699463,3.270843982696533
536,3.545308828353882,0.24399444460868835,3.301314353942871
537,3.5143020153045654,0.23447351157665253,3.2798285484313965
538,3.525547981262207,0.2500848174095154,3.275463104248047
539,3.5143933296203613,0.24345001578330994,3.2709434032440186
540,3.528597116470337,0.22681060433387756,3.301786422729492
541,3.507819652557373,0.2237859070301056,3.28403377532959
542,3.5532288551330566,0.25566375255584717,3.29756498336792
543,3.5315752029418945,0.2614808678627014,3.270094394683838
544,3.5061748027801514,0.2418188750743866,3.2643558979034424
545,3.4955251216888428,0.23580434918403625,3.259720802307129
546,3.497202157974243,0.22067321836948395,3.276528835296631
547,3.5293729305267334,0.2650039792060852,3.264369010925293
548,3.512591600418091,0.23950320482254028,3.2730884552001953
549,3.517596960067749,0.23276838660240173,3.2848286628723145
550,3.5730092525482178,0.2749955356121063,3.298013687133789
551,3.535590887069702,0.2548627257347107,3.2807281017303467
552,3.5322813987731934,0.2526550889015198,3.2796263694763184
553,3.562502384185791,0.2646026313304901,3.2978997230529785
554,3.505911350250244,0.24520450830459595,3.260706901550293
555,3.5065276622772217,0.23352527618408203,3.2730023860931396
556,3.531315326690674,0.24429672956466675,3.2870185375213623
557,3.5399091243743896,0.23804154992103577,3.3018674850463867
558,3.495537281036377,0.23112817108631134,3.264409065246582
559,3.5032315254211426,0.21504029631614685,3.288191318511963
560,3.523878335952759,0.2485235035419464,3.2753548622131348
561,3.532086133956909,0.24722899496555328,3.2848570346832275
562,3.5218234062194824,0.24685537815093994,3.274967908859253
563,3.524689197540283,0.25063765048980713,3.2740516662597656
564,3.5312862396240234,0.24420353770256042,3.2870826721191406
565,3.5124199390411377,0.23456168174743652,3.277858257293701
566,3.4880073070526123,0.22848352789878845,3.259523868560791
567,3.5188851356506348,0.22300581634044647,3.295879364013672
568,3.5413131713867188,0.24823588132858276,3.293077230453491
569,3.535048007965088,0.23935973644256592,3.2956881523132324
570,3.5368099212646484,0.23554030060768127,3.30126953125
571,3.5142946243286133,0.22956615686416626,3.284728527069092
572,3.52099871635437,0.2390243113040924,3.2819743156433105
573,3.532764434814453,0.23360875248908997,3.2991557121276855
574,3.4925808906555176,0.22200392186641693,3.2705769538879395
575,3.5639727115631104,0.28035610914230347,3.283616542816162
576,3.477482795715332,0.21765050292015076,3.2598323822021484
577,3.5411059856414795,0.26471441984176636,3.2763915061950684
578,3.508784532546997,0.2421991378068924,3.266585350036621
579,3.5440399646759033,0.25170060992240906,3.292339324951172
580,3.527935266494751,0.2555410861968994,3.2723941802978516
581,3.4966647624969482,0.22632837295532227,3.270336389541626
582,3.5216636657714844,0.2518269717693329,3.269836664199829
583,3.498340606689453,0.2195129096508026,3.278827667236328
584,3.5116477012634277,0.22980546951293945,3.2818422317504883
585,3.541111946105957,0.2488255500793457,3.2922863960266113
586,3.5213747024536133,0.2571796178817749,3.264194965362549
587,3.552298069000244,0.2655939757823944,3.2867040634155273
588,3.4700193405151367,0.19616849720478058,3.273850917816162
589,3.5309979915618896,0.23763182759284973,3.2933661937713623
590,3.5256152153015137,0.24666669964790344,3.2789485454559326
591,3.511462926864624,0.23943935334682465,3.2720236778259277
592,3.498908281326294,0.22485962510108948,3.2740485668182373
593,3.5105488300323486,0.22567258775234222,3.2848763465881348
594,3.519176483154297,0.23237206041812897,3.286804437637329
595,3.5377132892608643,0.25063255429267883,3.287080764770508
596,3.5457725524902344,0.27335456013679504,3.2724180221557617
597,3.5268304347991943,0.2533828914165497,3.2734475135803223
598,3.502939224243164,0.23203085362911224,3.2709083557128906
599,3.5077686309814453,0.2110232710838318,3.2967453002929688
600,3.4943981170654297,0.22590047121047974,3.2684977054595947
601,3.5199902057647705,0.23903673887252808,3.2809534072875977
602,3.524367094039917,0.24172577261924744,3.2826414108276367
603,3.5151515007019043,0.2311626374721527,3.2839889526367188
604,3.510481595993042,0.23873522877693176,3.2717463970184326
605,3.5407376289367676,0.24788931012153625,3.2928483486175537
606,3.496379852294922,0.2000151127576828,3.2963647842407227
607,3.530658483505249,0.22337299585342407,3.3072855472564697
608,3.5203957557678223,0.22437086701393127,3.296024799346924
609,3.5747435092926025,0.26645010709762573,3.308293342590332
610,3.534079074859619,0.2327113300561905,3.30136775970459
611,3.5388870239257812,0.25974738597869873,3.279139518737793
612,3.5196125507354736,0.23980537056922913,3.2798070907592773
613,3.5559113025665283,0.26752838492393494,3.2883830070495605
614,3.5722815990448,0.29377150535583496,3.278510093688965
615,3.5163345336914062,0.22913780808448792,3.287196636199951
616,3.5260567665100098,0.23045945167541504,3.2955973148345947
617,3.6025447845458984,0.2846878170967102,3.317857027053833
618,3.5349080562591553,0.25977540016174316,3.275132656097412
619,3.470301628112793,0.203887939453125,3.266413688659668
620,3.4941985607147217,0.23411576449871063,3.260082721710205
621,3.573258399963379,0.27118247747421265,3.3020758628845215
622,3.4841179847717285,0.2025163173675537,3.281601667404175
623,3.5684776306152344,0.2659691274166107,3.302508592605591
624,3.5382137298583984,0.23577159643173218,3.3024420738220215
625,3.514362335205078,0.2517738938331604,3.2625885009765625
626,3.555830717086792,0.2644793689250946,3.291351318359375
627,3.4936676025390625,0.21573829650878906,3.2779293060302734
628,3.551755428314209,0.28659892082214355,3.2651565074920654
629,3.518807888031006,0.24524249136447906,3.2735652923583984
630,3.5400662422180176,0.2369699627161026,3.303096294403076
631,3.5321414470672607,0.25234347581863403,3.2797980308532715
632,3.5178370475769043,0.23043909668922424,3.287397861480713
633,3.4963467121124268,0.22145108878612518,3.274895668029785
634,3.5280392169952393,0.2534483075141907,3.2745909690856934
635,3.5345590114593506,0.2573677897453308,3.277191162109375
636,3.5140655040740967,0.24181486666202545,3.2722506523132324
637,3.536947727203369,0.25016969442367554,3.286777973175049
638,3.5127272605895996,0.2469903975725174,3.2657368183135986
639,3.471518039703369,0.19013559818267822,3.2813825607299805
640,3.5511491298675537,0.2603718936443329,3.2907772064208984
641,3.548384666442871,0.256165087223053,3.292219638824463
642,3.5103092193603516,0.2457079440355301,3.264601230621338
643,3.538167953491211,0.2464330941438675,3.2917349338531494
644,3.5104782581329346,0.24091707170009613,3.269561290740967
645,3.509477138519287,0.23545268177986145,3.274024486541748
646,3.5153696537017822,0.2601444125175476,3.25522518157959
647,3.51310396194458,0.23212721943855286,3.2809767723083496
648,3.5016391277313232,0.21651428937911987,3.2851247787475586
649,3.560962438583374,0.26825809478759766,3.2927043437957764
650,3.5341272354125977,0.22539246082305908,3.308734893798828
651,3.4980978965759277,0.22498701512813568,3.273110866546631
652,3.560882568359375,0.261748343706131,3.2991342544555664
653,3.5523195266723633,0.25847041606903076,3.293848991394043
654,3.521317720413208,0.23692339658737183,3.2843942642211914
655,3.5171473026275635,0.22643770277500153,3.2907094955444336
656,3.510985851287842,0.22253558039665222,3.288450241088867
657,3.4898951053619385,0.21768450736999512,3.2722105979919434
658,3.5136756896972656,0.24351704120635986,3.2701587677001953
659,3.478803873062134,0.22690215706825256,3.251901626586914
660,3.5468132495880127,0.2570023536682129,3.2898108959198
661,3.5241165161132812,0.2580817937850952,3.2660346031188965
662,3.5055594444274902,0.22167319059371948,3.283886194229126
663,3.4857661724090576,0.19263455271720886,3.2931315898895264
664,3.512050151824951,0.23242339491844177,3.2796268463134766
665,3.530454158782959,0.23344510793685913,3.297008991241455
666,3.5169308185577393,0.24474605917930603,3.2721848487854004
667,3.5062520503997803,0.20698636770248413,3.2992656230926514
668,3.510072708129883,0.2253352254629135,3.2847375869750977
669,3.5187554359436035,0.24879561364650726,3.2699599266052246
670,3.5443613529205322,0.24673986434936523,3.297621488571167
671,3.510413646697998,0.24463129043579102,3.265782356262207
672,3.553194761276245,0.2684396803379059,3.284754991531372
673,3.52213716506958,0.2311636358499527,3.290973424911499
674,3.529817819595337,0.2408335655927658,3.2889842987060547
675,3.555600166320801,0.2571597099304199,3.298440456390381
676,3.529435634613037,0.25127115845680237,3.2781643867492676
677,3.5208754539489746,0.2523554563522339,3.268519878387451
678,3.518326759338379,0.24560821056365967,3.2727184295654297
679,3.544889211654663,0.24969720840454102,3.295192003250122
680,3.513127326965332,0.23158347606658936,3.2815439701080322
681,3.5305252075195312,0.2300238460302353,3.3005013465881348
682,3.4920434951782227,0.22237305343151093,3.2696704864501953
683,3.5461068153381348,0.2519060969352722,3.2942006587982178
684,3.516030788421631,0.23151817917823792,3.284512519836426
685,3.5506887435913086,0.2667625844478607,3.283926248550415
686,3.509007453918457,0.2303524613380432,3.2786550521850586
687,3.5017740726470947,0.2190088927745819,3.2827651500701904
688,3.535696268081665,0.2546689510345459,3.281027317047119
689,3.539863109588623,0.2636803984642029,3.2761826515197754
690,3.5661048889160156,0.2726860046386719,3.2934188842773438
691,3.535658121109009,0.2641598582267761,3.271498203277588
692,3.507706880569458,0.2353094518184662,3.272397518157959
693,3.513031482696533,0.24934121966362,3.263690233230591
694,3.548550605773926,0.24991340935230255,3.2986371517181396
695,3.509969711303711,0.240267813205719,3.2697019577026367
696,3.5610687732696533,0.2603023052215576,3.3007664680480957
697,3.5673251152038574,0.2860073149204254,3.281317710876465
698,3.5333175659179688,0.25409209728240967,3.2792253494262695
699,3.477132797241211,0.21341374516487122,3.263719081878662
700,3.4954655170440674,0.2272021770477295,3.268263339996338
701,3.49116849899292,0.21634331345558167,3.274825096130371
702,3.5329999923706055,0.24244894087314606,3.290550947189331
703,3.5260417461395264,0.24363595247268677,3.2824058532714844
704,3.5063812732696533,0.22004041075706482,3.2863409519195557
705,3.5336341857910156,0.23166751861572266,3.301966667175293
706,3.570883274078369,0.276430606842041,3.294452667236328
707,3.5132133960723877,0.22495007514953613,3.2882633209228516
708,3.5303947925567627,0.22620677947998047,3.3041880130767822
709,3.5524003505706787,0.258841335773468,3.2935590744018555
710,3.531419515609741,0.25599926710128784,3.2754201889038086
711,3.482342481613159,0.2104579508304596,3.2718844413757324
712,3.525379180908203,0.24621489644050598,3.2791643142700195
713,3.5516605377197266,0.23959362506866455,3.3120667934417725
714,3.4912664890289307,0.2257847934961319,3.26548171043396
715,3.5232555866241455,0.24424070119857788,3.279014825820923
716,3.509004831314087,0.22817260026931763,3.280832290649414
717,3.4984447956085205,0.22008737921714783,3.27835750579834
718,3.563995361328125,0.2793310284614563,3.2846643924713135
719,3.522573471069336,0.2349080741405487,3.287665367126465
720,3.4877490997314453,0.22778832912445068,3.259960651397705
721,3.4794013500213623,0.19765734672546387,3.2817440032958984
722,3.5083565711975098,0.24019166827201843,3.268164873123169
723,3.496936082839966,0.22763848304748535,3.2692975997924805
724,3.5288028717041016,0.25869840383529663,3.27010440826416
725,3.5217373371124268,0.24360531568527222,3.2781319618225098
726,3.484990358352661,0.21488171815872192,3.270108699798584
727,3.510650873184204,0.22951586544513702,3.281135082244873
728,3.509592056274414,0.2282962203025818,3.2812957763671875
729,3.5055713653564453,0.23635806143283844,3.2692131996154785
730,3.5471858978271484,0.24814794957637787,3.2990379333496094
731,3.5156288146972656,0.2461012899875641,3.2695274353027344
732,3.527974843978882,0.23665031790733337,3.2913246154785156
733,3.537630319595337,0.22957420349121094,3.308056116104126
734,3.4245762825012207,0.16973628103733063,3.2548398971557617
735,3.502805471420288,0.23136252164840698,3.2714428901672363
736,3.5253329277038574,0.2420491874217987,3.2832837104797363
737,3.538408041000366,0.25141212344169617,3.2869958877563477
738,3.551748514175415,0.2672981917858124,3.2844502925872803
739,3.488400936126709,0.20410507917404175,3.2842957973480225
740,3.551163911819458,0.2775491774082184,3.2736146450042725
741,3.5193352699279785,0.23265008628368378,3.2866852283477783
742,3.532677412033081,0.2630436420440674,3.2696337699890137
743,3.543116569519043,0.25072231888771057,3.2923941612243652
744,3.5446243286132812,0.24117279052734375,3.3034515380859375
745,3.540043830871582,0.23799628019332886,3.3020474910736084
746,3.5162839889526367,0.2288299798965454,3.287454128265381
747,3.501044750213623,0.2181859016418457,3.2828588485717773
748,3.5306460857391357,0.2569834589958191,3.273662567138672
749,3.5427162647247314,0.2503533959388733,3.292362928390503
750,3.519935131072998,0.2262912392616272,3.2936439514160156
751,3.5110154151916504,0.24020721018314362,3.270808219909668
752,3.5170047283172607,0.24974660575389862,3.2672581672668457
753,3.5442376136779785,0.26519864797592163,3.279038906097412
754,3.5313451290130615,0.24435493350028992,3.286990165710449
755,3.5072567462921143,0.23074957728385925,3.2765071392059326
756,3.5184619426727295,0.23275819420814514,3.285703659057617
757,3.5001041889190674,0.2374599128961563,3.2626442909240723
758,3.4830551147460938,0.21014368534088135,3.272911548614502
759,3.5260512828826904,0.23287560045719147,3.29317569732666
760,3.5287461280822754,0.24913349747657776,3.2796125411987305
761,3.507049322128296,0.21361608803272247,3.29343318939209
762,3.523085355758667,0.2362363636493683,3.286849021911621
763,3.567310094833374,0.2653534412384033,3.3019566535949707
764,3.5400352478027344,0.25014060735702515,3.2898945808410645
765,3.5443356037139893,0.24851016700267792,3.295825481414795
766,3.500290870666504,0.23135924339294434,3.2689316272735596
767,3.512830972671509,0.24241414666175842,3.270416736602783
768,3.529979944229126,0.23715907335281372,3.292820930480957
769,3.5683541297912598,0.2700122892856598,3.298341751098633
770,3.4940385818481445,0.2280515879392624,3.265986919403076
771,3.532647132873535,0.25238287448883057,3.280264377593994
772,3.531550884246826,0.26279449462890625,3.26875638961792
773,3.5383753776550293,0.2620425224304199,3.2763328552246094
774,3.505542278289795,0.23227834701538086,3.273263931274414
775,3.5089685916900635,0.23546233773231506,3.2735061645507812
776,3.5384702682495117,0.23704315721988678,3.301427125930786
777,3.5441346168518066,0.255706787109375,3.2884278297424316
778,3.5493860244750977,0.2548041343688965,3.294581890106201
779,3.5091700553894043,0.24431774020195007,3.264852285385132
780,3.4942097663879395,0.2048102617263794,3.2893996238708496
781,3.5314149856567383,0.24213986098766327,3.2892751693725586
782,3.4912149906158447,0.2214004099369049,3.2698144912719727
783,3.4871327877044678,0.23402905464172363,3.253103733062744
784,3.5554537773132324,0.27383720874786377,3.281616449356079
785,3.4934117794036865,0.23076121509075165,3.262650489807129
786,3.5134122371673584,0.22224552929401398,3.2911667823791504
787,3.522738456726074,0.23489144444465637,3.2878470420837402
788,3.5212481021881104,0.23799481987953186,3.2832531929016113
789,3.4908337593078613,0.21232035756111145,3.2785134315490723
790,3.546740770339966,0.2630254626274109,3.28371524810791
791,3.515286684036255,0.2325473576784134,3.2827394008636475
792,3.5155038833618164,0.25827556848526,3.257228374481201
793,3.5097780227661133,0.2284713238477707,3.281306743621826
794,3.5282304286956787,0.24741092324256897,3.2808194160461426
795,3.5185563564300537,0.23764003813266754,3.280916213989258
796,3.487496852874756,0.22943633794784546,3.2580604553222656
797,3.5302276611328125,0.262001097202301,3.2682266235351562
798,3.539703845977783,0.23991629481315613,3.2997875213623047
799,3.520944118499756,0.23175767064094543,3.289186477661133
800,3.554475784301758,0.2524285912513733,3.3020472526550293
801,3.5413639545440674,0.24316583573818207,3.2981982231140137
802,3.5062646865844727,0.2418828308582306,3.2643818855285645
803,3.4993855953216553,0.2197493016719818,3.2796363830566406
804,3.536271810531616,0.24114403128623962,3.2951278686523438
805,3.5615804195404053,0.24598464369773865,3.315595865249634
806,3.525777578353882,0.2305477112531662,3.295229911804199
807,3.5209760665893555,0.24440447986125946,3.27657151222229
808,3.514770269393921,0.23290017247200012,3.281870126724243
809,3.526982545852661,0.25381970405578613,3.273162841796875
810,3.5103440284729004,0.24250830709934235,3.2678356170654297
811,3.5041415691375732,0.22264894843101501,3.2814927101135254
812,3.504072904586792,0.2149176299571991,3.2891552448272705
813,3.53010892868042,0.2532840669155121,3.276824951171875
814,3.559453248977661,0.27808529138565063,3.2813680171966553
815,3.51375150680542,0.23324498534202576,3.2805066108703613
816,3.528083086013794,0.23573336005210876,3.2923498153686523
817,3.485853910446167,0.20483475923538208,3.2810192108154297
818,3.5029289722442627,0.22692109644412994,3.276007890701294
819,3.5262813568115234,0.2209877073764801,3.305293560028076
820,3.5072808265686035,0.2234703004360199,3.283810615539551
821,3.5267016887664795,0.23780067265033722,3.2889010906219482
822,3.5265917778015137,0.23815685510635376,3.2884349822998047
823,3.539222240447998,0.23785793781280518,3.3013644218444824
824,3.5030791759490967,0.23480960726737976,3.2682695388793945
825,3.530402660369873,0.23755589127540588,3.2928466796875
826,3.4965641498565674,0.22274842858314514,3.273815631866455
827,3.540679931640625,0.25587761402130127,3.2848024368286133
828,3.4792182445526123,0.22356151044368744,3.2556567192077637
829,3.5234897136688232,0.22622045874595642,3.297269344329834
830,3.5053956508636475,0.2273399978876114,3.2780556678771973
831,3.529517650604248,0.2330963909626007,3.2964212894439697
832,3.508511781692505,0.23423708975315094,3.2742745876312256
833,3.5180931091308594,0.23130902647972107,3.2867841720581055
834,3.547776699066162,0.24190488457679749,3.3058717250823975
835,3.4728546142578125,0.2036360204219818,3.269218683242798
836,3.5471456050872803,0.2664354145526886,3.280710220336914
837,3.5018515586853027,0.22212208807468414,3.2797293663024902
838,3.5291154384613037,0.23513579368591309,3.2939796447753906
839,3.5391640663146973,0.2544102668762207,3.2847537994384766
840,3.4958553314208984,0.22527934610843658,3.270576000213623
841,3.4970338344573975,0.24645072221755981,3.2505831718444824
842,3.506293535232544,0.23281577229499817,3.273477792739868
843,3.5019798278808594,0.22488006949424744,3.277099847793579
844,3.5250115394592285,0.2576395869255066,3.267371892929077
845,3.531787872314453,0.23419277369976044,3.2975950241088867
846,3.4822118282318115,0.21642407774925232,3.2657878398895264
847,3.51584529876709,0.24586066603660583,3.269984722137451
848,3.5024728775024414,0.21577110886573792,3.2867016792297363
849,3.53721022605896,0.2570740580558777,3.2801361083984375
850,3.524993419647217,0.22956302762031555,3.2954304218292236
851,3.4971117973327637,0.23534440994262695,3.2617673873901367
852,3.5368807315826416,0.2604917883872986,3.2763888835906982
853,3.5281078815460205,0.23430658876895905,3.2938013076782227
854,3.5320239067077637,0.24001751840114594,3.292006492614746
855,3.5368776321411133,0.2468632161617279,3.2900145053863525
856,3.5053904056549072,0.22823795676231384,3.2771525382995605
857,3.543898582458496,0.24245457351207733,3.3014440536499023
858,3.518191337585449,0.24349276721477509,3.274698495864868
859,3.5186572074890137,0.22977718710899353,3.2888801097869873
860,3.5172934532165527,0.23038965463638306,3.2869038581848145
861,3.47507643699646,0.21152392029762268,3.26355242729187
862,3.503434419631958,0.22727659344673157,3.276157855987549
863,3.472411632537842,0.21206563711166382,3.260345935821533
864,3.543065071105957,0.2477436065673828,3.295321464538574
865,3.488431692123413,0.21547672152519226,3.2729549407958984
866,3.5115740299224854,0.24365171790122986,3.2679224014282227
867,3.509687662124634,0.226796954870224,3.282890796661377
868,3.5187199115753174,0.21848507225513458,3.300234794616699
869,3.521529197692871,0.24210835993289948,3.279420852661133
870,3.5298190116882324,0.2512121796607971,3.27860689163208
871,3.5115039348602295,0.2380371242761612,3.2734668254852295
872,3.459048271179199,0.19639673829078674,3.2626514434814453
873,3.517751932144165,0.22521544992923737,3.292536497116089
874,3.5371787548065186,0.24345183372497559,3.293726921081543
875,3.4654598236083984,0.21059226989746094,3.2548675537109375
876,3.5225043296813965,0.2388235181570053,3.2836809158325195
877,3.517011880874634,0.22884908318519592,3.2881627082824707
878,3.522041082382202,0.25113818049430847,3.2709028720855713
879,3.5098204612731934,0.22911319136619568,3.280707359313965
880,3.5276074409484863,0.2400367558002472,3.2875707149505615
881,3.5147957801818848,0.24904973804950714,3.2657461166381836
882,3.5370514392852783,0.2295324206352234,3.30751895904541
883,3.5108468532562256,0.22168369591236115,3.289163112640381
884,3.539829969406128,0.2639600932598114,3.275869846343994
885,3.5066802501678467,0.2321787178516388,3.2745015621185303
886,3.5127627849578857,0.2077096402645111,3.305053234100342
887,3.488591194152832,0.23032236099243164,3.2582688331604004
888,3.489957094192505,0.21817955374717712,3.271777629852295
889,3.463496208190918,0.19810061156749725,3.2653956413269043
890,3.54276442527771,0.24994072318077087,3.2928237915039062
891,3.5463976860046387,0.259121835231781,3.287275791168213
892,3.538085460662842,0.24554985761642456,3.2925355434417725
893,3.4849448204040527,0.21513955295085907,3.2698051929473877
894,3.49715518951416,0.21636050939559937,3.280794620513916
895,3.5235865116119385,0.23424524068832397,3.2893412113189697
896,3.5068674087524414,0.22327829897403717,3.2835891246795654
897,3.5367627143859863,0.24485710263252258,3.291905641555786
898,3.5042285919189453,0.23634007573127747,3.2678885459899902
899,3.525791883468628,0.24844089150428772,3.277350902557373
900,3.5210843086242676,0.26083800196647644,3.2602462768554688
901,3.528386116027832,0.2493230104446411,3.2790632247924805
902,3.5353682041168213,0.25257229804992676,3.2827959060668945
903,3.5359106063842773,0.24346961081027985,3.292440891265869
904,3.492798089981079,0.2180953025817871,3.274702787399292
905,3.5153911113739014,0.23160889744758606,3.2837822437286377
906,3.488302707672119,0.2105264663696289,3.2777762413024902
907,3.506110429763794,0.2498786896467209,3.2562317848205566
908,3.515749931335449,0.21744531393051147,3.298304557800293
909,3.5472629070281982,0.2548897862434387,3.2923731803894043
910,3.5028324127197266,0.22503893077373505,3.2777934074401855
911,3.5205776691436768,0.2578420639038086,3.262735605239868
912,3.5501341819763184,0.2589077949523926,3.291226387023926
913,3.5488076210021973,0.2585943341255188,3.2902133464813232
914,3.530460834503174,0.24231848120689392,3.288142442703247
915,3.5213844776153564,0.23260879516601562,3.288775682449341
916,3.483452081680298,0.21036165952682495,3.273090362548828
917,3.5253772735595703,0.23700720071792603,3.288370132446289
918,3.5383472442626953,0.23764169216156006,3.3007054328918457
919,3.519347667694092,0.2371768057346344,3.2821707725524902
920,3.5659098625183105,0.24246364831924438,3.323446273803711
921,3.521369457244873,0.24432089924812317,3.2770485877990723
922,3.5005593299865723,0.23576870560646057,3.2647905349731445
923,3.4982752799987793,0.21427200734615326,3.284003257751465
924,3.4987375736236572,0.22707682847976685,3.271660804748535
925,3.5171773433685303,0.22939124703407288,3.2877860069274902
926,3.521268129348755,0.22122597694396973,3.300042152404785
927,3.494640588760376,0.2182147204875946,3.276425838470459
928,3.504974126815796,0.22038571536540985,3.28458833694458
929,3.497387409210205,0.22139962017536163,3.2759878635406494
930,3.5421347618103027,0.2599472403526306,3.2821874618530273
931,3.541677474975586,0.2421783208847046,3.299499034881592
932,3.476654529571533,0.22070267796516418,3.2559518814086914
933,3.4835848808288574,0.21169763803482056,3.2718873023986816
934,3.5259389877319336,0.2588682472705841,3.267070770263672
935,3.5262255668640137,0.2315801978111267,3.294645309448242
936,3.5056958198547363,0.23190724849700928,3.2737884521484375
937,3.5256576538085938,0.2674514055252075,3.258206367492676
938,3.524143695831299,0.23536908626556396,3.2887747287750244
939,3.5037083625793457,0.22744424641132355,3.276264190673828
940,3.515704870223999,0.24328282475471497,3.2724220752716064
941,3.5232865810394287,0.23261186480522156,3.2906746864318848
942,3.502840280532837,0.22399210929870605,3.278848171234131
943,3.511150360107422,0.23868286609649658,3.272467613220215
944,3.52022385597229,0.23515020310878754,3.285073757171631
945,3.5162081718444824,0.22752344608306885,3.288684844970703
946,3.51245379447937,0.21939831972122192,3.293055534362793
947,3.4828505516052246,0.22020310163497925,3.2626473903656006
948,3.496495246887207,0.2081354707479477,3.2883598804473877
949,3.499166488647461,0.23824255168437958,3.2609238624572754
950,3.5114359855651855,0.2215333878993988,3.289902687072754
951,3.505549430847168,0.23731231689453125,3.2682371139526367
952,3.5063164234161377,0.23427414894104004,3.2720422744750977
953,3.5023386478424072,0.2185981124639511,3.283740520477295
954,3.509284496307373,0.2108088731765747,3.298475742340088
955,3.520076036453247,0.24173419177532196,3.278341770172119
956,3.4976601600646973,0.22999471426010132,3.267665386199951
957,3.5103421211242676,0.23538534343242645,3.274956703186035
958,3.501734733581543,0.22989526391029358,3.2718393802642822
959,3.489927053451538,0.23488439619541168,3.255042552947998
960,3.5413994789123535,0.25226452946662903,3.289134979248047
961,3.553091526031494,0.2467632293701172,3.306328296661377
962,3.532703161239624,0.24222692847251892,3.2904763221740723
963,3.5395283699035645,0.252638041973114,3.2868902683258057
964,3.5104308128356934,0.23150412738323212,3.2789266109466553
965,3.5322864055633545,0.24019980430603027,3.292086601257324
966,3.476041078567505,0.2208264172077179,3.2552146911621094
967,3.4980993270874023,0.21612191200256348,3.281977415084839
968,3.5234639644622803,0.24214044213294983,3.2813234329223633
969,3.5418925285339355,0.24774080514907837,3.294151782989502
970,3.4953298568725586,0.21417760848999023,3.2811522483825684
971,3.4982783794403076,0.21473053097724915,3.283547878265381
972,3.527864694595337,0.23123908042907715,3.2966256141662598
973,3.521359920501709,0.23840434849262238,3.2829556465148926
974,3.495035409927368,0.22270146012306213,3.272333860397339
975,3.444228410720825,0.19769039750099182,3.246537923812866
976,3.5065083503723145,0.21861562132835388,3.2878928184509277
977,3.5082647800445557,0.23798173666000366,3.2702829837799072
978,3.5306763648986816,0.24660193920135498,3.284074544906616
979,3.4761791229248047,0.22900032997131348,3.247178792953491
980,3.471367359161377,0.21607056260108948,3.2552967071533203
981,3.460754871368408,0.1823299080133438,3.2784249782562256
982,3.5612900257110596,0.2631141245365143,3.298175811767578
983,3.4929447174072266,0.22662971913814545,3.26631498336792
984,3.5340874195098877,0.22938579320907593,3.304701566696167
985,3.5435895919799805,0.2525233328342438,3.2910661697387695
986,3.519441604614258,0.23686358332633972,3.2825779914855957
987,3.541574239730835,0.23823264241218567,3.3033416271209717
988,3.4842281341552734,0.20436179637908936,3.2798662185668945
989,3.4924025535583496,0.22513139247894287,3.2672712802886963
990,3.520745038986206,0.24835890531539917,3.272386074066162
991,3.5321428775787354,0.2563953995704651,3.275747537612915
992,3.5051445960998535,0.23716548085212708,3.267979145050049
993,3.508030652999878,0.22554315626621246,3.282487392425537
994,3.490708112716675,0.2087709605693817,3.2819371223449707
995,3.501805543899536,0.2310074269771576,3.2707982063293457
996,3.5130019187927246,0.23829777538776398,3.2747042179107666
997,3.4970057010650635,0.2279089391231537,3.269096851348877
998,3.508887529373169,0.22560857236385345,3.2832789421081543
999,3.5039782524108887,0.23340947926044464,3.27056884765625
1000,3.4828455448150635,0.21108126640319824,3.2717642784118652
1001,3.560656785964966,0.2637538015842438,3.296902894973755
1002,3.488349676132202,0.20865145325660706,3.279698133468628
1003,3.5464251041412354,0.2653757929801941,3.2810492515563965
1004,3.4956164360046387,0.21544718742370605,3.2801692485809326
1005,3.478938579559326,0.20319941639900208,3.2757391929626465
1006,3.506298065185547,0.21155327558517456,3.2947447299957275
1007,3.4801177978515625,0.20291604101657867,3.2772016525268555
1008,3.487513303756714,0.2148982435464859,3.2726149559020996
1009,3.47296404838562,0.21683436632156372,3.256129741668701
1010,3.4992265701293945,0.2359345555305481,3.263292074203491
1011,3.5158333778381348,0.22264817357063293,3.293185234069824
1012,3.50154185295105,0.22774426639080048,3.2737975120544434
1013,3.4849212169647217,0.22838178277015686,3.2565393447875977
1014,3.5582244396209717,0.2686169743537903,3.289607524871826
1015,3.5294597148895264,0.25426581501960754,3.275193929672241
1016,3.503418207168579,0.23608949780464172,3.2673287391662598
1017,3.5199832916259766,0.2277158498764038,3.292267322540283
1018,3.508709192276001,0.22754576802253723,3.281163454055786
1019,3.481602191925049,0.21830688416957855,3.2632954120635986
1020,3.5160276889801025,0.22352688014507294,3.2925007343292236
1021,3.498539686203003,0.2327987551689148,3.2657408714294434
1022,3.517578363418579,0.24861350655555725,3.2689647674560547
1023,3.519888162612915,0.22694794833660126,3.292940139770508
1024,3.513988971710205,0.22602514922618866,3.2879638671875
1025,3.5110583305358887,0.23133741319179535,3.2797210216522217
1026,3.5074050426483154,0.22756129503250122,3.279843807220459
1027,3.5545709133148193,0.26204714179039,3.2925238609313965
1028,3.516488552093506,0.24121710658073425,3.275271415710449
1029,3.497556686401367,0.22721615433692932,3.2703404426574707
1030,3.52695894241333,0.245963916182518,3.2809951305389404
1031,3.510850191116333,0.24545301496982574,3.265397071838379
1032,3.5156054496765137,0.22837033867835999,3.2872350215911865
1033,3.468517303466797,0.1994142383337021,3.2691030502319336
1034,3.483333110809326,0.21182022988796234,3.271512985229492
1035,3.504371166229248,0.2250792533159256,3.279291868209839
1036,3.508044719696045,0.21968750655651093,3.2883572578430176
1037,3.540597915649414,0.2562323808670044,3.284365653991699
1038,3.4807164669036865,0.21831883490085602,3.262397527694702
1039,3.4934990406036377,0.22096708416938782,3.2725319862365723
1040,3.5076332092285156,0.22412335872650146,3.2835099697113037
1041,3.4751551151275635,0.20437262952327728,3.270782470703125
1042,3.510476589202881,0.22016119956970215,3.2903153896331787
1043,3.479793071746826,0.2126898616552353,3.2671031951904297
1044,3.5203728675842285,0.244218647480011,3.2761542797088623
1045,3.487560510635376,0.2060578465461731,3.2815027236938477
1046,3.559819459915161,0.25672227144241333,3.3030972480773926
1047,3.5183322429656982,0.23075580596923828,3.28757643699646
1048,3.5246260166168213,0.2532980740070343,3.2713279724121094
1049,3.531790018081665,0.2544094920158386,3.2773804664611816
1050,3.490102767944336,0.22871822118759155,3.2613844871520996
1051,3.482724666595459,0.2215726673603058,3.2611520290374756
1052,3.5167620182037354,0.23261824250221252,3.2841436862945557
1053,3.5231826305389404,0.23044808208942413,3.2927346229553223
1054,3.4843575954437256,0.21293334662914276,3.2714242935180664
1055,3.482611894607544,0.2270091474056244,3.2556028366088867
1056,3.524237632751465,0.24320994317531586,3.2810277938842773
1057,3.509941816329956,0.2297053039073944,3.2802364826202393
1058,3.5066423416137695,0.22156818211078644,3.285074234008789
1059,3.5023226737976074,0.22328674793243408,3.279036045074463
1060,3.498865842819214,0.23381885886192322,3.265047073364258
1061,3.517141103744507,0.23549962043762207,3.2816414833068848
1062,3.4881248474121094,0.22215186059474945,3.2659730911254883
1063,3.4877829551696777,0.22181665897369385,3.2659664154052734
1064,3.536466598510742,0.28068283200263977,3.255783796310425
1065,3.5483920574188232,0.2588529586791992,3.289539098739624
1066,3.507516860961914,0.24427704513072968,3.263239860534668
1067,3.4746100902557373,0.20521575212478638,3.2693943977355957
1068,3.513231039047241,0.2321629673242569,3.2810680866241455
1069,3.4866440296173096,0.22399309277534485,3.262650966644287
1070,3.490957736968994,0.20630031824111938,3.2846574783325195
1071,3.5235064029693604,0.24645884335041046,3.277047634124756
1072,3.4848358631134033,0.20919911563396454,3.275636672973633
1073,3.4879727363586426,0.22209548950195312,3.2658772468566895
1074,3.500264883041382,0.20542506873607635,3.294839859008789
1075,3.546903133392334,0.23856842517852783,3.3083348274230957
1076,3.527667760848999,0.24927370250225067,3.2783939838409424
1077,3.4954073429107666,0.21466723084449768,3.2807400226593018
1078,3.5149447917938232,0.2257186472415924,3.2892260551452637
1079,3.4889533519744873,0.20467504858970642,3.284278392791748
1080,3.537386417388916,0.2368685007095337,3.300518035888672
1081,3.528153896331787,0.24245551228523254,3.285698413848877
1082,3.498509168624878,0.22919155657291412,3.269317626953125
1083,3.522296667098999,0.2310325652360916,3.291264057159424
1084,3.5285611152648926,0.2585328221321106,3.2700283527374268
1085,3.502424716949463,0.2342807948589325,3.268143892288208
1086,3.4904677867889404,0.211146742105484,3.2793209552764893
1087,3.548513412475586,0.2571326792240143,3.2913806438446045
1088,3.5021116733551025,0.239423006772995,3.262688636779785
1089,3.5026137828826904,0.22326044738292694,3.279353380203247
1090,3.4896416664123535,0.22307279706001282,3.266568899154663
1091,3.538921594619751,0.260698139667511,3.2782235145568848
1092,3.5418484210968018,0.2407446801662445,3.3011038303375244
1093,3.538036584854126,0.2561205327510834,3.2819161415100098
1094,3.4571242332458496,0.19545476138591766,3.261669397354126
1095,3.5374534130096436,0.2359742820262909,3.3014791011810303
1096,3.5507850646972656,0.25025492906570435,3.300530195236206
1097,3.4753825664520264,0.21374723315238953,3.2616353034973145
1098,3.4520492553710938,0.18900685012340546,3.263042449951172
1099,3.507781505584717,0.2086457461118698,3.299135684967041
1100,3.5140252113342285,0.2144770324230194,3.2995481491088867
1101,3.531107187271118,0.23267635703086853,3.298430919647217
1102,3.482106924057007,0.21433091163635254,3.2677760124206543
1103,3.543032169342041,0.26073646545410156,3.2822957038879395
1104,3.5278544425964355,0.24037690460681915,3.287477493286133
1105,3.5082178115844727,0.21714109182357788,3.29107666015625
1106,3.4786460399627686,0.21612310409545898,3.2625229358673096
1107,3.5054476261138916,0.23439368605613708,3.2710540294647217
1108,3.5187530517578125,0.23079907894134521,3.287954092025757
1109,3.493316411972046,0.20723962783813477,3.286076784133911
1110,3.4890263080596924,0.21340766549110413,3.275618553161621
1111,3.5068588256835938,0.21102705597877502,3.2958316802978516
1112,3.4691739082336426,0.20634832978248596,3.2628254890441895
1113,3.4986541271209717,0.2171277403831482,3.2815263271331787
1114,3.51743221282959,0.22840698063373566,3.28902530670166
1115,3.516406297683716,0.24744807183742523,3.268958330154419
1116,3.5224053859710693,0.23790785670280457,3.2844974994659424
1117,3.4880828857421875,0.21537980437278748,3.272703170776367
1118,3.5165889263153076,0.2458675056695938,3.270721435546875
1119,3.512160539627075,0.22628919780254364,3.2858712673187256
1120,3.4745802879333496,0.20382225513458252,3.2707581520080566
1121,3.5035581588745117,0.21806292235851288,3.2854952812194824
1122,3.495805263519287,0.2197049856185913,3.2761001586914062
1123,3.572859764099121,0.26019155979156494,3.3126683235168457
1124,3.521254301071167,0.23981624841690063,3.281438112258911
1125,3.4848074913024902,0.21750199794769287,3.267305612564087
1126,3.513317823410034,0.23145022988319397,3.281867504119873
1127,3.459122657775879,0.19229796528816223,3.266824722290039
1128,3.516139030456543,0.22236406803131104,3.2937750816345215
1129,3.522918701171875,0.23277783393859863,3.2901408672332764
1130,3.5386605262756348,0.2481594681739807,3.290501117706299
1131,3.540818691253662,0.25065892934799194,3.2901597023010254
1132,3.4664783477783203,0.20050595700740814,3.265972375869751
1133,3.527799129486084,0.23985230922698975,3.2879467010498047
1134,3.5358591079711914,0.2314361333847046,3.3044228553771973
1135,3.534735918045044,0.2473769187927246,3.2873589992523193
1136,3.4991912841796875,0.2253294587135315,3.273861885070801
1137,3.5031981468200684,0.21593376994132996,3.287264347076416
1138,3.528191328048706,0.24516485631465912,3.2830264568328857
1139,3.498415946960449,0.20049817860126495,3.2979178428649902
1140,3.5282657146453857,0.2523328959941864,3.275932788848877
1141,3.5120632648468018,0.21044518053531647,3.3016180992126465
1142,3.4911561012268066,0.2114960104227066,3.2796599864959717
1143,3.5059492588043213,0.23394900560379028,3.272000312805176
1144,3.5042920112609863,0.21291270852088928,3.29137921333313
1145,3.5127744674682617,0.23563382029533386,3.2771406173706055
1146,3.509429931640625,0.23588746786117554,3.2735424041748047
1147,3.4774911403656006,0.21132519841194153,3.2661659717559814
1148,3.53551983833313,0.24827247858047485,3.2872474193573
1149,3.5027034282684326,0.21403899788856506,3.2886643409729004
1150,3.503918409347534,0.2494811713695526,3.254437208175659
1151,3.5446841716766357,0.26327863335609436,3.281405448913574
1152,3.5221211910247803,0.22489148378372192,3.297229766845703
1153,3.515439748764038,0.23063689470291138,3.2848029136657715
1154,3.4969069957733154,0.2082347273826599,3.2886722087860107
1155,3.539198160171509,0.2325693666934967,3.306628704071045
1156,3.523859977722168,0.23231691122055054,3.2915430068969727
1157,3.48464298248291,0.2143791913986206,3.270263671875
1158,3.496025800704956,0.21562746167182922,3.280398368835449
1159,3.524376392364502,0.2392272651195526,3.285149097442627
1160,3.5661544799804688,0.25311732292175293,3.313037157058716
1161,3.49399733543396,0.22057656943798065,3.273420810699463
1162,3.506991386413574,0.21444767713546753,3.292543649673462
1163,3.500581979751587,0.20252512395381927,3.2980568408966064
1164,3.5214786529541016,0.2334030568599701,3.2880756855010986
1165,3.489762783050537,0.2097177654504776,3.2800450325012207
1166,3.507995128631592,0.2155977189540863,3.2923974990844727
1167,3.5045714378356934,0.21244484186172485,3.2921266555786133
1168,3.5250256061553955,0.23990200459957123,3.285123586654663
1169,3.5091094970703125,0.24219787120819092,3.266911506652832
1170,3.5234994888305664,0.24934521317481995,3.2741541862487793
1171,3.512913703918457,0.2144840657711029,3.2984297275543213
1172,3.4754230976104736,0.21400374174118042,3.2614192962646484
1173,3.521977186203003,0.242078959941864,3.279898166656494
1174,3.510915756225586,0.22581025958061218,3.2851054668426514
1175,3.5007128715515137,0.2232690155506134,3.2774438858032227
1176,3.4875612258911133,0.22176875174045563,3.2657923698425293
1177,3.5642716884613037,0.24885109066963196,3.315420627593994
1178,3.502565383911133,0.22577089071273804,3.27679443359375
1179,3.5144479274749756,0.22961118817329407,3.284836769104004
1180,3.477088689804077,0.21626517176628113,3.2608234882354736
1181,3.5186216831207275,0.2395549714565277,3.279066801071167
1182,3.532740831375122,0.24133086204528809,3.291409969329834
1183,3.5219173431396484,0.20823459327220917,3.313682794570923
1184,3.514711856842041,0.23441120982170105,3.2803006172180176
1185,3.49423885345459,0.22632655501365662,3.2679123878479004
1186,3.5360610485076904,0.25664788484573364,3.2794132232666016
1187,3.5289156436920166,0.24810440838336945,3.280811309814453
1188,3.5566999912261963,0.2737812101840973,3.282918691635132
1189,3.4782145023345947,0.22857041656970978,3.2496440410614014
1190,3.510160446166992,0.2221151888370514,3.2880451679229736
1191,3.4771013259887695,0.22225916385650635,3.2548422813415527
1192,3.4983527660369873,0.20891928672790527,3.289433479309082
1193,3.5301270484924316,0.2504271864891052,3.2796998023986816
1194,3.528268337249756,0.234855055809021,3.2934131622314453
1195,3.513498544692993,0.22901985049247742,3.2844786643981934
1196,3.5332586765289307,0.2418830394744873,3.2913756370544434
1197,3.5197486877441406,0.2289547175168991,3.2907938957214355
1198,3.4899179935455322,0.21230436861515045,3.277613639831543
1199,3.5090954303741455,0.23231764137744904,3.276777744293213
1200,3.495323419570923,0.22016087174415588,3.2751624584198
1201,3.514383554458618,0.24095182120800018,3.2734317779541016
1202,3.5171878337860107,0.23547282814979553,3.281714916229248
1203,3.5038809776306152,0.22998619079589844,3.273894786834717
1204,3.515329599380493,0.24029946327209473,3.2750301361083984
1205,3.5294365882873535,0.23436366021633148,3.2950730323791504
1206,3.47088885307312,0.19770081341266632,3.2731881141662598
1207,3.4945619106292725,0.2060672491788864,3.28849458694458
1208,3.526927947998047,0.2415088713169098,3.28541898727417
1209,3.517307758331299,0.23387573659420013,3.2834320068359375
1210,3.5459630489349365,0.23940327763557434,3.3065598011016846
1211,3.546898126602173,0.2548692524433136,3.2920289039611816
1212,3.5145437717437744,0.22358062863349915,3.2909631729125977
1213,3.501676559448242,0.22785234451293945,3.2738242149353027
1214,3.4961752891540527,0.20208832621574402,3.2940869331359863
1215,3.559297800064087,0.253462553024292,3.305835247039795
1216,3.5365114212036133,0.22624722123146057,3.3102641105651855
1217,3.5369019508361816,0.25692641735076904,3.279975414276123
1218,3.529085397720337,0.24681274592876434,3.2822725772857666
1219,3.464203357696533,0.20031827688217163,3.263885021209717
1220,3.5455217361450195,0.2579413652420044,3.2875804901123047
1221,3.5159871578216553,0.22486180067062378,3.2911252975463867
1222,3.4906795024871826,0.20818325877189636,3.282496213912964
1223,3.4899799823760986,0.19869942963123322,3.291280508041382
1224,3.5117523670196533,0.25808826088905334,3.253664016723633
1225,3.4970622062683105,0.20980750024318695,3.287254810333252
1226,3.515820264816284,0.23424988985061646,3.2815704345703125
1227,3.519864797592163,0.22992587089538574,3.2899389266967773
1228,3.4928290843963623,0.20729121565818787,3.2855379581451416
1229,3.5144753456115723,0.23089686036109924,3.283578395843506
1230,3.4538331031799316,0.17353633046150208,3.280296802520752
1231,3.5646228790283203,0.2697003483772278,3.2949225902557373
1232,3.476574420928955,0.19545041024684906,3.2811241149902344
1233,3.5212981700897217,0.23503810167312622,3.2862601280212402
1234,3.4892241954803467,0.2124813199043274,3.276742935180664
1235,3.4350850582122803,0.1783391535282135,3.2567458152770996
1236,3.564690113067627,0.25699305534362793,3.307697057723999
1237,3.4907915592193604,0.2232913076877594,3.267500162124634
1238,3.4447832107543945,0.19273331761360168,3.2520499229431152
1239,3.5189380645751953,0.23082011938095093,3.2881178855895996
1240,3.5351293087005615,0.23321767151355743,3.3019115924835205
1241,3.535001277923584,0.24235181510448456,3.292649507522583
1242,3.48736572265625,0.21737776696681976,3.2699880599975586
1243,3.4975974559783936,0.22847233712673187,3.26912522315979
1244,3.484219551086426,0.20166972279548645,3.2825498580932617
1245,3.5040066242218018,0.21485143899917603,3.2891552448272705
1246,3.449690341949463,0.21124647557735443,3.2384438514709473
1247,3.5387320518493652,0.2604464590549469,3.278285503387451
1248,3.5380771160125732,0.24900835752487183,3.2890686988830566
1249,3.505685806274414,0.21923963725566864,3.2864460945129395
1250,3.4986963272094727,0.2350771427154541,3.2636191844940186
1251,3.481387138366699,0.20583531260490417,3.2755517959594727
1252,3.5466041564941406,0.22983796894550323,3.3167662620544434
1253,3.5202412605285645,0.23839476704597473,3.281846523284912
1254,3.514434814453125,0.25264084339141846,3.261794090270996
1255,3.5307135581970215,0.2583565413951874,3.2723569869995117
1256,3.5382204055786133,0.23520049452781677,3.3030200004577637
1257,3.5229995250701904,0.228828564286232,3.29417085647583
1258,3.4989161491394043,0.21219530701637268,3.2867207527160645
1259,3.4700841903686523,0.21892566978931427,3.2511584758758545
1260,3.532788038253784,0.26011204719543457,3.2726759910583496
1261,3.486328363418579,0.1951577216386795,3.291170597076416
1262,3.4755122661590576,0.20326846837997437,3.2722437381744385
1263,3.5100388526916504,0.2319861352443695,3.278052806854248
1264,3.5633316040039062,0.260354608297348,3.3029770851135254
1265,3.470029830932617,0.20038071274757385,3.269649028778076
1266,3.521538496017456,0.24416857957839966,3.277369976043701
1267,3.5164003372192383,0.23091629147529602,3.2854840755462646
1268,3.4757418632507324,0.2248310148715973,3.250910758972168
1269,3.4982786178588867,0.22791624069213867,3.270362377166748
1270,3.5043389797210693,0.22076115012168884,3.2835779190063477
1271,3.4879307746887207,0.2122253179550171,3.275705337524414
1272,3.5344440937042236,0.25048667192459106,3.2839574813842773
1273,3.50111985206604,0.22204278409481049,3.2790770530700684
1274,3.4848177433013916,0.2163076251745224,3.268510103225708
1275,3.5557456016540527,0.26259127259254456,3.293154239654541
1276,3.5180764198303223,0.23126569390296936,3.2868106365203857
1277,3.5416226387023926,0.24280792474746704,3.2988147735595703
1278,3.5118789672851562,0.2363821566104889,3.2754967212677
1279,3.497758388519287,0.22123444080352783,3.276524066925049
1280,3.507021188735962,0.21695438027381897,3.290066719055176
1281,3.4915928840637207,0.22192606329917908,3.269666910171509
1282,3.4678139686584473,0.2074384093284607,3.260375499725342
1283,3.5632712841033936,0.2497275471687317,3.3135437965393066
1284,3.507988214492798,0.23826828598976135,3.2697198390960693
1285,3.5147414207458496,0.23582351207733154,3.2789180278778076
1286,3.487852096557617,0.21605484187602997,3.2717971801757812
1287,3.552807331085205,0.254656583070755,3.2981507778167725
1288,3.494981288909912,0.2270137369632721,3.267967462539673
1289,3.531665325164795,0.24952733516693115,3.2821381092071533
1290,3.5359485149383545,0.24023482203483582,3.2957136631011963
1291,3.501683473587036,0.24298757314682007,3.2586958408355713
1292,3.5235164165496826,0.2400476485490799,3.283468723297119
1293,3.525482177734375,0.2307477593421936,3.294734477996826
1294,3.4681262969970703,0.1853724718093872,3.2827539443969727
1295,3.488363742828369,0.19151252508163452,3.29685115814209
1296,3.48352313041687,0.20198597013950348,3.2815370559692383
1297,3.4955639839172363,0.2288147509098053,3.266749143600464
1298,3.4876322746276855,0.20650827884674072,3.2811241149902344
1299,3.5272507667541504,0.231776162981987,3.2954745292663574
1300,3.5013976097106934,0.20984429121017456,3.291553258895874
1301,3.5154969692230225,0.23409634828567505,3.281400680541992
1302,3.4544224739074707,0.21010997891426086,3.2443125247955322
1303,3.5268945693969727,0.23463556170463562,3.2922589778900146
1304,3.5004372596740723,0.22712282836437225,3.2733144760131836
1305,3.523024559020996,0.21895229816436768,3.304072380065918
1306,3.5320658683776855,0.24030780792236328,3.2917580604553223
1307,3.5172176361083984,0.22736385464668274,3.289853811264038
1308,3.530529260635376,0.2521264851093292,3.278402805328369
1309,3.493326187133789,0.20466604828834534,3.2886600494384766
1310,3.4744670391082764,0.22238238155841827,3.252084732055664
1311,3.5001773834228516,0.21913406252861023,3.281043291091919
1312,3.483306884765625,0.20928582549095154,3.2740211486816406
1313,3.525916337966919,0.242970272898674,3.2829461097717285
1314,3.541776418685913,0.24431781470775604,3.2974586486816406
1315,3.4684088230133057,0.2088034749031067,3.2596054077148438
1316,3.527549982070923,0.257011353969574,3.270538568496704
1317,3.4923439025878906,0.22819289565086365,3.264151096343994
1318,3.436157703399658,0.1732691526412964,3.2628884315490723
1319,3.5318877696990967,0.24508832395076752,3.286799430847168
1320,3.512991189956665,0.22639578580856323,3.286595344543457
1321,3.510802984237671,0.22867168486118317,3.2821311950683594
1322,3.5196385383605957,0.23322100937366486,3.2864174842834473
1323,3.4951162338256836,0.20759384334087372,3.287522315979004
1324,3.512010335922241,0.22520320117473602,3.286807060241699
1325,3.4786267280578613,0.20682822167873383,3.271798610687256
1326,3.497994899749756,0.21145769953727722,3.2865371704101562
1327,3.494260549545288,0.21654686331748962,3.2777137756347656
1328,3.503955364227295,0.21978367865085602,3.2841715812683105
1329,3.5060644149780273,0.21660488843917847,3.289459466934204
1330,3.5103707313537598,0.214045912027359,3.2963247299194336
1331,3.499448299407959,0.22154736518859863,3.2779009342193604
1332,3.533353805541992,0.2528485059738159,3.2805051803588867
1333,3.446857213973999,0.19234874844551086,3.2545084953308105
1334,3.470825433731079,0.21633513271808624,3.254490375518799
1335,3.467132329940796,0.20175090432167053,3.265381336212158
1336,3.47121524810791,0.19731169939041138,3.2739036083221436
1337,3.5386502742767334,0.24237999320030212,3.2962703704833984
1338,3.5018153190612793,0.2301875352859497,3.271627902984619
1339,3.500154495239258,0.23228703439235687,3.2678675651550293
1340,3.5296974182128906,0.2256999909877777,3.30399751663208
1341,3.4935314655303955,0.22879613935947418,3.264735221862793
1342,3.4670767784118652,0.1936212033033371,3.2734556198120117
1343,3.5216147899627686,0.21487165987491608,3.3067431449890137
1344,3.4830570220947266,0.21743382513523102,3.265623092651367
1345,3.480337381362915,0.19644859433174133,3.283888816833496
1346,3.5282859802246094,0.24759303033351898,3.2806930541992188
1347,3.474329948425293,0.215343177318573,3.258986711502075
1348,3.4928700923919678,0.20699986815452576,3.285870313644409
1349,3.5284149646759033,0.22997984290122986,3.2984352111816406
1350,3.513293981552124,0.2246728241443634,3.288621187210083
1351,3.498709201812744,0.205485999584198,3.2932231426239014
1352,3.49739670753479,0.21972300112247467,3.2776737213134766
1353,3.48987078666687,0.21357347071170807,3.2762973308563232
1354,3.4916882514953613,0.21052494645118713,3.281163215637207
1355,3.495242118835449,0.21644221246242523,3.2788000106811523
1356,3.495931386947632,0.2249836027622223,3.2709476947784424
1357,3.478972911834717,0.2263772040605545,3.2525956630706787
1358,3.481834650039673,0.19869545102119446,3.283139228820801
1359,3.482269048690796,0.2068716138601303,3.275397539138794
1360,3.50712251663208,0.2227076292037964,3.284414768218994
1361,3.502561569213867,0.22840063273906708,3.274160861968994
1362,3.5020577907562256,0.22501829266548157,3.2770395278930664
1363,3.501695394515991,0.21274957060813904,3.2889459133148193
1364,3.477144241333008,0.20824967324733734,3.268894672393799
1365,3.448714017868042,0.18899697065353394,3.2597169876098633
1366,3.53023362159729,0.23266609013080597,3.29756760597229
1367,3.499545097351074,0.22366023063659668,3.2758848667144775
1368,3.504788637161255,0.2220008224248886,3.282787799835205
1369,3.5154712200164795,0.21952508389949799,3.2959461212158203
1370,3.501782178878784,0.2124110609292984,3.2893710136413574
1371,3.4650707244873047,0.19722594320774078,3.2678446769714355
1372,3.505383253097534,0.2271130084991455,3.2782702445983887
1373,3.4953200817108154,0.22842401266098022,3.2668960094451904
1374,3.496236801147461,0.23461998999118805,3.2616167068481445
1375,3.4775867462158203,0.19898487627506256,3.278601884841919
1376,3.5211181640625,0.2377459704875946,3.283372163772583
1377,3.5060505867004395,0.23025229573249817,3.2757983207702637
1378,3.487604856491089,0.2179945558309555,3.2696104049682617
1379,3.5111653804779053,0.2378414422273636,3.2733240127563477
1380,3.507843255996704,0.23765870928764343,3.2701845169067383
1381,3.4883880615234375,0.22167031466960907,3.2667176723480225
1382,3.5399417877197266,0.24676135182380676,3.293180465698242
1383,3.5034635066986084,0.2207651436328888,3.282698392868042
1384,3.508676052093506,0.2126406729221344,3.2960352897644043
1385,3.4970104694366455,0.20357315242290497,3.2934372425079346
1386,3.516871690750122,0.23481200635433197,3.282059669494629
1387,3.467775583267212,0.20409756898880005,3.2636780738830566
1388,3.5246500968933105,0.22623208165168762,3.2984180450439453
1389,3.5469436645507812,0.2561190724372864,3.2908246517181396
1390,3.4850878715515137,0.2291855812072754,3.2559022903442383
1391,3.5070128440856934,0.21640920639038086,3.2906036376953125
1392,3.514611005783081,0.22880986332893372,3.2858011722564697
1393,3.5133752822875977,0.24127186834812164,3.2721033096313477
1394,3.472447156906128,0.20485608279705048,3.2675909996032715
1395,3.5748016834259033,0.27867040038108826,3.2961313724517822
1396,3.5150303840637207,0.21415090560913086,3.30087947845459
1397,3.523460865020752,0.25140294432640076,3.2720580101013184
1398,3.50272274017334,0.21607694029808044,3.2866458892822266
1399,3.4959349632263184,0.21551132202148438,3.280423641204834
1400,3.525763750076294,0.24742040038108826,3.278343439102173
1401,3.528002977371216,0.24239322543144226,3.285609722137451
1402,3.4833245277404785,0.20901289582252502,3.2743115425109863
1403,3.4930572509765625,0.20393460988998413,3.2891225814819336
1404,3.500037431716919,0.22866691648960114,3.2713704109191895
1405,3.4939496517181396,0.203473299741745,3.2904763221740723
1406,3.514693260192871,0.22542321681976318,3.2892699241638184
1407,3.506542444229126,0.23372101783752441,3.2728214263916016
1408,3.5017127990722656,0.20285968482494354,3.2988531589508057
1409,3.5144362449645996,0.21069613099098206,3.3037400245666504
1410,3.4850049018859863,0.2158058136701584,3.2691991329193115
1411,3.5246541500091553,0.22398069500923157,3.300673484802246
1412,3.4889283180236816,0.20952346920967102,3.279404878616333
1413,3.524439573287964,0.22395959496498108,3.3004798889160156
1414,3.5009796619415283,0.22923508286476135,3.2717444896698
1415,3.4918744564056396,0.22044631838798523,3.271428108215332
1416,3.511944532394409,0.22729180753231049,3.2846527099609375
1417,3.4939823150634766,0.2176341712474823,3.276348114013672
1418,3.4746432304382324,0.19312600791454315,3.281517267227173
1419,3.481445074081421,0.21980056166648865,3.2616446018218994
1420,3.470451593399048,0.1896192729473114,3.280832290649414
1421,3.4874846935272217,0.21060127019882202,3.276883363723755
1422,3.543971538543701,0.24697116017341614,3.2970004081726074
1423,3.4956164360046387,0.22436857223510742,3.2712478637695312
1424,3.54196834564209,0.2505072355270386,3.2914609909057617
1425,3.5077335834503174,0.21740934252738953,3.2903242111206055
1426,3.4950926303863525,0.20554271340370178,3.2895498275756836
1427,3.5475947856903076,0.25748711824417114,3.2901077270507812
1428,3.508606433868408,0.24272745847702026,3.265878915786743
1429,3.5146498680114746,0.23042860627174377,3.2842211723327637
1430,3.5144131183624268,0.22885237634181976,3.2855608463287354
1431,3.5237598419189453,0.2375101000070572,3.2862496376037598
1432,3.465650796890259,0.20779594779014587,3.25785493850708
1433,3.4710686206817627,0.19158390164375305,3.279484748840332
1434,3.473994731903076,0.22840529680252075,3.2455894947052
1435,3.518767833709717,0.21993152797222137,3.2988362312316895
1436,3.547147750854492,0.23357559740543365,3.3135721683502197
1437,3.503692626953125,0.22722260653972626,3.2764699459075928
1438,3.5137124061584473,0.22776149213314056,3.2859508991241455
1439,3.532339572906494,0.26470911502838135,3.2676303386688232
1440,3.4960646629333496,0.22448916733264923,3.271575450897217
1441,3.4694814682006836,0.20560045540332794,3.263880968093872
1442,3.5063793659210205,0.23035503923892975,3.276024341583252
1443,3.518233060836792,0.23065029084682465,3.2875828742980957
1444,3.5054802894592285,0.2143850475549698,3.29109525680542
1445,3.493727922439575,0.21015045046806335,3.2835774421691895
1446,3.47196626663208,0.20348168909549713,3.268484592437744
1447,3.506584644317627,0.233953058719635,3.2726316452026367
1448,3.503549575805664,0.2150145173072815,3.2885351181030273
1449,3.484473943710327,0.2219526171684265,3.262521266937256
1450,3.572499990463257,0.26383599638938904,3.308664083480835
1451,3.531683921813965,0.23323145508766174,3.298452377319336
1452,3.4957499504089355,0.2125549018383026,3.2831950187683105
1453,3.4550020694732666,0.1965630054473877,3.258439064025879
1454,3.5066800117492676,0.22791814804077148,3.278761863708496
1455,3.468691825866699,0.19714003801345825,3.2715518474578857
1456,3.501527786254883,0.22609558701515198,3.2754321098327637
1457,3.5041818618774414,0.23117633163928986,3.273005485534668
1458,3.4756925106048584,0.19769929349422455,3.2779932022094727
1459,3.497445583343506,0.22094525396823883,3.2765002250671387
1460,3.5187735557556152,0.22204585373401642,3.2967276573181152
1461,3.495053768157959,0.2154616415500641,3.2795920372009277
1462,3.510000705718994,0.22052070498466492,3.289479970932007
1463,3.478443145751953,0.1926402598619461,3.2858028411865234
1464,3.490122079849243,0.2225807160139084,3.2675414085388184
1465,3.5374672412872314,0.22735817730426788,3.3101091384887695
1466,3.50300669670105,0.23706409335136414,3.2659425735473633
1467,3.5432026386260986,0.26754647493362427,3.275656223297119
1468,3.499584197998047,0.23584841191768646,3.263735771179199
1469,3.497424840927124,0.25066477060317993,3.246760129928589
1470,3.511378288269043,0.23159845173358917,3.2797799110412598
1471,3.48712420463562,0.22115401923656464,3.265970230102539
1472,3.492915153503418,0.21617037057876587,3.276744842529297
1473,3.5298471450805664,0.2360571175813675,3.293790102005005
1474,3.5121374130249023,0.23514217138290405,3.2769951820373535
1475,3.492420196533203,0.21670272946357727,3.2757174968719482
1476,3.528543472290039,0.22692814469337463,3.3016152381896973
1477,3.5063819885253906,0.23530912399291992,3.2710728645324707
1478,3.4836947917938232,0.22554448246955872,3.258150339126587
1479,3.51639461517334,0.22862276434898376,3.2877719402313232
1480,3.513289451599121,0.21656210720539093,3.296727418899536
1481,3.466075897216797,0.1918487548828125,3.2742271423339844
1482,3.487258195877075,0.20828169584274292,3.2789764404296875
1483,3.4887144565582275,0.21631650626659393,3.272397994995117
1484,3.522207021713257,0.2278960645198822,3.294311046600342
1485,3.5246477127075195,0.2099705934524536,3.3146770000457764
1486,3.513713836669922,0.22837293148040771,3.2853407859802246
1487,3.460390090942383,0.20843306183815002,3.2519569396972656
1488,3.5230307579040527,0.23873260617256165,3.2842981815338135
1489,3.4826056957244873,0.21346783638000488,3.2691378593444824
1490,3.4661543369293213,0.19586175680160522,3.2702925205230713
1491,3.485168218612671,0.22032085061073303,3.2648472785949707
1492,3.4910824298858643,0.20471444725990295,3.286367893218994
1493,3.527642250061035,0.24149703979492188,3.2861452102661133
1494,3.506838083267212,0.22853872179985046,3.278299331665039
1495,3.4755630493164062,0.2159566730260849,3.25960636138916
1496,3.499509334564209,0.2172926664352417,3.282216787338257
1497,3.4834959506988525,0.21284887194633484,3.2706470489501953
1498,3.4861903190612793,0.2128419280052185,3.273348331451416
1499,3.5159823894500732,0.22144715487957,3.2945351600646973
1500,3.495530605316162,0.2047419250011444,3.2907886505126953
1501,3.4807350635528564,0.2192763239145279,3.2614586353302
1502,3.5054094791412354,0.22421151399612427,3.281198024749756
1503,3.4922142028808594,0.23694193363189697,3.255272388458252
1504,3.4593236446380615,0.19538182020187378,3.263941764831543
1505,3.485241174697876,0.21388791501522064,3.271353244781494
1506,3.4985036849975586,0.22606860101222992,3.272435188293457
1507,3.5234179496765137,0.23625433444976807,3.287163496017456
1508,3.485116720199585,0.1994531750679016,3.285663604736328
1509,3.4937806129455566,0.22241425514221191,3.2713663578033447
1510,3.5086605548858643,0.2072376310825348,3.3014228343963623
1511,3.5039970874786377,0.22194448113441467,3.282052516937256
1512,3.4806623458862305,0.20364485681056976,3.277017593383789
1513,3.492952346801758,0.20550882816314697,3.2874433994293213
1514,3.497701406478882,0.22233223915100098,3.275369167327881
1515,3.4832749366760254,0.21789558231830597,3.2653794288635254
1516,3.5040371417999268,0.22566094994544983,3.2783761024475098
1517,3.5074265003204346,0.22434784471988678,3.283078670501709
1518,3.528259515762329,0.2232464700937271,3.3050129413604736
1519,3.505580425262451,0.22133640944957733,3.2842440605163574
1520,3.501957654953003,0.21144652366638184,3.290511131286621
1521,3.521617889404297,0.22669029235839844,3.2949275970458984
1522,3.488597869873047,0.2307702600955963,3.2578275203704834
1523,3.5101048946380615,0.22785907983779907,3.2822458744049072
1524,3.4978885650634766,0.2336563766002655,3.2642321586608887
1525,3.4933314323425293,0.2130887508392334,3.280242681503296
1526,3.492894172668457,0.2245764136314392,3.268317699432373
1527,3.503431797027588,0.22686874866485596,3.2765631675720215
1528,3.4775586128234863,0.190395787358284,3.2871627807617188
1529,3.482642412185669,0.19823279976844788,3.284409523010254
1530,3.481220006942749,0.2185441553592682,3.2626757621765137
1531,3.4550130367279053,0.18388701975345612,3.2711260318756104
1532,3.4655303955078125,0.1911563277244568,3.274374008178711
1533,3.5019798278808594,0.2273319959640503,3.2746477127075195
1534,3.504783868789673,0.2334507554769516,3.2713332176208496
1535,3.4942023754119873,0.22058948874473572,3.2736129760742188
1536,3.549433708190918,0.24484869837760925,3.3045849800109863
1537,3.5268948078155518,0.24125321209430695,3.285641670227051
1538,3.5067877769470215,0.22530797123908997,3.281479835510254
1539,3.5099949836730957,0.22891345620155334,3.281081438064575
1540,3.5045368671417236,0.2353961169719696,3.2691407203674316
1541,3.506871223449707,0.21949848532676697,3.2873728275299072
1542,3.5050477981567383,0.2222273349761963,3.282820463180542
1543,3.5045104026794434,0.2199433147907257,3.28456711769104
1544,3.5187032222747803,0.23796582221984863,3.2807374000549316
1545,3.4969630241394043,0.2103305160999298,3.286632537841797
1546,3.5214061737060547,0.23029538989067078,3.2911107540130615
1547,3.5224039554595947,0.24132972955703735,3.281074285507202
1548,3.541184902191162,0.23776771128177643,3.303417205810547
1549,3.490093946456909,0.2318185269832611,3.2582755088806152
1550,3.5174760818481445,0.21399852633476257,3.3034775257110596
1551,3.476245403289795,0.2040877640247345,3.272157669067383
1552,3.46848464012146,0.20029380917549133,3.268190860748291
1553,3.4735937118530273,0.21168769896030426,3.2619059085845947
1554,3.523430585861206,0.22207146883010864,3.301359176635742
1555,3.4554450511932373,0.19720253348350525,3.258242607116699
1556,3.4694771766662598,0.21481895446777344,3.2546582221984863
1557,3.4843649864196777,0.21609613299369812,3.2682688236236572
1558,3.5036628246307373,0.21979743242263794,3.283865451812744
1559,3.512024402618408,0.21799686551094055,3.29402756690979
1560,3.500659942626953,0.2194107472896576,3.2812492847442627
1561,3.4971885681152344,0.20183362066745758,3.2953548431396484
1562,3.5136663913726807,0.22673246264457703,3.2869338989257812
1563,3.514777660369873,0.22088301181793213,3.2938947677612305
1564,3.5056331157684326,0.21052058041095734,3.2951126098632812
1565,3.518846273422241,0.22589950263500214,3.2929468154907227
1566,3.4785592555999756,0.20400407910346985,3.274555206298828
1567,3.501758337020874,0.23536793887615204,3.266390323638916
1568,3.4878835678100586,0.21801099181175232,3.2698726654052734
1569,3.537353277206421,0.2581762969493866,3.279176950454712
1570,3.50712251663208,0.22251522541046143,3.284607410430908
1571,3.504324197769165,0.2292606234550476,3.2750635147094727
1572,3.4738993644714355,0.2086416482925415,3.2652578353881836
1573,3.5059916973114014,0.22145524621009827,3.284536361694336
1574,3.4882237911224365,0.21382808685302734,3.274395704269409
1575,3.502065420150757,0.22437739372253418,3.2776880264282227
1576,3.510831832885742,0.23871004581451416,3.2721219062805176
1577,3.4981954097747803,0.20934075117111206,3.2888545989990234
1578,3.4839258193969727,0.2035476565361023,3.2803781032562256
1579,3.504981517791748,0.22640922665596008,3.2785723209381104
1580,3.4925968647003174,0.22038906812667847,3.272207736968994
1581,3.5034432411193848,0.2339155524969101,3.2695276737213135
1582,3.488252639770508,0.22024834156036377,3.2680044174194336
1583,3.4976446628570557,0.21610647439956665,3.281538248062134
1584,3.469646453857422,0.19573840498924255,3.2739081382751465
1585,3.50058650970459,0.22431010007858276,3.2762763500213623
1586,3.5076863765716553,0.22644662857055664,3.2812397480010986
1587,3.51595139503479,0.23764976859092712,3.27830171585083
1588,3.503650426864624,0.22618785500526428,3.2774624824523926
1589,3.5322210788726807,0.2372223436832428,3.2949986457824707
1590,3.500286340713501,0.20726898312568665,3.2930173873901367
1591,3.4945478439331055,0.22379426658153534,3.2707536220550537
1592,3.4974324703216553,0.2219909280538559,3.2754416465759277
1593,3.52052903175354,0.239761084318161,3.2807679176330566
1594,3.5248210430145264,0.21981239318847656,3.30500864982605
1595,3.5235931873321533,0.2243712991476059,3.299221992492676
1596,3.485952615737915,0.22449326515197754,3.2614593505859375
1597,3.499845266342163,0.22302746772766113,3.276817798614502
1598,3.498708486557007,0.2188161164522171,3.2798924446105957
1599,3.520892381668091,0.2284993976354599,3.2923929691314697
1600,3.5074045658111572,0.22611267864704132,3.281291961669922
1601,3.5058164596557617,0.2196841537952423,3.286132335662842
1602,3.53359317779541,0.24328219890594482,3.290310859680176
1603,3.5026779174804688,0.21685819327831268,3.2858197689056396
1604,3.494645357131958,0.22868329286575317,3.2659621238708496
1605,3.5205273628234863,0.23398306965827942,3.2865443229675293
1606,3.496411085128784,0.20231042802333832,3.294100761413574
1607,3.4863414764404297,0.2157309353351593,3.2706105709075928
1608,3.466627359390259,0.1875261664390564,3.2791011333465576
1609,3.512136459350586,0.20890963077545166,3.303226947784424
1610,3.437633752822876,0.17553633451461792,3.2620973587036133
1611,3.4546802043914795,0.19785946607589722,3.2568206787109375
1612,3.5183732509613037,0.21891066431999207,3.2994625568389893
1613,3.461352825164795,0.1869739443063736,3.274378776550293
1614,3.5199031829833984,0.23083552718162537,3.2890677452087402
1615,3.5300850868225098,0.24458076059818268,3.2855043411254883
1616,3.484431266784668,0.21271079778671265,3.2717204093933105
1617,3.529015302658081,0.2327430099248886,3.2962722778320312
1618,3.543513298034668,0.24733980000019073,3.296173572540283
1619,3.517477035522461,0.23351097106933594,3.283966064453125
1620,3.501800775527954,0.227910578250885,3.273890256881714
1621,3.524462938308716,0.23013949394226074,3.294323444366455
1622,3.4814202785491943,0.20569735765457153,3.2757229804992676
1623,3.499528408050537,0.2214997112751007,3.278028726577759
1624,3.5063724517822266,0.22855418920516968,3.277818202972412
1625,3.5018081665039062,0.23614619672298431,3.2656619548797607
1626,3.53991961479187,0.24481800198554993,3.2951016426086426
1627,3.4655380249023438,0.2129305601119995,3.2526073455810547
1628,3.498117685317993,0.21948476135730743,3.278632879257202
1629,3.4473893642425537,0.17206931114196777,3.275320053100586
1630,3.503859758377075,0.21112939715385437,3.2927303314208984
1631,3.495713949203491,0.23090475797653198,3.2648091316223145
1632,3.5543065071105957,0.272926926612854,3.281379461288452
1633,3.4571166038513184,0.18585048615932465,3.271266222000122
1634,3.475466251373291,0.2032437026500702,3.2722225189208984
1635,3.4931631088256836,0.2260052114725113,3.267157793045044
1636,3.5116615295410156,0.21443013846874237,3.297231435775757
1637,3.493863582611084,0.2021869570016861,3.2916765213012695
1638,3.5018818378448486,0.20791694521903992,3.2939648628234863
1639,3.4858968257904053,0.2011573165655136,3.2847394943237305
1640,3.485834836959839,0.21418260037899017,3.2716522216796875
1641,3.503939628601074,0.20191897451877594,3.30202054977417
1642,3.4860737323760986,0.20274290442466736,3.2833309173583984
1643,3.4637808799743652,0.1825452297925949,3.281235694885254
1644,3.4926466941833496,0.21713033318519592,3.2755162715911865
1645,3.510301113128662,0.224972665309906,3.2853283882141113
1646,3.501084327697754,0.21125946938991547,3.289824962615967
1647,3.514117956161499,0.22897376120090485,3.285144090652466
1648,3.515550136566162,0.22780349850654602,3.2877466678619385
1649,3.4700915813446045,0.19108645617961884,3.2790050506591797
1650,3.470438241958618,0.2127406895160675,3.257697582244873
1651,3.4643378257751465,0.19278335571289062,3.271554470062256
1652,3.4875643253326416,0.21095481514930725,3.276609420776367
1653,3.4927291870117188,0.19543641805648804,3.297292709350586
1654,3.485800266265869,0.20891371369361877,3.276886463165283
1655,3.5274014472961426,0.23008447885513306,3.2973170280456543
1656,3.4702467918395996,0.21305237710475922,3.2571945190429688
1657,3.5030386447906494,0.224705308675766,3.2783334255218506
1658,3.5047285556793213,0.23265570402145386,3.2720727920532227
1659,3.4856112003326416,0.20129217207431793,3.2843189239501953
1660,3.504781484603882,0.21703335642814636,3.287748098373413
1661,3.4934585094451904,0.23010852932929993,3.263350009918213
1662,3.5378730297088623,0.23442581295967102,3.3034472465515137
1663,3.508060932159424,0.2206297516822815,3.287431240081787
1664,3.4940924644470215,0.216677725315094,3.2774147987365723
1665,3.505201578140259,0.20801959931850433,3.297182083129883
1666,3.5325021743774414,0.24050752818584442,3.291994571685791
1667,3.453372001647949,0.1823330521583557,3.2710390090942383
1668,3.4937915802001953,0.22535663843154907,3.268435001373291
1669,3.4865121841430664,0.21921634674072266,3.2672958374023438
1670,3.516202688217163,0.22570976614952087,3.2904930114746094
1671,3.4618330001831055,0.19414174556732178,3.267691135406494
1672,3.524637222290039,0.2281232476234436,3.2965140342712402
1673,3.473832368850708,0.2034057080745697,3.2704267501831055
1674,3.4726271629333496,0.20574796199798584,3.266879081726074
1675,3.4494664669036865,0.17908701300621033,3.2703795433044434
1676,3.5019335746765137,0.2201610505580902,3.2817726135253906
1677,3.5254032611846924,0.2330915778875351,3.292311668395996
1678,3.4985992908477783,0.21774721145629883,3.2808520793914795
1679,3.5228683948516846,0.22458519041538239,3.298283100128174
1680,3.505277633666992,0.21509423851966858,3.2901833057403564
1681,3.5033392906188965,0.22241461277008057,3.2809247970581055
1682,3.460097551345825,0.20876924693584442,3.251328229904175
1683,3.491567373275757,0.20478606224060059,3.2867813110351562
1684,3.4661145210266113,0.19907522201538086,3.2670392990112305
1685,3.5362420082092285,0.24780070781707764,3.2884411811828613
1686,3.520390272140503,0.223068505525589,3.2973217964172363
1687,3.487365245819092,0.21706661581993103,3.270298719406128
1688,3.5196163654327393,0.22867292165756226,3.2909433841705322
1689,3.5346617698669434,0.24567127227783203,3.2889904975891113
1690,3.5268726348876953,0.229452982544899,3.297419548034668
1691,3.492323160171509,0.23064161837100983,3.26168155670166
1692,3.4759361743927,0.2086489200592041,3.267287254333496
1693,3.5001332759857178,0.2219841480255127,3.278149127960205
1694,3.47648549079895,0.21799013018608093,3.258495330810547
1695,3.4753522872924805,0.20640215277671814,3.2689502239227295
1696,3.4682977199554443,0.20097097754478455,3.267326831817627
1697,3.5297958850860596,0.23170974850654602,3.298086166381836
1698,3.484048366546631,0.212584987282753,3.271463394165039
1699,3.5099027156829834,0.23683761060237885,3.2730650901794434
1700,3.512068271636963,0.21461020410060883,3.2974581718444824
1701,3.468280792236328,0.2098783254623413,3.2584023475646973
1702,3.488966703414917,0.20904532074928284,3.279921293258667
1703,3.48356294631958,0.2171759456396103,3.2663869857788086
1704,3.5164966583251953,0.22257959842681885,3.293916940689087
1705,3.4911725521087646,0.20984715223312378,3.281325340270996
1706,3.5406031608581543,0.24554625153541565,3.2950568199157715
1707,3.519848346710205,0.22298765182495117,3.296860694885254
1708,3.491147041320801,0.21435075998306274,3.276796340942383
1709,3.465113639831543,0.20710542798042297,3.2580082416534424
1710,3.4658615589141846,0.20807069540023804,3.2577908039093018
1711,3.477905035018921,0.2137887179851532,3.2641162872314453
1712,3.4914493560791016,0.2145577073097229,3.2768917083740234
1713,3.5118861198425293,0.23200459778308868,3.279881477355957
1714,3.49863338470459,0.18908651173114777,3.309546947479248
1715,3.5159716606140137,0.21986490488052368,3.2961068153381348
1716,3.4934394359588623,0.22147934138774872,3.2719600200653076
1717,3.50736141204834,0.22435790300369263,3.283003568649292
1718,3.5004568099975586,0.22389423847198486,3.2765626907348633
1719,3.5046441555023193,0.22297310829162598,3.2816710472106934
1720,3.5201170444488525,0.22928649187088013,3.290830612182617
1721,3.469958543777466,0.20662465691566467,3.263333797454834
1722,3.4709463119506836,0.2094651460647583,3.261481285095215
1723,3.4917001724243164,0.2074757218360901,3.284224510192871
1724,3.4931578636169434,0.2137732207775116,3.2793846130371094
1725,3.4853713512420654,0.20818835496902466,3.2771830558776855
1726,3.5191617012023926,0.2228117287158966,3.2963500022888184
1727,3.452773094177246,0.18010544776916504,3.272667646408081
1728,3.479963541030884,0.19935785233974457,3.2806057929992676
1729,3.504082441329956,0.2167535275220871,3.2873289585113525
1730,3.4990744590759277,0.23474252223968506,3.264331817626953
1731,3.510650157928467,0.22488899528980255,3.2857611179351807
1732,3.4858319759368896,0.21621862053871155,3.269613265991211
1733,3.4879071712493896,0.21311521530151367,3.274791955947876
1734,3.4893746376037598,0.21539977192878723,3.273974895477295
1735,3.488996744155884,0.22117263078689575,3.267824172973633
1736,3.4764606952667236,0.20521852374076843,3.271242141723633
1737,3.492532968521118,0.21068449318408966,3.281848430633545
1738,3.5114707946777344,0.2275587022304535,3.283912181854248
1739,3.490342140197754,0.22480863332748413,3.265533447265625
1740,3.4388933181762695,0.17757180333137512,3.261321544647217
1741,3.5251615047454834,0.24025678634643555,3.284904718399048
1742,3.474677562713623,0.1984051764011383,3.2762722969055176
1743,3.488679885864258,0.20233428478240967,3.2863454818725586
1744,3.5092318058013916,0.22503073513507843,3.284201145172119
1745,3.484711170196533,0.21376892924308777,3.270942211151123
1746,3.5064775943756104,0.22060035169124603,3.285877227783203
1747,3.4895665645599365,0.22279143333435059,3.266775131225586
1748,3.49857497215271,0.21599788963794708,3.2825770378112793
1749,3.4526586532592773,0.18419460952281952,3.2684640884399414
1750,3.4924685955047607,0.20014651119709015,3.2923221588134766
1751,3.465641498565674,0.200404092669487,3.265237331390381
1752,3.473626136779785,0.19969940185546875,3.2739267349243164
1753,3.50353741645813,0.22674748301506042,3.276789903640747
1754,3.472001791000366,0.20521196722984314,3.2667899131774902
1755,3.494318962097168,0.20966076850891113,3.284658193588257
1756,3.4783902168273926,0.20472005009651184,3.273670196533203
1757,3.519057273864746,0.2253275066614151,3.293729782104492
1758,3.4682962894439697,0.20161600410938263,3.2666802406311035
1759,3.525294065475464,0.2222120612859726,3.30308198928833
1760,3.502674102783203,0.22462302446365356,3.2780511379241943
1761,3.4601142406463623,0.19003023207187653,3.2700839042663574
1762,3.4587628841400146,0.18837957084178925,3.270383358001709
1763,3.4544148445129395,0.1892499327659607,3.265164852142334
1764,3.520073413848877,0.22181089222431183,3.298262596130371
1765,3.4919254779815674,0.22568847239017487,3.2662370204925537
1766,3.5060324668884277,0.22942541539669037,3.276607036590576
1767,3.5026934146881104,0.21175724267959595,3.290936231613159
1768,3.508146047592163,0.22517433762550354,3.2829716205596924
1769,3.504669666290283,0.20625686645507812,3.298412799835205
1770,3.5534658432006836,0.2616657316684723,3.291800022125244
1771,3.498203754425049,0.2022644281387329,3.2959394454956055
1772,3.4725894927978516,0.20477399230003357,3.267815589904785
1773,3.484105348587036,0.20215828716754913,3.281947135925293
1774,3.4749326705932617,0.22483164072036743,3.250101089477539
1775,3.503420829772949,0.21982720494270325,3.2835936546325684
1776,3.4939961433410645,0.22211556136608124,3.271880626678467
1777,3.5036799907684326,0.21917901933193207,3.284501075744629
1778,3.489649772644043,0.20895110070705414,3.280698776245117
1779,3.4783804416656494,0.20661872625350952,3.271761655807495
1780,3.4942517280578613,0.1931118667125702,3.3011398315429688
1781,3.5171263217926025,0.2170565277338028,3.300069808959961
1782,3.4835002422332764,0.2112037092447281,3.27229642868042
1783,3.4935498237609863,0.22848032414913177,3.2650694847106934
1784,3.544982433319092,0.2547420263290405,3.2902402877807617
1785,3.489041805267334,0.2222667932510376,3.266775131225586
1786,3.5224194526672363,0.24935758113861084,3.273061752319336
1787,3.5088188648223877,0.2142292708158493,3.2945895195007324
1788,3.509080171585083,0.2217279076576233,3.2873523235321045
1789,3.4738757610321045,0.21609202027320862,3.2577836513519287
1790,3.48034405708313,0.21235693991184235,3.267987012863159
1791,3.5146484375,0.23619890213012695,3.278449535369873
1792,3.497704267501831,0.2193746268749237,3.278329610824585
1793,3.500638246536255,0.21285367012023926,3.2877845764160156
1794,3.5191216468811035,0.23210014402866364,3.2870213985443115
1795,3.469033718109131,0.19799767434597015,3.271036148071289
1796,3.521301031112671,0.22476091980934143,3.2965400218963623
1797,3.489126205444336,0.19711148738861084,3.2920145988464355
1798,3.5095274448394775,0.23621532320976257,3.2733120918273926
1799,3.4928174018859863,0.22036512196063995,3.2724523544311523
1800,3.514554977416992,0.21667808294296265,3.2978768348693848
1801,3.5219969749450684,0.23123860359191895,3.2907583713531494
1802,3.4885709285736084,0.21453413367271423,3.2740368843078613
1803,3.509671926498413,0.22990989685058594,3.279762029647827
1804,3.508415699005127,0.2165844738483429,3.2918312549591064
1805,3.508075714111328,0.2378425896167755,3.270233154296875
1806,3.4934639930725098,0.20601814985275269,3.2874457836151123
1807,3.4941675662994385,0.20826640725135803,3.2859010696411133
1808,3.49039363861084,0.21757233142852783,3.2728211879730225
1809,3.4781792163848877,0.21813496947288513,3.2600443363189697
1810,3.5026562213897705,0.23095932602882385,3.2716968059539795
1811,3.4821054935455322,0.18530477583408356,3.2968006134033203
1812,3.459467649459839,0.19705988466739655,3.2624077796936035
1813,3.4942238330841064,0.2115587294101715,3.2826650142669678
1814,3.475539207458496,0.20430375635623932,3.271235466003418
1815,3.4948549270629883,0.2161336988210678,3.278721332550049
1816,3.549532413482666,0.24752941727638245,3.3020029067993164
1817,3.4743001461029053,0.18612363934516907,3.2881765365600586
1818,3.484825611114502,0.21682831645011902,3.2679972648620605
1819,3.484971761703491,0.21091195940971375,3.274059772491455
1820,3.517888307571411,0.22963280975818634,3.288255453109741
1821,3.5121476650238037,0.2147873044013977,3.297360420227051
1822,3.493324041366577,0.22335577011108398,3.269968271255493
1823,3.457594394683838,0.18192246556282043,3.27567195892334
1824,3.497138500213623,0.2096443474292755,3.28749418258667
1825,3.460818290710449,0.19781029224395752,3.2630081176757812
1826,3.4461779594421387,0.18232765793800354,3.263850212097168
1827,3.5366084575653076,0.2549341320991516,3.281674385070801
1828,3.4934957027435303,0.20163442194461823,3.2918612957000732
1829,3.4691784381866455,0.1995421051979065,3.269636392593384
1830,3.4690942764282227,0.19369284808635712,3.2754013538360596
1831,3.4935684204101562,0.20140811800956726,3.2921602725982666
1832,3.4751522541046143,0.213958740234375,3.2611935138702393
1833,3.500317335128784,0.22076062858104706,3.2795567512512207
1834,3.5095667839050293,0.21140149235725403,3.2981653213500977
1835,3.452186107635498,0.18449224531650543,3.2676937580108643
1836,3.506249189376831,0.22799080610275269,3.2782583236694336
1837,3.5048537254333496,0.22856873273849487,3.27628493309021
1838,3.534405469894409,0.22814248502254486,3.306262969970703
1839,3.5248618125915527,0.23408833146095276,3.290773391723633
1840,3.481705665588379,0.2100820541381836,3.2716236114501953
1841,3.4933087825775146,0.22541365027427673,3.267895221710205
1842,3.509413719177246,0.2378140687942505,3.271599769592285
1843,3.507279396057129,0.2356182485818863,3.2716610431671143
1844,3.5253870487213135,0.22367867827415466,3.301708459854126
1845,3.4781062602996826,0.20513276755809784,3.2729735374450684
1846,3.5026698112487793,0.22347351908683777,3.279196262359619
1847,3.539125442504883,0.23772849142551422,3.3013968467712402
1848,3.51521635055542,0.23423710465431213,3.2809791564941406
1849,3.4383814334869385,0.17440065741539001,3.2639808654785156
1850,3.464306592941284,0.20593121647834778,3.258375406265259
1851,3.4961795806884766,0.2067350596189499,3.2894444465637207
1852,3.493375062942505,0.23224899172782898,3.2611260414123535
1853,3.5039992332458496,0.21415892243385315,3.2898402214050293
1854,3.500394582748413,0.21350738406181335,3.2868871688842773
1855,3.5055785179138184,0.24585503339767456,3.259723424911499
1856,3.469301700592041,0.19207388162612915,3.2772278785705566
1857,3.467034101486206,0.20822539925575256,3.2588086128234863
1858,3.4866838455200195,0.21018695831298828,3.2764968872070312
1859,3.475584030151367,0.19459891319274902,3.280985116958618
1860,3.468003988265991,0.1866869330406189,3.2813169956207275
1861,3.53218412399292,0.23238980770111084,3.2997941970825195
1862,3.5019607543945312,0.23847873508930206,3.263482093811035
1863,3.4834814071655273,0.22676756978034973,3.2567138671875
1864,3.4789018630981445,0.20031443238258362,3.2785873413085938
1865,3.4735476970672607,0.19976350665092468,3.2737841606140137
1866,3.536317825317383,0.2237347960472107,3.3125829696655273
1867,3.5120129585266113,0.20929346978664398,3.3027195930480957
1868,3.5160398483276367,0.21876659989356995,3.2972731590270996
1869,3.46528959274292,0.19117741286754608,3.2741122245788574
1870,3.5114080905914307,0.23196588456630707,3.279442310333252
1871,3.4699971675872803,0.1926354467868805,3.2773616313934326
1872,3.4829580783843994,0.212051659822464,3.270906448364258
1873,3.487391710281372,0.22071513533592224,3.266676664352417
1874,3.481513738632202,0.2169155329465866,3.2645981311798096
1875,3.488701105117798,0.2075631320476532,3.2811379432678223
1876,3.4859137535095215,0.22497087717056274,3.2609429359436035
1877,3.495983600616455,0.21426916122436523,3.28171443939209
1878,3.494441032409668,0.20537069439888,3.2890703678131104
1879,3.484875202178955,0.2167118936777115,3.2681632041931152
1880,3.5133185386657715,0.21475273370742798,3.2985658645629883
1881,3.4944489002227783,0.21452683210372925,3.2799220085144043
1882,3.490164279937744,0.21550269424915314,3.2746615409851074
1883,3.4886600971221924,0.20972269773483276,3.278937339782715
1884,3.4929261207580566,0.20443397760391235,3.288492202758789
1885,3.4790022373199463,0.21726961433887482,3.261732578277588
1886,3.4906442165374756,0.2140175998210907,3.2766265869140625
1887,3.4840941429138184,0.20061440765857697,3.283479690551758
1888,3.4915194511413574,0.20778803527355194,3.283731460571289
1889,3.5057528018951416,0.2087242603302002,3.2970285415649414
1890,3.5040509700775146,0.2125963568687439,3.291454553604126
1891,3.4973859786987305,0.21346530318260193,3.2839207649230957
1892,3.53472638130188,0.23133257031440735,3.303393840789795
1893,3.469376564025879,0.1945038139820099,3.2748727798461914
1894,3.5079352855682373,0.22637967765331268,3.281555652618408
1895,3.4916698932647705,0.19653066992759705,3.2951393127441406
1896,3.5151352882385254,0.23451091349124908,3.2806243896484375
1897,3.5011837482452393,0.20194435119628906,3.29923939704895
1898,3.48584246635437,0.19429634511470795,3.291546106338501
1899,3.4780399799346924,0.20163895189762115,3.2764010429382324
1900,3.496245861053467,0.21608063578605652,3.280165195465088
1901,3.4783835411071777,0.20816847681999207,3.2702150344848633
1902,3.513720750808716,0.2375657707452774,3.2761549949645996
1903,3.5090856552124023,0.22485065460205078,3.2842350006103516
1904,3.475484848022461,0.1958780586719513,3.279606819152832
1905,3.4692554473876953,0.2027793973684311,3.2664761543273926
1906,3.4816818237304688,0.20829588174819946,3.273386001586914
1907,3.5089144706726074,0.22939540445804596,3.2795190811157227
1908,3.4820690155029297,0.19676724076271057,3.285301685333252
1909,3.4501712322235107,0.1838849037885666,3.2662863731384277
1910,3.4718642234802246,0.20544300973415375,3.266421318054199
1911,3.4764132499694824,0.20251837372779846,3.273894786834717
1912,3.529621124267578,0.22638538479804993,3.3032357692718506
1913,3.493182420730591,0.21416780352592468,3.2790145874023438
1914,3.4859042167663574,0.20381580293178558,3.2820885181427
1915,3.50516676902771,0.23662495613098145,3.2685418128967285
1916,3.4750959873199463,0.19781407713890076,3.2772819995880127
1917,3.5296976566314697,0.24547307193279266,3.284224510192871
1918,3.506492853164673,0.22785115242004395,3.278641700744629
1919,3.480006694793701,0.21818095445632935,3.2618257999420166
1920,3.508857250213623,0.22056081891059875,3.2882964611053467
1921,3.4977505207061768,0.19681820273399353,3.3009324073791504
1922,3.492231607437134,0.20802520215511322,3.2842063903808594
1923,3.4863901138305664,0.21127578616142273,3.2751142978668213
1924,3.4854915142059326,0.19273696839809418,3.292754650115967
1925,3.5093295574188232,0.22390910983085632,3.2854204177856445
1926,3.4938535690307617,0.214911550283432,3.278942108154297
1927,3.4914612770080566,0.20590031147003174,3.2855608463287354
1928,3.5223453044891357,0.23633335530757904,3.2860119342803955
1929,3.4870927333831787,0.20228734612464905,3.2848052978515625
1930,3.472374439239502,0.1972556710243225,3.275118827819824
1931,3.530060291290283,0.22945013642311096,3.300610065460205
1932,3.5298383235931396,0.23278696835041046,3.297051429748535
1933,3.4772720336914062,0.2002944052219391,3.2769775390625
1934,3.4970855712890625,0.218477264046669,3.2786083221435547
1935,3.4623467922210693,0.20984718203544617,3.252499580383301
1936,3.5008745193481445,0.20816464722156525,3.2927098274230957
1937,3.464278221130371,0.1940280795097351,3.270250082015991
1938,3.482598066329956,0.21046072244644165,3.272137403488159
1939,3.480076313018799,0.20800204575061798,3.2720742225646973
1940,3.4587857723236084,0.1950269639492035,3.263758897781372
1941,3.4722671508789062,0.20260870456695557,3.269658327102661
1942,3.4732298851013184,0.2031441330909729,3.2700858116149902
1943,3.4670984745025635,0.2018287032842636,3.2652697563171387
1944,3.4869837760925293,0.19855405390262604,3.2884297370910645
1945,3.477193832397461,0.20609056949615479,3.2711033821105957
1946,3.45898175239563,0.19040794670581818,3.268573760986328
1947,3.4779536724090576,0.2044743150472641,3.273479461669922
1948,3.4507033824920654,0.1600957214832306,3.2906076908111572
1949,3.510028839111328,0.2298947125673294,3.2801342010498047
1950,3.4754161834716797,0.21699896454811096,3.2584171295166016
1951,3.499361753463745,0.2206830382347107,3.2786786556243896
1952,3.4785914421081543,0.19780784845352173,3.2807836532592773
1953,3.511569023132324,0.23361527919769287,3.277953624725342
1954,3.4603593349456787,0.1843227595090866,3.276036500930786
1955,3.4836912155151367,0.2101573795080185,3.273533821105957
1956,3.4652392864227295,0.1961180567741394,3.2691211700439453
1957,3.466134786605835,0.19749759137630463,3.268637180328369
1958,3.504446268081665,0.21653872728347778,3.287907600402832
1959,3.443671941757202,0.15245535969734192,3.2912166118621826
1960,3.5106496810913086,0.20766198635101318,3.302987575531006
1961,3.4767792224884033,0.2025323212146759,3.27424693107605
1962,3.4797475337982178,0.20724844932556152,3.2724990844726562
1963,3.4808034896850586,0.20325183868408203,3.2775516510009766
1964,3.476916551589966,0.19944682717323303,3.2774696350097656
1965,3.483215808868408,0.20612868666648865,3.2770872116088867
1966,3.483184576034546,0.21863064169883728,3.264554023742676
1967,3.4555463790893555,0.191409170627594,3.2641372680664062
1968,3.493037223815918,0.2203679084777832,3.2726693153381348
1969,3.480327844619751,0.20365199446678162,3.2766759395599365
1970,3.498501777648926,0.21928879618644714,3.2792129516601562
1971,3.5149078369140625,0.23726163804531097,3.27764630317688
1972,3.4849483966827393,0.22284899652004242,3.262099504470825
1973,3.4714903831481934,0.21688678860664368,3.254603624343872
1974,3.5099167823791504,0.2453666776418686,3.26455020904541
1975,3.482760429382324,0.19719521701335907,3.285565137863159
1976,3.4674599170684814,0.19064399600028992,3.276815891265869
1977,3.5070385932922363,0.22760677337646484,3.2794318199157715
1978,3.466419219970703,0.21014854311943054,3.25627064704895
1979,3.490171194076538,0.1996011883020401,3.290570020675659
1980,3.512099027633667,0.23594212532043457,3.2761569023132324
1981,3.476564407348633,0.17824366688728333,3.298320770263672
1982,3.490158796310425,0.2160867154598236,3.2740721702575684
1983,3.490122079849243,0.20215003192424774,3.2879719734191895
1984,3.4740936756134033,0.21217279136180878,3.261920928955078
1985,3.504171371459961,0.2194761037826538,3.2846951484680176
1986,3.521301507949829,0.22245094180107117,3.2988505363464355
1987,3.4446017742156982,0.18452593684196472,3.260075807571411
1988,3.478271722793579,0.19620005786418915,3.282071590423584
1989,3.5128819942474365,0.23782485723495483,3.275057077407837
1990,3.480985641479492,0.216094970703125,3.264890670776367
1991,3.52120304107666,0.2142581343650818,3.3069448471069336
1992,3.4666080474853516,0.1977206915616989,3.2688872814178467
1993,3.5071117877960205,0.1945149004459381,3.3125967979431152
1994,3.4621028900146484,0.18675845861434937,3.2753443717956543
1995,3.4752488136291504,0.19164031744003296,3.2836084365844727
1996,3.511514186859131,0.23178662359714508,3.2797274589538574
1997,3.4988675117492676,0.21204447746276855,3.286823034286499
1998,3.4619181156158447,0.1894688755273819,3.272449254989624
1999,3.4650919437408447,0.20150640606880188,3.2635855674743652
