Step,Tr_Loss,Value_Loss,Policy_Loss
0,3.3845810890197754,0.21792985498905182,3.1666512489318848
1,3.392239570617676,0.23940904438495636,3.1528306007385254
2,3.385453701019287,0.22372350096702576,3.1617302894592285
3,3.386122941970825,0.23795533180236816,3.148167610168457
4,3.3869028091430664,0.24306219816207886,3.1438405513763428
5,3.4169235229492188,0.2601245641708374,3.156798839569092
6,3.388223886489868,0.2402162104845047,3.14800763130188
7,3.432363271713257,0.25397998094558716,3.1783833503723145
8,3.3860721588134766,0.2374476194381714,3.1486244201660156
9,3.4010488986968994,0.23794907331466675,3.163099765777588
10,3.3659510612487793,0.20899391174316406,3.1569571495056152
11,3.4100699424743652,0.2464570850133896,3.1636128425598145
12,3.39618182182312,0.21574337780475616,3.18043851852417
13,3.3646044731140137,0.2248806357383728,3.139723777770996
14,3.386887311935425,0.227833092212677,3.1590542793273926
15,3.4560747146606445,0.2898130416870117,3.166261672973633
16,3.410224199295044,0.25912898778915405,3.151095151901245
17,3.387193202972412,0.2507913410663605,3.136401891708374
18,3.4038326740264893,0.23367474973201752,3.1701579093933105
19,3.3921515941619873,0.2343294322490692,3.1578221321105957
20,3.407106399536133,0.23808667063713074,3.1690196990966797
21,3.381683588027954,0.23106735944747925,3.15061616897583
22,3.406221866607666,0.24061110615730286,3.1656107902526855
23,3.4216277599334717,0.25053709745407104,3.171090602874756
24,3.399409294128418,0.2455965280532837,3.153812885284424
25,3.3600635528564453,0.21913759410381317,3.140925884246826
26,3.3960061073303223,0.24252167344093323,3.153484344482422
27,3.400907516479492,0.23715555667877197,3.1637520790100098
28,3.4336564540863037,0.28314369916915894,3.1505126953125
29,3.3956921100616455,0.2569805681705475,3.138711452484131
30,3.425213575363159,0.2667730450630188,3.158440589904785
31,3.413208484649658,0.2595826983451843,3.153625726699829
32,3.4393370151519775,0.27788040041923523,3.16145658493042
33,3.431669235229492,0.26567068696022034,3.1659984588623047
34,3.422172784805298,0.26456087827682495,3.157611846923828
35,3.3997793197631836,0.2523139715194702,3.147465229034424
36,3.435389757156372,0.2538919746875763,3.181497812271118
37,3.39064884185791,0.2446223497390747,3.146026611328125
38,3.368640661239624,0.22010257840156555,3.148538112640381
39,3.3810365200042725,0.22876602411270142,3.152270555496216
40,3.3875415325164795,0.24718157947063446,3.140359878540039
41,3.364764451980591,0.19718484580516815,3.1675796508789062
42,3.4055731296539307,0.24782583117485046,3.157747268676758
43,3.396202564239502,0.22491112351417542,3.1712913513183594
44,3.388336181640625,0.24150823056697845,3.1468279361724854
45,3.402438163757324,0.2357805222272873,3.1666576862335205
46,3.4020299911499023,0.23858684301376343,3.163443088531494
47,3.423870086669922,0.25082194805145264,3.1730480194091797
48,3.4091897010803223,0.24410593509674072,3.165083646774292
49,3.4318642616271973,0.24664920568466187,3.1852149963378906
50,3.3670756816864014,0.2205619215965271,3.1465137004852295
51,3.374964714050293,0.2106076180934906,3.1643571853637695
52,3.425495147705078,0.2585815191268921,3.1669135093688965
53,3.4021096229553223,0.24070143699645996,3.1614081859588623
54,3.43369197845459,0.2597632110118866,3.173928737640381
55,3.4005045890808105,0.2453218251466751,3.1551828384399414
56,3.3748457431793213,0.2271091341972351,3.1477365493774414
57,3.3743844032287598,0.22881850600242615,3.145565986633301
58,3.3803281784057617,0.22706180810928345,3.153266429901123
59,3.3978309631347656,0.23061077296733856,3.167220115661621
60,3.437282085418701,0.2714018225669861,3.1658802032470703
61,3.4120686054229736,0.26952236890792847,3.1425461769104004
62,3.42631459236145,0.2511679530143738,3.1751465797424316
63,3.4033634662628174,0.24683590233325958,3.156527519226074
64,3.424055576324463,0.24139487743377686,3.1826605796813965
65,3.36196231842041,0.214715838432312,3.1472463607788086
66,3.390150547027588,0.24140344560146332,3.148747205734253
67,3.3819241523742676,0.23548460006713867,3.146439552307129
68,3.3863019943237305,0.23512646555900574,3.1511754989624023
69,3.4007315635681152,0.24091054499149323,3.159821033477783
70,3.3985354900360107,0.24107909202575684,3.157456398010254
71,3.3919241428375244,0.2337692677974701,3.1581549644470215
72,3.3852810859680176,0.2509322464466095,3.1343488693237305
73,3.4184160232543945,0.2464023381471634,3.172013759613037
74,3.4484317302703857,0.28628602623939514,3.1621456146240234
75,3.411954641342163,0.25632113218307495,3.1556334495544434
76,3.425523519515991,0.26456665992736816,3.160956859588623
77,3.4061031341552734,0.25795650482177734,3.148146629333496
78,3.365553140640259,0.22908809781074524,3.136465072631836
79,3.3991568088531494,0.24201089143753052,3.1571459770202637
80,3.4069125652313232,0.25033456087112427,3.1565780639648438
81,3.380666732788086,0.2324420064687729,3.1482248306274414
82,3.387932300567627,0.2381088137626648,3.1498234272003174
83,3.4058001041412354,0.2644701302051544,3.1413300037384033
84,3.451509475708008,0.27024805545806885,3.1812615394592285
85,3.3993165493011475,0.24505452811717987,3.154262065887451
86,3.4202075004577637,0.26097041368484497,3.1592371463775635
87,3.4211630821228027,0.25615644454956055,3.165006637573242
88,3.359349489212036,0.23272490501403809,3.126624584197998
89,3.36977219581604,0.20446905493736267,3.1653032302856445
90,3.408371925354004,0.23382900655269623,3.1745429039001465
91,3.4070794582366943,0.24975572526454926,3.1573238372802734
92,3.403628349304199,0.2494467794895172,3.154181480407715
93,3.389950752258301,0.24345168471336365,3.1464991569519043
94,3.421412706375122,0.2590081989765167,3.1624045372009277
95,3.4147491455078125,0.2646062970161438,3.1501429080963135
96,3.3956239223480225,0.2345188558101654,3.161105155944824
97,3.396765947341919,0.25067204236984253,3.1460938453674316
98,3.392549514770508,0.24562734365463257,3.1469221115112305
99,3.4469456672668457,0.2648882567882538,3.1820573806762695
100,3.3676741123199463,0.21964392066001892,3.1480302810668945
101,3.4136390686035156,0.2532180845737457,3.1604208946228027
102,3.4088597297668457,0.24982783198356628,3.159031867980957
103,3.4067630767822266,0.2355847805738449,3.1711783409118652
104,3.4155397415161133,0.2602602243423462,3.1552793979644775
105,3.398736000061035,0.22961199283599854,3.169124126434326
106,3.4081220626831055,0.2592954933643341,3.1488265991210938
107,3.447761058807373,0.27137887477874756,3.176382064819336
108,3.3919692039489746,0.23483151197433472,3.157137632369995
109,3.438791036605835,0.2636159062385559,3.175175189971924
110,3.4426140785217285,0.2629133462905884,3.1797006130218506
111,3.392759084701538,0.2413816750049591,3.1513774394989014
112,3.4023611545562744,0.23652130365371704,3.165839910507202
113,3.3876748085021973,0.22049477696418762,3.167180061340332
114,3.4257218837738037,0.24982714653015137,3.1758947372436523
115,3.4024412631988525,0.23523983359336853,3.167201519012451
116,3.390446186065674,0.2471284419298172,3.143317699432373
117,3.398054599761963,0.2555477023124695,3.1425068378448486
118,3.396822929382324,0.23081788420677185,3.1660051345825195
119,3.4370782375335693,0.27223947644233704,3.1648387908935547
120,3.4182090759277344,0.2486848682165146,3.1695241928100586
121,3.3771393299102783,0.225691556930542,3.1514477729797363
122,3.4154789447784424,0.2426370233297348,3.172842025756836
123,3.3915390968322754,0.23369687795639038,3.1578421592712402
124,3.37164306640625,0.21762382984161377,3.1540191173553467
125,3.39237117767334,0.24861037731170654,3.1437606811523438
126,3.381950855255127,0.22637927532196045,3.155571699142456
127,3.4266622066497803,0.2802892029285431,3.1463730335235596
128,3.4007627964019775,0.25560447573661804,3.145158290863037
129,3.370798349380493,0.23126360774040222,3.1395347118377686
130,3.376528024673462,0.23771452903747559,3.1388134956359863
131,3.3823747634887695,0.2213844507932663,3.1609902381896973
132,3.371445417404175,0.22237130999565125,3.149074077606201
133,3.358833074569702,0.2151985764503479,3.143634557723999
134,3.3853418827056885,0.2293359488248825,3.156005859375
135,3.3901331424713135,0.2381889820098877,3.151944160461426
136,3.426269769668579,0.25717225670814514,3.169097423553467
137,3.415745258331299,0.26208966970443726,3.153655529022217
138,3.3833298683166504,0.22816839814186096,3.1551613807678223
139,3.412804365158081,0.256748229265213,3.1560561656951904
140,3.3909149169921875,0.27565184235572815,3.115262985229492
141,3.4167630672454834,0.23972439765930176,3.1770386695861816
142,3.4150984287261963,0.2602778971195221,3.154820442199707
143,3.3826406002044678,0.2241075336933136,3.1585330963134766
144,3.3870203495025635,0.2337034046649933,3.1533169746398926
145,3.380277395248413,0.22283625602722168,3.1574411392211914
146,3.41536545753479,0.25632166862487793,3.159043788909912
147,3.4043595790863037,0.23855136334896088,3.1658082008361816
148,3.4287548065185547,0.2545508146286011,3.174204111099243
149,3.366351366043091,0.2074582874774933,3.15889310836792
150,3.3803253173828125,0.2183912992477417,3.1619338989257812
151,3.3993542194366455,0.23445680737495422,3.1648974418640137
152,3.41694712638855,0.24787449836730957,3.1690726280212402
153,3.3825457096099854,0.22643156349658966,3.156114101409912
154,3.438415765762329,0.26034989953041077,3.178065776824951
155,3.3836863040924072,0.22360862791538239,3.1600775718688965
156,3.375983715057373,0.23604771494865417,3.1399359703063965
157,3.4125092029571533,0.2515528202056885,3.160956382751465
158,3.419499158859253,0.24461153149604797,3.1748876571655273
159,3.405088424682617,0.258386492729187,3.1467018127441406
160,3.417576551437378,0.26546216011047363,3.1521143913269043
161,3.3791022300720215,0.2220277041196823,3.157074451446533
162,3.3947947025299072,0.24343237280845642,3.151362419128418
163,3.367418050765991,0.21876825392246246,3.1486496925354004
164,3.3969504833221436,0.2320253551006317,3.1649250984191895
165,3.4093596935272217,0.24385614693164825,3.16550350189209
166,3.3908212184906006,0.2310670167207718,3.1597542762756348
167,3.371866464614868,0.21185189485549927,3.1600146293640137
168,3.3900246620178223,0.23119358718395233,3.1588311195373535
169,3.3841161727905273,0.23927009105682373,3.144845962524414
170,3.3969292640686035,0.229813814163208,3.1671154499053955
171,3.374835729598999,0.22549226880073547,3.149343490600586
172,3.3902041912078857,0.22765091061592102,3.162553310394287
173,3.360524892807007,0.20809195935726166,3.152432918548584
174,3.364377737045288,0.21328724920749664,3.151090383529663
175,3.390872001647949,0.2186235934495926,3.172248363494873
176,3.4157297611236572,0.23365376889705658,3.1820759773254395
177,3.431321144104004,0.26710641384124756,3.164214849472046
178,3.405254602432251,0.24586370587348938,3.159390926361084
179,3.412609815597534,0.26480674743652344,3.1478030681610107
180,3.419583320617676,0.2472277283668518,3.1723556518554688
181,3.3956215381622314,0.23680821061134338,3.158813238143921
182,3.3978214263916016,0.24180682003498077,3.1560146808624268
183,3.383355140686035,0.2167317271232605,3.16662335395813
184,3.422929286956787,0.2587900757789612,3.1641392707824707
185,3.409738302230835,0.24992769956588745,3.1598105430603027
186,3.3849170207977295,0.23195327818393707,3.152963638305664
187,3.4088945388793945,0.23625245690345764,3.1726419925689697
188,3.4195642471313477,0.26105207204818726,3.1585121154785156
189,3.390193462371826,0.2335011065006256,3.1566922664642334
190,3.364192247390747,0.21155612170696259,3.1526360511779785
191,3.409320831298828,0.23770862817764282,3.17161226272583
192,3.4399657249450684,0.27604949474334717,3.1639163494110107
193,3.398221969604492,0.23236142098903656,3.165860652923584
194,3.397052049636841,0.23639746010303497,3.1606545448303223
195,3.3945367336273193,0.23518292605876923,3.159353733062744
196,3.3891141414642334,0.23402807116508484,3.155086040496826
197,3.387403964996338,0.2329135239124298,3.1544904708862305
198,3.4110193252563477,0.24210268259048462,3.168916702270508
199,3.399498701095581,0.2254389226436615,3.1740598678588867
200,3.400728940963745,0.23316983878612518,3.1675591468811035
201,3.352215528488159,0.21400266885757446,3.1382129192352295
202,3.380232572555542,0.21928207576274872,3.1609504222869873
203,3.3811540603637695,0.2263869345188141,3.1547670364379883
204,3.3913660049438477,0.25608664751052856,3.135279417037964
205,3.4039270877838135,0.24839404225349426,3.1555330753326416
206,3.368535041809082,0.23172354698181152,3.1368114948272705
207,3.3936243057250977,0.24645239114761353,3.147171974182129
208,3.3928582668304443,0.24650171399116516,3.1463565826416016
209,3.363769054412842,0.22309473156929016,3.140674352645874
210,3.432769298553467,0.2643622159957886,3.1684069633483887
211,3.435936450958252,0.27494457364082336,3.160991907119751
212,3.419180393218994,0.23936104774475098,3.179819345474243
213,3.366396188735962,0.22612906992435455,3.1402671337127686
214,3.341397285461426,0.1946515142917633,3.1467456817626953
215,3.3714284896850586,0.2243007868528366,3.147127628326416
216,3.4045770168304443,0.2503414452075958,3.154235601425171
217,3.433051109313965,0.26858389377593994,3.1644673347473145
218,3.37152361869812,0.22345514595508575,3.148068428039551
219,3.4114394187927246,0.25026845932006836,3.1611709594726562
220,3.4001779556274414,0.2537137269973755,3.1464643478393555
221,3.369652032852173,0.21061930060386658,3.1590328216552734
222,3.3644790649414062,0.20776277780532837,3.1567163467407227
223,3.3979368209838867,0.2355828881263733,3.162353992462158
224,3.3818001747131348,0.22319456934928894,3.1586055755615234
225,3.399461507797241,0.2425234317779541,3.156938076019287
226,3.3894035816192627,0.2341969758272171,3.1552066802978516
227,3.383518695831299,0.22473782300949097,3.158780813217163
228,3.4072282314300537,0.23333336412906647,3.1738948822021484
229,3.4027822017669678,0.26176008582115173,3.141022205352783
230,3.412059783935547,0.23528693616390228,3.1767728328704834
231,3.3732142448425293,0.20706576108932495,3.1661484241485596
232,3.4082865715026855,0.26488882303237915,3.143397808074951
233,3.405116081237793,0.24341297149658203,3.161703109741211
234,3.397200107574463,0.2445083111524582,3.1526918411254883
235,3.3693606853485107,0.2074446678161621,3.1619160175323486
236,3.4177229404449463,0.25102633237838745,3.166696548461914
237,3.3762199878692627,0.21415069699287415,3.162069320678711
238,3.3743577003479004,0.22299349308013916,3.151364326477051
239,3.3780784606933594,0.22959494590759277,3.1484835147857666
240,3.404449939727783,0.2500540018081665,3.1543960571289062
241,3.4080941677093506,0.24314779043197632,3.1649463176727295
242,3.375487804412842,0.2199910283088684,3.155496835708618
243,3.3760478496551514,0.22677110135555267,3.1492767333984375
244,3.366880416870117,0.1967296600341797,3.1701507568359375
245,3.442995548248291,0.2640378773212433,3.17895770072937
246,3.386263608932495,0.21396517753601074,3.1722984313964844
247,3.400576591491699,0.23350515961647034,3.1670713424682617
248,3.395341396331787,0.23590177297592163,3.1594395637512207
249,3.3712143898010254,0.2123650312423706,3.1588492393493652
250,3.381821393966675,0.2309335321187973,3.150887966156006
251,3.401522397994995,0.23569554090499878,3.1658267974853516
252,3.380526304244995,0.21651051938533783,3.164015769958496
253,3.3704793453216553,0.2278105467557907,3.1426687240600586
254,3.3756518363952637,0.21761886775493622,3.1580328941345215
255,3.402144193649292,0.236555278301239,3.165588855743408
256,3.3615970611572266,0.2259931117296219,3.135603904724121
257,3.3898093700408936,0.24574607610702515,3.1440632343292236
258,3.369854688644409,0.2233736366033554,3.1464810371398926
259,3.355095624923706,0.20719748735427856,3.1478981971740723
260,3.398096799850464,0.23253987729549408,3.1655569076538086
261,3.428267478942871,0.25593864917755127,3.1723289489746094
262,3.3890860080718994,0.22331063449382782,3.1657752990722656
263,3.3658053874969482,0.22574539482593536,3.1400599479675293
264,3.366173028945923,0.20012259483337402,3.166050434112549
265,3.4049341678619385,0.23060250282287598,3.1743316650390625
266,3.3703768253326416,0.2324487566947937,3.137928009033203
267,3.364013910293579,0.2058083862066269,3.158205509185791
268,3.3925364017486572,0.23661641776561737,3.1559200286865234
269,3.410013437271118,0.2476676106452942,3.1623458862304688
270,3.3709583282470703,0.23512983322143555,3.1358284950256348
271,3.399567127227783,0.2473449409008026,3.152222156524658
272,3.3659768104553223,0.2092948704957962,3.156682014465332
273,3.3816030025482178,0.21691766381263733,3.1646852493286133
274,3.357945203781128,0.22660288214683533,3.1313424110412598
275,3.366302490234375,0.23149853944778442,3.1348040103912354
276,3.4338858127593994,0.25145596265792847,3.182429790496826
277,3.3640401363372803,0.22278568148612976,3.141254425048828
278,3.328578472137451,0.19837534427642822,3.1302032470703125
279,3.3917236328125,0.24372437596321106,3.1479992866516113
280,3.3607962131500244,0.22487282752990723,3.135923385620117
281,3.385190725326538,0.22093644738197327,3.1642541885375977
282,3.3782315254211426,0.2303057610988617,3.147925853729248
283,3.42142391204834,0.27069759368896484,3.150726318359375
284,3.3664021492004395,0.21829235553741455,3.1481099128723145
285,3.3878142833709717,0.2352113127708435,3.1526029109954834
286,3.405731678009033,0.23531100153923035,3.1704206466674805
287,3.3683221340179443,0.22857679426670074,3.1397452354431152
288,3.409587860107422,0.24672859907150269,3.1628592014312744
289,3.3547182083129883,0.23604144155979156,3.1186766624450684
290,3.4000117778778076,0.24094009399414062,3.159071683883667
291,3.418272018432617,0.23518456518650055,3.1830873489379883
292,3.370793342590332,0.22325414419174194,3.1475391387939453
293,3.377863883972168,0.2263282835483551,3.1515355110168457
294,3.3842813968658447,0.22242191433906555,3.1618595123291016
295,3.4229016304016113,0.2702508568763733,3.152650833129883
296,3.418813943862915,0.2574402689933777,3.1613736152648926
297,3.410156726837158,0.2370907962322235,3.1730659008026123
298,3.4318997859954834,0.2588362693786621,3.1730635166168213
299,3.4008476734161377,0.2460455596446991,3.154802083969116
300,3.4191412925720215,0.240563303232193,3.1785778999328613
301,3.3487956523895264,0.20412935316562653,3.1446661949157715
302,3.3827853202819824,0.22918277978897095,3.1536026000976562
303,3.3415398597717285,0.21244345605373383,3.129096508026123
304,3.3567004203796387,0.20670020580291748,3.1500000953674316
305,3.4138219356536865,0.2468228042125702,3.166999101638794
306,3.382765054702759,0.22447830438613892,3.1582868099212646
307,3.3732917308807373,0.20354443788528442,3.1697473526000977
308,3.3630733489990234,0.20707598328590393,3.1559972763061523
309,3.400578022003174,0.2544860243797302,3.146091938018799
310,3.401456356048584,0.22799165546894073,3.173464775085449
311,3.3887877464294434,0.2299376130104065,3.1588501930236816
312,3.3819870948791504,0.22873952984809875,3.153247594833374
313,3.3568332195281982,0.2065417766571045,3.1502914428710938
314,3.424193859100342,0.24957716464996338,3.174616813659668
315,3.392324686050415,0.2433144748210907,3.149010181427002
316,3.3912227153778076,0.21424944698810577,3.176973342895508
317,3.4070379734039307,0.2374618649482727,3.1695761680603027
318,3.395317554473877,0.22652152180671692,3.1687960624694824
319,3.354111671447754,0.20503860712051392,3.1490731239318848
320,3.4046213626861572,0.2552647590637207,3.1493566036224365
321,3.4251437187194824,0.2627505660057068,3.162393093109131
322,3.4098033905029297,0.2580145597457886,3.1517887115478516
323,3.3817734718322754,0.20854270458221436,3.1732306480407715
324,3.353961706161499,0.20629152655601501,3.147670269012451
325,3.4021964073181152,0.23719117045402527,3.1650052070617676
326,3.3801944255828857,0.22724726796150208,3.152947187423706
327,3.414308786392212,0.2387804388999939,3.1755282878875732
328,3.3874192237854004,0.22691811621189117,3.160501003265381
329,3.4433176517486572,0.2565893530845642,3.1867282390594482
330,3.414985418319702,0.25440898537635803,3.160576343536377
331,3.408914804458618,0.23847465217113495,3.170440196990967
332,3.374237060546875,0.20786036550998688,3.1663765907287598
333,3.366419553756714,0.21307596564292908,3.153343677520752
334,3.397841453552246,0.2290666401386261,3.1687748432159424
335,3.3679721355438232,0.21354055404663086,3.1544315814971924
336,3.389329433441162,0.23264744877815247,3.156682014465332
337,3.3658766746520996,0.20991727709770203,3.155959367752075
338,3.3951523303985596,0.2536711096763611,3.1414811611175537
339,3.395528793334961,0.23163706064224243,3.1638917922973633
340,3.410547971725464,0.2502848505973816,3.1602630615234375
341,3.361875534057617,0.22596222162246704,3.135913372039795
342,3.4091835021972656,0.2547168433666229,3.1544666290283203
343,3.4173455238342285,0.2632554769515991,3.15408992767334
344,3.3690433502197266,0.20280680060386658,3.166236639022827
345,3.3858680725097656,0.2381664514541626,3.1477017402648926
346,3.3960046768188477,0.22680944204330444,3.1691951751708984
347,3.3993566036224365,0.24970552325248718,3.149651050567627
348,3.3711535930633545,0.21253222227096558,3.158621311187744
349,3.431460380554199,0.2686525583267212,3.1628079414367676
350,3.3950982093811035,0.22719523310661316,3.167902946472168
351,3.370352268218994,0.20807114243507385,3.162281036376953
352,3.3663508892059326,0.21913188695907593,3.147218942642212
353,3.4046084880828857,0.24433353543281555,3.1602749824523926
354,3.400383949279785,0.237269788980484,3.163114070892334
355,3.3714070320129395,0.21773627400398254,3.1536707878112793
356,3.401580810546875,0.2401573359966278,3.161423444747925
357,3.3694403171539307,0.2122686207294464,3.1571717262268066
358,3.384993076324463,0.22420275211334229,3.16079044342041
359,3.4239397048950195,0.2673027217388153,3.156636953353882
360,3.36375093460083,0.2213011533021927,3.1424498558044434
361,3.385753631591797,0.22182555496692657,3.1639280319213867
362,3.4009525775909424,0.23819993436336517,3.162752628326416
363,3.3906612396240234,0.2518470883369446,3.1388142108917236
364,3.4001238346099854,0.2368200719356537,3.163303852081299
365,3.387061834335327,0.2327554076910019,3.154306411743164
366,3.3859870433807373,0.23656685650348663,3.1494202613830566
367,3.393866539001465,0.24275702238082886,3.151109457015991
368,3.4056904315948486,0.24118247628211975,3.1645078659057617
369,3.3828935623168945,0.22513903677463531,3.157754421234131
370,3.4067037105560303,0.2405710518360138,3.166132688522339
371,3.3984920978546143,0.23905155062675476,3.159440517425537
372,3.331326961517334,0.1939610242843628,3.1373658180236816
373,3.3445427417755127,0.20303577184677124,3.1415069103240967
374,3.4020462036132812,0.24922506511211395,3.1528210639953613
375,3.3967323303222656,0.24094635248184204,3.1557860374450684
376,3.4394540786743164,0.2674306631088257,3.172023296356201
377,3.3744418621063232,0.22870758175849915,3.1457343101501465
378,3.413271427154541,0.24183645844459534,3.1714348793029785
379,3.4038031101226807,0.2531937062740326,3.1506094932556152
380,3.395862579345703,0.2370147407054901,3.1588478088378906
381,3.35024356842041,0.20300939679145813,3.1472342014312744
382,3.4092140197753906,0.24645446240901947,3.16275954246521
383,3.399243116378784,0.22491858899593353,3.1743245124816895
384,3.4386138916015625,0.26210734248161316,3.176506519317627
385,3.3842239379882812,0.21505603194236755,3.169167995452881
386,3.3868777751922607,0.24531720578670502,3.1415605545043945
387,3.4147703647613525,0.2483665645122528,3.1664037704467773
388,3.4289822578430176,0.24727508425712585,3.1817071437835693
389,3.395775556564331,0.24402600526809692,3.151749610900879
390,3.3538081645965576,0.21792025864124298,3.135887861251831
391,3.4147469997406006,0.25030213594436646,3.164444923400879
392,3.4042155742645264,0.2494114339351654,3.154804229736328
393,3.372830629348755,0.2331284135580063,3.139702320098877
394,3.3698291778564453,0.22008664906024933,3.149742603302002
395,3.4448328018188477,0.25257784128189087,3.1922550201416016
396,3.3910937309265137,0.24294321238994598,3.1481504440307617
397,3.3955624103546143,0.2470405250787735,3.148521900177002
398,3.40907621383667,0.2318783849477768,3.1771979331970215
399,3.395084857940674,0.22454357147216797,3.170541286468506
400,3.4159460067749023,0.2501111924648285,3.165834903717041
401,3.391627550125122,0.23532292246818542,3.1563045978546143
402,3.3741097450256348,0.24299466609954834,3.131114959716797
403,3.4288880825042725,0.2552483081817627,3.1736397743225098
404,3.408479690551758,0.24218085408210754,3.1662988662719727
405,3.4002387523651123,0.23414969444274902,3.1660890579223633
406,3.387636184692383,0.22556822001934052,3.1620678901672363
407,3.3939425945281982,0.238091841340065,3.155850648880005
408,3.348318338394165,0.20647791028022766,3.1418404579162598
409,3.408921718597412,0.2504879832267761,3.158433675765991
410,3.365640640258789,0.20830342173576355,3.157337188720703
411,3.4037094116210938,0.24186457693576813,3.1618447303771973
412,3.4149322509765625,0.2501237988471985,3.164808511734009
413,3.388848066329956,0.22938665747642517,3.159461498260498
414,3.3554675579071045,0.20803484320640564,3.147432804107666
415,3.4023616313934326,0.24413135647773743,3.1582303047180176
416,3.382071018218994,0.2292790412902832,3.152791976928711
417,3.3572497367858887,0.23184867203235626,3.125401020050049
418,3.3848259449005127,0.23419800400733948,3.150627851486206
419,3.3895552158355713,0.23149214684963226,3.1580631732940674
420,3.400937557220459,0.23427017033100128,3.1666674613952637
421,3.388153553009033,0.23856747150421143,3.1495862007141113
422,3.4117777347564697,0.2560445964336395,3.155733108520508
423,3.439998149871826,0.2694702446460724,3.170527935028076
424,3.4104409217834473,0.25572487711906433,3.1547160148620605
425,3.436999559402466,0.2584678530693054,3.1785316467285156
426,3.408255100250244,0.254224956035614,3.1540300846099854
427,3.410735845565796,0.258188396692276,3.1525473594665527
428,3.379399538040161,0.22680994868278503,3.1525895595550537
429,3.3877365589141846,0.24308466911315918,3.1446518898010254
430,3.3632514476776123,0.2175779491662979,3.1456735134124756
431,3.4333834648132324,0.2700018286705017,3.163381576538086
432,3.351210594177246,0.21754884719848633,3.1336617469787598
433,3.4109652042388916,0.2576654851436615,3.1532998085021973
434,3.372558832168579,0.22858014702796936,3.1439785957336426
435,3.393421173095703,0.22925247251987457,3.1641685962677
436,3.381784439086914,0.2348633110523224,3.146921157836914
437,3.40211820602417,0.24265515804290771,3.1594631671905518
438,3.387943744659424,0.23633518815040588,3.151608467102051
439,3.4343082904815674,0.2582961618900299,3.1760120391845703
440,3.384429454803467,0.24680909514427185,3.137620449066162
441,3.4168777465820312,0.2506800889968872,3.1661977767944336
442,3.397688627243042,0.2382456362247467,3.159442901611328
443,3.381420612335205,0.2352694571018219,3.146151065826416
444,3.3933205604553223,0.23284026980400085,3.160480260848999
445,3.403286933898926,0.2400488704442978,3.163238048553467
446,3.3914237022399902,0.23030605912208557,3.1611175537109375
447,3.354098320007324,0.2090909779071808,3.145007371902466
448,3.3795197010040283,0.21987342834472656,3.1596462726593018
449,3.431274890899658,0.26274025440216064,3.168534755706787
450,3.3697848320007324,0.2132343351840973,3.156550407409668
451,3.3455631732940674,0.20845969021320343,3.13710355758667
452,3.3943276405334473,0.24003219604492188,3.1542954444885254
453,3.387477159500122,0.22589319944381714,3.16158390045166
454,3.4098591804504395,0.24264046549797058,3.1672186851501465
455,3.3557090759277344,0.21739548444747925,3.1383135318756104
456,3.3732566833496094,0.21618759632110596,3.157068967819214
457,3.3691794872283936,0.22116446495056152,3.148015022277832
458,3.3504583835601807,0.18539729714393616,3.1650609970092773
459,3.4047861099243164,0.24951353669166565,3.1552724838256836
460,3.3760108947753906,0.22584307193756104,3.15016770362854
461,3.3999242782592773,0.23963794112205505,3.1602864265441895
462,3.3849265575408936,0.21607765555381775,3.168848991394043
463,3.4261152744293213,0.2536666989326477,3.1724486351013184
464,3.3794641494750977,0.2530063986778259,3.126457691192627
465,3.381995916366577,0.22734300792217255,3.1546528339385986
466,3.371554136276245,0.21927930414676666,3.1522748470306396
467,3.380201578140259,0.2130824625492096,3.167119026184082
468,3.4005162715911865,0.24719509482383728,3.1533212661743164
469,3.400137424468994,0.23905140161514282,3.161086082458496
470,3.4346628189086914,0.2715691924095154,3.1630935668945312
471,3.3876495361328125,0.2207241654396057,3.1669254302978516
472,3.346433401107788,0.21625784039497375,3.1301755905151367
473,3.372389793395996,0.21784532070159912,3.1545443534851074
474,3.3695027828216553,0.20997354388237,3.159529209136963
475,3.4347190856933594,0.2559007704257965,3.1788182258605957
476,3.413156509399414,0.25793588161468506,3.1552205085754395
477,3.365201234817505,0.20624972879886627,3.1589515209198
478,3.386528730392456,0.22078242897987366,3.1657462120056152
479,3.428028106689453,0.2488962560892105,3.1791317462921143
480,3.359591007232666,0.21760782599449158,3.1419832706451416
481,3.420872211456299,0.2500549554824829,3.1708173751831055
482,3.3982348442077637,0.22672951221466064,3.1715052127838135
483,3.4121029376983643,0.24923206865787506,3.1628708839416504
484,3.34006404876709,0.22764070332050323,3.1124234199523926
485,3.4468235969543457,0.26145637035369873,3.1853671073913574
486,3.3942949771881104,0.24840618669986725,3.1458888053894043
487,3.401740789413452,0.22702962160110474,3.174711227416992
488,3.399742603302002,0.22698433697223663,3.1727583408355713
489,3.460733413696289,0.27719104290008545,3.183542490005493
490,3.370393753051758,0.20858421921730042,3.1618094444274902
491,3.3857645988464355,0.2423143982887268,3.1434502601623535
492,3.386030435562134,0.232986718416214,3.153043746948242
493,3.380033493041992,0.22950951755046844,3.1505239009857178
494,3.392817974090576,0.2263658493757248,3.166452169418335
495,3.3503494262695312,0.2098633050918579,3.140486240386963
496,3.36057186126709,0.20918038487434387,3.1513915061950684
497,3.353346824645996,0.20463144779205322,3.1487152576446533
498,3.3691911697387695,0.21880504488945007,3.150386095046997
499,3.3827264308929443,0.2327919453382492,3.1499345302581787
500,3.371006727218628,0.21255066990852356,3.1584560871124268
501,3.386343002319336,0.2365841269493103,3.149758815765381
502,3.3727898597717285,0.22344982624053955,3.1493401527404785
503,3.367220163345337,0.21571451425552368,3.151505708694458
504,3.392404317855835,0.23739157617092133,3.155012845993042
505,3.3482747077941895,0.19025899469852448,3.158015727996826
506,3.4135689735412598,0.24141395092010498,3.1721549034118652
507,3.4105286598205566,0.23463061451911926,3.1758980751037598
508,3.387983798980713,0.23089852929115295,3.1570851802825928
509,3.339648962020874,0.20361848175525665,3.136030435562134
510,3.4055707454681396,0.2219512164592743,3.183619499206543
511,3.357902765274048,0.1974298357963562,3.160472869873047
512,3.3530426025390625,0.19981727004051208,3.1532254219055176
513,3.376488208770752,0.21724426746368408,3.1592438220977783
514,3.4172487258911133,0.2549980878829956,3.1622507572174072
515,3.4174275398254395,0.24057969450950623,3.1768479347229004
516,3.3835813999176025,0.24034003913402557,3.1432414054870605
517,3.4106342792510986,0.23569032549858093,3.1749439239501953
518,3.4076178073883057,0.2554108500480652,3.1522068977355957
519,3.3846287727355957,0.23074859380722046,3.1538801193237305
520,3.399874687194824,0.24088801443576813,3.1589865684509277
521,3.3905367851257324,0.23458386957645416,3.1559529304504395
522,3.407884120941162,0.23984137177467346,3.1680426597595215
523,3.373041868209839,0.22097429633140564,3.1520676612854004
524,3.3804750442504883,0.23406605422496796,3.146409034729004
525,3.381087064743042,0.22407549619674683,3.1570115089416504
526,3.400468111038208,0.24185039103031158,3.1586177349090576
527,3.382458209991455,0.24171610176563263,3.140742063522339
528,3.3690741062164307,0.20374831557273865,3.165325880050659
529,3.42254638671875,0.25572502613067627,3.1668214797973633
530,3.4032843112945557,0.2360798418521881,3.1672043800354004
531,3.3893728256225586,0.23115836083889008,3.158214569091797
532,3.365417003631592,0.23465481400489807,3.1307621002197266
533,3.4297707080841064,0.26032423973083496,3.1694464683532715
534,3.393524169921875,0.23592129349708557,3.1576027870178223
535,3.3851449489593506,0.23961514234542847,3.1455297470092773
536,3.3633029460906982,0.21534401178359985,3.147958993911743
537,3.415472984313965,0.25686758756637573,3.1586053371429443
538,3.401357650756836,0.23950085043907166,3.1618568897247314
539,3.375505208969116,0.22885443270206451,3.146650791168213
540,3.3956010341644287,0.23663631081581116,3.1589646339416504
541,3.3214926719665527,0.17681506276130676,3.1446776390075684
542,3.381077527999878,0.24511593580245972,3.1359615325927734
543,3.3743607997894287,0.22189010679721832,3.152470588684082
544,3.41021990776062,0.24702389538288116,3.163196086883545
545,3.3758645057678223,0.21749871969223022,3.1583657264709473
546,3.36419677734375,0.22247552871704102,3.141721248626709
547,3.35170316696167,0.20952242612838745,3.1421806812286377
548,3.413278341293335,0.2409384548664093,3.172339916229248
549,3.3936853408813477,0.23546496033668518,3.1582202911376953
550,3.3904502391815186,0.2404167503118515,3.150033473968506
551,3.3811275959014893,0.23035690188407898,3.150770664215088
552,3.362475633621216,0.2172616571187973,3.145214080810547
553,3.3821232318878174,0.22443260252475739,3.1576905250549316
554,3.37446928024292,0.22330108284950256,3.15116810798645
555,3.4396772384643555,0.25684654712677,3.182830810546875
556,3.3989126682281494,0.23334680497646332,3.1655659675598145
557,3.3769123554229736,0.2252958118915558,3.1516165733337402
558,3.32947039604187,0.18276745080947876,3.146703004837036
559,3.3870272636413574,0.22037354111671448,3.166653633117676
560,3.379960775375366,0.22214432060718536,3.1578164100646973
561,3.355689764022827,0.20487521588802338,3.1508145332336426
562,3.3876473903656006,0.22318264842033386,3.1644647121429443
563,3.375856399536133,0.2067224085330963,3.1691339015960693
564,3.3949780464172363,0.23274755477905273,3.1622304916381836
565,3.4205963611602783,0.27882862091064453,3.141767740249634
566,3.4065608978271484,0.2585856318473816,3.147975206375122
567,3.402129650115967,0.22118467092514038,3.1809449195861816
568,3.3909287452697754,0.20670832693576813,3.184220314025879
569,3.4116811752319336,0.23670963943004608,3.174971580505371
570,3.3849189281463623,0.2113434374332428,3.1735754013061523
571,3.3744688034057617,0.2089291661977768,3.1655397415161133
572,3.3430655002593994,0.20613940060138702,3.1369261741638184
573,3.397469997406006,0.2248302698135376,3.1726396083831787
574,3.428736925125122,0.2538582682609558,3.1748785972595215
575,3.372788190841675,0.21234823763370514,3.160439968109131
576,3.388237237930298,0.2402099072933197,3.1480274200439453
577,3.401707410812378,0.23146243393421173,3.1702449321746826
578,3.3765594959259033,0.22201980650424957,3.1545395851135254
579,3.3804807662963867,0.2089444398880005,3.171536445617676
580,3.397157669067383,0.2354513704776764,3.1617062091827393
581,3.4037392139434814,0.24550914764404297,3.1582300662994385
582,3.3975789546966553,0.2537515163421631,3.143827438354492
583,3.4201717376708984,0.24630486965179443,3.1738667488098145
584,3.3558921813964844,0.21358829736709595,3.142303943634033
585,3.3664591312408447,0.20340758562088013,3.1630516052246094
586,3.359933376312256,0.21612592041492462,3.1438074111938477
587,3.385453462600708,0.21073274314403534,3.1747207641601562
588,3.373037576675415,0.2338072657585144,3.139230251312256
589,3.4489097595214844,0.2928253412246704,3.1560845375061035
590,3.440420150756836,0.2623733878135681,3.178046703338623
591,3.384826421737671,0.22606953978538513,3.158756971359253
592,3.3665733337402344,0.22013390064239502,3.146439552307129
593,3.3673720359802246,0.22960412502288818,3.137768030166626
594,3.4307007789611816,0.25906068086624146,3.171640157699585
595,3.3599350452423096,0.21128055453300476,3.1486544609069824
596,3.395681858062744,0.2408897876739502,3.154792070388794
597,3.4158833026885986,0.23909598588943481,3.1767873764038086
598,3.385361433029175,0.22725611925125122,3.1581053733825684
599,3.394649028778076,0.23546117544174194,3.1591877937316895
600,3.3649237155914307,0.22239604592323303,3.1425275802612305
601,3.4353785514831543,0.2648119032382965,3.1705665588378906
602,3.4045796394348145,0.23518668115139008,3.1693930625915527
603,3.3523504734039307,0.20575299859046936,3.146597385406494
604,3.391939640045166,0.22919970750808716,3.1627399921417236
605,3.364154815673828,0.20412729680538177,3.160027503967285
606,3.3691816329956055,0.22468620538711548,3.1444954872131348
607,3.3546738624572754,0.2043362855911255,3.1503376960754395
608,3.377811908721924,0.20391422510147095,3.1738977432250977
609,3.384528160095215,0.22564786672592163,3.1588802337646484
610,3.3811147212982178,0.20146583020687103,3.1796488761901855
611,3.3599438667297363,0.21709689497947693,3.1428470611572266
612,3.347386121749878,0.18601101636886597,3.161375045776367
613,3.403033971786499,0.23854094743728638,3.1644930839538574
614,3.442729949951172,0.271422415971756,3.1713075637817383
615,3.365302801132202,0.20797984302043915,3.157322883605957
616,3.3677711486816406,0.2141818106174469,3.1535892486572266
617,3.367060661315918,0.2225937843322754,3.1444668769836426
618,3.4075121879577637,0.23454278707504272,3.172969341278076
619,3.387700080871582,0.22111725807189941,3.1665828227996826
620,3.3634750843048096,0.2048947662115097,3.1585803031921387
621,3.3909902572631836,0.22247733175754547,3.1685128211975098
622,3.393622636795044,0.2270350605249405,3.1665875911712646
623,3.400501251220703,0.24699169397354126,3.1535096168518066
624,3.3667635917663574,0.21286149322986603,3.153902053833008
625,3.3799595832824707,0.2332964390516281,3.146663188934326
626,3.3907036781311035,0.2429995834827423,3.1477041244506836
627,3.348853349685669,0.19261297583580017,3.156240463256836
628,3.3476333618164062,0.20955711603164673,3.1380763053894043
629,3.3574769496917725,0.21027857065200806,3.147198438644409
630,3.344961404800415,0.2074262499809265,3.1375350952148438
631,3.3741841316223145,0.2177320122718811,3.156452178955078
632,3.367677927017212,0.22799375653266907,3.1396842002868652
633,3.3620848655700684,0.2191784679889679,3.142906427383423
634,3.4403064250946045,0.2697150707244873,3.170591354370117
635,3.407365560531616,0.2570795714855194,3.1502859592437744
636,3.3661692142486572,0.20762626826763153,3.1585428714752197
637,3.3514795303344727,0.2151011824607849,3.136378288269043
638,3.385958671569824,0.21866746246814728,3.1672911643981934
639,3.3862714767456055,0.2198730707168579,3.166398525238037
640,3.3716328144073486,0.20734092593193054,3.1642918586730957
641,3.4205946922302246,0.264434278011322,3.156160354614258
642,3.39618182182312,0.22025616466999054,3.1759257316589355
643,3.414226770401001,0.24693989753723145,3.1672868728637695
644,3.407247543334961,0.24087420105934143,3.1663732528686523
645,3.369462728500366,0.22501739859580994,3.1444454193115234
646,3.4099552631378174,0.23880738019943237,3.1711478233337402
647,3.384239435195923,0.21667896211147308,3.167560577392578
648,3.404754161834717,0.2366042137145996,3.168149948120117
649,3.409165382385254,0.25476229190826416,3.1544029712677
650,3.3855526447296143,0.23259000480175018,3.1529626846313477
651,3.3551337718963623,0.20153018832206726,3.1536035537719727
652,3.3833236694335938,0.2312927395105362,3.1520309448242188
653,3.3721084594726562,0.23576539754867554,3.136343002319336
654,3.391805410385132,0.23989182710647583,3.151913642883301
655,3.3903911113739014,0.2414853274822235,3.1489057540893555
656,3.382625102996826,0.21038207411766052,3.172243118286133
657,3.4109487533569336,0.23794418573379517,3.173004627227783
658,3.4200761318206787,0.2314891219139099,3.188586950302124
659,3.367382764816284,0.20649303495883942,3.1608896255493164
660,3.363293170928955,0.21427057683467865,3.1490225791931152
661,3.36102032661438,0.20359893143177032,3.157421350479126
662,3.3824281692504883,0.22162972390651703,3.1607985496520996
663,3.354762554168701,0.20268869400024414,3.152073860168457
664,3.3981454372406006,0.236917644739151,3.1612277030944824
665,3.380448579788208,0.23771408200263977,3.1427345275878906
666,3.3670315742492676,0.21849986910820007,3.148531675338745
667,3.371724843978882,0.2218831181526184,3.149841785430908
668,3.3699846267700195,0.20889461040496826,3.1610898971557617
669,3.3855414390563965,0.23705679178237915,3.148484706878662
670,3.3333017826080322,0.18691328167915344,3.146388530731201
671,3.368351697921753,0.2099234163761139,3.158428192138672
672,3.3856663703918457,0.2419705092906952,3.143695831298828
673,3.385528087615967,0.22779317200183868,3.1577348709106445
674,3.3781237602233887,0.2215810865163803,3.1565427780151367
675,3.353752613067627,0.19000017642974854,3.163752555847168
676,3.385723114013672,0.2411237359046936,3.144599437713623
677,3.354842185974121,0.21182262897491455,3.143019676208496
678,3.390967607498169,0.2496633529663086,3.1413042545318604
679,3.413747787475586,0.24235650897026062,3.171391248703003
680,3.357811689376831,0.22242479026317596,3.1353869438171387
681,3.369593381881714,0.22024250030517578,3.149350881576538
682,3.3635926246643066,0.21252962946891785,3.1510629653930664
683,3.3701417446136475,0.21492280066013336,3.1552188396453857
684,3.394739866256714,0.23004943132400513,3.1646904945373535
685,3.3291773796081543,0.19099295139312744,3.1381845474243164
686,3.3635005950927734,0.20163196325302124,3.1618685722351074
687,3.3964056968688965,0.2301122546195984,3.1662933826446533
688,3.3887903690338135,0.23410536348819733,3.1546850204467773
689,3.3491408824920654,0.2106511890888214,3.1384897232055664
690,3.333796977996826,0.1915927529335022,3.1422042846679688
691,3.3999083042144775,0.2369195818901062,3.1629886627197266
692,3.4225635528564453,0.26289746165275574,3.159666061401367
693,3.409417152404785,0.23615631461143494,3.1732609272003174
694,3.3944342136383057,0.24763241410255432,3.146801710128784
695,3.3613100051879883,0.2194117307662964,3.1418983936309814
696,3.411565065383911,0.23830431699752808,3.1732606887817383
697,3.4477992057800293,0.28386810421943665,3.163931131362915
698,3.37272572517395,0.22280658781528473,3.149919033050537
699,3.3515589237213135,0.20123355090618134,3.150325298309326
700,3.3455567359924316,0.19204232096672058,3.1535143852233887
701,3.4096474647521973,0.24568869173526764,3.163958787918091
702,3.360224962234497,0.21945682168006897,3.140768051147461
703,3.352473735809326,0.21403439342975616,3.138439416885376
704,3.393904685974121,0.2381906509399414,3.1557140350341797
705,3.3893988132476807,0.23300251364707947,3.1563963890075684
706,3.3947267532348633,0.23298966884613037,3.1617369651794434
707,3.3782544136047363,0.223265141248703,3.154989242553711
708,3.3349804878234863,0.19235703349113464,3.1426234245300293
709,3.400461196899414,0.24546077847480774,3.1550004482269287
710,3.4376869201660156,0.26106393337249756,3.1766228675842285
711,3.377243995666504,0.22828823328018188,3.148955821990967
712,3.3912198543548584,0.24260373413562775,3.148616075515747
713,3.405947208404541,0.2543337941169739,3.151613473892212
714,3.417250156402588,0.24226558208465576,3.1749844551086426
715,3.3710694313049316,0.20762890577316284,3.163440465927124
716,3.422384738922119,0.24412289261817932,3.1782617568969727
717,3.4085230827331543,0.23829886317253113,3.170224189758301
718,3.4040162563323975,0.24391399323940277,3.160102367401123
719,3.380746364593506,0.22297601401805878,3.1577703952789307
720,3.3603627681732178,0.2085973471403122,3.1517653465270996
721,3.3802597522735596,0.22543351352214813,3.1548261642456055
722,3.369555711746216,0.2186579555273056,3.150897741317749
723,3.4095494747161865,0.2563776671886444,3.1531717777252197
724,3.3880012035369873,0.2307150959968567,3.1572861671447754
725,3.373082399368286,0.24067920446395874,3.1324031352996826
726,3.4216690063476562,0.25666025280952454,3.165008783340454
727,3.3728251457214355,0.2312760204076767,3.1415491104125977
728,3.4268150329589844,0.266156405210495,3.160658597946167
729,3.3600122928619385,0.21821753680706024,3.1417946815490723
730,3.426642417907715,0.2523478865623474,3.1742944717407227
731,3.3895680904388428,0.23600007593631744,3.1535680294036865
732,3.349972724914551,0.2155727744102478,3.134399890899658
733,3.3705332279205322,0.2193964421749115,3.151136875152588
734,3.472791910171509,0.23810845613479614,3.2346835136413574
735,3.3784985542297363,0.22066155076026917,3.1578369140625
736,3.434187889099121,0.24759246408939362,3.1865954399108887
737,3.3894622325897217,0.23674076795578003,3.152721405029297
738,3.3850722312927246,0.2290649116039276,3.1560072898864746
739,3.3592019081115723,0.22113752365112305,3.138064384460449
740,3.3882884979248047,0.23243895173072815,3.1558494567871094
741,3.359757661819458,0.21900145709514618,3.140756130218506
742,3.4011826515197754,0.23125243186950684,3.1699302196502686
743,3.379455327987671,0.21709847450256348,3.1623568534851074
744,3.3887510299682617,0.2452259659767151,3.1435251235961914
745,3.3854479789733887,0.23664572834968567,3.1488022804260254
746,3.3809964656829834,0.22850079834461212,3.1524956226348877
747,3.3759732246398926,0.22976285219192505,3.1462104320526123
748,3.3856008052825928,0.2160782366991043,3.169522523880005
749,3.378154754638672,0.21427524089813232,3.16387939453125
750,3.4159557819366455,0.2545427978038788,3.1614129543304443
751,3.3617186546325684,0.20978069305419922,3.151937961578369
752,3.3853752613067627,0.22975978255271912,3.1556155681610107
753,3.3697125911712646,0.21385321021080017,3.1558594703674316
754,3.3642334938049316,0.20964345335960388,3.154590129852295
755,3.376608371734619,0.23570573329925537,3.1409027576446533
756,3.388636589050293,0.22037506103515625,3.1682615280151367
757,3.3607311248779297,0.2110215425491333,3.149709701538086
758,3.367774724960327,0.21320867538452148,3.1545660495758057
759,3.384826183319092,0.2277684509754181,3.157057762145996
760,3.381661891937256,0.22185957431793213,3.1598024368286133
761,3.381526470184326,0.21547457575798035,3.1660518646240234
762,3.370800018310547,0.21246057748794556,3.158339500427246
763,3.3459420204162598,0.20811404287815094,3.1378278732299805
764,3.3527214527130127,0.20706573128700256,3.145655632019043
765,3.364931106567383,0.18991892039775848,3.1750121116638184
766,3.3948750495910645,0.24215161800384521,3.1527233123779297
767,3.369905471801758,0.20070840418338776,3.1691970825195312
768,3.3629088401794434,0.20953616499900818,3.1533727645874023
769,3.3598179817199707,0.19521468877792358,3.1646032333374023
770,3.366981029510498,0.2175097018480301,3.1494712829589844
771,3.3598568439483643,0.20994772017002106,3.149909019470215
772,3.4043197631835938,0.24094799160957336,3.1633718013763428
773,3.406277894973755,0.24444180727005005,3.1618361473083496
774,3.357970952987671,0.21472477912902832,3.1432461738586426
775,3.3765323162078857,0.2269328236579895,3.149599552154541
776,3.4178318977355957,0.24292190372943878,3.174910068511963
777,3.3673465251922607,0.2197844535112381,3.147562026977539
778,3.3881468772888184,0.22077275812625885,3.1673741340637207
779,3.333918333053589,0.19166699051856995,3.1422512531280518
780,3.3726067543029785,0.2276301383972168,3.1449766159057617
781,3.346632719039917,0.1860668659210205,3.1605658531188965
782,3.370454788208008,0.21432162821292877,3.1561331748962402
783,3.3214850425720215,0.1839943677186966,3.137490749359131
784,3.386275053024292,0.22691884636878967,3.159356117248535
785,3.3851311206817627,0.22436092793941498,3.1607701778411865
786,3.372581720352173,0.22099469602108002,3.1515870094299316
787,3.3951315879821777,0.21343505382537842,3.1816964149475098
788,3.3845744132995605,0.2298516035079956,3.1547226905822754
789,3.3700037002563477,0.21860022842884064,3.1514034271240234
790,3.4003405570983887,0.24020415544509888,3.1601364612579346
791,3.4068710803985596,0.2397725135087967,3.1670985221862793
792,3.33566951751709,0.19120818376541138,3.1444613933563232
793,3.379940986633301,0.22265790402889252,3.157283067703247
794,3.3862459659576416,0.21876826882362366,3.167477607727051
795,3.3650336265563965,0.20235146582126617,3.162682056427002
796,3.394893169403076,0.22954759001731873,3.1653456687927246
797,3.3838350772857666,0.23632365465164185,3.1475114822387695
798,3.36535906791687,0.20278368890285492,3.1625754833221436
799,3.4170992374420166,0.24242326617240906,3.174675941467285
800,3.3835344314575195,0.20711898803710938,3.17641544342041
801,3.3947200775146484,0.23571527004241943,3.1590046882629395
802,3.409503221511841,0.23184603452682495,3.177657127380371
803,3.356017827987671,0.1978643238544464,3.158153533935547
804,3.378220558166504,0.21330338716506958,3.164917230606079
805,3.3725104331970215,0.20997539162635803,3.1625349521636963
806,3.380310297012329,0.22126251459121704,3.159047842025757
807,3.3423783779144287,0.19961078464984894,3.1427676677703857
808,3.351135730743408,0.2235933542251587,3.12754225730896
809,3.355132579803467,0.20864790678024292,3.146484613418579
810,3.3831708431243896,0.24131573736667633,3.141855001449585
811,3.3715953826904297,0.2228734791278839,3.148721933364868
812,3.3874969482421875,0.2208828330039978,3.166614055633545
813,3.385852813720703,0.20896348357200623,3.176889419555664
814,3.3887555599212646,0.24417810142040253,3.1445775032043457
815,3.3835718631744385,0.23880444467067719,3.1447675228118896
816,3.3536016941070557,0.21311022341251373,3.140491485595703
817,3.3988101482391357,0.24630126357078552,3.1525089740753174
818,3.3990426063537598,0.2328418791294098,3.166200637817383
819,3.3420684337615967,0.2002565860748291,3.1418118476867676
820,3.354041814804077,0.21230711042881012,3.1417346000671387
821,3.3687615394592285,0.22084057331085205,3.147921085357666
822,3.3819265365600586,0.21824930608272552,3.163677215576172
823,3.3972256183624268,0.23058919608592987,3.1666364669799805
824,3.3920140266418457,0.22780320048332214,3.164210796356201
825,3.3766138553619385,0.21877115964889526,3.1578426361083984
826,3.3776068687438965,0.2309149205684662,3.1466920375823975
827,3.3768227100372314,0.22116008400917053,3.1556625366210938
828,3.392650842666626,0.23501284420490265,3.1576380729675293
829,3.3638322353363037,0.2198244035243988,3.144007921218872
830,3.341026782989502,0.21478162705898285,3.1262452602386475
831,3.3617124557495117,0.2002626657485962,3.161449670791626
832,3.3465206623077393,0.20376244187355042,3.1427581310272217
833,3.3942840099334717,0.23172731697559357,3.1625566482543945
834,3.3808376789093018,0.23224224150180817,3.1485953330993652
835,3.374408721923828,0.21818821132183075,3.1562204360961914
836,3.3820266723632812,0.22853848338127136,3.1534881591796875
837,3.3715343475341797,0.2107475996017456,3.1607868671417236
838,3.335391044616699,0.17875301837921143,3.1566379070281982
839,3.39630389213562,0.25488996505737305,3.141413927078247
840,3.3784115314483643,0.21816298365592957,3.1602485179901123
841,3.372878074645996,0.22609511017799377,3.146782875061035
842,3.3771047592163086,0.2288493812084198,3.1482553482055664
843,3.371727466583252,0.22013454139232635,3.151592969894409
844,3.394266366958618,0.22294215857982635,3.1713242530822754
845,3.3754873275756836,0.21503615379333496,3.1604511737823486
846,3.3869376182556152,0.2272145301103592,3.1597230434417725
847,3.386173963546753,0.21849402785301208,3.167680025100708
848,3.3713831901550293,0.22064164280891418,3.1507415771484375
849,3.3714141845703125,0.20659580826759338,3.164818286895752
850,3.385708808898926,0.2296547293663025,3.1560540199279785
851,3.396817684173584,0.2501601278781891,3.1466574668884277
852,3.3920841217041016,0.23464713990688324,3.1574370861053467
853,3.3692944049835205,0.2242092788219452,3.145085096359253
854,3.334620475769043,0.20035254955291748,3.134268045425415
855,3.393639326095581,0.23181533813476562,3.1618239879608154
856,3.425102710723877,0.2548519968986511,3.170250654220581
857,3.4020884037017822,0.2595255374908447,3.1425628662109375
858,3.37821102142334,0.2003118097782135,3.177899122238159
859,3.337399482727051,0.19074231386184692,3.1466572284698486
860,3.3663504123687744,0.20448848605155945,3.1618618965148926
861,3.3689522743225098,0.21746309101581573,3.1514892578125
862,3.3437108993530273,0.1963016539812088,3.147409200668335
863,3.3980565071105957,0.23238840699195862,3.16566801071167
864,3.3599910736083984,0.20957988500595093,3.1504111289978027
865,3.382286787033081,0.2397812455892563,3.142505645751953
866,3.4220471382141113,0.25120124220848083,3.1708459854125977
867,3.342905044555664,0.1921447515487671,3.1507601737976074
868,3.401309013366699,0.24539732933044434,3.155911684036255
869,3.4228131771087646,0.2598235011100769,3.162989616394043
870,3.3654539585113525,0.19550928473472595,3.1699447631835938
871,3.3776259422302246,0.22154465317726135,3.156081199645996
872,3.3772785663604736,0.21234995126724243,3.164928674697876
873,3.3915786743164062,0.21675384044647217,3.1748247146606445
874,3.3532118797302246,0.2059727907180786,3.1472392082214355
875,3.415809392929077,0.24416285753250122,3.1716465950012207
876,3.370103120803833,0.214618980884552,3.155484199523926
877,3.411395788192749,0.23267677426338196,3.1787190437316895
878,3.378194808959961,0.2088894546031952,3.1693053245544434
879,3.3921637535095215,0.2337522804737091,3.1584115028381348
880,3.3754518032073975,0.22891660034656525,3.1465351581573486
881,3.352365255355835,0.20608261227607727,3.14628267288208
882,3.3774428367614746,0.2432156503200531,3.1342272758483887
883,3.3812804222106934,0.2322159707546234,3.149064540863037
884,3.3603692054748535,0.196495920419693,3.1638731956481934
885,3.386080503463745,0.2236878126859665,3.1623926162719727
886,3.371840000152588,0.228429913520813,3.1434102058410645
887,3.3688113689422607,0.2267443835735321,3.1420669555664062
888,3.3864200115203857,0.24362076818943024,3.142799139022827
889,3.3604629039764404,0.20554272830486298,3.1549201011657715
890,3.3931243419647217,0.22299166023731232,3.170132637023926
891,3.391023874282837,0.22467073798179626,3.166353225708008
892,3.4106810092926025,0.23575526475906372,3.1749258041381836
893,3.3861937522888184,0.22826015949249268,3.157933473587036
894,3.366567850112915,0.20243188738822937,3.1641359329223633
895,3.3437821865081787,0.2144400179386139,3.1293420791625977
896,3.436281681060791,0.25873422622680664,3.1775474548339844
897,3.3878371715545654,0.23367223143577576,3.154165029525757
898,3.3650732040405273,0.218300461769104,3.146772861480713
899,3.3928873538970947,0.22761984169483185,3.1652674674987793
900,3.401671886444092,0.22866418957710266,3.1730077266693115
901,3.3707540035247803,0.21364052593708038,3.157113552093506
902,3.3527321815490723,0.20638328790664673,3.1463489532470703
903,3.417816638946533,0.24357368052005768,3.1742429733276367
904,3.4070520401000977,0.22371719777584076,3.1833348274230957
905,3.394632339477539,0.2318563014268875,3.162775993347168
906,3.3875362873077393,0.2402460128068924,3.1472902297973633
907,3.397573947906494,0.24320325255393982,3.1543707847595215
908,3.357607841491699,0.22175151109695435,3.1358563899993896
909,3.3851335048675537,0.22316613793373108,3.1619672775268555
910,3.32680606842041,0.17480534315109253,3.152000665664673
911,3.374798536300659,0.219342440366745,3.155456066131592
912,3.395453453063965,0.23198071122169495,3.1634726524353027
913,3.3930861949920654,0.21550099551677704,3.1775851249694824
914,3.3645195960998535,0.22351519763469696,3.1410043239593506
915,3.4021921157836914,0.24943852424621582,3.1527535915374756
916,3.3300585746765137,0.18798458576202393,3.1420738697052
917,3.360947608947754,0.20827054977416992,3.152677059173584
918,3.346954107284546,0.20669500529766083,3.140259027481079
919,3.352750778198242,0.19256064295768738,3.1601901054382324
920,3.3698387145996094,0.22090156376361847,3.148937225341797
921,3.3837008476257324,0.22283098101615906,3.160869836807251
922,3.368783712387085,0.2197519838809967,3.149031639099121
923,3.3672897815704346,0.20919401943683624,3.1580958366394043
924,3.374190092086792,0.23084810376167297,3.1433420181274414
925,3.3939857482910156,0.2363995909690857,3.157586097717285
926,3.3624584674835205,0.20297113060951233,3.159487247467041
927,3.3940348625183105,0.2321915328502655,3.1618432998657227
928,3.346214532852173,0.2024526447057724,3.1437618732452393
929,3.399108648300171,0.241654634475708,3.157454013824463
930,3.4135947227478027,0.2447432279586792,3.168851375579834
931,3.3621981143951416,0.21257540583610535,3.149622678756714
932,3.377800941467285,0.22731217741966248,3.15048885345459
933,3.398988723754883,0.23545260727405548,3.1635360717773438
934,3.3921334743499756,0.2321554571390152,3.159977912902832
935,3.3975651264190674,0.23214271664619446,3.1654224395751953
936,3.371572971343994,0.21474698185920715,3.1568260192871094
937,3.382685899734497,0.20953764021396637,3.1731481552124023
938,3.343914270401001,0.19520452618598938,3.148709774017334
939,3.356165647506714,0.20434249937534332,3.151823043823242
940,3.3829996585845947,0.21458649635314941,3.1684131622314453
941,3.3554234504699707,0.19101928174495697,3.1644041538238525
942,3.4022254943847656,0.24173125624656677,3.160494327545166
943,3.388869524002075,0.22448912262916565,3.1643803119659424
944,3.419254779815674,0.26794013381004333,3.1513147354125977
945,3.3780508041381836,0.2098349630832672,3.168215751647949
946,3.3804197311401367,0.22228261828422546,3.158137083053589
947,3.339722156524658,0.2003473937511444,3.1393747329711914
948,3.354605197906494,0.20189152657985687,3.1527137756347656
949,3.3773140907287598,0.22500118613243103,3.152312994003296
950,3.379525661468506,0.22667968273162842,3.152845859527588
951,3.3357338905334473,0.1760469675064087,3.159686803817749
952,3.400934934616089,0.24007654190063477,3.160858392715454
953,3.354074716567993,0.20316234230995178,3.150912284851074
954,3.4011600017547607,0.25543802976608276,3.145721912384033
955,3.419715404510498,0.24276694655418396,3.1769485473632812
956,3.3778116703033447,0.2191622406244278,3.158649444580078
957,3.368577003479004,0.21545171737670898,3.153125286102295
958,3.3757243156433105,0.20374344289302826,3.171980857849121
959,3.3596155643463135,0.20183444023132324,3.1577811241149902
960,3.381538152694702,0.23315481841564178,3.148383378982544
961,3.357887029647827,0.22280475497245789,3.135082244873047
962,3.3781468868255615,0.2072426974773407,3.1709041595458984
963,3.374534845352173,0.20432063937187195,3.1702141761779785
964,3.35182523727417,0.21331185102462769,3.1385133266448975
965,3.3998358249664307,0.2398834228515625,3.159952402114868
966,3.3553695678710938,0.2001112699508667,3.1552581787109375
967,3.3533802032470703,0.2048540860414505,3.148526191711426
968,3.389314651489258,0.21930742263793945,3.1700072288513184
969,3.406059980392456,0.24128323793411255,3.1647768020629883
970,3.356995105743408,0.20843511819839478,3.148560047149658
971,3.3972103595733643,0.23970715701580048,3.157503128051758
972,3.344339609146118,0.19723571836948395,3.147103786468506
973,3.3886871337890625,0.22662344574928284,3.1620635986328125
974,3.3643124103546143,0.2088014781475067,3.155510902404785
975,3.3788185119628906,0.2288421392440796,3.1499762535095215
976,3.3340349197387695,0.17306523025035858,3.1609697341918945
977,3.373154878616333,0.21863791346549988,3.1545169353485107
978,3.338890552520752,0.19925205409526825,3.1396384239196777
979,3.4746484756469727,0.29458072781562805,3.180067777633667
980,3.365743637084961,0.23016123473644257,3.135582447052002
981,3.3949601650238037,0.23623234033584595,3.1587278842926025
982,3.3586368560791016,0.20234526693820953,3.1562914848327637
983,3.362421751022339,0.2010495662689209,3.161372184753418
984,3.35345196723938,0.19670121371746063,3.1567506790161133
985,3.367861270904541,0.19108106195926666,3.1767802238464355
986,3.3809123039245605,0.22431811690330505,3.1565942764282227
987,3.3866000175476074,0.22690217196941376,3.1596977710723877
988,3.388678550720215,0.21964414417743683,3.169034481048584
989,3.3550539016723633,0.22403307259082794,3.1310207843780518
990,3.369809865951538,0.21810504794120789,3.151704788208008
991,3.391416311264038,0.22263294458389282,3.16878342628479
992,3.368070125579834,0.19816727936267853,3.169902801513672
993,3.3892910480499268,0.24184511601924896,3.1474459171295166
994,3.3752031326293945,0.21516761183738708,3.1600356101989746
995,3.4009475708007812,0.2441650629043579,3.156782627105713
996,3.3761749267578125,0.21736395359039307,3.158811092376709
997,3.414080858230591,0.243004709482193,3.1710760593414307
998,3.3652689456939697,0.19515250623226166,3.170116424560547
999,3.3930716514587402,0.23247294127941132,3.1605987548828125
1000,3.3666090965270996,0.20490863919258118,3.161700487136841
1001,3.4024133682250977,0.24074319005012512,3.161670207977295
1002,3.3470494747161865,0.21155956387519836,3.1354899406433105
1003,3.3714442253112793,0.20990508794784546,3.161539077758789
1004,3.342924118041992,0.19499307870864868,3.1479310989379883
1005,3.4022598266601562,0.23730513453483582,3.164954662322998
1006,3.3926496505737305,0.23620697855949402,3.156442642211914
1007,3.3818440437316895,0.22779317200183868,3.154050827026367
1008,3.3699450492858887,0.2167264223098755,3.1532187461853027
1009,3.3893649578094482,0.23129244148731232,3.1580724716186523
1010,3.4214091300964355,0.23364105820655823,3.18776798248291
1011,3.4038355350494385,0.24669012427330017,3.1571455001831055
1012,3.349240779876709,0.1926005482673645,3.1566402912139893
1013,3.3802638053894043,0.22322463989257812,3.157039165496826
1014,3.363298177719116,0.19933542609214783,3.1639628410339355
1015,3.3610856533050537,0.20642304420471191,3.154662609100342
1016,3.4007153511047363,0.2349858582019806,3.165729522705078
1017,3.3864357471466064,0.23377181589603424,3.1526639461517334
1018,3.3556370735168457,0.2060183435678482,3.149618625640869
1019,3.3414669036865234,0.19156907498836517,3.149897813796997
1020,3.370055675506592,0.20953714847564697,3.1605186462402344
1021,3.3729257583618164,0.23986239731311798,3.133063316345215
1022,3.389720916748047,0.22709232568740845,3.162628650665283
1023,3.3812427520751953,0.23606324195861816,3.145179510116577
1024,3.362448215484619,0.19545027613639832,3.1669979095458984
1025,3.325237512588501,0.1880020797252655,3.137235403060913
1026,3.3884501457214355,0.23937322199344635,3.1490769386291504
1027,3.3512122631073,0.19398760795593262,3.157224655151367
1028,3.377232789993286,0.22980138659477234,3.1474313735961914
1029,3.3862557411193848,0.23718255758285522,3.1490731239318848
1030,3.345080852508545,0.20428317785263062,3.1407976150512695
1031,3.3428869247436523,0.2034529447555542,3.1394338607788086
1032,3.354806423187256,0.19877848029136658,3.1560280323028564
1033,3.3510167598724365,0.19997861981391907,3.15103816986084
1034,3.4077365398406982,0.25319263339042664,3.154543876647949
1035,3.3763327598571777,0.21474304795265198,3.1615896224975586
1036,3.382178783416748,0.21683402359485626,3.165344715118408
1037,3.3708600997924805,0.2267978936433792,3.1440622806549072
1038,3.3199079036712646,0.1738789826631546,3.146028995513916
1039,3.368778944015503,0.21621166169643402,3.1525673866271973
1040,3.4100005626678467,0.25630858540534973,3.1536920070648193
1041,3.342583417892456,0.20963691174983978,3.132946491241455
1042,3.408151865005493,0.24781674146652222,3.160335063934326
1043,3.374377727508545,0.21800076961517334,3.156376838684082
1044,3.3739967346191406,0.2194327563047409,3.1545639038085938
1045,3.353400707244873,0.2074260711669922,3.145974636077881
1046,3.385267496109009,0.22130972146987915,3.1639578342437744
1047,3.3609633445739746,0.19477713108062744,3.1661860942840576
1048,3.3756022453308105,0.23511037230491638,3.1404919624328613
1049,3.36995530128479,0.22598770260810852,3.143967628479004
1050,3.3606560230255127,0.2068837583065033,3.1537723541259766
1051,3.377723217010498,0.21986901760101318,3.1578540802001953
1052,3.398695468902588,0.2178894579410553,3.1808059215545654
1053,3.383427619934082,0.21648913621902466,3.166938543319702
1054,3.3830320835113525,0.23903414607048035,3.14399790763855
1055,3.4034650325775146,0.22468532621860504,3.1787796020507812
1056,3.399683713912964,0.22934415936470032,3.170339584350586
1057,3.3671584129333496,0.21572555601596832,3.151432752609253
1058,3.36810040473938,0.2115388661623001,3.1565616130828857
1059,3.3999969959259033,0.22700053453445435,3.1729965209960938
1060,3.3414223194122314,0.18628135323524475,3.1551408767700195
1061,3.3662500381469727,0.21982574462890625,3.1464242935180664
1062,3.369323492050171,0.20543085038661957,3.1638927459716797
1063,3.433840751647949,0.2577219009399414,3.176118850708008
1064,3.4066693782806396,0.23760265111923218,3.1690666675567627
1065,3.349933624267578,0.20140546560287476,3.1485280990600586
1066,3.384368419647217,0.21606245636940002,3.1683058738708496
1067,3.3393025398254395,0.19846150279045105,3.140841007232666
1068,3.40788197517395,0.23623625934123993,3.1716456413269043
1069,3.3751158714294434,0.21125410497188568,3.1638617515563965
1070,3.340073823928833,0.17623209953308105,3.163841724395752
1071,3.3413634300231934,0.20266132056713104,3.138702154159546
1072,3.363783836364746,0.21797430515289307,3.1458096504211426
1073,3.374744415283203,0.22837506234645844,3.146369457244873
1074,3.3496460914611816,0.19370076060295105,3.155945301055908
1075,3.3789710998535156,0.22633063793182373,3.1526405811309814
1076,3.373413562774658,0.21906836330890656,3.1543452739715576
1077,3.378617763519287,0.24848733842372894,3.1301305294036865
1078,3.3739988803863525,0.22589819133281708,3.1481006145477295
1079,3.345071315765381,0.20729315280914307,3.1377782821655273
1080,3.4031822681427,0.22726479172706604,3.175917387008667
1081,3.356626510620117,0.2049914002418518,3.15163516998291
1082,3.3814947605133057,0.21612899005413055,3.165365695953369
1083,3.3556315898895264,0.21583393216133118,3.1397976875305176
1084,3.3653371334075928,0.20576129853725433,3.159575939178467
1085,3.3581271171569824,0.20442847907543182,3.153698682785034
1086,3.3416121006011963,0.20198743045330048,3.13962459564209
1087,3.352426528930664,0.2128707468509674,3.1395556926727295
1088,3.3616058826446533,0.20889587700366974,3.1527099609375
1089,3.3639557361602783,0.19993093609809875,3.164024829864502
1090,3.361762046813965,0.21528714895248413,3.146474838256836
1091,3.36222767829895,0.2198198288679123,3.1424078941345215
1092,3.3592441082000732,0.20465436577796936,3.1545896530151367
1093,3.3973562717437744,0.23908784985542297,3.158268451690674
1094,3.37496280670166,0.20268826186656952,3.172274589538574
1095,3.379357099533081,0.22929924726486206,3.150057792663574
1096,3.3379948139190674,0.2000073343515396,3.1379873752593994
1097,3.3813400268554688,0.21872687339782715,3.1626131534576416
1098,3.3458919525146484,0.19074352085590363,3.155148506164551
1099,3.3872413635253906,0.22120776772499084,3.1660335063934326
1100,3.354281187057495,0.20424392819404602,3.1500372886657715
1101,3.388195514678955,0.22100543975830078,3.1671900749206543
1102,3.393181800842285,0.22992315888404846,3.1632585525512695
1103,3.365466833114624,0.21206454932689667,3.153402328491211
1104,3.3996589183807373,0.2364923059940338,3.1631665229797363
1105,3.3488118648529053,0.19848081469535828,3.1503310203552246
1106,3.366833209991455,0.21405893564224243,3.1527743339538574
1107,3.376009464263916,0.21811102330684662,3.157898426055908
1108,3.3664374351501465,0.19281426072120667,3.1736230850219727
1109,3.396914005279541,0.2280159592628479,3.168898105621338
1110,3.3628156185150146,0.21304351091384888,3.1497721672058105
1111,3.3788001537323,0.23206697404384613,3.146733283996582
1112,3.384641170501709,0.22717638313770294,3.1574647426605225
1113,3.353541374206543,0.19784344732761383,3.155697822570801
1114,3.348475217819214,0.19901816546916962,3.1494569778442383
1115,3.4059088230133057,0.22822195291519165,3.177686929702759
1116,3.3815906047821045,0.21195167303085327,3.1696388721466064
1117,3.4169251918792725,0.24459749460220337,3.172327756881714
1118,3.3653979301452637,0.20406970381736755,3.1613283157348633
1119,3.3639652729034424,0.21358677744865417,3.150378465652466
1120,3.341085910797119,0.19817331433296204,3.1429126262664795
1121,3.3554420471191406,0.21158117055892944,3.1438608169555664
1122,3.3878509998321533,0.2311045229434967,3.1567463874816895
1123,3.3804924488067627,0.22413921356201172,3.156353235244751
1124,3.4181976318359375,0.23511555790901184,3.183082103729248
1125,3.392902374267578,0.22701099514961243,3.165891408920288
1126,3.3855843544006348,0.23197269439697266,3.153611660003662
1127,3.4049172401428223,0.23860959708690643,3.1663076877593994
1128,3.3942558765411377,0.22951291501522064,3.164742946624756
1129,3.393717050552368,0.2422591894865036,3.1514577865600586
1130,3.353590965270996,0.19888636469841003,3.1547045707702637
1131,3.3668949604034424,0.216216042637825,3.150678873062134
1132,3.3940627574920654,0.2285754680633545,3.165487289428711
1133,3.3719966411590576,0.22298017144203186,3.1490163803100586
1134,3.4312570095062256,0.26919859647750854,3.1620583534240723
1135,3.366154193878174,0.21068289875984192,3.1554713249206543
1136,3.33833909034729,0.18469689786434174,3.153642177581787
1137,3.368802070617676,0.2170306146144867,3.1517715454101562
1138,3.37335467338562,0.2264389991760254,3.1469156742095947
1139,3.4322609901428223,0.2639387249946594,3.1683223247528076
1140,3.379434108734131,0.22619019448757172,3.1532440185546875
1141,3.369413137435913,0.22635295987129211,3.1430602073669434
1142,3.3572170734405518,0.2076033055782318,3.149613857269287
1143,3.379664659500122,0.20657426118850708,3.1730904579162598
1144,3.3433854579925537,0.20623698830604553,3.137148380279541
1145,3.350977659225464,0.20539358258247375,3.1455841064453125
1146,3.3597848415374756,0.21456974744796753,3.1452150344848633
1147,3.390496253967285,0.22303812205791473,3.1674580574035645
1148,3.352555990219116,0.19780559837818146,3.154750347137451
1149,3.365304946899414,0.20695273578166962,3.1583521366119385
1150,3.343270778656006,0.192445307970047,3.1508255004882812
1151,3.350526809692383,0.19811534881591797,3.152411460876465
1152,3.385343313217163,0.2232404351234436,3.1621029376983643
1153,3.378092050552368,0.22148922085762024,3.1566028594970703
1154,3.357308864593506,0.2022886574268341,3.155020236968994
1155,3.3812270164489746,0.22948230803012848,3.1517446041107178
1156,3.3587961196899414,0.22174537181854248,3.1370508670806885
1157,3.3715178966522217,0.23265279829502106,3.1388649940490723
1158,3.3597075939178467,0.19314025342464447,3.166567325592041
1159,3.357480049133301,0.20293468236923218,3.154545307159424
1160,3.4196252822875977,0.2388053834438324,3.1808199882507324
1161,3.3812248706817627,0.2394016832113266,3.1418232917785645
1162,3.3656578063964844,0.20728683471679688,3.1583709716796875
1163,3.3808445930480957,0.21956664323806763,3.161278009414673
1164,3.3677964210510254,0.20794431865215302,3.1598520278930664
1165,3.4014201164245605,0.23552455008029938,3.165895462036133
1166,3.346560001373291,0.20385250449180603,3.142707586288452
1167,3.3704965114593506,0.21228662133216858,3.158209800720215
1168,3.414212226867676,0.2511376738548279,3.163074493408203
1169,3.3731439113616943,0.22202268242835999,3.151121139526367
1170,3.3502609729766846,0.19185954332351685,3.1584014892578125
1171,3.379034996032715,0.22591982781887054,3.1531152725219727
1172,3.357522964477539,0.20311400294303894,3.1544089317321777
1173,3.3565351963043213,0.18849310278892517,3.1680421829223633
1174,3.3809409141540527,0.2112220823764801,3.1697187423706055
1175,3.345018148422241,0.21328192949295044,3.1317362785339355
1176,3.3540258407592773,0.19427642226219177,3.1597495079040527
1177,3.3561763763427734,0.20857606828212738,3.1476004123687744
1178,3.346648931503296,0.2093447595834732,3.1373040676116943
1179,3.3541975021362305,0.19028325378894806,3.163914203643799
1180,3.37420916557312,0.21675004065036774,3.157459020614624
1181,3.3153645992279053,0.18088725209236145,3.134477376937866
1182,3.340348243713379,0.21223628520965576,3.1281118392944336
1183,3.3293657302856445,0.19196699559688568,3.1373987197875977
1184,3.364773750305176,0.2125687301158905,3.152204990386963
1185,3.3654518127441406,0.19386574625968933,3.171586036682129
1186,3.3619494438171387,0.20887410640716553,3.1530754566192627
1187,3.3803977966308594,0.2124851942062378,3.167912483215332
1188,3.3710694313049316,0.21450893580913544,3.1565604209899902
1189,3.347694158554077,0.20566661655902863,3.1420276165008545
1190,3.404602289199829,0.2429373860359192,3.1616649627685547
1191,3.3882462978363037,0.22808955609798431,3.160156726837158
1192,3.3713130950927734,0.21094143390655518,3.160371780395508
1193,3.361403226852417,0.21265417337417603,3.1487491130828857
1194,3.378589391708374,0.22802042961120605,3.150568962097168
1195,3.359558582305908,0.21279382705688477,3.1467647552490234
1196,3.366685628890991,0.21293491125106812,3.1537506580352783
1197,3.35483455657959,0.21570785343647003,3.139126777648926
1198,3.409355401992798,0.23975804448127747,3.1695973873138428
1199,3.3483872413635254,0.21570861339569092,3.132678508758545
1200,3.3864622116088867,0.21435490250587463,3.172107219696045
1201,3.3790454864501953,0.22339248657226562,3.1556529998779297
1202,3.394714117050171,0.22010371088981628,3.1746103763580322
1203,3.3898673057556152,0.22768531739711761,3.162182092666626
1204,3.3592400550842285,0.1881714165210724,3.1710686683654785
1205,3.363684892654419,0.20916566252708435,3.1545193195343018
1206,3.3977537155151367,0.24367468059062958,3.154078960418701
1207,3.3565032482147217,0.20611929893493652,3.150383949279785
1208,3.3843679428100586,0.22116851806640625,3.1631994247436523
1209,3.358741044998169,0.21418748795986176,3.1445536613464355
1210,3.355842113494873,0.21238890290260315,3.1434531211853027
1211,3.344238519668579,0.1829240322113037,3.1613144874572754
1212,3.3795344829559326,0.21224568784236908,3.1672887802124023
1213,3.3834125995635986,0.2196233570575714,3.1637892723083496
1214,3.362942695617676,0.20748817920684814,3.155454635620117
1215,3.3656601905822754,0.19917291402816772,3.166487216949463
1216,3.374650001525879,0.20650120079517365,3.1681487560272217
1217,3.3834612369537354,0.22477370500564575,3.1586875915527344
1218,3.3613932132720947,0.2130664438009262,3.148326873779297
1219,3.392242431640625,0.23218342661857605,3.1600589752197266
1220,3.388354539871216,0.2077382206916809,3.1806163787841797
1221,3.3592097759246826,0.20964083075523376,3.149569034576416
1222,3.351627826690674,0.2141331434249878,3.1374945640563965
1223,3.359813690185547,0.20996946096420288,3.149844169616699
1224,3.414637327194214,0.2426905632019043,3.1719467639923096
1225,3.3818435668945312,0.2185487151145935,3.163294792175293
1226,3.3873167037963867,0.235081747174263,3.1522350311279297
1227,3.3696413040161133,0.2123337835073471,3.1573076248168945
1228,3.367792844772339,0.21280542016029358,3.154987335205078
1229,3.3699917793273926,0.20540177822113037,3.1645898818969727
1230,3.3316738605499268,0.167972594499588,3.163701295852661
1231,3.3318469524383545,0.18934138119220734,3.142505645751953
1232,3.3549141883850098,0.20063179731369019,3.154282331466675
1233,3.3564412593841553,0.21436336636543274,3.142077922821045
1234,3.341644525527954,0.18843501806259155,3.1532094478607178
1235,3.4015822410583496,0.2315008044242859,3.170081377029419
1236,3.338172435760498,0.19237768650054932,3.145794630050659
1237,3.3663604259490967,0.2177746593952179,3.148585796356201
1238,3.353550434112549,0.18517416715621948,3.1683762073516846
1239,3.3630075454711914,0.20190152525901794,3.1611061096191406
1240,3.3743362426757812,0.21824319660663605,3.156093120574951
1241,3.3513917922973633,0.21861830353736877,3.1327733993530273
1242,3.3636085987091064,0.20698672533035278,3.1566219329833984
1243,3.3588311672210693,0.20098185539245605,3.1578493118286133
1244,3.37654185295105,0.200203076004982,3.1763386726379395
1245,3.3669681549072266,0.21818730235099792,3.1487808227539062
1246,3.35013484954834,0.20255231857299805,3.147582530975342
1247,3.364440441131592,0.2020340859889984,3.1624064445495605
1248,3.360724925994873,0.20776024460792542,3.1529645919799805
1249,3.358680248260498,0.21190215647220612,3.146778106689453
1250,3.3448259830474854,0.20768395066261292,3.1371419429779053
1251,3.3496928215026855,0.2080344259738922,3.141658306121826
1252,3.410686492919922,0.2495947778224945,3.1610918045043945
1253,3.3825721740722656,0.21286232769489288,3.1697099208831787
1254,3.3351168632507324,0.19690848886966705,3.1382083892822266
1255,3.3968558311462402,0.22412824630737305,3.172727584838867
1256,3.329551935195923,0.1890825480222702,3.1404693126678467
1257,3.3562746047973633,0.19156277179718018,3.1647117137908936
1258,3.372767686843872,0.21696655452251434,3.1558010578155518
1259,3.37379789352417,0.223279669880867,3.1505181789398193
1260,3.374161958694458,0.215951606631279,3.158210277557373
1261,3.3547444343566895,0.20732012391090393,3.1474242210388184
1262,3.3497936725616455,0.19169220328330994,3.1581015586853027
1263,3.3605287075042725,0.21146395802497864,3.149064779281616
1264,3.3895320892333984,0.21899551153182983,3.170536518096924
1265,3.3566083908081055,0.18963061273097992,3.166977882385254
1266,3.3571064472198486,0.20691470801830292,3.1501917839050293
1267,3.388023853302002,0.20644907653331757,3.181574821472168
1268,3.37422513961792,0.21788011491298676,3.1563451290130615
1269,3.398902654647827,0.24426542222499847,3.154637336730957
1270,3.370483160018921,0.21999531984329224,3.1504878997802734
1271,3.3661587238311768,0.21036401391029358,3.155794620513916
1272,3.3736250400543213,0.22317907214164734,3.1504459381103516
1273,3.364189863204956,0.2139921635389328,3.150197744369507
1274,3.3683059215545654,0.22731420397758484,3.140991687774658
1275,3.3670167922973633,0.21576067805290222,3.1512560844421387
1276,3.410263776779175,0.23317600786685944,3.1770877838134766
1277,3.3674533367156982,0.2078019678592682,3.159651279449463
1278,3.347562313079834,0.20549866557121277,3.142063617706299
1279,3.3683178424835205,0.20846375823020935,3.1598541736602783
1280,3.3753740787506104,0.22860591113567352,3.146768093109131
1281,3.360412359237671,0.19846321642398834,3.1619491577148438
1282,3.335944175720215,0.18641197681427002,3.1495320796966553
1283,3.35968279838562,0.19029636681079865,3.169386386871338
1284,3.3484208583831787,0.19218426942825317,3.1562366485595703
1285,3.400313377380371,0.22554388642311096,3.174769401550293
1286,3.3075287342071533,0.16442221403121948,3.143106460571289
1287,3.3658719062805176,0.21339669823646545,3.152475118637085
1288,3.3921751976013184,0.23032473027706146,3.1618504524230957
1289,3.3886404037475586,0.22000354528427124,3.1686367988586426
1290,3.3843672275543213,0.2180405706167221,3.1663267612457275
1291,3.361254930496216,0.212906613945961,3.148348331451416
1292,3.365898847579956,0.21290692687034607,3.152992010116577
1293,3.380764961242676,0.21850928664207458,3.1622557640075684
1294,3.3384647369384766,0.19814014434814453,3.140324592590332
1295,3.4223721027374268,0.2431962490081787,3.179175853729248
1296,3.3327600955963135,0.19209036231040955,3.140669822692871
1297,3.3640902042388916,0.20703093707561493,3.1570591926574707
1298,3.385312557220459,0.22047848999500275,3.1648340225219727
1299,3.4040582180023193,0.2411603480577469,3.162897825241089
1300,3.3914237022399902,0.2326778769493103,3.158745765686035
1301,3.3684215545654297,0.21343907713890076,3.154982566833496
1302,3.39243221282959,0.21781045198440552,3.174621820449829
1303,3.3624064922332764,0.21057097613811493,3.1518354415893555
1304,3.3295950889587402,0.17665733397006989,3.152937650680542
1305,3.3717801570892334,0.20930317044258118,3.1624770164489746
1306,3.3734326362609863,0.20450399816036224,3.168928623199463
1307,3.339728832244873,0.18929001688957214,3.1504387855529785
1308,3.40395450592041,0.23907339572906494,3.1648809909820557
1309,3.3170876502990723,0.17777502536773682,3.139312744140625
1310,3.3331403732299805,0.20124253630638123,3.1318979263305664
1311,3.376551628112793,0.23000282049179077,3.1465487480163574
1312,3.357858180999756,0.20373623073101044,3.1541218757629395
1313,3.367009401321411,0.21392124891281128,3.153088092803955
1314,3.370645046234131,0.19571389257907867,3.174931049346924
1315,3.360689401626587,0.1991650015115738,3.1615242958068848
1316,3.353313684463501,0.20100802183151245,3.1523056030273438
1317,3.320286273956299,0.186111718416214,3.1341745853424072
1318,3.3809103965759277,0.21875211596488953,3.162158250808716
1319,3.384495496749878,0.22049012780189514,3.1640052795410156
1320,3.34763240814209,0.20792943239212036,3.1397030353546143
1321,3.328535556793213,0.17504647374153137,3.153489112854004
1322,3.3477580547332764,0.20219358801841736,3.145564556121826
1323,3.3896679878234863,0.22106574475765228,3.168602228164673
1324,3.3395423889160156,0.18128922581672668,3.1582531929016113
1325,3.3804445266723633,0.24738281965255737,3.133061647415161
1326,3.3581347465515137,0.20764005184173584,3.1504945755004883
1327,3.382192373275757,0.20351245999336243,3.178679943084717
1328,3.346681594848633,0.19345566630363464,3.153225898742676
1329,3.396519899368286,0.23625271022319794,3.1602671146392822
1330,3.368452787399292,0.21577906608581543,3.1526737213134766
1331,3.35837459564209,0.20253032445907593,3.155844211578369
1332,3.407186985015869,0.25023066997528076,3.156956195831299
1333,3.3699452877044678,0.2070934772491455,3.1628518104553223
1334,3.3912360668182373,0.2102176696062088,3.181018352508545
1335,3.3851585388183594,0.22673165798187256,3.1584270000457764
1336,3.3581724166870117,0.24505969882011414,3.113112688064575
1337,3.3889009952545166,0.2072993963956833,3.1816015243530273
1338,3.345613479614258,0.20882785320281982,3.1367857456207275
1339,3.3700003623962402,0.22265315055847168,3.1473472118377686
1340,3.3514318466186523,0.19038337469100952,3.161048412322998
1341,3.3706953525543213,0.2053327113389969,3.165362596511841
1342,3.3294410705566406,0.18887445330619812,3.14056658744812
1343,3.409017324447632,0.25432127714157104,3.154695987701416
1344,3.39599347114563,0.24542047083377838,3.1505730152130127
1345,3.3924989700317383,0.23951047658920288,3.1529884338378906
1346,3.3622961044311523,0.22293177247047424,3.139364242553711
1347,3.3639073371887207,0.2022019624710083,3.161705493927002
1348,3.388871908187866,0.21296438574790955,3.175907611846924
1349,3.359659194946289,0.20614345371723175,3.1535158157348633
1350,3.368800401687622,0.20447823405265808,3.1643221378326416
1351,3.357189178466797,0.2007998824119568,3.1563892364501953
1352,3.368537664413452,0.21751046180725098,3.151027202606201
1353,3.3498926162719727,0.18434232473373413,3.1655502319335938
1354,3.3653008937835693,0.22734279930591583,3.13795804977417
1355,3.3263180255889893,0.17767101526260376,3.1486470699310303
1356,3.3563425540924072,0.18964123725891113,3.166701316833496
1357,3.3563215732574463,0.1839405596256256,3.1723809242248535
1358,3.3508851528167725,0.19580303132534027,3.1550822257995605
1359,3.3759243488311768,0.21883434057235718,3.157089948654175
1360,3.3735294342041016,0.1995968520641327,3.1739325523376465
1361,3.3504815101623535,0.20151177048683167,3.1489696502685547
1362,3.3890204429626465,0.22011984884738922,3.168900489807129
1363,3.374450206756592,0.19846376776695251,3.1759865283966064
1364,3.361393928527832,0.21810472011566162,3.143289089202881
1365,3.349694013595581,0.19526934623718262,3.1544246673583984
1366,3.375608205795288,0.2151152491569519,3.1604928970336914
1367,3.386338710784912,0.22807131707668304,3.1582674980163574
1368,3.3710124492645264,0.23931775987148285,3.131694793701172
1369,3.360440731048584,0.19831380248069763,3.1621270179748535
1370,3.3671157360076904,0.21164187788963318,3.1554739475250244
1371,3.389434337615967,0.23046612739562988,3.158968210220337
1372,3.348928689956665,0.1944734752178192,3.1544551849365234
1373,3.3486902713775635,0.19320997595787048,3.15548038482666
1374,3.3171799182891846,0.16512605547904968,3.1520538330078125
1375,3.36505389213562,0.21989183127880096,3.1451621055603027
1376,3.3973374366760254,0.23697704076766968,3.160360336303711
1377,3.369013786315918,0.20346887409687042,3.1655449867248535
1378,3.3630950450897217,0.21254268288612366,3.150552272796631
1379,3.3885903358459473,0.21393558382987976,3.174654722213745
1380,3.36647891998291,0.22011005878448486,3.1463687419891357
1381,3.403552532196045,0.2325158715248108,3.171036720275879
1382,3.365724563598633,0.20744043588638306,3.1582841873168945
1383,3.366159677505493,0.22258934378623962,3.1435704231262207
1384,3.364985466003418,0.21391022205352783,3.1510753631591797
1385,3.373339891433716,0.20664167404174805,3.1666982173919678
1386,3.383634567260742,0.21764841675758362,3.1659860610961914
1387,3.3752808570861816,0.23075421154499054,3.144526720046997
1388,3.3581607341766357,0.2035462111234665,3.1546144485473633
1389,3.3820106983184814,0.23979967832565308,3.1422109603881836
1390,3.371995449066162,0.2162882536649704,3.1557071208953857
1391,3.352407932281494,0.20698700845241547,3.145421028137207
1392,3.3704090118408203,0.2092161327600479,3.1611928939819336
1393,3.3726468086242676,0.22587527334690094,3.1467714309692383
1394,3.3906960487365723,0.2224225252866745,3.168273448944092
1395,3.3326938152313232,0.18465375900268555,3.1480400562286377
1396,3.358722686767578,0.20816655457019806,3.1505560874938965
1397,3.3622045516967773,0.20428094267845154,3.157923698425293
1398,3.344081401824951,0.1886676698923111,3.1554136276245117
1399,3.394538640975952,0.22567448019981384,3.1688642501831055
1400,3.3841121196746826,0.23890414834022522,3.1452078819274902
1401,3.3794312477111816,0.21296732127666473,3.166463851928711
1402,3.337289810180664,0.1977652907371521,3.139524459838867
1403,3.3396193981170654,0.19814366102218628,3.1414756774902344
1404,3.350660562515259,0.21293240785598755,3.137728214263916
1405,3.38537335395813,0.2202366292476654,3.1651368141174316
1406,3.37178111076355,0.22338564693927765,3.148395538330078
1407,3.371626853942871,0.2110585868358612,3.1605682373046875
1408,3.339998722076416,0.19130858778953552,3.1486902236938477
1409,3.3569653034210205,0.2099754959344864,3.1469898223876953
1410,3.3412928581237793,0.19062751531600952,3.150665283203125
1411,3.3826303482055664,0.22085019946098328,3.1617801189422607
1412,3.3394904136657715,0.1991819143295288,3.140308380126953
1413,3.394575595855713,0.2228669673204422,3.171708583831787
1414,3.3506226539611816,0.19714632630348206,3.1534762382507324
1415,3.3875396251678467,0.2263742983341217,3.161165237426758
1416,3.3672168254852295,0.22221583127975464,3.14500093460083
1417,3.3349661827087402,0.18964582681655884,3.145320415496826
1418,3.386406660079956,0.23660358786582947,3.1498031616210938
1419,3.388437032699585,0.22210091352462769,3.1663360595703125
1420,3.392486572265625,0.2273540049791336,3.165132522583008
1421,3.3818306922912598,0.2360219955444336,3.145808696746826
1422,3.404399871826172,0.22308647632598877,3.1813135147094727
1423,3.3490068912506104,0.1952669620513916,3.1537399291992188
1424,3.3311245441436768,0.1887332797050476,3.1423912048339844
1425,3.3431127071380615,0.19201186299324036,3.1511008739471436
1426,3.403829574584961,0.24400584399700165,3.1598236560821533
1427,3.384565591812134,0.20766012370586395,3.176905393600464
1428,3.374826431274414,0.20807217061519623,3.1667542457580566
1429,3.364447832107544,0.20148253440856934,3.1629652976989746
1430,3.3502707481384277,0.19405215978622437,3.1562185287475586
1431,3.380509853363037,0.22978883981704712,3.1507210731506348
1432,3.3631961345672607,0.2130705714225769,3.150125503540039
1433,3.3826229572296143,0.21769899129867554,3.164923906326294
1434,3.3923237323760986,0.23631180822849274,3.1560118198394775
1435,3.3871145248413086,0.2301613986492157,3.1569530963897705
1436,3.347778797149658,0.20196639001369476,3.145812511444092
1437,3.3504443168640137,0.2031906098127365,3.1472537517547607
1438,3.3241095542907715,0.17861464619636536,3.1454949378967285
1439,3.3746938705444336,0.20971311628818512,3.16498064994812
1440,3.3664162158966064,0.2262292057275772,3.1401870250701904
1441,3.3557331562042236,0.21416732668876648,3.1415657997131348
1442,3.3716979026794434,0.21481521427631378,3.1568827629089355
1443,3.3879036903381348,0.22626449167728424,3.1616392135620117
1444,3.358517646789551,0.22003915905952454,3.1384785175323486
1445,3.370551347732544,0.20710578560829163,3.163445472717285
1446,3.34248948097229,0.20903238654136658,3.1334571838378906
1447,3.389655113220215,0.22795012593269348,3.1617050170898438
1448,3.352458953857422,0.1935756802558899,3.1588833332061768
1449,3.3650410175323486,0.20300427079200745,3.162036657333374
1450,3.3408477306365967,0.189498633146286,3.1513490676879883
1451,3.339507818222046,0.18385738134384155,3.1556503772735596
1452,3.3605310916900635,0.20146235823631287,3.1590688228607178
1453,3.382838010787964,0.21956279873847961,3.1632752418518066
1454,3.3313276767730713,0.20110855996608734,3.1302192211151123
1455,3.377227544784546,0.21707943081855774,3.1601481437683105
1456,3.4084134101867676,0.25205498933792114,3.156358480453491
1457,3.3844141960144043,0.21493534743785858,3.1694788932800293
1458,3.393095016479492,0.2315887212753296,3.161506414413452
1459,3.3428478240966797,0.19125670194625854,3.1515910625457764
1460,3.379887342453003,0.20398445427417755,3.175902843475342
1461,3.341104507446289,0.19123148918151855,3.1498730182647705
1462,3.36973237991333,0.21348854899406433,3.1562438011169434
1463,3.3381130695343018,0.19733521342277527,3.140777826309204
1464,3.3288745880126953,0.19318236410617828,3.1356921195983887
1465,3.359755754470825,0.22281520068645477,3.1369404792785645
1466,3.372864246368408,0.2171349674463272,3.155729293823242
1467,3.369934320449829,0.20806756615638733,3.1618666648864746
1468,3.381781816482544,0.2171836495399475,3.164598226547241
1469,3.388951301574707,0.20357288420200348,3.185378313064575
1470,3.3875691890716553,0.23610901832580566,3.1514601707458496
1471,3.349336624145508,0.19772635400295258,3.1516103744506836
1472,3.3645505905151367,0.2064298391342163,3.158120632171631
1473,3.3422865867614746,0.2128911167383194,3.1293954849243164
1474,3.369943857192993,0.2240006923675537,3.1459431648254395
1475,3.382045269012451,0.2316756248474121,3.150369644165039
1476,3.388292074203491,0.21506242454051971,3.173229694366455
1477,3.3643572330474854,0.1935422569513321,3.1708149909973145
1478,3.356311321258545,0.20253205299377441,3.1537792682647705
1479,3.3560516834259033,0.21777692437171936,3.138274669647217
1480,3.3615634441375732,0.20839279890060425,3.153170585632324
1481,3.3658812046051025,0.20802940428256989,3.1578516960144043
1482,3.369802713394165,0.2111102193593979,3.1586925983428955
1483,3.343104839324951,0.19142666459083557,3.1516780853271484
1484,3.332777261734009,0.18355196714401245,3.1492252349853516
1485,3.3171346187591553,0.17841707170009613,3.1387176513671875
1486,3.3656301498413086,0.2244659811258316,3.1411640644073486
1487,3.3527374267578125,0.20878314971923828,3.143954277038574
1488,3.3406553268432617,0.18400341272354126,3.1566519737243652
1489,3.404755115509033,0.23954440653324127,3.165210723876953
1490,3.329190492630005,0.19323062896728516,3.1359598636627197
1491,3.4080581665039062,0.22760917246341705,3.1804490089416504
1492,3.350966691970825,0.21073827147483826,3.140228509902954
1493,3.3606929779052734,0.20090407133102417,3.1597888469696045
1494,3.3707261085510254,0.2288956344127655,3.1418304443359375
1495,3.3543004989624023,0.2180127054452896,3.1362876892089844
1496,3.363231897354126,0.20654526352882385,3.156686544418335
1497,3.3891355991363525,0.236642986536026,3.1524925231933594
1498,3.34065318107605,0.19501259922981262,3.1456406116485596
1499,3.356804847717285,0.19763687252998352,3.159168004989624
1500,3.3651883602142334,0.2066933810710907,3.1584949493408203
1501,3.331890106201172,0.1929996758699417,3.138890504837036
1502,3.3407394886016846,0.1735805869102478,3.167158842086792
1503,3.3651716709136963,0.18971087038516998,3.1754608154296875
1504,3.398184299468994,0.22353827953338623,3.1746459007263184
1505,3.3351528644561768,0.19836921989917755,3.1367835998535156
1506,3.347623825073242,0.1915830820798874,3.156040668487549
1507,3.390929698944092,0.22584639489650726,3.165083408355713
1508,3.3572583198547363,0.20888271927833557,3.1483755111694336
1509,3.3324341773986816,0.18741804361343384,3.1450161933898926
1510,3.320826530456543,0.1776524782180786,3.143174171447754
1511,3.3697707653045654,0.21974727511405945,3.1500234603881836
1512,3.3844540119171143,0.20498672127723694,3.17946720123291
1513,3.39194393157959,0.23787443339824677,3.154069423675537
1514,3.366076946258545,0.2059832215309143,3.1600937843322754
1515,3.3740642070770264,0.20937420427799225,3.1646900177001953
1516,3.355100631713867,0.19980861246585846,3.15529203414917
1517,3.3454060554504395,0.2044685184955597,3.140937566757202
1518,3.3549840450286865,0.19450035691261292,3.1604835987091064
1519,3.421936511993408,0.24837124347686768,3.17356538772583
1520,3.3650453090667725,0.2275012880563736,3.1375439167022705
1521,3.357823371887207,0.1963549256324768,3.161468505859375
1522,3.331350326538086,0.18319708108901978,3.148153305053711
1523,3.330253839492798,0.1688135713338852,3.161440372467041
1524,3.315455913543701,0.17699232697486877,3.1384634971618652
1525,3.3857486248016357,0.208982914686203,3.1767656803131104
1526,3.3510193824768066,0.19963060319423676,3.1513888835906982
1527,3.388306140899658,0.22314739227294922,3.165158748626709
1528,3.3906431198120117,0.22324061393737793,3.167402505874634
1529,3.359118938446045,0.2005315124988556,3.1585874557495117
1530,3.3932573795318604,0.23294323682785034,3.1603140830993652
1531,3.3754935264587402,0.20332491397857666,3.172168731689453
1532,3.391244411468506,0.22630895674228668,3.164935350418091
1533,3.337021827697754,0.1830347776412964,3.153986930847168
1534,3.329828977584839,0.17339038848876953,3.1564385890960693
1535,3.3402903079986572,0.19415727257728577,3.1461329460144043
1536,3.3741910457611084,0.19535431265830994,3.1788368225097656
1537,3.3675928115844727,0.2198176085948944,3.147775173187256
1538,3.364856719970703,0.213578999042511,3.151277780532837
1539,3.3569118976593018,0.20968538522720337,3.147226572036743
1540,3.3476858139038086,0.20994703471660614,3.1377387046813965
1541,3.3216769695281982,0.17139166593551636,3.150285243988037
1542,3.3488404750823975,0.2028474360704422,3.1459929943084717
1543,3.349518299102783,0.1843084990978241,3.1652097702026367
1544,3.358944892883301,0.21479922533035278,3.1441457271575928
1545,3.365694046020508,0.20717401802539825,3.158519983291626
1546,3.352339744567871,0.20704400539398193,3.1452956199645996
1547,3.397278308868408,0.23497486114501953,3.1623034477233887
1548,3.3547143936157227,0.2019423544406891,3.1527719497680664
1549,3.4008944034576416,0.22464099526405334,3.176253318786621
1550,3.3505611419677734,0.2020421028137207,3.1485190391540527
1551,3.356276512145996,0.19695448875427246,3.1593220233917236
1552,3.353846311569214,0.20765095949172974,3.146195411682129
1553,3.341909646987915,0.20240086317062378,3.1395087242126465
1554,3.405839681625366,0.23291754722595215,3.172922134399414
1555,3.365569591522217,0.1991540938615799,3.1664154529571533
1556,3.3539395332336426,0.2070363461971283,3.1469032764434814
1557,3.3843982219696045,0.22136995196342468,3.1630282402038574
1558,3.3553333282470703,0.21287086606025696,3.1424624919891357
1559,3.3799304962158203,0.22633647918701172,3.1535940170288086
1560,3.3283650875091553,0.20352703332901,3.12483811378479
1561,3.3665337562561035,0.21387505531311035,3.152658700942993
1562,3.350238561630249,0.20292791724205017,3.147310733795166
1563,3.3962209224700928,0.233601912856102,3.162619113922119
1564,3.388122081756592,0.20774894952774048,3.180373191833496
1565,3.38571834564209,0.2052922546863556,3.1804261207580566
1566,3.3480985164642334,0.2059832513332367,3.142115354537964
1567,3.37453031539917,0.22471438348293304,3.1498160362243652
1568,3.332583427429199,0.17989957332611084,3.152683973312378
1569,3.349915027618408,0.19626276195049286,3.1536521911621094
1570,3.337798595428467,0.17441624402999878,3.1633822917938232
1571,3.3942439556121826,0.20963458716869354,3.1846094131469727
1572,3.361229181289673,0.19729968905448914,3.1639294624328613
1573,3.347637414932251,0.19184178113937378,3.1557955741882324
1574,3.4038286209106445,0.22475644946098328,3.179072141647339
1575,3.379462957382202,0.22932246327400208,3.1501405239105225
1576,3.3575384616851807,0.20618325471878052,3.151355266571045
1577,3.3853816986083984,0.23011387884616852,3.1552677154541016
1578,3.350311040878296,0.17577821016311646,3.174532890319824
1579,3.3246068954467773,0.17490960657596588,3.1496973037719727
1580,3.3787217140197754,0.22646865248680115,3.1522531509399414
1581,3.3741698265075684,0.20670877397060394,3.1674611568450928
1582,3.342806339263916,0.20135176181793213,3.1414544582366943
1583,3.3812594413757324,0.22980399429798126,3.1514554023742676
1584,3.335922956466675,0.17922741174697876,3.156695604324341
1585,3.337885618209839,0.21342363953590393,3.1244618892669678
1586,3.3601605892181396,0.19982177019119263,3.160338878631592
1587,3.3878684043884277,0.24213850498199463,3.1457300186157227
1588,3.3499388694763184,0.17328163981437683,3.176657199859619
1589,3.351943254470825,0.1920173168182373,3.159925937652588
1590,3.3332247734069824,0.19038018584251404,3.1428446769714355
1591,3.349318265914917,0.19127866625785828,3.1580395698547363
1592,3.367650032043457,0.2124681919813156,3.155181884765625
1593,3.3454089164733887,0.19229552149772644,3.15311336517334
1594,3.3264822959899902,0.1856655776500702,3.1408166885375977
1595,3.354495048522949,0.21001088619232178,3.144484043121338
1596,3.3863213062286377,0.2257814109325409,3.1605398654937744
1597,3.3637704849243164,0.2109351009130478,3.1528353691101074
1598,3.3688840866088867,0.20913632214069366,3.159747838973999
1599,3.340177297592163,0.193472221493721,3.146705150604248
1600,3.350715160369873,0.20356905460357666,3.147146224975586
1601,3.3483376502990723,0.2007470428943634,3.1475906372070312
1602,3.390974521636963,0.23541225492954254,3.155562162399292
1603,3.3491344451904297,0.20196062326431274,3.1471738815307617
1604,3.3883631229400635,0.2267930805683136,3.1615700721740723
1605,3.3588171005249023,0.2111595869064331,3.1476573944091797
1606,3.3533213138580322,0.18537113070487976,3.16795015335083
1607,3.3414618968963623,0.17937660217285156,3.1620852947235107
1608,3.357172727584839,0.21377316117286682,3.143399477005005
1609,3.3562653064727783,0.19950367510318756,3.156761646270752
1610,3.3454887866973877,0.20096176862716675,3.144526958465576
1611,3.36765456199646,0.22690542042255402,3.140749216079712
1612,3.3549599647521973,0.20831215381622314,3.1466479301452637
1613,3.3657355308532715,0.21282894909381866,3.152906656265259
1614,3.3728890419006348,0.21226350963115692,3.160625457763672
1615,3.3597631454467773,0.2014932930469513,3.1582698822021484
1616,3.371089458465576,0.19650998711585999,3.174579381942749
1617,3.3729748725891113,0.21034714579582214,3.162627696990967
1618,3.3450539112091064,0.2094348520040512,3.1356191635131836
1619,3.3537704944610596,0.1947978436946869,3.15897274017334
1620,3.354146957397461,0.1967770755290985,3.15736985206604
1621,3.3615024089813232,0.20385903120040894,3.1576433181762695
1622,3.3393714427948,0.17536640167236328,3.1640050411224365
1623,3.349710464477539,0.1946481168270111,3.155062437057495
1624,3.354995012283325,0.20183800160884857,3.1531569957733154
1625,3.385204792022705,0.21895503997802734,3.1662497520446777
1626,3.333279848098755,0.2011469006538391,3.1321330070495605
1627,3.370288848876953,0.20692071318626404,3.1633682250976562
1628,3.3648810386657715,0.21680590510368347,3.1480751037597656
1629,3.3425097465515137,0.1783740222454071,3.164135694503784
1630,3.332536458969116,0.18339420855045319,3.149142265319824
1631,3.3352763652801514,0.1917913854122162,3.1434850692749023
1632,3.384777784347534,0.2022310197353363,3.182546854019165
1633,3.3963212966918945,0.23107680678367615,3.1652445793151855
1634,3.3235230445861816,0.19138413667678833,3.132138967514038
1635,3.3611578941345215,0.22625333070755005,3.134904623031616
1636,3.3837177753448486,0.22870463132858276,3.155013084411621
1637,3.39935564994812,0.22093476355075836,3.1784207820892334
1638,3.346863269805908,0.18593484163284302,3.16092848777771
1639,3.3696863651275635,0.19387578964233398,3.1758105754852295
1640,3.3753106594085693,0.21608877182006836,3.159221887588501
1641,3.367081642150879,0.21392500400543213,3.1531567573547363
1642,3.368640899658203,0.1999220848083496,3.1687188148498535
1643,3.3411788940429688,0.21476736664772034,3.1264114379882812
1644,3.3758177757263184,0.209133118391037,3.166684627532959
1645,3.367945671081543,0.20563504099845886,3.1623106002807617
1646,3.329188823699951,0.17627623677253723,3.1529126167297363
1647,3.3845810890197754,0.2197415828704834,3.164839506149292
1648,3.327165126800537,0.18356510996818542,3.1435999870300293
1649,3.344395160675049,0.20247001945972443,3.141925096511841
1650,3.3634555339813232,0.21910110116004944,3.1443543434143066
1651,3.359131336212158,0.1961079239845276,3.1630234718322754
1652,3.3655991554260254,0.20664697885513306,3.158952236175537
1653,3.390533924102783,0.22690972685813904,3.1636242866516113
1654,3.3342487812042236,0.18646353483200073,3.147785186767578
1655,3.400383234024048,0.22746065258979797,3.1729226112365723
1656,3.3257877826690674,0.16261979937553406,3.163167953491211
1657,3.392753839492798,0.22237463295459747,3.170379161834717
1658,3.3604869842529297,0.21649038791656494,3.1439967155456543
1659,3.396130084991455,0.241219624876976,3.1549105644226074
1660,3.3564155101776123,0.21902738511562347,3.137388229370117
1661,3.370205879211426,0.2060767114162445,3.1641292572021484
1662,3.3610055446624756,0.19494353234767914,3.166062116622925
1663,3.352114200592041,0.19600197672843933,3.1561121940612793
1664,3.4093284606933594,0.22912389039993286,3.1802046298980713
1665,3.347313404083252,0.21162688732147217,3.1356863975524902
1666,3.347398281097412,0.1996736079454422,3.1477246284484863
1667,3.3521368503570557,0.20322643220424652,3.1489105224609375
1668,3.366846799850464,0.2026561200618744,3.1641907691955566
1669,3.3639321327209473,0.19319242238998413,3.1707396507263184
1670,3.3493049144744873,0.19036225974559784,3.158942699432373
1671,3.3396494388580322,0.1959044337272644,3.143744945526123
1672,3.3679451942443848,0.2071651667356491,3.1607799530029297
1673,3.3474369049072266,0.19648554921150208,3.150951385498047
1674,3.3439712524414062,0.1976858377456665,3.14628529548645
1675,3.3508903980255127,0.20299577713012695,3.1478946208953857
1676,3.341060161590576,0.1917353868484497,3.149324893951416
1677,3.3671212196350098,0.20020152628421783,3.166919708251953
1678,3.359910726547241,0.1986498087644577,3.1612608432769775
1679,3.3857882022857666,0.21891191601753235,3.1668763160705566
1680,3.361401319503784,0.21560348570346832,3.1457977294921875
1681,3.3844568729400635,0.21462900936603546,3.169827938079834
1682,3.323056697845459,0.18542009592056274,3.137636661529541
1683,3.364670753479004,0.21202018857002258,3.1526505947113037
1684,3.333728551864624,0.1809203028678894,3.15280818939209
1685,3.36065411567688,0.19699518382549286,3.163658857345581
1686,3.3488781452178955,0.17685721814632416,3.17202091217041
1687,3.3374669551849365,0.182660311460495,3.154806613922119
1688,3.3379180431365967,0.18087109923362732,3.1570470333099365
1689,3.3808376789093018,0.211382657289505,3.169455051422119
1690,3.3884787559509277,0.22929304838180542,3.1591856479644775
1691,3.3737967014312744,0.20393343269824982,3.169863224029541
1692,3.3530843257904053,0.19828146696090698,3.1548027992248535
1693,3.3451061248779297,0.20770922303199768,3.137396812438965
1694,3.3937649726867676,0.2316967248916626,3.1620683670043945
1695,3.333148956298828,0.20370492339134216,3.129444122314453
1696,3.3838329315185547,0.2145942747592926,3.169238567352295
1697,3.3744497299194336,0.20285233855247498,3.171597480773926
1698,3.357543468475342,0.20117339491844177,3.156370162963867
1699,3.3579699993133545,0.1946360468864441,3.1633338928222656
1700,3.370832920074463,0.2087312489748001,3.1621017456054688
1701,3.347006320953369,0.19891874492168427,3.148087501525879
1702,3.42862606048584,0.26301515102386475,3.1656107902526855
1703,3.374563455581665,0.2318534106016159,3.142709970474243
1704,3.3348889350891113,0.20533007383346558,3.129558801651001
1705,3.3689136505126953,0.20740821957588196,3.1615054607391357
1706,3.361147403717041,0.2114022970199585,3.149745225906372
1707,3.3820831775665283,0.21678194403648376,3.1653013229370117
1708,3.3674421310424805,0.21464216709136963,3.1527998447418213
1709,3.3747215270996094,0.21109116077423096,3.163630485534668
1710,3.3658080101013184,0.21513691544532776,3.1506710052490234
1711,3.359119415283203,0.21002186834812164,3.149097442626953
1712,3.337031841278076,0.17270074784755707,3.1643311977386475
1713,3.353520154953003,0.20334890484809875,3.1501712799072266
1714,3.350262403488159,0.21138878166675568,3.13887357711792
1715,3.3510212898254395,0.21013563871383667,3.140885591506958
1716,3.362104654312134,0.20613892376422882,3.155965805053711
1717,3.333578109741211,0.18726499378681183,3.146313190460205
1718,3.321608543395996,0.17059139907360077,3.151017189025879
1719,3.3486828804016113,0.21407140791416168,3.1346113681793213
1720,3.3749091625213623,0.2092430591583252,3.165666103363037
1721,3.3318142890930176,0.19511933624744415,3.13669490814209
1722,3.3328399658203125,0.18397709727287292,3.148862838745117
1723,3.3496196269989014,0.19590336084365845,3.1537163257598877
1724,3.381627321243286,0.2215869426727295,3.1600403785705566
1725,3.34574818611145,0.1891377568244934,3.1566104888916016
1726,3.340089797973633,0.1945997029542923,3.1454901695251465
1727,3.388472557067871,0.21179404854774475,3.176678419113159
1728,3.3632709980010986,0.18639644980430603,3.1768746376037598
1729,3.358372926712036,0.20856168866157532,3.149811267852783
1730,3.393728733062744,0.2187875211238861,3.174941301345825
1731,3.361360549926758,0.19974422454833984,3.161616325378418
1732,3.36346697807312,0.21059288084506989,3.152873992919922
1733,3.3780717849731445,0.20872452855110168,3.1693472862243652
1734,3.355456829071045,0.20629800856113434,3.1491587162017822
1735,3.3583054542541504,0.20105314254760742,3.157252311706543
1736,3.325073003768921,0.18189486861228943,3.1431782245635986
1737,3.3551931381225586,0.18522261083126068,3.1699705123901367
1738,3.3564114570617676,0.20088301599025726,3.1555285453796387
1739,3.3234543800354004,0.1681918203830719,3.1552624702453613
1740,3.391704559326172,0.21902254223823547,3.172682046890259
1741,3.3690037727355957,0.21920019388198853,3.149803638458252
1742,3.3664205074310303,0.20951485633850098,3.1569056510925293
1743,3.3449506759643555,0.20230510830879211,3.1426455974578857
1744,3.327869176864624,0.17324566841125488,3.154623508453369
1745,3.397071361541748,0.21886537969112396,3.178205966949463
1746,3.370711088180542,0.20225825905799866,3.168452739715576
1747,3.343669891357422,0.19604970514774323,3.14762020111084
1748,3.3297853469848633,0.2010912150144577,3.1286940574645996
1749,3.314513683319092,0.1972656548023224,3.117248058319092
1750,3.324751377105713,0.18431814014911652,3.1404333114624023
1751,3.3466711044311523,0.19364401698112488,3.153027057647705
1752,3.3516101837158203,0.19697867333889008,3.1546316146850586
1753,3.3254165649414062,0.1700666844844818,3.1553499698638916
1754,3.375478744506836,0.21826273202896118,3.1572160720825195
1755,3.33849835395813,0.1862957775592804,3.152202606201172
1756,3.36871337890625,0.20002080500125885,3.1686925888061523
1757,3.331021308898926,0.1681438684463501,3.162877321243286
1758,3.347604274749756,0.19447241723537445,3.1531319618225098
1759,3.376039743423462,0.21959145367145538,3.1564483642578125
1760,3.3379266262054443,0.18833273649215698,3.1495938301086426
1761,3.3580639362335205,0.22009113430976868,3.137972831726074
1762,3.3634448051452637,0.2084387242794037,3.155006170272827
1763,3.3513143062591553,0.20959414541721344,3.1417200565338135
1764,3.382678747177124,0.21658673882484436,3.1660919189453125
1765,3.3400368690490723,0.1944562792778015,3.145580530166626
1766,3.356250047683716,0.20405927300453186,3.152190685272217
1767,3.330655574798584,0.17376220226287842,3.156893253326416
1768,3.3573429584503174,0.1933232843875885,3.1640195846557617
1769,3.359138011932373,0.19904711842536926,3.160090923309326
1770,3.3408241271972656,0.18598014116287231,3.154844045639038
1771,3.3682589530944824,0.2084733545780182,3.159785509109497
1772,3.3602476119995117,0.20610883831977844,3.1541388034820557
1773,3.3552489280700684,0.2006727159023285,3.154576301574707
1774,3.3558173179626465,0.1869066059589386,3.1689107418060303
1775,3.3866374492645264,0.234836608171463,3.1518008708953857
1776,3.360771417617798,0.2060854136943817,3.1546859741210938
1777,3.3521459102630615,0.2014007568359375,3.150745153427124
1778,3.3321456909179688,0.1759602427482605,3.1561853885650635
1779,3.3254806995391846,0.1880781352519989,3.1374025344848633
1780,3.3410146236419678,0.18682405352592468,3.1541905403137207
1781,3.36093807220459,0.20733416080474854,3.153604030609131
1782,3.3491921424865723,0.2046893984079361,3.144502639770508
1783,3.3483476638793945,0.19192901253700256,3.156418561935425
1784,3.363290309906006,0.21025845408439636,3.153031826019287
1785,3.3374569416046143,0.19012723863124847,3.147329807281494
1786,3.360292434692383,0.20823338627815247,3.1520590782165527
1787,3.317160129547119,0.18580153584480286,3.1313586235046387
1788,3.3558313846588135,0.19602647423744202,3.1598048210144043
1789,3.386885643005371,0.2303067445755005,3.15657901763916
1790,3.3733022212982178,0.22314803302288055,3.1501541137695312
1791,3.370539903640747,0.20415917038917542,3.1663806438446045
1792,3.3694214820861816,0.20235662162303925,3.167064905166626
1793,3.3806111812591553,0.2197698950767517,3.160841226577759
1794,3.3745980262756348,0.20588898658752441,3.1687090396881104
1795,3.3541834354400635,0.19920992851257324,3.1549735069274902
1796,3.3241305351257324,0.18602503836154938,3.1381053924560547
1797,3.3624157905578613,0.19881221652030945,3.1636035442352295
1798,3.3706424236297607,0.19672845304012299,3.1739139556884766
1799,3.322646379470825,0.18499188125133514,3.1376545429229736
1800,3.368211269378662,0.22116529941558838,3.147045850753784
1801,3.3506739139556885,0.18676556646823883,3.1639082431793213
1802,3.326404333114624,0.18715542554855347,3.139248847961426
1803,3.373713970184326,0.20868059992790222,3.1650333404541016
1804,3.3536624908447266,0.20211657881736755,3.151546001434326
1805,3.341125011444092,0.1823798567056656,3.158745050430298
1806,3.3505308628082275,0.18350134789943695,3.167029619216919
1807,3.318991184234619,0.1911117434501648,3.1278793811798096
1808,3.307891845703125,0.1681084781885147,3.1397833824157715
1809,3.370833158493042,0.19196192920207977,3.1788711547851562
1810,3.3645381927490234,0.20752596855163574,3.1570122241973877
1811,3.3946187496185303,0.2402348667383194,3.154383897781372
1812,3.3608286380767822,0.20512227714061737,3.1557064056396484
1813,3.3498899936676025,0.1962043195962906,3.1536855697631836
1814,3.348672389984131,0.19940009713172913,3.1492722034454346
1815,3.357905626296997,0.20364785194396973,3.1542577743530273
1816,3.3826615810394287,0.20913510024547577,3.1735265254974365
1817,3.3854846954345703,0.22184792160987854,3.1636366844177246
1818,3.359147548675537,0.1963847279548645,3.1627628803253174
1819,3.359834671020508,0.21078404784202576,3.149050712585449
1820,3.3525850772857666,0.18744638562202454,3.1651387214660645
1821,3.350097179412842,0.17773333191871643,3.172363758087158
1822,3.3561666011810303,0.19615867733955383,3.160007953643799
1823,3.3184409141540527,0.16505011916160583,3.153390884399414
1824,3.34971284866333,0.19133388996124268,3.158379077911377
1825,3.3407649993896484,0.20143023133277893,3.1393346786499023
1826,3.3691983222961426,0.21277141571044922,3.1564269065856934
1827,3.325531482696533,0.1854703277349472,3.140061140060425
1828,3.335927963256836,0.19624122977256775,3.1396868228912354
1829,3.345529079437256,0.1827281415462494,3.1628010272979736
1830,3.367453098297119,0.21195752918720245,3.1554956436157227
1831,3.346348524093628,0.20316000282764435,3.1431884765625
1832,3.330324172973633,0.18060347437858582,3.1497206687927246
1833,3.386767864227295,0.20809470117092133,3.178673267364502
1834,3.388186454772949,0.23202651739120483,3.1561598777770996
1835,3.3809025287628174,0.2154495120048523,3.1654529571533203
1836,3.359766721725464,0.19397510588169098,3.1657915115356445
1837,3.3337719440460205,0.18612219393253326,3.1476497650146484
1838,3.3431453704833984,0.18955838680267334,3.1535871028900146
1839,3.3302762508392334,0.1843484342098236,3.145927906036377
1840,3.385472059249878,0.20986557006835938,3.1756064891815186
1841,3.3717947006225586,0.20049571990966797,3.1712989807128906
1842,3.318727731704712,0.17749422788619995,3.141233444213867
1843,3.3496806621551514,0.19900530576705933,3.1506752967834473
1844,3.3404195308685303,0.18161123991012573,3.1588082313537598
1845,3.387223958969116,0.23185038566589355,3.1553735733032227
1846,3.3476603031158447,0.18840721249580383,3.1592531204223633
1847,3.371953010559082,0.209347665309906,3.1626052856445312
1848,3.341395854949951,0.19109541177749634,3.1503005027770996
1849,3.383211135864258,0.22953853011131287,3.153672695159912
1850,3.345961093902588,0.20257750153541565,3.143383502960205
1851,3.3884079456329346,0.21700899302959442,3.171398878097534
1852,3.38143253326416,0.23048631846904755,3.1509461402893066
1853,3.346332550048828,0.20224043726921082,3.144092082977295
1854,3.3874001502990723,0.21142159402370453,3.175978660583496
1855,3.3732211589813232,0.20341984927654266,3.1698012351989746
1856,3.340623378753662,0.19885540008544922,3.141767978668213
1857,3.3402252197265625,0.18572479486465454,3.1545004844665527
1858,3.355473518371582,0.2002037763595581,3.1552698612213135
1859,3.3471503257751465,0.19148416817188263,3.1556661128997803
1860,3.3076817989349365,0.18844446539878845,3.1192374229431152
1861,3.3802642822265625,0.22499032318592072,3.155273914337158
1862,3.345817804336548,0.18674060702323914,3.1590771675109863
1863,3.356887102127075,0.21134887635707855,3.145538330078125
1864,3.360607862472534,0.20860743522644043,3.1520004272460938
1865,3.3480944633483887,0.1881798505783081,3.15991473197937
1866,3.3405568599700928,0.19162726402282715,3.1489295959472656
1867,3.3674051761627197,0.22252017259597778,3.1448850631713867
1868,3.3220841884613037,0.17298302054405212,3.1491012573242188
1869,3.3974578380584717,0.22868689894676208,3.1687710285186768
1870,3.3907153606414795,0.22368422150611877,3.1670310497283936
1871,3.344444990158081,0.18737569451332092,3.157069206237793
1872,3.3611881732940674,0.21801376342773438,3.143174409866333
1873,3.318000316619873,0.1936960518360138,3.1243042945861816
1874,3.3740885257720947,0.20399075746536255,3.170097827911377
1875,3.388599395751953,0.2234582155942917,3.1651411056518555
1876,3.3942973613739014,0.2142317295074463,3.180065631866455
1877,3.3649356365203857,0.20571079850196838,3.15922474861145
1878,3.3608341217041016,0.20689192414283752,3.153942108154297
1879,3.3532238006591797,0.19908861815929413,3.154135227203369
1880,3.3412814140319824,0.17987051606178284,3.1614108085632324
1881,3.361722707748413,0.21602067351341248,3.1457021236419678
1882,3.3345327377319336,0.19464580714702606,3.1398868560791016
1883,3.2994370460510254,0.15657420456409454,3.1428627967834473
1884,3.365784168243408,0.2143450677394867,3.1514391899108887
1885,3.3489298820495605,0.1849987506866455,3.163931131362915
1886,3.3497934341430664,0.19939389824867249,3.1503994464874268
1887,3.3490967750549316,0.1782434582710266,3.17085337638855
1888,3.350506067276001,0.19192548096179962,3.1585805416107178
1889,3.352958917617798,0.18807819485664368,3.1648807525634766
1890,3.3618507385253906,0.18673183023929596,3.175118923187256
1891,3.345031261444092,0.1813383251428604,3.1636929512023926
1892,3.3743882179260254,0.21088305115699768,3.1635050773620605
1893,3.3543710708618164,0.215670645236969,3.138700485229492
1894,3.365558385848999,0.22295430302619934,3.142604112625122
1895,3.3664331436157227,0.18551437556743622,3.1809186935424805
1896,3.348484754562378,0.19817399978637695,3.150310754776001
1897,3.3783652782440186,0.21225866675376892,3.166106700897217
1898,3.3557815551757812,0.20833244919776917,3.147449016571045
1899,3.3471267223358154,0.19547438621520996,3.1516523361206055
1900,3.393495798110962,0.21906313300132751,3.1744327545166016
1901,3.352163076400757,0.20201173424720764,3.150151252746582
1902,3.3239591121673584,0.17333140969276428,3.150627613067627
1903,3.333946943283081,0.1901276856660843,3.1438193321228027
1904,3.381934881210327,0.22812913358211517,3.153805732727051
1905,3.346287488937378,0.19797544181346893,3.1483120918273926
1906,3.3466033935546875,0.188515305519104,3.158088207244873
1907,3.3831324577331543,0.21446333825588226,3.1686692237854004
1908,3.378424882888794,0.22526583075523376,3.1531591415405273
1909,3.3474018573760986,0.20543885231018066,3.141963005065918
1910,3.3303771018981934,0.18129776418209076,3.1490793228149414
1911,3.360281467437744,0.20322096347808838,3.1570606231689453
1912,3.3548684120178223,0.20500251650810242,3.1498658657073975
1913,3.3543026447296143,0.20780399441719055,3.146498680114746
1914,3.3345460891723633,0.19226601719856262,3.142280101776123
1915,3.366469144821167,0.21123260259628296,3.1552364826202393
1916,3.387197971343994,0.222750723361969,3.16444730758667
1917,3.3571057319641113,0.22811353206634521,3.1289920806884766
1918,3.3283071517944336,0.17872107028961182,3.1495859622955322
1919,3.3895440101623535,0.21642836928367615,3.1731157302856445
1920,3.386267900466919,0.21434812247753143,3.171919822692871
1921,3.349677324295044,0.19648663699626923,3.1531906127929688
1922,3.360762596130371,0.20654162764549255,3.1542210578918457
1923,3.3841967582702637,0.22702638804912567,3.157170295715332
1924,3.328744888305664,0.17833244800567627,3.1504125595092773
1925,3.3641886711120605,0.2015385925769806,3.1626501083374023
1926,3.380775213241577,0.21111804246902466,3.1696572303771973
1927,3.3860702514648438,0.20934727787971497,3.176723003387451
1928,3.3395628929138184,0.19921118021011353,3.1403517723083496
1929,3.332167863845825,0.19549356400966644,3.136674404144287
1930,3.417412281036377,0.23002001643180847,3.187392234802246
1931,3.373239755630493,0.19934715330600739,3.1738924980163574
1932,3.3586177825927734,0.20544211566448212,3.1531755924224854
1933,3.3422446250915527,0.21120603382587433,3.1310386657714844
1934,3.3306832313537598,0.1944408118724823,3.136242389678955
1935,3.3580217361450195,0.21063333749771118,3.147388458251953
1936,3.377626895904541,0.2302645444869995,3.147362232208252
1937,3.348936080932617,0.207039013504982,3.141896963119507
1938,3.3474466800689697,0.18571297824382782,3.161733627319336
1939,3.331821918487549,0.18882231414318085,3.1429996490478516
1940,3.3706836700439453,0.208685502409935,3.1619982719421387
1941,3.357527017593384,0.21715518832206726,3.140371799468994
1942,3.318420171737671,0.17883209884166718,3.1395881175994873
1943,3.3743984699249268,0.22242330014705658,3.151975154876709
1944,3.346268653869629,0.18576636910438538,3.1605021953582764
1945,3.351628303527832,0.19858115911483765,3.1530470848083496
1946,3.3342273235321045,0.1780204474925995,3.1562068462371826
1947,3.3493175506591797,0.17312327027320862,3.176194190979004
1948,3.350173234939575,0.20152971148490906,3.1486434936523438
1949,3.358484983444214,0.1987169086933136,3.1597681045532227
1950,3.341311454772949,0.189139723777771,3.1521718502044678
1951,3.3325161933898926,0.1891539990901947,3.143362283706665
1952,3.3643293380737305,0.20857588946819305,3.1557533740997314
1953,3.3855066299438477,0.20522668957710266,3.1802799701690674
1954,3.418552875518799,0.2544844448566437,3.1640684604644775
1955,3.3729288578033447,0.22426006197929382,3.1486687660217285
1956,3.3360531330108643,0.18138375878334045,3.1546692848205566
1957,3.3534181118011475,0.2055881768465042,3.147830009460449
1958,3.331550359725952,0.18341661989688873,3.1481337547302246
1959,3.306460380554199,0.15223045647144318,3.1542298793792725
1960,3.333686113357544,0.19868972897529602,3.1349964141845703
1961,3.3606975078582764,0.21068307757377625,3.1500144004821777
1962,3.371232509613037,0.19585463404655457,3.17537784576416
1963,3.3167572021484375,0.16519632935523987,3.1515607833862305
1964,3.3873291015625,0.20927876234054565,3.1780502796173096
1965,3.3676071166992188,0.21181702613830566,3.155790090560913
1966,3.330374240875244,0.18535096943378448,3.1450233459472656
1967,3.3545398712158203,0.20036429166793823,3.1541755199432373
1968,3.3769888877868652,0.21188871562480927,3.16510009765625
1969,3.34387469291687,0.1871408075094223,3.156733989715576
1970,3.379641056060791,0.2084585428237915,3.171182632446289
1971,3.332040548324585,0.18410523235797882,3.147935390472412
1972,3.3803622722625732,0.2298629879951477,3.1504993438720703
1973,3.357546806335449,0.19128280878067017,3.166264057159424
1974,3.319913148880005,0.1808696836233139,3.1390435695648193
1975,3.345689058303833,0.2002556025981903,3.1454334259033203
1976,3.3071212768554688,0.17102724313735962,3.136094093322754
1977,3.358574628829956,0.19413569569587708,3.1644389629364014
1978,3.30615234375,0.18281912803649902,3.123333215713501
1979,3.3608028888702393,0.20837146043777466,3.1524314880371094
1980,3.3507251739501953,0.20191441476345062,3.148810863494873
1981,3.3434784412384033,0.1849750578403473,3.158503293991089
1982,3.356858253479004,0.19683092832565308,3.160027265548706
1983,3.3481287956237793,0.20080706477165222,3.1473217010498047
1984,3.3781213760375977,0.2275911569595337,3.1505303382873535
1985,3.35341739654541,0.19744303822517395,3.1559743881225586
1986,3.347470760345459,0.19930896162986755,3.1481618881225586
1987,3.3396706581115723,0.18370869755744934,3.1559619903564453
1988,3.3414242267608643,0.22470217943191528,3.1167221069335938
1989,3.344546318054199,0.2015051543712616,3.1430411338806152
1990,3.3494458198547363,0.20138084888458252,3.1480650901794434
1991,3.338625907897949,0.1813868284225464,3.1572389602661133
1992,3.330382823944092,0.19328026473522186,3.1371026039123535
1993,3.345902681350708,0.19799739122390747,3.1479053497314453
1994,3.396202802658081,0.23666256666183472,3.1595401763916016
1995,3.3706893920898438,0.20303964614868164,3.167649745941162
1996,3.337691307067871,0.19795094430446625,3.139740467071533
1997,3.363145112991333,0.2027924656867981,3.1603527069091797
1998,3.3694329261779785,0.20861560106277466,3.1608173847198486
1999,3.3591012954711914,0.19476068019866943,3.1643404960632324
