Step,Tr_Loss,Value_Loss,Policy_Loss
0,5.520084381103516,1.0389450788497925,4.481139183044434
1,5.510424613952637,1.0304911136627197,4.479933738708496
2,5.49869966506958,1.0238337516784668,4.474865913391113
3,5.483928680419922,1.0158222913742065,4.468106269836426
4,5.483842849731445,1.0167791843414307,4.467063903808594
5,5.477321624755859,1.0178287029266357,4.4594926834106445
6,5.451409339904785,0.9974594116210938,4.453949928283691
7,5.425719738006592,0.9827300310134888,4.442989826202393
8,5.416769027709961,0.9803271889686584,4.436441898345947
9,5.41148567199707,0.9764373898506165,4.4350481033325195
10,5.3961920738220215,0.9652759432792664,4.4309163093566895
11,5.388378620147705,0.9538592100143433,4.434519290924072
12,5.38946533203125,0.9599524736404419,4.429512977600098
13,5.37193489074707,0.9413849115371704,4.4305500984191895
14,5.37793493270874,0.9446812272071838,4.433253765106201
15,5.35941219329834,0.9362742900848389,4.423137664794922
16,5.3578643798828125,0.9345191121101379,4.42334508895874
17,5.345432758331299,0.9192467927932739,4.4261860847473145
18,5.340019702911377,0.9192610383033752,4.4207587242126465
19,5.328893661499023,0.908493161201477,4.420400619506836
20,5.330120086669922,0.9086330533027649,4.421486854553223
21,5.327831268310547,0.9078865647315979,4.419944763183594
22,5.31061315536499,0.8940394520759583,4.416573524475098
23,5.307025909423828,0.8860342502593994,4.420991897583008
24,5.307531356811523,0.8855335712432861,4.421997547149658
25,5.311819076538086,0.8913592100143433,4.420459747314453
26,5.292552947998047,0.8715085983276367,4.42104434967041
27,5.26345682144165,0.8495197296142578,4.413937091827393
28,5.273402690887451,0.8522815704345703,4.421121120452881
29,5.27262544631958,0.857467770576477,4.415157794952393
30,5.25023078918457,0.8365801572799683,4.4136505126953125
31,5.25827693939209,0.8457709550857544,4.412506103515625
32,5.26055908203125,0.8510797023773193,4.409479141235352
33,5.251674652099609,0.8440674543380737,4.407607078552246
34,5.255156517028809,0.8479057550430298,4.407250881195068
35,5.27079963684082,0.8561199307441711,4.414679527282715
36,5.2745466232299805,0.8625639081001282,4.411982536315918
37,5.267887115478516,0.862689733505249,4.405197620391846
38,5.261509418487549,0.8520994782447815,4.409409999847412
39,5.190674781799316,0.7764996886253357,4.414175033569336
40,5.240988731384277,0.8381063938140869,4.4028825759887695
41,5.244499683380127,0.8377634286880493,4.406736373901367
42,5.256879806518555,0.8505191802978516,4.406360626220703
43,5.254488945007324,0.8531017303466797,4.4013872146606445
44,5.248763084411621,0.8486535549163818,4.400109767913818
45,5.238097190856934,0.8286676406860352,4.409429550170898
46,5.238818645477295,0.8350859880447388,4.403732776641846
47,5.21116828918457,0.8130909204483032,4.398077487945557
48,5.231389045715332,0.8326600790023804,4.398728847503662
49,5.209383964538574,0.8188855648040771,4.390498161315918
50,5.283033847808838,0.8774934411048889,4.405540466308594
51,5.230618476867676,0.8348407745361328,4.395777702331543
52,5.265034198760986,0.8608328104019165,4.404201507568359
53,5.261929035186768,0.8582795858383179,4.40364933013916
54,5.267940521240234,0.8693220615386963,4.398618698120117
55,5.214242458343506,0.8148161172866821,4.399426460266113
56,5.222288608551025,0.8262109756469727,4.396077632904053
57,5.228153228759766,0.831769585609436,4.396383762359619
58,5.250790119171143,0.8477845191955566,4.403005599975586
59,5.211891174316406,0.8158925175666809,4.395998477935791
60,5.213866233825684,0.8167216777801514,4.397144317626953
61,5.214369773864746,0.8232061862945557,4.3911638259887695
62,5.201322555541992,0.8002893924713135,4.401033401489258
63,5.230057716369629,0.8346120715141296,4.395445823669434
64,5.239573955535889,0.8499370217323303,4.389636993408203
65,5.206476211547852,0.815475583076477,4.391000747680664
66,5.21309232711792,0.8181723356246948,4.3949198722839355
67,5.1885986328125,0.8048734664916992,4.383725166320801
68,5.216066837310791,0.8280448913574219,4.388021945953369
69,5.210990905761719,0.8120346069335938,4.398956298828125
70,5.208747863769531,0.8181173801422119,4.390630722045898
71,5.211132049560547,0.8147088289260864,4.39642333984375
72,5.221203327178955,0.8309078216552734,4.390295505523682
73,5.223860740661621,0.8284180164337158,4.395442485809326
74,5.2110419273376465,0.8191799521446228,4.391861915588379
75,5.178380966186523,0.7890722155570984,4.389308929443359
76,5.215602874755859,0.8311071395874023,4.384495735168457
77,5.187679290771484,0.796766996383667,4.390912055969238
78,5.200243949890137,0.8082664608955383,4.391977310180664
79,5.073640823364258,0.6961230039596558,4.3775177001953125
80,5.18794059753418,0.7988574504852295,4.389082908630371
81,5.205015182495117,0.8223488330841064,4.38266658782959
82,5.173799514770508,0.7908365726470947,4.382963180541992
83,5.192818641662598,0.8123294115066528,4.380489349365234
84,5.196239948272705,0.8142878413200378,4.381952285766602
85,5.19659423828125,0.8124009370803833,4.384193420410156
86,5.193551540374756,0.8094359636306763,4.384115695953369
87,5.190291404724121,0.8105156421661377,4.3797760009765625
88,5.2092437744140625,0.8213235139846802,4.387920379638672
89,5.18165922164917,0.7977567911148071,4.383902549743652
90,5.185939788818359,0.8039547204971313,4.381985187530518
91,5.194273948669434,0.8118126392364502,4.3824615478515625
92,5.148715019226074,0.7675226926803589,4.381192207336426
93,5.149249076843262,0.7671030759811401,4.382145881652832
94,5.186128616333008,0.8032181262969971,4.382910251617432
95,5.183474540710449,0.8035933971405029,4.379880905151367
96,5.134929656982422,0.7564295530319214,4.378499984741211
97,5.175327301025391,0.7878747582435608,4.387452602386475
98,5.188882350921631,0.8133987784385681,4.375483512878418
99,5.162871360778809,0.7831755876541138,4.379695892333984
100,5.175172328948975,0.8000935316085815,4.3750786781311035
101,5.162021160125732,0.7857068777084351,4.376314163208008
102,5.164497375488281,0.7888306379318237,4.375666618347168
103,5.163846015930176,0.7818524837493896,4.381993293762207
104,5.164266109466553,0.7842363119125366,4.380029678344727
105,5.179994106292725,0.8054377436637878,4.374556541442871
106,5.1623711585998535,0.7829670906066895,4.379404067993164
107,5.171069622039795,0.7874277830123901,4.383641719818115
108,5.166280746459961,0.7950727939605713,4.371208190917969
109,5.140227317810059,0.7638289928436279,4.376398086547852
110,5.1370744705200195,0.7615633010864258,4.375511169433594
111,5.137019634246826,0.7659786343574524,4.3710408210754395
112,5.156642436981201,0.780044436454773,4.376597881317139
113,5.138882160186768,0.7633775472640991,4.375504493713379
114,5.151735782623291,0.772720456123352,4.3790154457092285
115,5.136913299560547,0.7637712955474854,4.373142242431641
116,5.125962257385254,0.7571146488189697,4.368847370147705
117,5.171932220458984,0.7979669570922852,4.373965263366699
118,5.13870096206665,0.7698822021484375,4.368818759918213
119,5.087140083312988,0.7121613025665283,4.374979019165039
120,5.159884452819824,0.7899175882339478,4.369966983795166
121,5.145194053649902,0.7752151489257812,4.369978904724121
122,5.111392021179199,0.7430459856987,4.368346214294434
123,5.144019603729248,0.7706969976425171,4.373322486877441
124,5.138322830200195,0.7775641083717346,4.3607587814331055
125,5.146032810211182,0.7779842019081116,4.368048667907715
126,5.129946231842041,0.765164315700531,4.364781856536865
127,5.12971305847168,0.7572736144065857,4.372439384460449
128,5.132052421569824,0.7626509070396423,4.369401454925537
129,5.141237258911133,0.7781170010566711,4.363120079040527
130,5.141749858856201,0.7742191553115845,4.367530822753906
131,5.14301061630249,0.7756384015083313,4.367372035980225
132,5.160770416259766,0.7903180718421936,4.370452404022217
133,5.139866352081299,0.7759055495262146,4.3639607429504395
134,5.128761291503906,0.7640967965126038,4.364664554595947
135,5.10474157333374,0.745872974395752,4.358868598937988
136,5.126844882965088,0.757535457611084,4.369309425354004
137,5.141528129577637,0.784032940864563,4.357495307922363
138,5.096039772033691,0.729417085647583,4.366622447967529
139,5.148123741149902,0.7839879393577576,4.3641357421875
140,5.1152801513671875,0.7582399249076843,4.3570404052734375
141,5.110945701599121,0.7423934936523438,4.368552207946777
142,5.092396259307861,0.7242377996444702,4.368158340454102
143,5.135862350463867,0.7681596279144287,4.367702484130859
144,5.134257793426514,0.7731252312660217,4.361132621765137
145,5.1100077629089355,0.7413420677185059,4.36866569519043
146,5.131590843200684,0.7658081650733948,4.365782737731934
147,5.0926618576049805,0.7328044176101685,4.359857559204102
148,5.135673522949219,0.7690916657447815,4.366581916809082
149,5.11104154586792,0.7495989203453064,4.361442565917969
150,5.09683084487915,0.7422515153884888,4.354579448699951
151,5.102354526519775,0.743654727935791,4.358699798583984
152,5.107868194580078,0.7457529306411743,4.362115383148193
153,5.092432975769043,0.723967969417572,4.368464946746826
154,5.124730110168457,0.7568860650062561,4.367844104766846
155,5.103140354156494,0.7452449202537537,4.357895374298096
156,5.098088264465332,0.7463093996047974,4.351778984069824
157,5.112521171569824,0.7598724365234375,4.352648735046387
158,5.093440055847168,0.7364488244056702,4.356991291046143
159,5.160189628601074,0.7938537001609802,4.366335868835449
160,5.085741996765137,0.7385224103927612,4.347219467163086
161,5.099039077758789,0.7465924024581909,4.352446556091309
162,5.115732669830322,0.764870285987854,4.350862503051758
163,5.116918563842773,0.7643205523490906,4.352598190307617
164,5.080254077911377,0.7273603677749634,4.352893829345703
165,5.129530429840088,0.7707201242446899,4.3588104248046875
166,5.133556842803955,0.770477294921875,4.36307954788208
167,5.088719844818115,0.7295315861701965,4.359188079833984
168,5.0905327796936035,0.7405983209609985,4.3499345779418945
169,5.107203006744385,0.7574080228805542,4.349794864654541
170,5.093573093414307,0.7402397394180298,4.353333473205566
171,5.0974907875061035,0.739420473575592,4.358070373535156
172,5.070998668670654,0.7118123769760132,4.359186172485352
173,5.073360443115234,0.7256255745887756,4.3477349281311035
174,5.074974536895752,0.727333664894104,4.3476409912109375
175,5.090816974639893,0.7422151565551758,4.348601818084717
176,5.058194637298584,0.7137161493301392,4.344478607177734
177,5.041012287139893,0.691053032875061,4.349959373474121
178,5.084125518798828,0.730187177658081,4.353938102722168
179,5.106129169464111,0.7561046481132507,4.350024700164795
180,5.088913917541504,0.7291741371154785,4.359739780426025
181,5.09332275390625,0.7473025321960449,4.346020221710205
182,5.10452938079834,0.7514908313751221,4.353038787841797
183,5.078224182128906,0.7310492992401123,4.347174644470215
184,5.065029144287109,0.7224454879760742,4.342583656311035
185,5.105703830718994,0.7538723945617676,4.351831436157227
186,5.051236152648926,0.702172040939331,4.349064350128174
187,5.095948696136475,0.7407288551330566,4.355219841003418
188,5.054508686065674,0.7111607193946838,4.343348026275635
189,5.053104400634766,0.7109615802764893,4.3421430587768555
190,5.077000617980957,0.7278721332550049,4.349128723144531
191,5.087337970733643,0.7413904070854187,4.345947742462158
192,5.1142144203186035,0.7610669136047363,4.353147506713867
193,5.075013637542725,0.7231280207633972,4.351885795593262
194,5.122494220733643,0.7685521841049194,4.353941917419434
195,5.092480182647705,0.7426218390464783,4.349858283996582
196,5.091841697692871,0.7441800236701965,4.34766149520874
197,5.100052833557129,0.7617882490158081,4.338264465332031
198,5.1036200523376465,0.757174015045166,4.3464460372924805
199,5.028280735015869,0.684071958065033,4.344208717346191
200,5.057392120361328,0.7167742848396301,4.340617656707764
201,5.078065395355225,0.7388893961906433,4.339176177978516
202,5.051768779754639,0.710616946220398,4.341151714324951
203,5.067207336425781,0.7279366850852966,4.33927059173584
204,5.07625675201416,0.7384040951728821,4.337852478027344
205,5.0709123611450195,0.7296688556671143,4.341243743896484
206,5.025033950805664,0.6838541626930237,4.341179847717285
207,5.063505172729492,0.7217891216278076,4.341716289520264
208,5.075994491577148,0.7354915142059326,4.340502738952637
209,5.068270683288574,0.7283581495285034,4.339912414550781
210,5.021456241607666,0.6823210716247559,4.33913516998291
211,5.033209323883057,0.6938600540161133,4.339349269866943
212,5.071712970733643,0.7304990887641907,4.341213703155518
213,5.085605144500732,0.7495006322860718,4.336104393005371
214,5.067636013031006,0.728191077709198,4.339445114135742
215,5.065631866455078,0.7160519361495972,4.349579811096191
216,5.064181804656982,0.7205185294151306,4.343663215637207
217,5.061310768127441,0.726341187953949,4.334969520568848
218,5.078469276428223,0.7357817888259888,4.342687606811523
219,5.064141750335693,0.732182502746582,4.331959247589111
220,5.0541672706604,0.7131541967391968,4.341012954711914
221,5.0601606369018555,0.722346305847168,4.3378143310546875
222,5.049672603607178,0.7093793153762817,4.3402934074401855
223,5.0464582443237305,0.7086008787155151,4.337857246398926
224,5.057105541229248,0.7216812372207642,4.335424423217773
225,5.05692720413208,0.7220050096511841,4.3349223136901855
226,5.0516462326049805,0.719078540802002,4.3325676918029785
227,5.04647970199585,0.7096682190895081,4.336811542510986
228,5.0507941246032715,0.7122291326522827,4.338564872741699
229,5.045528411865234,0.7045663595199585,4.340961933135986
230,5.040062427520752,0.7065767049789429,4.3334856033325195
231,5.076837539672852,0.7377008199691772,4.339136600494385
232,5.055134296417236,0.7137212753295898,4.3414130210876465
233,5.04086971282959,0.7131297588348389,4.327739715576172
234,5.014223575592041,0.6867412328720093,4.327482223510742
235,5.0516462326049805,0.7127525806427002,4.338893890380859
236,5.056570529937744,0.7207713723182678,4.335799217224121
237,5.0450897216796875,0.7044678926467896,4.3406219482421875
238,5.017232894897461,0.6823126077651978,4.334920406341553
239,5.047318935394287,0.7162382006645203,4.331080913543701
240,5.003746032714844,0.67569899559021,4.328047275543213
241,5.067320823669434,0.7314814925193787,4.33583927154541
242,5.025033950805664,0.6988413333892822,4.326192378997803
243,5.043233871459961,0.7149155139923096,4.3283185958862305
244,5.028202056884766,0.7025583386421204,4.325643539428711
245,5.03040885925293,0.69895339012146,4.331455230712891
246,5.050998687744141,0.7216060161590576,4.329392433166504
247,5.038715362548828,0.7064404487609863,4.332274913787842
248,5.006357192993164,0.6763957142829895,4.32996129989624
249,5.044144153594971,0.7161620259284973,4.327981948852539
250,5.023766994476318,0.6952163577079773,4.328550815582275
251,5.029811859130859,0.6952512264251709,4.334560394287109
252,5.015826225280762,0.6870348453521729,4.32879114151001
253,5.010425567626953,0.6900423765182495,4.320383071899414
254,5.011308670043945,0.6839219927787781,4.327386856079102
255,5.024659156799316,0.6999504566192627,4.324708461761475
256,5.050660610198975,0.7201941609382629,4.330466270446777
257,4.996236801147461,0.6659233570098877,4.330313682556152
258,5.036787033081055,0.7027596235275269,4.334027290344238
259,5.0123982429504395,0.6837135553359985,4.3286848068237305
260,5.019837379455566,0.7004642486572266,4.31937313079834
261,5.0126166343688965,0.6917272806167603,4.320889472961426
262,5.026259422302246,0.7090855240821838,4.317173957824707
263,5.036923885345459,0.7071279287338257,4.329795837402344
264,5.021602153778076,0.6997169852256775,4.321885108947754
265,5.012968063354492,0.6939427852630615,4.31902551651001
266,5.023796558380127,0.7013974189758301,4.322399139404297
267,5.0096330642700195,0.6877198815345764,4.321913242340088
268,5.022617816925049,0.6949447989463806,4.327672958374023
269,5.001348495483398,0.681189775466919,4.320158958435059
270,4.991455078125,0.6662371158599854,4.325218200683594
271,4.9988226890563965,0.6763356328010559,4.322486877441406
272,5.034206867218018,0.7066148519515991,4.327591896057129
273,4.999693393707275,0.6801228523254395,4.319570541381836
274,5.021267890930176,0.6992835998535156,4.32198429107666
275,5.01607608795166,0.6965740919113159,4.319501876831055
276,5.0280046463012695,0.7095978260040283,4.31840705871582
277,5.002016067504883,0.6829298734664917,4.319086074829102
278,4.993646144866943,0.6739200949668884,4.31972599029541
279,4.989446640014648,0.6820734143257141,4.307373046875
280,5.006824970245361,0.6859241724014282,4.320900917053223
281,5.04358434677124,0.7268052101135254,4.316779136657715
282,4.985276699066162,0.6725124716758728,4.3127641677856445
283,4.987557411193848,0.668283998966217,4.319273471832275
284,4.960310459136963,0.6431137323379517,4.317196846008301
285,4.984529495239258,0.67067551612854,4.313854217529297
286,5.002307415008545,0.6858868598937988,4.316420555114746
287,5.010528564453125,0.6939060688018799,4.316622257232666
288,5.0424957275390625,0.7140276432037354,4.328467845916748
289,4.971885681152344,0.6466125845909119,4.325273036956787
290,4.9802398681640625,0.6716753244400024,4.30856466293335
291,4.977964401245117,0.6628587245941162,4.31510591506958
292,4.988063812255859,0.6728379726409912,4.315225601196289
293,5.019279479980469,0.7088077068328857,4.310471534729004
294,4.987691879272461,0.6692389845848083,4.318452835083008
295,5.0094428062438965,0.6938952207565308,4.315547466278076
296,4.975559234619141,0.6653813123703003,4.310177803039551
297,4.9690656661987305,0.6572504043579102,4.31181526184082
298,4.988675594329834,0.6702378988265991,4.318437576293945
299,4.97284460067749,0.6573899984359741,4.315454483032227
300,4.98945951461792,0.6677199602127075,4.321739673614502
301,4.963807582855225,0.6512382626533508,4.3125691413879395
302,4.9768385887146,0.6675276160240173,4.3093109130859375
303,4.969603061676025,0.6619167327880859,4.3076863288879395
304,4.999125957489014,0.6794665455818176,4.319659233093262
305,4.985668659210205,0.666592001914978,4.3190765380859375
306,4.981025695800781,0.6663186550140381,4.314706802368164
307,4.975292205810547,0.6662675142288208,4.309024810791016
308,4.9945173263549805,0.682786226272583,4.311731338500977
309,4.988837242126465,0.678378164768219,4.310459136962891
310,4.955535888671875,0.6434136629104614,4.312122344970703
311,4.97029972076416,0.6631277799606323,4.307171821594238
312,4.992275238037109,0.6888416409492493,4.303433418273926
313,4.986520290374756,0.6775286793708801,4.308991432189941
314,4.986337661743164,0.6696286201477051,4.316709041595459
315,4.989015579223633,0.6779365539550781,4.311079025268555
316,4.979419231414795,0.67535400390625,4.304065227508545
317,4.978978157043457,0.6743801832199097,4.304597854614258
318,4.972949981689453,0.660235583782196,4.312714576721191
319,4.942890167236328,0.6365516185760498,4.306338787078857
320,4.948121070861816,0.6402771472930908,4.307844161987305
321,4.95383882522583,0.6489294767379761,4.3049092292785645
322,4.960712909698486,0.6538963913917542,4.306816577911377
323,4.9607720375061035,0.6539756059646606,4.306796550750732
324,4.983687400817871,0.6740787029266357,4.309608459472656
325,4.956964492797852,0.6495630741119385,4.307401180267334
326,4.938916206359863,0.6392417550086975,4.2996745109558105
327,4.965373992919922,0.6589888334274292,4.306385040283203
328,4.939886093139648,0.6344833374023438,4.305402755737305
329,4.938868522644043,0.6404159069061279,4.298452377319336
330,4.942495346069336,0.6351273059844971,4.307368278503418
331,4.958128452301025,0.6534979939460754,4.304630279541016
332,4.9623517990112305,0.6578212976455688,4.304530620574951
333,4.952581882476807,0.6453862190246582,4.307195663452148
334,4.94343376159668,0.6410523056983948,4.30238151550293
335,4.950864791870117,0.6460855603218079,4.304779052734375
336,4.95195198059082,0.6538878679275513,4.298064231872559
337,4.938043594360352,0.6387726664543152,4.299271106719971
338,4.9555134773254395,0.655538022518158,4.299975395202637
339,4.925760269165039,0.6267977952957153,4.298962593078613
340,4.952967166900635,0.6495556235313416,4.303411483764648
341,4.954777717590332,0.6476713418960571,4.3071064949035645
342,4.944329261779785,0.6430525779724121,4.301276683807373
343,4.945425987243652,0.6472484469413757,4.298177719116211
344,4.9439897537231445,0.637805700302124,4.306183815002441
345,4.9674882888793945,0.664219319820404,4.303268909454346
346,4.962612152099609,0.6625279784202576,4.300084114074707
347,4.935164928436279,0.6361397504806519,4.299025058746338
348,4.9751691818237305,0.6723561882972717,4.3028130531311035
349,4.949254989624023,0.6507253646850586,4.298529624938965
350,4.957378387451172,0.6638227701187134,4.293555736541748
351,4.934539794921875,0.6354988217353821,4.299040794372559
352,4.947098731994629,0.6481302976608276,4.298968315124512
353,4.935995578765869,0.6328194737434387,4.303175926208496
354,4.961332321166992,0.6655360460281372,4.2957963943481445
355,4.929909706115723,0.6365468502044678,4.293362617492676
356,4.935850620269775,0.6400724649429321,4.295778274536133
357,4.94407320022583,0.6507940888404846,4.29327917098999
358,4.948978424072266,0.6522072553634644,4.296771049499512
359,4.969289779663086,0.6906718015670776,4.278617858886719
360,4.943693161010742,0.6500957012176514,4.29359769821167
361,4.93442964553833,0.6365217566490173,4.297907829284668
362,4.9200944900512695,0.6312546730041504,4.288839817047119
363,4.932153224945068,0.632794976234436,4.299358367919922
364,4.932074546813965,0.6369845867156982,4.2950897216796875
365,4.932318210601807,0.6426215767860413,4.28969669342041
366,4.899512767791748,0.6115442514419556,4.287968635559082
367,4.934091567993164,0.63558030128479,4.298511028289795
368,4.936591148376465,0.6440856456756592,4.292505741119385
369,4.935208797454834,0.6481263041496277,4.287082672119141
370,4.920872211456299,0.626277506351471,4.294594764709473
371,4.926204681396484,0.6323966979980469,4.2938079833984375
372,4.951746940612793,0.6583669185638428,4.293379783630371
373,4.9023308753967285,0.6157623529434204,4.286568641662598
374,4.924978733062744,0.6327252388000488,4.292253494262695
375,4.918376922607422,0.6256923675537109,4.292684555053711
376,4.927526950836182,0.6342644095420837,4.293262481689453
377,4.914765357971191,0.6265526413917542,4.288212776184082
378,4.915517330169678,0.6283860802650452,4.287131309509277
379,4.912301063537598,0.6250931024551392,4.287208080291748
380,4.930753707885742,0.630966067314148,4.299787521362305
381,4.8989763259887695,0.616828978061676,4.282147407531738
382,4.901880264282227,0.6113119125366211,4.2905683517456055
383,4.920424938201904,0.6303066611289978,4.290118217468262
384,4.909837245941162,0.6215636134147644,4.288273811340332
385,4.926287651062012,0.6341609954833984,4.292126655578613
386,4.908604621887207,0.6180066466331482,4.290597915649414
387,4.912217617034912,0.6217988133430481,4.29041862487793
388,4.908533096313477,0.6155768632888794,4.292956352233887
389,4.902777194976807,0.6195646524429321,4.283212661743164
390,4.918731212615967,0.6286569237709045,4.290074348449707
391,4.916548252105713,0.6283875703811646,4.288160800933838
392,4.910999774932861,0.6268690824508667,4.284130573272705
393,4.87565279006958,0.5908899307250977,4.284762859344482
394,4.893360137939453,0.6056180000305176,4.2877421379089355
395,4.88444709777832,0.6057758331298828,4.2786712646484375
396,4.890529155731201,0.6051613092422485,4.285367965698242
397,4.910540580749512,0.6246531009674072,4.285887718200684
398,4.894869804382324,0.6092574596405029,4.285612106323242
399,4.9979143142700195,0.7091256380081177,4.288788795471191
400,4.896689414978027,0.6219050884246826,4.274784564971924
401,4.89028787612915,0.603144645690918,4.287143230438232
402,4.892398357391357,0.6128250360488892,4.279573440551758
403,4.9369072914123535,0.648481547832489,4.288425922393799
404,4.892374515533447,0.6181702613830566,4.274204254150391
405,4.881850719451904,0.6017821431159973,4.280068397521973
406,4.8982367515563965,0.6202643513679504,4.277972221374512
407,4.910822868347168,0.62782883644104,4.282994270324707
408,4.887833595275879,0.6030154228210449,4.284818172454834
409,4.871975898742676,0.5888882279396057,4.283087730407715
410,4.884313583374023,0.6029046177864075,4.281408786773682
411,4.887360572814941,0.6078540682792664,4.279506683349609
412,4.8948283195495605,0.6174665689468384,4.277361869812012
413,4.874497413635254,0.598891019821167,4.275606155395508
414,4.879940032958984,0.6040699481964111,4.275869846343994
415,4.875725269317627,0.5958901643753052,4.279835224151611
416,4.877371311187744,0.5940331220626831,4.2833380699157715
417,4.89121675491333,0.6174464225769043,4.273770332336426
418,4.872204303741455,0.5939585566520691,4.27824592590332
419,4.903839111328125,0.6254312992095947,4.278408050537109
420,4.882338523864746,0.5993509292602539,4.282987594604492
421,4.884309768676758,0.6039218902587891,4.280387878417969
422,4.86135196685791,0.5862101316452026,4.275141716003418
423,4.893036842346191,0.6139429807662964,4.2790937423706055
424,4.89066743850708,0.613357424736023,4.277309894561768
425,4.891592979431152,0.6127918362617493,4.278800964355469
426,4.871611595153809,0.5934785604476929,4.278132915496826
427,4.863245964050293,0.5818408727645874,4.281404972076416
428,4.8637542724609375,0.5844476222991943,4.279306411743164
429,4.878493785858154,0.601035475730896,4.277458190917969
430,4.87917947769165,0.6018071174621582,4.277372360229492
431,4.877945899963379,0.6033418774604797,4.274603843688965
432,4.855400562286377,0.5896605253219604,4.265739917755127
433,4.875138282775879,0.5990698337554932,4.276068687438965
434,4.862849235534668,0.5940940380096436,4.2687554359436035
435,4.871970176696777,0.5904071927070618,4.281562805175781
436,4.869948863983154,0.596744179725647,4.273204803466797
437,4.845427513122559,0.575940728187561,4.269486904144287
438,4.861502170562744,0.5882450342178345,4.273257255554199
439,4.79357385635376,0.5204005241394043,4.2731733322143555
440,4.8744707107543945,0.6058623790740967,4.268608570098877
441,4.856330394744873,0.5810705423355103,4.275259971618652
442,4.87152624130249,0.6010239720344543,4.270502090454102
443,4.8622260093688965,0.5957888960838318,4.26643705368042
444,4.847903728485107,0.5753352046012878,4.272568702697754
445,4.859503746032715,0.5880163908004761,4.271487236022949
446,4.85092830657959,0.5784293413162231,4.272499084472656
447,4.851128578186035,0.5847254991531372,4.2664031982421875
448,4.856995582580566,0.5881155729293823,4.2688798904418945
449,4.84052848815918,0.5726632475852966,4.267865180969238
450,4.841847896575928,0.5686786770820618,4.273169040679932
451,4.84552526473999,0.5733858346939087,4.272139549255371
452,4.859459400177002,0.5964876413345337,4.262971878051758
453,4.8662214279174805,0.5946043729782104,4.2716169357299805
454,4.832906723022461,0.5707961320877075,4.262110710144043
455,4.863461017608643,0.595585823059082,4.2678751945495605
456,4.857763290405273,0.5850938558578491,4.272669315338135
457,4.8452301025390625,0.5781229734420776,4.267107009887695
458,4.841775894165039,0.5696808099746704,4.272095203399658
459,4.834222793579102,0.5673593282699585,4.2668633460998535
460,4.87891960144043,0.6101263761520386,4.268793106079102
461,4.831144332885742,0.5634028911590576,4.2677412033081055
462,4.853472709655762,0.5877315998077393,4.265741348266602
463,4.828862190246582,0.5601221323013306,4.268740177154541
464,4.839155197143555,0.575104832649231,4.264050483703613
465,4.842914581298828,0.5737605094909668,4.269154071807861
466,4.869359970092773,0.6090325713157654,4.260327339172363
467,4.836510181427002,0.5753074884414673,4.261202812194824
468,4.846304893493652,0.5830461978912354,4.263258934020996
469,4.851933002471924,0.5905146598815918,4.261418342590332
470,4.836653232574463,0.5716404914855957,4.265012741088867
471,4.821568489074707,0.5600954294204712,4.261473178863525
472,4.8557233810424805,0.5882058143615723,4.267517566680908
473,4.8685150146484375,0.6053178310394287,4.263197422027588
474,4.82845401763916,0.557940661907196,4.270513534545898
475,4.8338541984558105,0.5702509880065918,4.263603210449219
476,4.8174591064453125,0.5582222938537598,4.259236812591553
477,4.823822498321533,0.561398983001709,4.262423515319824
478,4.823853015899658,0.5628514289855957,4.2610015869140625
479,5.026924133300781,0.770555853843689,4.256368160247803
480,4.826423645019531,0.5651297569274902,4.261293888092041
481,4.809605598449707,0.5506725311279297,4.258933067321777
482,4.811832427978516,0.5561258792877197,4.255706787109375
483,4.824893951416016,0.567630410194397,4.257263660430908
484,4.81769323348999,0.5560812950134277,4.2616119384765625
485,4.839795112609863,0.5818006992340088,4.257994651794434
486,4.805771827697754,0.5486462116241455,4.2571258544921875
487,4.820123195648193,0.5628911256790161,4.257232189178467
488,4.839282035827637,0.5781397223472595,4.261142253875732
489,4.819074630737305,0.5651487708091736,4.253925800323486
490,4.819509029388428,0.5603899359703064,4.259119033813477
491,4.798310279846191,0.5413700342178345,4.2569403648376465
492,4.836892604827881,0.579657256603241,4.257235527038574
493,4.81907844543457,0.5643848180770874,4.254693508148193
494,4.823407173156738,0.5627892017364502,4.260617733001709
495,4.823456764221191,0.5602405071258545,4.263216018676758
496,4.779155254364014,0.5250115990638733,4.254143714904785
497,4.81849479675293,0.5679828524589539,4.25051212310791
498,4.788269996643066,0.5260190963745117,4.262250900268555
499,4.796573162078857,0.5462161302566528,4.250357151031494
500,4.8099470138549805,0.5588079690933228,4.251139163970947
501,4.816903114318848,0.5594462156295776,4.2574567794799805
502,4.825197219848633,0.5700204968452454,4.255176544189453
503,4.81423282623291,0.55911785364151,4.255115032196045
504,4.807907581329346,0.5480321049690247,4.259875297546387
505,4.806589603424072,0.5516931414604187,4.254896640777588
506,4.828954696655273,0.5831658840179443,4.24578857421875
507,4.785772323608398,0.5309592485427856,4.254813194274902
508,4.795941352844238,0.5432069897651672,4.252734184265137
509,4.818548679351807,0.5604138374328613,4.258134841918945
510,4.812166690826416,0.5551315546035767,4.257035255432129
511,4.7773213386535645,0.5268071889877319,4.250514030456543
512,4.84382438659668,0.5854179859161377,4.258406639099121
513,4.798059463500977,0.547575831413269,4.250483512878418
514,4.816747665405273,0.5615736246109009,4.255174160003662
515,4.792587757110596,0.5498048663139343,4.242783069610596
516,4.8174896240234375,0.5645482540130615,4.252941608428955
517,4.808486461639404,0.559350311756134,4.249135971069336
518,4.813143253326416,0.5661615133285522,4.246981620788574
519,4.800600051879883,0.5404313802719116,4.260168552398682
520,4.7784600257873535,0.5346728563308716,4.2437872886657715
521,4.790518283843994,0.5451318025588989,4.245386600494385
522,4.810288429260254,0.5546329021453857,4.255655765533447
523,4.779810905456543,0.5294864177703857,4.250324249267578
524,4.764575004577637,0.5201083421707153,4.244466781616211
525,4.7822370529174805,0.5341999530792236,4.248037338256836
526,4.778294563293457,0.533880352973938,4.244414329528809
527,4.811572551727295,0.5581235885620117,4.253448963165283
528,4.799117565155029,0.5557301640510559,4.243387222290039
529,4.77444314956665,0.521294116973877,4.253149032592773
530,4.783466339111328,0.5369322299957275,4.24653434753418
531,4.801347732543945,0.5514533519744873,4.249894142150879
532,4.766608715057373,0.5206035375595093,4.246005058288574
533,4.788851261138916,0.5381560921669006,4.25069522857666
534,4.776010513305664,0.5345298051834106,4.241480827331543
535,4.757018089294434,0.517833948135376,4.2391839027404785
536,4.814774513244629,0.5723121762275696,4.242462158203125
537,4.763116836547852,0.5169973373413086,4.246119499206543
538,4.78739070892334,0.5406589508056641,4.246731758117676
539,4.813961029052734,0.5664864778518677,4.247474670410156
540,4.795877456665039,0.5527802109718323,4.243097305297852
541,4.774411201477051,0.5276554822921753,4.246755599975586
542,4.763291358947754,0.5233862400054932,4.23990535736084
543,4.774415016174316,0.5278670787811279,4.246547698974609
544,4.771980285644531,0.5209802985191345,4.250999927520752
545,4.77421760559082,0.5344982743263245,4.239719390869141
546,4.776099681854248,0.529948353767395,4.246151447296143
547,4.80266809463501,0.5603739023208618,4.2422943115234375
548,4.777284622192383,0.5453158020973206,4.231968879699707
549,4.788154125213623,0.546318531036377,4.241835594177246
550,4.771944522857666,0.5262238383293152,4.245720863342285
551,4.759817123413086,0.5247651934623718,4.235052108764648
552,4.769412040710449,0.5317171216011047,4.23769474029541
553,4.793327331542969,0.5545556545257568,4.238771438598633
554,4.756343364715576,0.5250592231750488,4.231284141540527
555,4.766547203063965,0.5312890410423279,4.235258102416992
556,4.771113395690918,0.535875141620636,4.235238075256348
557,4.790169715881348,0.5526368618011475,4.237533092498779
558,4.766312599182129,0.520061731338501,4.246251106262207
559,4.737755298614502,0.5052109360694885,4.232544422149658
560,4.764540672302246,0.5315800905227661,4.2329607009887695
561,4.791306018829346,0.5464190244674683,4.244886875152588
562,4.76572322845459,0.5229921936988831,4.242731094360352
563,4.7595696449279785,0.5315336585044861,4.228035926818848
564,4.767120361328125,0.5311279296875,4.235992431640625
565,4.758097171783447,0.522003710269928,4.236093521118164
566,4.759444236755371,0.5253779888153076,4.234066486358643
567,4.746583938598633,0.514211893081665,4.232372283935547
568,4.734898090362549,0.49365460872650146,4.241243362426758
569,4.775529861450195,0.5465846061706543,4.228945255279541
570,4.765077114105225,0.526161789894104,4.23891544342041
571,4.790277481079102,0.556929349899292,4.2333478927612305
572,4.729537010192871,0.5057336091995239,4.223803520202637
573,4.746410369873047,0.5087841153144836,4.237626075744629
574,4.7826080322265625,0.5441892743110657,4.2384185791015625
575,4.747064590454102,0.5157843828201294,4.231280326843262
576,4.7601704597473145,0.5237151384353638,4.23645544052124
577,4.725647926330566,0.49846720695495605,4.2271809577941895
578,4.751553058624268,0.5181118249893188,4.233441352844238
579,4.753047466278076,0.5195725560188293,4.2334747314453125
580,4.738059997558594,0.5040633082389832,4.233996868133545
581,4.76479959487915,0.536979079246521,4.22782039642334
582,4.769469261169434,0.5331393480300903,4.236330032348633
583,4.755192279815674,0.5227214097976685,4.232470989227295
584,4.728880405426025,0.49951618909835815,4.229364395141602
585,4.748375415802002,0.5171486139297485,4.231226921081543
586,4.741698741912842,0.5173119306564331,4.224386692047119
587,4.763532638549805,0.5319749116897583,4.231557846069336
588,4.750158309936523,0.5183926820755005,4.2317657470703125
589,4.73170804977417,0.5004295706748962,4.231278419494629
590,4.764220714569092,0.5292550325393677,4.234965801239014
591,4.759368419647217,0.5328540205955505,4.2265143394470215
592,4.73983097076416,0.5064797401428223,4.233351230621338
593,4.753190040588379,0.5200890898704529,4.233100891113281
594,4.744361400604248,0.5158354043960571,4.2285261154174805
595,4.7077412605285645,0.48938149213790894,4.21835994720459
596,4.726987838745117,0.4955465793609619,4.231441020965576
597,4.731266021728516,0.5070935487747192,4.224172592163086
598,4.721648693084717,0.48785844445228577,4.233790397644043
599,4.591243267059326,0.37122979760169983,4.220013618469238
600,4.736355304718018,0.5025386810302734,4.233816623687744
601,4.745040416717529,0.514217734336853,4.230822563171387
602,4.735551834106445,0.5042445063591003,4.231307506561279
603,4.726898193359375,0.5005953311920166,4.226302623748779
604,4.729160308837891,0.5087928771972656,4.220367431640625
605,4.749144077301025,0.5226321816444397,4.2265119552612305
606,4.753138542175293,0.5195367336273193,4.233602046966553
607,4.729232311248779,0.5007773041725159,4.228455066680908
608,4.745975017547607,0.5155641436576843,4.230411052703857
609,4.713272571563721,0.49033355712890625,4.2229390144348145
610,4.745331764221191,0.5107945203781128,4.234537124633789
611,4.74863862991333,0.5186143517494202,4.230024337768555
612,4.72672176361084,0.5082584619522095,4.21846342086792
613,4.722127914428711,0.4969788193702698,4.225149154663086
614,4.737112522125244,0.5152349472045898,4.221877574920654
615,4.730839729309082,0.5041629076004028,4.226676940917969
616,4.721254825592041,0.5023761987686157,4.218878746032715
617,4.723114967346191,0.4948529601097107,4.228261947631836
618,4.722868919372559,0.49771806597709656,4.225151062011719
619,4.742391586303711,0.5168970823287964,4.225494384765625
620,4.725823402404785,0.5076853036880493,4.218138217926025
621,4.705508708953857,0.491486132144928,4.214022636413574
622,4.708017349243164,0.4870511293411255,4.220966339111328
623,4.7066545486450195,0.4979938268661499,4.20866060256958
624,4.694643020629883,0.47777438163757324,4.2168684005737305
625,4.717002868652344,0.4947194457054138,4.222283363342285
626,4.730647563934326,0.5172344446182251,4.213413238525391
627,4.702717304229736,0.4930263161659241,4.209691047668457
628,4.720101833343506,0.5072988867759705,4.212802886962891
629,4.739377021789551,0.514904797077179,4.2244720458984375
630,4.708132266998291,0.48474904894828796,4.22338342666626
631,4.718203067779541,0.5027585625648499,4.215444564819336
632,4.699781894683838,0.48252153396606445,4.217260360717773
633,4.74821662902832,0.5249986052513123,4.223217964172363
634,4.726437568664551,0.5059857368469238,4.220451831817627
635,4.724337100982666,0.5087666511535645,4.215570449829102
636,4.73314094543457,0.5187702775001526,4.2143707275390625
637,4.694808006286621,0.47895336151123047,4.215854644775391
638,4.712851047515869,0.495644748210907,4.2172064781188965
639,4.7216796875,0.5450312495231628,4.1766486167907715
640,4.737005233764648,0.5137158632278442,4.223289489746094
641,4.720259189605713,0.5087257623672485,4.211533546447754
642,4.708414077758789,0.49575236439704895,4.2126617431640625
643,4.728789806365967,0.509247362613678,4.219542503356934
644,4.691133975982666,0.4730059504508972,4.218128204345703
645,4.720648765563965,0.5080822110176086,4.212566375732422
646,4.705837249755859,0.4880436658859253,4.2177934646606445
647,4.695990562438965,0.480964720249176,4.215025901794434
648,4.678128242492676,0.4644293785095215,4.213698863983154
649,4.70894193649292,0.49479788541793823,4.214144229888916
650,4.693670749664307,0.4768733084201813,4.216797351837158
651,4.7104811668396,0.4965291917324066,4.21395206451416
652,4.708710670471191,0.4938479959964752,4.214862823486328
653,4.691967010498047,0.48325467109680176,4.208712577819824
654,4.707040309906006,0.49377357959747314,4.213266849517822
655,4.702549934387207,0.48527100682258606,4.217278957366943
656,4.7234721183776855,0.510053277015686,4.213418960571289
657,4.696322441101074,0.4913647174835205,4.204957485198975
658,4.712665557861328,0.5002303123474121,4.212435245513916
659,4.701827049255371,0.4872267246246338,4.214600563049316
660,4.657114028930664,0.45772337913513184,4.199390888214111
661,4.699103355407715,0.4874172806739807,4.211686134338379
662,4.6790852546691895,0.47196531295776367,4.207119941711426
663,4.698229789733887,0.4933509826660156,4.204878807067871
664,4.716568946838379,0.5111328363418579,4.2054362297058105
665,4.70041036605835,0.48629510402679443,4.214115142822266
666,4.6960039138793945,0.4842710494995117,4.211732864379883
667,4.711441516876221,0.4941405951976776,4.217300891876221
668,4.679141998291016,0.47237515449523926,4.206766605377197
669,4.670883655548096,0.4622081220149994,4.208675384521484
670,4.683117866516113,0.4737389087677002,4.209379196166992
671,4.686446189880371,0.4814426302909851,4.20500373840332
672,4.727488994598389,0.5199812054634094,4.207507610321045
673,4.668871879577637,0.46589359641075134,4.202978134155273
674,4.693395137786865,0.4896361231803894,4.20375919342041
675,4.679593563079834,0.47123581171035767,4.208357810974121
676,4.702081680297852,0.4978741705417633,4.204207420349121
677,4.669637203216553,0.46826231479644775,4.2013750076293945
678,4.671091556549072,0.470336377620697,4.2007551193237305
679,4.639404773712158,0.413489431142807,4.225915431976318
680,4.657782554626465,0.4634561538696289,4.194326400756836
681,4.684722900390625,0.4817110002040863,4.203011989593506
682,4.656584739685059,0.45308709144592285,4.203497886657715
683,4.670960426330566,0.46700572967529297,4.203954696655273
684,4.670589923858643,0.47208940982818604,4.198500633239746
685,4.70164680480957,0.49541568756103516,4.206231117248535
686,4.662801742553711,0.4578332304954529,4.204968452453613
687,4.668839454650879,0.4609830379486084,4.207856178283691
688,4.669834136962891,0.47169506549835205,4.198139190673828
689,4.665603160858154,0.45969104766845703,4.205912113189697
690,4.662721157073975,0.46536770462989807,4.197353363037109
691,4.694074630737305,0.49699467420578003,4.197080135345459
692,4.6759562492370605,0.46876174211502075,4.2071943283081055
693,4.693925857543945,0.49283021688461304,4.2010955810546875
694,4.641170978546143,0.44998568296432495,4.191185474395752
695,4.679968357086182,0.47925326228141785,4.200715065002441
696,4.6781768798828125,0.47796177864074707,4.2002153396606445
697,4.661977767944336,0.4624826908111572,4.199495315551758
698,4.680110454559326,0.47916191816329956,4.200948715209961
699,4.648887634277344,0.45958924293518066,4.189298152923584
700,4.676937580108643,0.46888384222984314,4.2080535888671875
701,4.686092376708984,0.48799586296081543,4.19809627532959
702,4.695255279541016,0.4892846345901489,4.205970764160156
703,4.669284820556641,0.47473710775375366,4.194547653198242
704,4.66282844543457,0.46426984667778015,4.198558807373047
705,4.676876068115234,0.4761708974838257,4.200705051422119
706,4.671567440032959,0.4694935381412506,4.20207405090332
707,4.654939651489258,0.4599524140357971,4.1949872970581055
708,4.660599231719971,0.4613077938556671,4.199291229248047
709,4.6756181716918945,0.47212108969688416,4.203496932983398
710,4.656936168670654,0.46147239208221436,4.19546365737915
711,4.669684410095215,0.4711800217628479,4.198504447937012
712,4.656891822814941,0.46062949299812317,4.196262359619141
713,4.667248725891113,0.4708215892314911,4.196427345275879
714,4.66601037979126,0.47033149003982544,4.1956787109375
715,4.675942420959473,0.48154178261756897,4.194400787353516
716,4.639690399169922,0.4512471556663513,4.188443183898926
717,4.663627624511719,0.4649433493614197,4.198684215545654
718,4.664312839508057,0.4647601246833801,4.199552536010742
719,4.7092604637146,0.5200680494308472,4.189192295074463
720,4.654863357543945,0.4576456546783447,4.19721794128418
721,4.632852077484131,0.44321197271347046,4.189640045166016
722,4.6408305168151855,0.45449748635292053,4.186333179473877
723,4.647776126861572,0.4512897729873657,4.196486473083496
724,4.65853214263916,0.45913204550743103,4.199399948120117
725,4.650973320007324,0.4572823643684387,4.193690776824951
726,4.679996490478516,0.4804192781448364,4.199577331542969
727,4.658679008483887,0.47209668159484863,4.186582565307617
728,4.64556360244751,0.4518051743507385,4.193758487701416
729,4.641507625579834,0.44173628091812134,4.199771404266357
730,4.652110576629639,0.46052512526512146,4.191585540771484
731,4.65497350692749,0.4727616608142853,4.182211875915527
732,4.6332926750183105,0.439215749502182,4.194077014923096
733,4.64251708984375,0.45009198784828186,4.19242525100708
734,4.624639987945557,0.4343715012073517,4.190268516540527
735,4.662837982177734,0.4666452407836914,4.196192741394043
736,4.646852970123291,0.4609734117984772,4.185879707336426
737,4.646564483642578,0.4534331262111664,4.193131446838379
738,4.651157379150391,0.4626418650150299,4.188515663146973
739,4.655294418334961,0.4631216824054718,4.192172527313232
740,4.677274227142334,0.48682892322540283,4.190445423126221
741,4.646437168121338,0.4626730978488922,4.1837639808654785
742,4.664122104644775,0.4719785749912262,4.192143440246582
743,4.639208793640137,0.454209566116333,4.184999465942383
744,4.633584976196289,0.44803404808044434,4.185550689697266
745,4.652261257171631,0.4667566418647766,4.18550443649292
746,4.622112274169922,0.44499295949935913,4.177119255065918
747,4.642656326293945,0.451203316450119,4.191452980041504
748,4.638331413269043,0.46082377433776855,4.1775078773498535
749,4.679594993591309,0.48111364245414734,4.198481559753418
750,4.655941486358643,0.47547394037246704,4.18046760559082
751,4.6441650390625,0.4569966197013855,4.187168598175049
752,4.6654181480407715,0.47772783041000366,4.187690258026123
753,4.619345664978027,0.4403877854347229,4.178957939147949
754,4.664686679840088,0.47868970036506653,4.185997009277344
755,4.6581854820251465,0.46215730905532837,4.196028232574463
756,4.636871814727783,0.46111762523651123,4.175754070281982
757,4.630330562591553,0.4444555342197418,4.185874938964844
758,4.61996603012085,0.44218212366104126,4.177783966064453
759,4.640163898468018,0.4397965967655182,4.200367450714111
760,4.635373115539551,0.4510606527328491,4.184312343597412
761,4.625014305114746,0.441616952419281,4.18339729309082
762,4.637136936187744,0.4570271670818329,4.180109977722168
763,4.608123779296875,0.4297904372215271,4.178333282470703
764,4.625732421875,0.44797831773757935,4.177753925323486
765,4.646623611450195,0.4658488929271698,4.180774688720703
766,4.646761894226074,0.465307354927063,4.181454658508301
767,4.625461578369141,0.44661420583724976,4.178847312927246
768,4.621000289916992,0.44161859154701233,4.179381847381592
769,4.608448028564453,0.43192997574806213,4.176517963409424
770,4.619255542755127,0.44447386264801025,4.174781799316406
771,4.647099018096924,0.4592260718345642,4.187872886657715
772,4.605124473571777,0.4247596263885498,4.180365085601807
773,4.620322227478027,0.43863463401794434,4.181687355041504
774,4.642094612121582,0.4574815332889557,4.184613227844238
775,4.614014148712158,0.43535861372947693,4.178655624389648
776,4.634038925170898,0.4587949812412262,4.175243854522705
777,4.60598087310791,0.4363337755203247,4.169647216796875
778,4.656245708465576,0.46497842669487,4.191267490386963
779,4.629273891448975,0.45184892416000366,4.177424907684326
780,4.631361484527588,0.45031026005744934,4.181051254272461
781,4.625680923461914,0.4477252960205078,4.177955627441406
782,4.60970401763916,0.4314887523651123,4.178215503692627
783,4.643763542175293,0.46880364418029785,4.174960136413574
784,4.636353492736816,0.45807451009750366,4.178278923034668
785,4.621210098266602,0.4431852698326111,4.178024768829346
786,4.620382308959961,0.4361572861671448,4.184225082397461
787,4.61035680770874,0.43464505672454834,4.175711631774902
788,4.642299175262451,0.46405544877052307,4.178243637084961
789,4.657903671264648,0.47214436531066895,4.185759544372559
790,4.620936393737793,0.4523301422595978,4.168606281280518
791,4.629961013793945,0.4587717056274414,4.171189308166504
792,4.64902925491333,0.4694892168045044,4.179540157318115
793,4.598838806152344,0.42523080110549927,4.17360782623291
794,4.620876312255859,0.44569456577301025,4.175181865692139
795,4.609155654907227,0.44314682483673096,4.166008949279785
796,4.607827186584473,0.4357108473777771,4.172116279602051
797,4.631106376647949,0.45715808868408203,4.173948287963867
798,4.616386890411377,0.44632309675216675,4.1700639724731445
799,4.588372707366943,0.4159555435180664,4.172417163848877
800,4.640223503112793,0.4601304829120636,4.180092811584473
801,4.603912353515625,0.427899569272995,4.176012992858887
802,4.62955904006958,0.4582587480545044,4.171300411224365
803,4.602120399475098,0.43576422333717346,4.166356086730957
804,4.604353904724121,0.43691062927246094,4.16744327545166
805,4.5940351486206055,0.425273060798645,4.16876220703125
806,4.595587253570557,0.42511051893234253,4.170476913452148
807,4.610637187957764,0.43535250425338745,4.1752848625183105
808,4.620042324066162,0.4506153464317322,4.169426918029785
809,4.596550464630127,0.43070170283317566,4.165848731994629
810,4.638927936553955,0.4643920660018921,4.174535751342773
811,4.5949273109436035,0.42897284030914307,4.16595458984375
812,4.617807865142822,0.4383642077445984,4.179443836212158
813,4.597729682922363,0.432798832654953,4.164930820465088
814,4.60322380065918,0.4333980679512024,4.169825553894043
815,4.590764045715332,0.42642486095428467,4.164339065551758
816,4.627799987792969,0.4541407823562622,4.173659324645996
817,4.603600978851318,0.4307931363582611,4.172807693481445
818,4.6147565841674805,0.44371509552001953,4.171041488647461
819,4.593693256378174,0.4279378652572632,4.165755271911621
820,4.573029041290283,0.41371119022369385,4.159317970275879
821,4.63179874420166,0.4684771001338959,4.163321495056152
822,4.6067328453063965,0.43650108575820923,4.170231819152832
823,4.578217506408691,0.41263413429260254,4.16558313369751
824,4.602863788604736,0.43750542402267456,4.165358543395996
825,4.609795570373535,0.44566670060157776,4.16412878036499
826,4.598899841308594,0.4311487674713135,4.167751312255859
827,4.584820747375488,0.4197789430618286,4.165041923522949
828,4.591207504272461,0.4244871735572815,4.166720390319824
829,4.60505485534668,0.43755343556404114,4.167501449584961
830,4.583923816680908,0.4117825925350189,4.172141075134277
831,4.593714237213135,0.4308277368545532,4.162886619567871
832,4.618394374847412,0.45613008737564087,4.162264347076416
833,4.602461338043213,0.4400310516357422,4.162430286407471
834,4.600317001342773,0.4340056777000427,4.166311264038086
835,4.579258918762207,0.4221591651439667,4.157099723815918
836,4.565842151641846,0.40819263458251953,4.157649517059326
837,4.571147441864014,0.41073843836784363,4.160408973693848
838,4.6004133224487305,0.4322732388973236,4.168139934539795
839,4.565684795379639,0.3640172779560089,4.201667308807373
840,4.586040019989014,0.420136034488678,4.1659040451049805
841,4.597127437591553,0.4293321967124939,4.167795181274414
842,4.571766376495361,0.4091879725456238,4.162578582763672
843,4.5929975509643555,0.43015024065971375,4.162847518920898
844,4.5719895362854,0.4076661765575409,4.164323329925537
845,4.595550060272217,0.4331201910972595,4.1624298095703125
846,4.554917335510254,0.3995993137359619,4.155317783355713
847,4.584442615509033,0.4231695532798767,4.161273002624512
848,4.58854341506958,0.43036311864852905,4.158180236816406
849,4.567497253417969,0.41848844289779663,4.149008750915527
850,4.564959526062012,0.40579143166542053,4.159168243408203
851,4.597917556762695,0.4412166178226471,4.15670108795166
852,4.589371204376221,0.4235089421272278,4.165862083435059
853,4.579708576202393,0.42387866973876953,4.155829906463623
854,4.5628886222839355,0.41528505086898804,4.147603511810303
855,4.600424289703369,0.43467092514038086,4.165753364562988
856,4.55348014831543,0.4021047353744507,4.1513752937316895
857,4.591219902038574,0.4322052299976349,4.159014701843262
858,4.598964214324951,0.4453105628490448,4.153653621673584
859,4.589563369750977,0.4368852972984314,4.1526780128479
860,4.590784072875977,0.43662625551223755,4.154157638549805
861,4.567413330078125,0.4024629592895508,4.164950370788574
862,4.576288223266602,0.4212242066860199,4.155064105987549
863,4.603708744049072,0.44240665435791016,4.161302089691162
864,4.567733287811279,0.4151671528816223,4.152565956115723
865,4.559467792510986,0.4062384068965912,4.153229236602783
866,4.5732421875,0.41363030672073364,4.159611701965332
867,4.5664801597595215,0.41732072830200195,4.1491594314575195
868,4.575415134429932,0.4225948452949524,4.152820110321045
869,4.582192420959473,0.4268232583999634,4.155369281768799
870,4.5763044357299805,0.4189550280570984,4.157349586486816
871,4.573946952819824,0.42169564962387085,4.152251243591309
872,4.578610420227051,0.42456555366516113,4.154045104980469
873,4.577596664428711,0.4275270700454712,4.150069713592529
874,4.57914924621582,0.4298861622810364,4.14926290512085
875,4.581728935241699,0.430495023727417,4.151233673095703
876,4.562249660491943,0.4049202501773834,4.157329559326172
877,4.563059329986572,0.4067569673061371,4.156302452087402
878,4.556062698364258,0.4089726209640503,4.147089958190918
879,4.636974334716797,0.47588497400283813,4.1610894203186035
880,4.5678253173828125,0.4112098813056946,4.156615257263184
881,4.523221492767334,0.3708980679512024,4.152323246002197
882,4.5740580558776855,0.4238487482070923,4.150209426879883
883,4.547905921936035,0.41262900829315186,4.135276794433594
884,4.583229064941406,0.4223422408103943,4.160886764526367
885,4.567314624786377,0.4155622124671936,4.151752471923828
886,4.5912041664123535,0.4376083016395569,4.153595924377441
887,4.556734561920166,0.40685972571372986,4.149874687194824
888,4.552237510681152,0.4053075313568115,4.14693021774292
889,4.594375133514404,0.43641647696495056,4.157958507537842
890,4.559283256530762,0.4079475402832031,4.151335716247559
891,4.5783371925354,0.4309861958026886,4.147350788116455
892,4.5823073387146,0.421583354473114,4.16072416305542
893,4.571855545043945,0.4222947359085083,4.149560928344727
894,4.545856952667236,0.40047869086265564,4.145378112792969
895,4.56158447265625,0.40365707874298096,4.157927513122559
896,4.542512893676758,0.3964049220085144,4.146108150482178
897,4.556484222412109,0.40998321771621704,4.146501064300537
898,4.558555603027344,0.41434675455093384,4.144208908081055
899,4.600428581237793,0.44953620433807373,4.15089225769043
900,4.56380033493042,0.42175036668777466,4.142049789428711
901,4.561061859130859,0.4202342629432678,4.140827655792236
902,4.539343357086182,0.39936888217926025,4.139974594116211
903,4.551023483276367,0.401966392993927,4.149056911468506
904,4.560900688171387,0.4118378162384033,4.149062633514404
905,4.528755187988281,0.3861733078956604,4.142581939697266
906,4.549039840698242,0.41432273387908936,4.134716987609863
907,4.578076362609863,0.4244839549064636,4.153592586517334
908,4.588507175445557,0.4343201518058777,4.154187202453613
909,4.570589542388916,0.42641350626945496,4.144176006317139
910,4.518017292022705,0.38042986392974854,4.137587547302246
911,4.542940139770508,0.40364938974380493,4.139290809631348
912,4.561768054962158,0.42062634229660034,4.141141891479492
913,4.514240741729736,0.38094574213027954,4.133295059204102
914,4.528989791870117,0.38495153188705444,4.144038200378418
915,4.562858581542969,0.4285271167755127,4.134331703186035
916,4.557872772216797,0.41204509139060974,4.145827770233154
917,4.544787406921387,0.40327173471450806,4.141515731811523
918,4.562497138977051,0.42275214195251465,4.139744758605957
919,4.558574199676514,0.381380170583725,4.177194118499756
920,4.503161907196045,0.36230993270874023,4.140851974487305
921,4.5534563064575195,0.40685439109802246,4.146601676940918
922,4.55444860458374,0.4035108983516693,4.150937557220459
923,4.513967514038086,0.3723626732826233,4.141604900360107
924,4.575207233428955,0.4328234791755676,4.142383575439453
925,4.533335208892822,0.3907948136329651,4.142540454864502
926,4.539921760559082,0.40292829275131226,4.136993408203125
927,4.5790863037109375,0.43772244453430176,4.141363620758057
928,4.546618461608887,0.4095098376274109,4.13710880279541
929,4.551488399505615,0.4145016670227051,4.13698673248291
930,4.519851207733154,0.3767925202846527,4.143058776855469
931,4.562664031982422,0.41059067845344543,4.152073383331299
932,4.529319763183594,0.39594435691833496,4.13337516784668
933,4.545372009277344,0.410715788602829,4.1346564292907715
934,4.546177387237549,0.40604132413864136,4.140136241912842
935,4.532025337219238,0.4064706861972809,4.12555456161499
936,4.574141502380371,0.42870253324508667,4.145439147949219
937,4.543755531311035,0.4150412082672119,4.128714561462402
938,4.531931400299072,0.3961147665977478,4.13581657409668
939,4.522392272949219,0.3893715739250183,4.133020877838135
940,4.521091938018799,0.38702255487442017,4.134069442749023
941,4.536060333251953,0.40704071521759033,4.129019737243652
942,4.533815383911133,0.39541879296302795,4.138396739959717
943,4.530196189880371,0.39220038056373596,4.137995719909668
944,4.542984485626221,0.4116908311843872,4.131293773651123
945,4.546354293823242,0.410309374332428,4.136044979095459
946,4.5172271728515625,0.3801318407058716,4.1370954513549805
947,4.574748992919922,0.44099459052085876,4.133754253387451
948,4.514571189880371,0.3839341402053833,4.130637168884277
949,4.546688556671143,0.40433070063591003,4.14235782623291
950,4.534810543060303,0.40448111295700073,4.130329608917236
951,4.546799659729004,0.41336047649383545,4.133439064025879
952,4.540222644805908,0.39654597640037537,4.1436767578125
953,4.5595245361328125,0.41505539417266846,4.144469261169434
954,4.53250789642334,0.38987475633621216,4.142632961273193
955,4.528874397277832,0.3970004916191101,4.131874084472656
956,4.512807846069336,0.37913888692855835,4.133668899536133
957,4.545339107513428,0.4125789999961853,4.132760047912598
958,4.515814304351807,0.3878808319568634,4.127933502197266
959,4.560563087463379,0.43076834082603455,4.129794597625732
960,4.552689552307129,0.4233799874782562,4.12930965423584
961,4.503519535064697,0.3668961524963379,4.136623382568359
962,4.550642490386963,0.41307613253593445,4.137566566467285
963,4.528110504150391,0.389268159866333,4.138842582702637
964,4.532714366912842,0.4015817642211914,4.13113260269165
965,4.5335259437561035,0.3954118490219116,4.138113975524902
966,4.531711578369141,0.39699238538742065,4.134719371795654
967,4.531311511993408,0.4078142046928406,4.123497486114502
968,4.53238582611084,0.39909276366233826,4.133293151855469
969,4.532987594604492,0.3989579677581787,4.134029865264893
970,4.54874849319458,0.41157764196395874,4.137170791625977
971,4.536105632781982,0.41183796525001526,4.124267578125
972,4.52488374710083,0.39952147006988525,4.125362396240234
973,4.511870384216309,0.3852807581424713,4.126589775085449
974,4.523385047912598,0.4002000689506531,4.123185157775879
975,4.512618541717529,0.3906852602958679,4.121933460235596
976,4.539177417755127,0.4049317538738251,4.134245872497559
977,4.493643760681152,0.3679544925689697,4.125689506530762
978,4.5013275146484375,0.37961286306381226,4.1217145919799805
979,4.549185276031494,0.4180140495300293,4.131171226501465
980,4.542220115661621,0.41483187675476074,4.127388000488281
981,4.508642673492432,0.38272130489349365,4.125921249389648
982,4.512047290802002,0.38471466302871704,4.12733268737793
983,4.516166687011719,0.3911292552947998,4.125037670135498
984,4.530730247497559,0.4010809361934662,4.1296491622924805
985,4.485957145690918,0.3623138666152954,4.123643398284912
986,4.479846477508545,0.3598140478134155,4.12003231048584
987,4.5005316734313965,0.3767819106578827,4.123749732971191
988,4.494974136352539,0.3779429495334625,4.117031097412109
989,4.524355411529541,0.40348371863365173,4.120871543884277
990,4.514416694641113,0.3944694399833679,4.11994743347168
991,4.491307735443115,0.3640094995498657,4.127298355102539
992,4.537281036376953,0.4129961133003235,4.124284744262695
993,4.510547637939453,0.38742077350616455,4.123126983642578
994,4.513637542724609,0.39337053894996643,4.120266914367676
995,4.5459442138671875,0.41546177864074707,4.130482196807861
996,4.501142978668213,0.3933880925178528,4.107754707336426
997,4.4961323738098145,0.36993342638015747,4.126198768615723
998,4.5144500732421875,0.3887815475463867,4.125668525695801
999,4.484912872314453,0.379645437002182,4.105267524719238
1000,4.522870063781738,0.4096296429634094,4.1132402420043945
1001,4.538023471832275,0.4088088274002075,4.129214763641357
1002,4.501117706298828,0.3795803487300873,4.121537208557129
1003,4.513686656951904,0.39004087448120117,4.123645782470703
1004,4.49348258972168,0.3693743944168091,4.12410831451416
1005,4.539601802825928,0.40896937251091003,4.130632400512695
1006,4.527371883392334,0.40472495555877686,4.122646808624268
1007,4.529733180999756,0.4052431285381317,4.124490261077881
1008,4.479651927947998,0.3694719076156616,4.110179901123047
1009,4.521523952484131,0.4044094681739807,4.117114543914795
1010,4.488435745239258,0.37070441246032715,4.117731094360352
1011,4.492499351501465,0.37083351612091064,4.121665954589844
1012,4.4862284660339355,0.37022459506988525,4.11600399017334
1013,4.4728264808654785,0.3656996488571167,4.107126712799072
1014,4.505398750305176,0.386361300945282,4.119037628173828
1015,4.520168781280518,0.39715805649757385,4.123010635375977
1016,4.509888172149658,0.39890211820602417,4.110986232757568
1017,4.49383020401001,0.3702825903892517,4.123547554016113
1018,4.5025200843811035,0.381969153881073,4.120551109313965
1019,4.484875679016113,0.37798428535461426,4.106891632080078
1020,4.5141801834106445,0.3891516327857971,4.125028610229492
1021,4.476045608520508,0.3555896282196045,4.120455741882324
1022,4.5314178466796875,0.40545839071273804,4.125959396362305
1023,4.506862640380859,0.39719605445861816,4.109666347503662
1024,4.487881660461426,0.36393436789512634,4.1239471435546875
1025,4.487131118774414,0.3723134994506836,4.1148176193237305
1026,4.493810176849365,0.37438419461250305,4.1194257736206055
1027,4.493931293487549,0.37311968207359314,4.120811462402344
1028,4.506310939788818,0.3886141777038574,4.117696762084961
1029,4.496928691864014,0.3825623691082001,4.11436653137207
1030,4.512538433074951,0.4007784426212311,4.111760139465332
1031,4.508471965789795,0.3965657353401184,4.111906051635742
1032,4.475438594818115,0.35734501481056213,4.118093490600586
1033,4.47858190536499,0.3653305172920227,4.113251209259033
1034,4.514688014984131,0.3941187858581543,4.120569229125977
1035,4.493956565856934,0.37400251626968384,4.1199541091918945
1036,4.472538948059082,0.35573792457580566,4.1168012619018555
1037,4.476761341094971,0.3668437600135803,4.109917640686035
1038,4.486658573150635,0.37260207533836365,4.114056587219238
1039,4.487929344177246,0.3571229875087738,4.1308064460754395
1040,4.493406772613525,0.3737378716468811,4.119668960571289
1041,4.4748382568359375,0.36633485555648804,4.108503341674805
1042,4.4567036628723145,0.3463931083679199,4.1103105545043945
1043,4.504634857177734,0.3944557309150696,4.1101789474487305
1044,4.480065822601318,0.37458765506744385,4.105478286743164
1045,4.514675140380859,0.4015808701515198,4.113094329833984
1046,4.47658634185791,0.362183541059494,4.114402770996094
1047,4.497478485107422,0.37655705213546753,4.120921611785889
1048,4.476475715637207,0.3598811626434326,4.116594314575195
1049,4.523996353149414,0.40261030197143555,4.1213860511779785
1050,4.495361804962158,0.38681286573410034,4.108549118041992
1051,4.485678672790527,0.37479570508003235,4.110882759094238
1052,4.4757537841796875,0.362385094165802,4.113368511199951
1053,4.463389873504639,0.35258060693740845,4.110809326171875
1054,4.508123874664307,0.3919717073440552,4.116152286529541
1055,4.48330545425415,0.37778645753860474,4.105518817901611
1056,4.47609806060791,0.3733491599559784,4.102748870849609
1057,4.462414741516113,0.3587260842323303,4.103688716888428
1058,4.47029447555542,0.36115536093711853,4.1091389656066895
1059,4.483201503753662,0.37702399492263794,4.10617733001709
1060,4.473052501678467,0.36353808641433716,4.109514236450195
1061,4.475034713745117,0.3654981851577759,4.109536647796631
1062,4.478524208068848,0.3701491951942444,4.108375072479248
1063,4.46507453918457,0.36350059509277344,4.101573944091797
1064,4.486562728881836,0.37934115529060364,4.107221603393555
1065,4.466238498687744,0.36560672521591187,4.1006317138671875
1066,4.446320056915283,0.3475745916366577,4.098745346069336
1067,4.487174034118652,0.37750697135925293,4.10966682434082
1068,4.481767654418945,0.3771696090698242,4.104598045349121
1069,4.494259357452393,0.39030301570892334,4.10395622253418
1070,4.464480876922607,0.36713171005249023,4.097349166870117
1071,4.489171981811523,0.3865011930465698,4.102670669555664
1072,4.500484943389893,0.4006389081478119,4.099845886230469
1073,4.495599746704102,0.38627639412879944,4.109323501586914
1074,4.468029022216797,0.36511245369911194,4.102916717529297
1075,4.485846042633057,0.36919307708740234,4.116652965545654
1076,4.465729713439941,0.3605736792087555,4.105155944824219
1077,4.48729133605957,0.3859197795391083,4.101371765136719
1078,4.450685024261475,0.3537735342979431,4.096911430358887
1079,4.591119766235352,0.4762423038482666,4.114877223968506
1080,4.470484733581543,0.36912697553634644,4.101357936859131
1081,4.449975490570068,0.34050220251083374,4.10947322845459
1082,4.488033294677734,0.3843405246734619,4.103693008422852
1083,4.469685077667236,0.36901044845581055,4.100674629211426
1084,4.480952739715576,0.38194403052330017,4.099008560180664
1085,4.467154026031494,0.365166038274765,4.101987838745117
1086,4.445145130157471,0.35134923458099365,4.0937957763671875
1087,4.4412713050842285,0.3491300940513611,4.092141151428223
1088,4.494362831115723,0.3891295790672302,4.105233192443848
1089,4.459394454956055,0.36733773350715637,4.092056751251221
1090,4.455363750457764,0.35497283935546875,4.100390911102295
1091,4.4775309562683105,0.3727259933948517,4.104804992675781
1092,4.477427959442139,0.3737567067146301,4.103671073913574
1093,4.481202125549316,0.38017573952674866,4.10102653503418
1094,4.468857765197754,0.36213821172714233,4.106719493865967
1095,4.440561294555664,0.3478064239025116,4.09275484085083
1096,4.4654765129089355,0.36534354090690613,4.100132942199707
1097,4.4756317138671875,0.37291014194488525,4.102721691131592
1098,4.445913791656494,0.3494894206523895,4.096424579620361
1099,4.496048927307129,0.39110761880874634,4.104941368103027
1100,4.4762163162231445,0.37648168206214905,4.099734783172607
1101,4.473326683044434,0.36217284202575684,4.111153602600098
1102,4.437790870666504,0.33910250663757324,4.09868860244751
1103,4.454172134399414,0.3648310899734497,4.089341163635254
1104,4.4807353019714355,0.3802562654018402,4.1004791259765625
1105,4.478348731994629,0.38459134101867676,4.093757629394531
1106,4.467249393463135,0.3713461756706238,4.095903396606445
1107,4.480703830718994,0.37200772762298584,4.108695983886719
1108,4.450610160827637,0.35016751289367676,4.100442886352539
1109,4.434170246124268,0.34267091751098633,4.091499328613281
1110,4.42913293838501,0.3380963206291199,4.091036796569824
1111,4.446967601776123,0.349404901266098,4.097562789916992
1112,4.4752020835876465,0.37540146708488464,4.0998005867004395
1113,4.453988075256348,0.3755395710468292,4.078448295593262
1114,4.477696418762207,0.3768499493598938,4.100846290588379
1115,4.471815586090088,0.37097156047821045,4.100843906402588
1116,4.458177089691162,0.36060115694999695,4.097576141357422
1117,4.466602802276611,0.3667716979980469,4.0998311042785645
1118,4.467491149902344,0.37211230397224426,4.095378875732422
1119,4.5386962890625,0.4045514762401581,4.1341447830200195
1120,4.476724624633789,0.3768300414085388,4.0998945236206055
1121,4.489314556121826,0.394966721534729,4.094347953796387
1122,4.44784688949585,0.3570691645145416,4.09077787399292
1123,4.453431129455566,0.35513147711753845,4.098299503326416
1124,4.4517388343811035,0.356880784034729,4.094858169555664
1125,4.431504726409912,0.3406012952327728,4.090903282165527
1126,4.455089569091797,0.3681876063346863,4.086902141571045
1127,4.455526828765869,0.36389103531837463,4.091635704040527
1128,4.496022701263428,0.3918997049331665,4.104123115539551
1129,4.440598011016846,0.34977859258651733,4.090819358825684
1130,4.45868444442749,0.3568600118160248,4.1018242835998535
1131,4.437916278839111,0.34258636832237244,4.095329761505127
1132,4.434501647949219,0.3518178462982178,4.08268404006958
1133,4.423025608062744,0.33598536252975464,4.087040424346924
1134,4.437238693237305,0.3481452465057373,4.089093208312988
1135,4.488016605377197,0.3959667980670929,4.092049598693848
1136,4.455337047576904,0.35275018215179443,4.10258674621582
1137,4.469654560089111,0.3774363696575165,4.092218399047852
1138,4.429609775543213,0.33463090658187866,4.0949788093566895
1139,4.452630996704102,0.3645831048488617,4.088047981262207
1140,4.460561752319336,0.3694540858268738,4.0911078453063965
1141,4.453345775604248,0.3551509976387024,4.098194599151611
1142,4.4449639320373535,0.35623854398727417,4.088725566864014
1143,4.456822872161865,0.37145715951919556,4.0853657722473145
1144,4.45076322555542,0.3603631556034088,4.090400218963623
1145,4.434897422790527,0.3462322950363159,4.088665008544922
1146,4.433643341064453,0.3446943461894989,4.088949203491211
1147,4.428668975830078,0.33766067028045654,4.091008186340332
1148,4.4308390617370605,0.3456712067127228,4.08516788482666
1149,4.438623428344727,0.3471575975418091,4.091465950012207
1150,4.46528434753418,0.366604208946228,4.098680019378662
1151,4.485355377197266,0.38706493377685547,4.09829044342041
1152,4.443864822387695,0.3660736083984375,4.077791213989258
1153,4.413186073303223,0.32975995540618896,4.083425998687744
1154,4.461750507354736,0.3694140315055847,4.092336654663086
1155,4.46718168258667,0.3740992844104767,4.093082427978516
1156,4.429833889007568,0.3425000309944153,4.087333679199219
1157,4.445248126983643,0.3705614507198334,4.074686527252197
1158,4.4470295906066895,0.3683294355869293,4.078700065612793
1159,4.496320724487305,0.4108791947364807,4.085441589355469
1160,4.433740139007568,0.3492330014705658,4.084506988525391
1161,4.4282145500183105,0.3473513424396515,4.080862998962402
1162,4.47639274597168,0.38226625323295593,4.0941267013549805
1163,4.453934669494629,0.3643084764480591,4.089626312255859
1164,4.434484481811523,0.35991573333740234,4.074568748474121
1165,4.423591613769531,0.34490498900413513,4.078686714172363
1166,4.418674945831299,0.3348305821418762,4.083844184875488
1167,4.434157371520996,0.34967225790023804,4.084485054016113
1168,4.455331802368164,0.36917948722839355,4.086152076721191
1169,4.442206382751465,0.3532877564430237,4.088918685913086
1170,4.431391716003418,0.34566909074783325,4.08572244644165
1171,4.440445899963379,0.3550776243209839,4.0853681564331055
1172,4.447062015533447,0.36631330847740173,4.080748558044434
1173,4.4406843185424805,0.35127657651901245,4.089407920837402
1174,4.428854942321777,0.3469618856906891,4.081892967224121
1175,4.446876525878906,0.3600292503833771,4.086847305297852
1176,4.437100410461426,0.3530779778957367,4.084022521972656
1177,4.446624279022217,0.3589102625846863,4.087714195251465
1178,4.433623790740967,0.3502544164657593,4.083369255065918
1179,4.434957504272461,0.3511451482772827,4.083812236785889
1180,4.4350128173828125,0.3568952679634094,4.078117370605469
1181,4.447576522827148,0.3635655641555786,4.084011077880859
1182,4.413993835449219,0.33436256647109985,4.079631328582764
1183,4.430960178375244,0.34253406524658203,4.088426113128662
1184,4.405455589294434,0.3327299654483795,4.072725772857666
1185,4.421119689941406,0.3473779559135437,4.073741912841797
1186,4.430133819580078,0.34576326608657837,4.0843706130981445
1187,4.423182010650635,0.34066087007522583,4.082520961761475
1188,4.433318614959717,0.35436153411865234,4.0789570808410645
1189,4.4281110763549805,0.3490172028541565,4.079093933105469
1190,4.425474643707275,0.34189361333847046,4.08358097076416
1191,4.420574188232422,0.3381877839565277,4.082386493682861
1192,4.424455642700195,0.3494967520236969,4.074958801269531
1193,4.424225807189941,0.35078632831573486,4.073439598083496
1194,4.431093215942383,0.3472476303577423,4.083845615386963
1195,4.430638790130615,0.3564464747905731,4.074192523956299
1196,4.448730945587158,0.3605610132217407,4.088170051574707
1197,4.431602478027344,0.3615131974220276,4.070089340209961
1198,4.411627292633057,0.3331637978553772,4.078463554382324
1199,4.408740520477295,0.36873510479927063,4.040005207061768
1200,4.411374568939209,0.3414314389228821,4.069942951202393
1201,4.421817302703857,0.3531262278556824,4.068691253662109
1202,4.413923740386963,0.3410692811012268,4.072854518890381
1203,4.413042068481445,0.3352091312408447,4.07783317565918
1204,4.422231674194336,0.3386773467063904,4.083554267883301
1205,4.4299116134643555,0.34494805335998535,4.084963798522949
1206,4.410499572753906,0.3341973125934601,4.0763020515441895
1207,4.423032760620117,0.34677600860595703,4.07625675201416
1208,4.401035308837891,0.3166951537132263,4.0843400955200195
1209,4.408029079437256,0.3341032564640045,4.073925971984863
1210,4.422569751739502,0.3468889594078064,4.075680732727051
1211,4.417360305786133,0.3367517590522766,4.080608367919922
1212,4.416911602020264,0.34244686365127563,4.074464797973633
1213,4.436371326446533,0.35889732837677,4.077474117279053
1214,4.434328556060791,0.3566166162490845,4.077712059020996
1215,4.41975736618042,0.3476017415523529,4.072155475616455
1216,4.40863561630249,0.3371850252151489,4.071450710296631
1217,4.438314437866211,0.3645525574684143,4.073761940002441
1218,4.391515731811523,0.32218748331069946,4.069328308105469
1219,4.411099433898926,0.3504847288131714,4.060614585876465
1220,4.412590980529785,0.33331120014190674,4.079279899597168
1221,4.429418087005615,0.35072582960128784,4.078692436218262
1222,4.427145957946777,0.3572586476802826,4.069887161254883
1223,4.445586681365967,0.36223098635673523,4.083355903625488
1224,4.415992736816406,0.3357275128364563,4.080265045166016
1225,4.422574996948242,0.3538132905960083,4.068761825561523
1226,4.429592132568359,0.3646070957183838,4.064985275268555
1227,4.398791313171387,0.32628434896469116,4.072506904602051
1228,4.407713890075684,0.32279595732688904,4.084918022155762
1229,4.429251670837402,0.355282187461853,4.07396936416626
1230,4.375741004943848,0.3115769028663635,4.064164161682129
1231,4.405052185058594,0.33311161398887634,4.0719404220581055
1232,4.4068427085876465,0.3289732336997986,4.077869415283203
1233,4.4301910400390625,0.3616817593574524,4.068509101867676
1234,4.4034423828125,0.3319188356399536,4.071523666381836
1235,4.4199042320251465,0.3447108566761017,4.075193405151367
1236,4.441380500793457,0.3727893829345703,4.068591117858887
1237,4.422295093536377,0.34302106499671936,4.0792741775512695
1238,4.411470890045166,0.34294572472572327,4.068525314331055
1239,4.301128387451172,0.25022056698799133,4.050907611846924
1240,4.426225662231445,0.35083746910095215,4.075387954711914
1241,4.420003890991211,0.3413131833076477,4.078690528869629
1242,4.409008026123047,0.3406621813774109,4.06834602355957
1243,4.405521869659424,0.3284260034561157,4.077095985412598
1244,4.400519371032715,0.337003231048584,4.063516139984131
1245,4.401364326477051,0.329892098903656,4.07147216796875
1246,4.436929225921631,0.36342307925224304,4.0735063552856445
1247,4.413702964782715,0.3439847230911255,4.069718360900879
1248,4.38878059387207,0.31732508540153503,4.071455478668213
1249,4.398454666137695,0.3380016088485718,4.060452938079834
1250,4.390450477600098,0.32576483488082886,4.064685821533203
1251,4.422891616821289,0.3435084819793701,4.07938289642334
1252,4.399086952209473,0.33307957649230957,4.066007137298584
1253,4.409082412719727,0.33864980936050415,4.070432662963867
1254,4.4390869140625,0.36375027894973755,4.075336456298828
1255,4.407229423522949,0.3434845209121704,4.063745021820068
1256,4.3827056884765625,0.30922797322273254,4.073477745056152
1257,4.3952956199646,0.3356703519821167,4.059625148773193
1258,4.419563293457031,0.349439412355423,4.070123672485352
1259,4.385562896728516,0.31438925862312317,4.071173667907715
1260,4.402248382568359,0.3248210549354553,4.077427387237549
1261,4.40354061126709,0.33676591515541077,4.066774845123291
1262,4.403469562530518,0.33392155170440674,4.0695481300354
1263,4.379029273986816,0.3156203031539917,4.063408851623535
1264,4.387272357940674,0.3308194875717163,4.056452751159668
1265,4.385303974151611,0.31869184970855713,4.066612243652344
1266,4.404253005981445,0.33538317680358887,4.068869590759277
1267,4.376391410827637,0.321682870388031,4.054708480834961
1268,4.418410301208496,0.35717684030532837,4.0612335205078125
1269,4.400428295135498,0.335823655128479,4.064604759216309
1270,4.41055965423584,0.34012600779533386,4.070433616638184
1271,4.410945892333984,0.3391458988189697,4.071800231933594
1272,4.379311561584473,0.32932835817337036,4.049983024597168
1273,4.404925346374512,0.3421327769756317,4.062792778015137
1274,4.383578777313232,0.3220923840999603,4.06148624420166
1275,4.382068157196045,0.3253510892391205,4.0567169189453125
1276,4.395106792449951,0.3319336473941803,4.063173294067383
1277,4.380228519439697,0.32561635971069336,4.054612159729004
1278,4.373787879943848,0.31458014249801636,4.059207916259766
1279,4.486205101013184,0.43590569496154785,4.050299167633057
1280,4.392606735229492,0.3306615948677063,4.061944961547852
1281,4.383647918701172,0.32272905111312866,4.060918807983398
1282,4.376666069030762,0.3166535496711731,4.060012340545654
1283,4.374457359313965,0.32094746828079224,4.053509712219238
1284,4.424748420715332,0.36486029624938965,4.0598883628845215
1285,4.376805305480957,0.31831470131874084,4.058490753173828
1286,4.4114990234375,0.3439805507659912,4.06751823425293
1287,4.409873962402344,0.3378136157989502,4.0720601081848145
1288,4.417320251464844,0.3567862808704376,4.0605340003967285
1289,4.392830848693848,0.3364294767379761,4.056401252746582
1290,4.378861904144287,0.32259148359298706,4.056270599365234
1291,4.371717929840088,0.31210023164749146,4.059617519378662
1292,4.377051830291748,0.31622830033302307,4.060823440551758
1293,4.385641098022461,0.32271575927734375,4.062925338745117
1294,4.371809482574463,0.3050769865512848,4.066732406616211
1295,4.405246257781982,0.34325921535491943,4.061986923217773
1296,4.405548572540283,0.347416490316391,4.058132171630859
1297,4.408407211303711,0.34063804149627686,4.0677690505981445
1298,4.4006476402282715,0.3476824164390564,4.05296516418457
1299,4.395087242126465,0.3285205364227295,4.066566467285156
1300,4.369183540344238,0.3168521821498871,4.052331447601318
1301,4.376773834228516,0.3164617419242859,4.060312271118164
1302,4.384172439575195,0.33259573578834534,4.051576614379883
1303,4.392912864685059,0.3291447162628174,4.063767910003662
1304,4.407556056976318,0.3457009196281433,4.061855316162109
1305,4.415289402008057,0.3489722013473511,4.066317081451416
1306,4.373050689697266,0.3277376890182495,4.045312881469727
1307,4.379782676696777,0.31663966178894043,4.063142776489258
1308,4.408204078674316,0.34351345896720886,4.064690589904785
1309,4.388305187225342,0.33050698041915894,4.057798385620117
1310,4.374999523162842,0.3151477575302124,4.05985164642334
1311,4.373051643371582,0.30852293968200684,4.064528465270996
1312,4.3752760887146,0.3212141990661621,4.0540618896484375
1313,4.364133834838867,0.3054114580154419,4.058722496032715
1314,4.379749298095703,0.32285791635513306,4.056891441345215
1315,4.396368980407715,0.33872807025909424,4.05764102935791
1316,4.38844108581543,0.33527475595474243,4.053166389465332
1317,4.37024450302124,0.31262943148612976,4.057615280151367
1318,4.359160423278809,0.3112435042858124,4.047916889190674
1319,4.373452186584473,0.29668670892715454,4.076765537261963
1320,4.393129348754883,0.34394514560699463,4.049184322357178
1321,4.384834289550781,0.32584360241889954,4.058990478515625
1322,4.370936393737793,0.3215576410293579,4.049378871917725
1323,4.351521015167236,0.31215471029281616,4.039366245269775
1324,4.363391399383545,0.32154691219329834,4.041844367980957
1325,4.382887363433838,0.3324618935585022,4.0504255294799805
1326,4.391533374786377,0.32591012120246887,4.0656232833862305
1327,4.361126899719238,0.3137030303478241,4.047423839569092
1328,4.394881725311279,0.3384578824043274,4.056423664093018
1329,4.387551784515381,0.33423149585723877,4.053320407867432
1330,4.370487689971924,0.3195275068283081,4.050960063934326
1331,4.364341735839844,0.30771058797836304,4.056631088256836
1332,4.388681888580322,0.3280462920665741,4.060635566711426
1333,4.371758937835693,0.32326382398605347,4.048495292663574
1334,4.3826212882995605,0.32581859827041626,4.056802749633789
1335,4.378939628601074,0.32997411489486694,4.0489654541015625
1336,4.3761210441589355,0.32413995265960693,4.051980972290039
1337,4.371754169464111,0.3177410960197449,4.054013252258301
1338,4.404989242553711,0.34189289808273315,4.063096523284912
1339,4.378176689147949,0.3255804181098938,4.052596092224121
1340,4.372079849243164,0.3269314765930176,4.0451483726501465
1341,4.364574909210205,0.30634936690330505,4.058225631713867
1342,4.397037506103516,0.3300362229347229,4.0670013427734375
1343,4.3715972900390625,0.319724440574646,4.051872730255127
1344,4.363528251647949,0.31281745433807373,4.050710678100586
1345,4.411770820617676,0.36242735385894775,4.049343585968018
1346,4.365113258361816,0.31137388944625854,4.053739547729492
1347,4.376228332519531,0.3305816054344177,4.045646667480469
1348,4.3518500328063965,0.3020098805427551,4.049839973449707
1349,4.358838081359863,0.31870636343955994,4.040131568908691
1350,4.373966693878174,0.3176252245903015,4.056341648101807
1351,4.379116535186768,0.3232702612876892,4.055846214294434
1352,4.359598159790039,0.3165203332901001,4.0430779457092285
1353,4.390040397644043,0.3442832827568054,4.045757293701172
1354,4.3655924797058105,0.3164549171924591,4.049137592315674
1355,4.370352745056152,0.3189392685890198,4.051413536071777
1356,4.388160705566406,0.3387783467769623,4.049382209777832
1357,4.3847975730896,0.3275446891784668,4.057252883911133
1358,4.3846540451049805,0.3238251209259033,4.060829162597656
1359,4.388615608215332,0.3173081576824188,4.07130765914917
1360,4.387918949127197,0.3357023596763611,4.052216529846191
1361,4.371499538421631,0.3189798891544342,4.052519798278809
1362,4.351175785064697,0.3142288327217102,4.036946773529053
1363,4.370915412902832,0.3251185417175293,4.045796871185303
1364,4.361662864685059,0.31528860330581665,4.046374320983887
1365,4.329471588134766,0.2860971689224243,4.043374538421631
1366,4.381223201751709,0.3280884921550751,4.053134918212891
1367,4.36884069442749,0.32230064272880554,4.046540260314941
1368,4.359065532684326,0.3084370493888855,4.050628662109375
1369,4.355907440185547,0.31670111417770386,4.039206504821777
1370,4.361317157745361,0.3213551640510559,4.039961814880371
1371,4.376130104064941,0.32098662853240967,4.055143356323242
1372,4.392384052276611,0.3352886140346527,4.057095527648926
1373,4.374078750610352,0.3166496753692627,4.057429313659668
1374,4.334227561950684,0.30022120475769043,4.034006595611572
1375,4.3743577003479,0.32549744844436646,4.0488600730896
1376,4.375132083892822,0.32408422231674194,4.0510478019714355
1377,4.384610652923584,0.3325638771057129,4.052046775817871
1378,4.337535381317139,0.29844993352890015,4.039085388183594
1379,4.347632884979248,0.3069053888320923,4.040727615356445
1380,4.364881992340088,0.3300730586051941,4.034809112548828
1381,4.349308967590332,0.3037062883377075,4.045602798461914
1382,4.34616756439209,0.3027821183204651,4.0433855056762695
1383,4.339400291442871,0.2981656789779663,4.041234493255615
1384,4.391547203063965,0.3390613794326782,4.052485942840576
1385,4.346898555755615,0.3049704134464264,4.041928291320801
1386,4.351450443267822,0.3121291995048523,4.039321422576904
1387,4.378660678863525,0.32313013076782227,4.055530548095703
1388,4.3647613525390625,0.31751129031181335,4.047250270843506
1389,4.355118274688721,0.31395334005355835,4.041164875030518
1390,4.363751411437988,0.3151204586029053,4.048630714416504
1391,4.358073711395264,0.313895583152771,4.044178009033203
1392,4.356973171234131,0.30935412645339966,4.047618865966797
1393,4.356966972351074,0.3164110779762268,4.040555953979492
1394,4.3722124099731445,0.33258867263793945,4.039623737335205
1395,4.383761405944824,0.33332085609436035,4.050440788269043
1396,4.3443708419799805,0.3121287524700165,4.032242298126221
1397,4.341797351837158,0.31053388118743896,4.03126335144043
1398,4.357606410980225,0.31069689989089966,4.046909332275391
1399,4.318265914916992,0.26141324639320374,4.0568528175354
1400,4.361484527587891,0.3201484978199005,4.0413360595703125
1401,4.368860244750977,0.33319029211997986,4.035669803619385
1402,4.363760948181152,0.32293879985809326,4.0408220291137695
1403,4.343782901763916,0.3119395971298218,4.031843185424805
1404,4.329507827758789,0.290576696395874,4.038930892944336
1405,4.35533332824707,0.31726959347724915,4.0380635261535645
1406,4.348081588745117,0.305084228515625,4.042997360229492
1407,4.360042095184326,0.31722742319107056,4.0428147315979
1408,4.359987258911133,0.3184681236743927,4.0415191650390625
1409,4.357214450836182,0.30789175629615784,4.049322605133057
1410,4.3484416007995605,0.32182928919792175,4.026612281799316
1411,4.350602149963379,0.2977674603462219,4.052834510803223
1412,4.352433681488037,0.3130490183830261,4.039384841918945
1413,4.346503734588623,0.3109949231147766,4.035508632659912
1414,4.369443893432617,0.32946115732192993,4.039982795715332
1415,4.3221282958984375,0.2895786464214325,4.032549858093262
1416,4.357979774475098,0.3208340108394623,4.037145614624023
1417,4.3867082595825195,0.34565794467926025,4.041050434112549
1418,4.354893207550049,0.3050486445426941,4.049844741821289
1419,4.3615336418151855,0.3168293237686157,4.044704437255859
1420,4.346014976501465,0.3067759871482849,4.039238929748535
1421,4.3173747062683105,0.2788366973400116,4.038537979125977
1422,4.3384246826171875,0.3054230213165283,4.03300142288208
1423,4.35350227355957,0.3190886378288269,4.034413814544678
1424,4.335883617401123,0.2996956706047058,4.036188125610352
1425,4.363182544708252,0.3161177933216095,4.047064781188965
1426,4.328944683074951,0.29601776599884033,4.0329270362854
1427,4.335421085357666,0.30354297161102295,4.0318779945373535
1428,4.335918426513672,0.29721516370773315,4.038703441619873
1429,4.345151424407959,0.31029829382896423,4.034852981567383
1430,4.365174770355225,0.320285826921463,4.044888973236084
1431,4.3367109298706055,0.29866892099380493,4.038042068481445
1432,4.361693382263184,0.3216856122016907,4.040007591247559
1433,4.324885368347168,0.29590582847595215,4.028979301452637
1434,4.35258150100708,0.3208499848842621,4.031731605529785
1435,4.33908224105835,0.29820123314857483,4.040881156921387
1436,4.32656717300415,0.29938066005706787,4.027186393737793
1437,4.343197822570801,0.3104209899902344,4.032776832580566
1438,4.3437347412109375,0.2977944016456604,4.045940399169922
1439,4.424469470977783,0.40279197692871094,4.021677494049072
1440,4.344869136810303,0.3097088932991028,4.035160064697266
1441,4.333322525024414,0.3058812618255615,4.027441024780273
1442,4.3388872146606445,0.30316659808158875,4.0357208251953125
1443,4.311364650726318,0.27265530824661255,4.0387091636657715
1444,4.334012508392334,0.30563199520111084,4.028380393981934
1445,4.341440200805664,0.3068719506263733,4.0345683097839355
1446,4.357255458831787,0.3135988116264343,4.043656826019287
1447,4.3507232666015625,0.3068576455116272,4.04386568069458
1448,4.33345365524292,0.304190456867218,4.029263019561768
1449,4.3534836769104,0.314431369304657,4.039052486419678
1450,4.3297834396362305,0.30797773599624634,4.021805763244629
1451,4.353435039520264,0.3192425072193146,4.0341925621032715
1452,4.317525386810303,0.28676560521125793,4.030759811401367
1453,4.340412616729736,0.3045801520347595,4.035832405090332
1454,4.339104175567627,0.30784380435943604,4.0312604904174805
1455,4.314215183258057,0.2934815287590027,4.020733833312988
1456,4.349229335784912,0.3079007863998413,4.041328430175781
1457,4.335170269012451,0.30785465240478516,4.027315616607666
1458,4.32960319519043,0.3014248311519623,4.0281782150268555
1459,4.3367390632629395,0.3088245391845703,4.027914524078369
1460,4.336854934692383,0.3001021146774292,4.036752700805664
1461,4.339576244354248,0.3018175959587097,4.037758827209473
1462,4.340808868408203,0.3126705586910248,4.028138160705566
1463,4.343244552612305,0.3107542395591736,4.032490253448486
1464,4.324643135070801,0.2999480962753296,4.024694919586182
1465,4.315508842468262,0.2839064300060272,4.031602382659912
1466,4.326399803161621,0.2862147092819214,4.04018497467041
1467,4.333926677703857,0.3056764006614685,4.028250217437744
1468,4.354344844818115,0.31587445735931396,4.038470268249512
1469,4.334510803222656,0.30759739875793457,4.026913642883301
1470,4.329500675201416,0.3030305504798889,4.026470184326172
1471,4.327108383178711,0.29032522439956665,4.036783218383789
1472,4.322869300842285,0.2977116107940674,4.025157451629639
1473,4.336306571960449,0.3093760013580322,4.026930809020996
1474,4.338595390319824,0.3055221736431122,4.033073425292969
1475,4.3404669761657715,0.3064972460269928,4.033969879150391
1476,4.3643927574157715,0.3223814368247986,4.042011260986328
1477,4.358479976654053,0.3209855258464813,4.037494659423828
1478,4.32073450088501,0.29519397020339966,4.025540351867676
1479,4.464175224304199,0.4092256426811218,4.054949760437012
1480,4.332299709320068,0.3062588572502136,4.026041030883789
1481,4.326830863952637,0.2947210669517517,4.03210973739624
1482,4.332833766937256,0.31010696291923523,4.022727012634277
1483,4.34081506729126,0.31545373797416687,4.02536153793335
1484,4.3167243003845215,0.289275199174881,4.027449131011963
1485,4.35428524017334,0.3202717900276184,4.034013271331787
1486,4.311579704284668,0.2875251770019531,4.024054527282715
1487,4.299313068389893,0.2723808288574219,4.026932239532471
1488,4.3198628425598145,0.29236018657684326,4.027502536773682
1489,4.341158866882324,0.3055121898651123,4.035646438598633
1490,4.3394036293029785,0.3115611672401428,4.0278425216674805
1491,4.311245441436768,0.28388556838035583,4.027359962463379
1492,4.331351280212402,0.2948007583618164,4.036550521850586
1493,4.315093994140625,0.29200953245162964,4.02308464050293
1494,4.331374168395996,0.306232213973999,4.025142192840576
1495,4.319994926452637,0.29902368783950806,4.020971298217773
1496,4.32673454284668,0.3047363758087158,4.021998405456543
1497,4.343150615692139,0.3153797388076782,4.02777099609375
1498,4.344999313354492,0.307908296585083,4.037091255187988
1499,4.3165717124938965,0.29351842403411865,4.023053169250488
1500,4.3009161949157715,0.27761009335517883,4.023305892944336
1501,4.314149379730225,0.29207843542099,4.02207088470459
1502,4.341289520263672,0.305862694978714,4.035426616668701
1503,4.294929027557373,0.28214219212532043,4.012786865234375
1504,4.320937633514404,0.29387906193733215,4.0270586013793945
1505,4.320639610290527,0.2944852113723755,4.026154518127441
1506,4.330255031585693,0.30934765934944153,4.020907402038574
1507,4.340403079986572,0.31566908955574036,4.024734020233154
1508,4.333446979522705,0.3048500418663025,4.028596878051758
1509,4.335658073425293,0.2931440770626068,4.042513847351074
1510,4.334133625030518,0.30720311403274536,4.026930332183838
1511,4.321483135223389,0.29774904251098633,4.023734092712402
1512,4.356363773345947,0.33072227239608765,4.025641441345215
1513,4.3233184814453125,0.3054954409599304,4.017823219299316
1514,4.344423294067383,0.31960687041282654,4.024816513061523
1515,4.29779052734375,0.27852606773376465,4.019264221191406
1516,4.313107490539551,0.290868878364563,4.022238731384277
1517,4.313767910003662,0.2885136604309082,4.025254249572754
1518,4.3042707443237305,0.27662748098373413,4.027643203735352
1519,4.275557518005371,0.2682860195636749,4.0072712898254395
1520,4.363932132720947,0.32914626598358154,4.034785747528076
1521,4.311416149139404,0.2975005507469177,4.013915538787842
1522,4.298141002655029,0.2754250466823578,4.022716045379639
1523,4.3156208992004395,0.3045250177383423,4.011096000671387
1524,4.3277692794799805,0.30624693632125854,4.021522521972656
1525,4.3190226554870605,0.2985437512397766,4.02047872543335
1526,4.296461582183838,0.2764042019844055,4.020057201385498
1527,4.313942909240723,0.2850572168827057,4.028885841369629
1528,4.325441837310791,0.30417293310165405,4.021268844604492
1529,4.302986145019531,0.2727147936820984,4.030271530151367
1530,4.316328048706055,0.30606818199157715,4.010259628295898
1531,4.32213020324707,0.29474523663520813,4.0273847579956055
1532,4.3273773193359375,0.30527061223983765,4.022106647491455
1533,4.320164203643799,0.28902116417884827,4.0311431884765625
1534,4.343271255493164,0.3123835027217865,4.030887603759766
1535,4.321037769317627,0.3038622736930847,4.017175674438477
1536,4.328702449798584,0.302815318107605,4.0258870124816895
1537,4.318107604980469,0.29202860593795776,4.026079177856445
1538,4.299965858459473,0.28488272428512573,4.015083312988281
1539,4.3134894371032715,0.29333066940307617,4.020158767700195
1540,4.297771453857422,0.2896759510040283,4.008095741271973
1541,4.300472259521484,0.27242210507392883,4.028049945831299
1542,4.300532341003418,0.2895911931991577,4.010941028594971
1543,4.302272319793701,0.2857740521430969,4.01649808883667
1544,4.317399024963379,0.29061442613601685,4.026784420013428
1545,4.2937140464782715,0.27104347944259644,4.022670745849609
1546,4.334793567657471,0.30715614557266235,4.027637481689453
1547,4.280828952789307,0.267245888710022,4.013583183288574
1548,4.3337907791137695,0.3153783082962036,4.0184125900268555
1549,4.302330493927002,0.2759351134300232,4.026395320892334
1550,4.314167499542236,0.28806769847869873,4.026099681854248
1551,4.304694175720215,0.2989845871925354,4.005709648132324
1552,4.302340984344482,0.2768503725528717,4.025490760803223
1553,4.310657501220703,0.29067134857177734,4.019986152648926
1554,4.30679178237915,0.2910160422325134,4.015775680541992
1555,4.29078483581543,0.2776339650154114,4.013150691986084
1556,4.298346519470215,0.28194230794906616,4.016404151916504
1557,4.279867649078369,0.27489182353019714,4.00497579574585
1558,4.337212085723877,0.3210311233997345,4.016180992126465
1559,4.213877201080322,0.23129527270793915,3.982581853866577
1560,4.321605682373047,0.2988416254520416,4.022764205932617
1561,4.316272258758545,0.2986196279525757,4.01765251159668
1562,4.293604850769043,0.2737082839012146,4.019896507263184
1563,4.312808036804199,0.30215564370155334,4.010652542114258
1564,4.299417495727539,0.28490719199180603,4.014510154724121
1565,4.3033766746521,0.28622502088546753,4.017151832580566
1566,4.3144145011901855,0.2962424159049988,4.018172264099121
1567,4.325784683227539,0.3017433285713196,4.024041175842285
1568,4.277311325073242,0.26408150792121887,4.013229846954346
1569,4.316817283630371,0.30149024724960327,4.015326976776123
1570,4.281269073486328,0.27121540904045105,4.010053634643555
1571,4.287093639373779,0.27914053201675415,4.00795316696167
1572,4.297417640686035,0.2790573239326477,4.018360137939453
1573,4.294853687286377,0.2862602174282074,4.008593559265137
1574,4.274155616760254,0.2624039053916931,4.011751651763916
1575,4.295872688293457,0.27359890937805176,4.022274017333984
1576,4.2921528816223145,0.28399115800857544,4.008161544799805
1577,4.294971466064453,0.28217384219169617,4.012797832489014
1578,4.292214870452881,0.285002201795578,4.0072126388549805
1579,4.282159328460693,0.2699422240257263,4.012217044830322
1580,4.31108283996582,0.29588884115219116,4.015193939208984
1581,4.283155918121338,0.2718120217323303,4.011343955993652
1582,4.317319393157959,0.30463743209838867,4.01268196105957
1583,4.2927703857421875,0.28056347370147705,4.01220703125
1584,4.317051410675049,0.2937670052051544,4.023284435272217
1585,4.2616753578186035,0.2528117299079895,4.00886344909668
1586,4.29136323928833,0.2799307107925415,4.011432647705078
1587,4.285427570343018,0.26293373107910156,4.022493839263916
1588,4.2878522872924805,0.2761390209197998,4.011713027954102
1589,4.3030195236206055,0.2875596284866333,4.015460014343262
1590,4.285102844238281,0.2754651606082916,4.009637832641602
1591,4.2925639152526855,0.2791663706302643,4.013397693634033
1592,4.282909870147705,0.2749750316143036,4.007935047149658
1593,4.293086528778076,0.27646759152412415,4.016618728637695
1594,4.300759792327881,0.2890018820762634,4.011757850646973
1595,4.2540998458862305,0.24324218928813934,4.010857582092285
1596,4.300544261932373,0.29160621762275696,4.008937835693359
1597,4.296863079071045,0.2884695827960968,4.008393287658691
1598,4.296217918395996,0.2847059965133667,4.01151180267334
1599,4.428704738616943,0.3495388329029083,4.079165935516357
1600,4.295310020446777,0.2946106791496277,4.000699520111084
1601,4.300809383392334,0.29468101263046265,4.006128311157227
1602,4.28898811340332,0.2787353992462158,4.010252952575684
1603,4.29475736618042,0.2790989875793457,4.015658378601074
1604,4.257806777954102,0.24917878210544586,4.008627891540527
1605,4.287158966064453,0.2706107199192047,4.016548156738281
1606,4.310521125793457,0.29863178730010986,4.011889457702637
1607,4.314148426055908,0.3026978671550751,4.01145076751709
1608,4.257594585418701,0.24747243523597717,4.010122299194336
1609,4.298357963562012,0.2726181745529175,4.025739669799805
1610,4.280078887939453,0.2750356197357178,4.0050435066223145
1611,4.293647289276123,0.2739531099796295,4.0196943283081055
1612,4.326612949371338,0.3130693733692169,4.013543605804443
1613,4.293778419494629,0.28945988416671753,4.004318714141846
1614,4.29841947555542,0.28460636734962463,4.013813018798828
1615,4.293033123016357,0.27839958667755127,4.014633655548096
1616,4.315011024475098,0.2923027276992798,4.022708415985107
1617,4.295196533203125,0.2918187379837036,4.003377914428711
1618,4.303721904754639,0.2945508658885956,4.009171009063721
1619,4.282905578613281,0.2768288254737854,4.006076812744141
1620,4.293179035186768,0.2924898564815521,4.0006890296936035
1621,4.290170192718506,0.2743440866470337,4.015826225280762
1622,4.278164863586426,0.274497926235199,4.003666877746582
1623,4.260163307189941,0.2633327841758728,3.996830463409424
1624,4.275119781494141,0.2724669277667999,4.002652645111084
1625,4.276096343994141,0.261019766330719,4.015076637268066
1626,4.309993267059326,0.2871142327785492,4.022879123687744
1627,4.265233993530273,0.2673986256122589,3.997835397720337
1628,4.303351402282715,0.2886837124824524,4.014667510986328
1629,4.285073280334473,0.2877233624458313,3.997349739074707
1630,4.29519510269165,0.2777913510799408,4.017403602600098
1631,4.294612884521484,0.2936840057373047,4.00092887878418
1632,4.249415397644043,0.25505125522613525,3.9943642616271973
1633,4.271798610687256,0.27977490425109863,3.9920237064361572
1634,4.256282329559326,0.2558790445327759,4.00040340423584
1635,4.299487590789795,0.29010236263275146,4.009385108947754
1636,4.282851696014404,0.28079754114151,4.002054214477539
1637,4.285231590270996,0.2756861448287964,4.00954532623291
1638,4.27645206451416,0.2715862989425659,4.004865646362305
1639,4.333439826965332,0.30646252632141113,4.0269775390625
1640,4.305231094360352,0.2964555621147156,4.00877571105957
1641,4.268535614013672,0.2715721130371094,3.9969635009765625
1642,4.295111656188965,0.28674980998039246,4.00836181640625
1643,4.286200046539307,0.28080281615257263,4.005397319793701
1644,4.293150424957275,0.27980995178222656,4.013340473175049
1645,4.281040668487549,0.2833763360977173,3.997664451599121
1646,4.297091960906982,0.28693312406539917,4.010159015655518
1647,4.278014183044434,0.27622801065444946,4.001786231994629
1648,4.253295421600342,0.2544025182723999,3.9988930225372314
1649,4.262979984283447,0.26916661858558655,3.9938135147094727
1650,4.252113342285156,0.2544313073158264,3.9976820945739746
1651,4.27998161315918,0.27596116065979004,4.004020690917969
1652,4.287208557128906,0.28058910369873047,4.006619453430176
1653,4.240325927734375,0.2436814308166504,3.9966442584991455
1654,4.264395236968994,0.2649487257003784,3.9994466304779053
1655,4.287405967712402,0.28684890270233154,4.000556945800781
1656,4.275653839111328,0.2735704779624939,4.0020833015441895
1657,4.2573041915893555,0.26354077458381653,3.9937634468078613
1658,4.2620439529418945,0.25263679027557373,4.009407043457031
1659,4.245634078979492,0.24609728157520294,3.9995367527008057
1660,4.282256126403809,0.28303080797195435,3.99922513961792
1661,4.288305282592773,0.28270500898361206,4.005600452423096
1662,4.272619247436523,0.27820175886154175,3.994417667388916
1663,4.268198013305664,0.2728115916252136,3.9953866004943848
1664,4.284795761108398,0.2817184329032898,4.003077507019043
1665,4.267688274383545,0.26916226744651794,3.998526096343994
1666,4.272490501403809,0.2591562271118164,4.013334274291992
1667,4.2808685302734375,0.2698640823364258,4.011004447937012
1668,4.286253452301025,0.2881822884082794,3.9980711936950684
1669,4.267429351806641,0.2715910077095032,3.995838165283203
1670,4.2812042236328125,0.2801882028579712,4.001016139984131
1671,4.277870178222656,0.2681828737258911,4.009687423706055
1672,4.275594234466553,0.2755170166492462,4.000077247619629
1673,4.286098957061768,0.29017871618270874,3.995920181274414
1674,4.273869514465332,0.26767605543136597,4.0061936378479
1675,4.273035049438477,0.26360440254211426,4.009430885314941
1676,4.282002925872803,0.28414902091026306,3.997853994369507
1677,4.2933454513549805,0.27994662523269653,4.01339864730835
1678,4.281299114227295,0.28282374143600464,3.9984755516052246
1679,4.319250583648682,0.3471851646900177,3.9720654487609863
1680,4.27781343460083,0.2805492579936981,3.9972643852233887
1681,4.268998622894287,0.27485543489456177,3.994143009185791
1682,4.292365074157715,0.28427600860595703,4.008089065551758
1683,4.288201808929443,0.2821466326713562,4.0060553550720215
1684,4.2598395347595215,0.2565198242664337,4.00331974029541
1685,4.261125087738037,0.26207634806632996,3.999048948287964
1686,4.245968341827393,0.25534355640411377,3.9906246662139893
1687,4.254092216491699,0.26288726925849915,3.9912047386169434
1688,4.279380798339844,0.2801840305328369,3.999197006225586
1689,4.266317844390869,0.27124711871147156,3.995070695877075
1690,4.286524295806885,0.2779955565929413,4.008528709411621
1691,4.290793418884277,0.28001874685287476,4.010774612426758
1692,4.268103122711182,0.27326542139053345,3.994837760925293
1693,4.263741970062256,0.27167317271232605,3.9920687675476074
1694,4.259819030761719,0.25476670265197754,4.005052089691162
1695,4.274206161499023,0.2608119249343872,4.013394355773926
1696,4.250046253204346,0.2596282958984375,3.990417957305908
1697,4.257511138916016,0.2624686360359192,3.995042324066162
1698,4.254392147064209,0.26512080430984497,3.989271402359009
1699,4.273306846618652,0.2696102261543274,4.003696441650391
1700,4.272924900054932,0.2802964448928833,3.992628335952759
1701,4.242456912994385,0.2538764178752899,3.9885807037353516
1702,4.251298904418945,0.2624052166938782,3.988893747329712
1703,4.2646098136901855,0.2715342342853546,3.9930756092071533
1704,4.26143217086792,0.2617182731628418,3.999713897705078
1705,4.270291805267334,0.27601301670074463,3.994278907775879
1706,4.273463249206543,0.2741520404815674,3.9993109703063965
1707,4.265966415405273,0.26433777809143066,4.001628875732422
1708,4.239230155944824,0.24677026271820068,3.992460012435913
1709,4.239072799682617,0.2496076375246048,3.9894652366638184
1710,4.2988600730896,0.29281654953956604,4.006043434143066
1711,4.233166217803955,0.25124871730804443,3.981917381286621
1712,4.2751617431640625,0.27031123638153076,4.004850387573242
1713,4.247539043426514,0.2517140507698059,3.9958248138427734
1714,4.259840965270996,0.26706644892692566,3.992774486541748
1715,4.255929946899414,0.27023112773895264,3.985698699951172
1716,4.246374607086182,0.257358580827713,3.989016056060791
1717,4.235862731933594,0.24944272637367249,3.986420154571533
1718,4.274481773376465,0.2716834545135498,4.002798557281494
1719,4.39412784576416,0.3493477404117584,4.044780254364014
1720,4.2417802810668945,0.2533988952636719,3.9883813858032227
1721,4.262645244598389,0.26881343126296997,3.9938316345214844
1722,4.271279335021973,0.2755427956581116,3.995736598968506
1723,4.261057376861572,0.2697030305862427,3.991354465484619
1724,4.240421295166016,0.2454957216978073,3.9949254989624023
1725,4.266636371612549,0.26380088925361633,4.002835273742676
1726,4.265744209289551,0.264884889125824,4.000859260559082
1727,4.260880470275879,0.27004578709602356,3.9908347129821777
1728,4.265563488006592,0.2718981206417084,3.9936652183532715
1729,4.26207971572876,0.25806406140327454,4.0040154457092285
1730,4.256289005279541,0.2609846591949463,3.9953043460845947
1731,4.267184257507324,0.27476486563682556,3.9924192428588867
1732,4.255044460296631,0.2628544569015503,3.992189884185791
1733,4.240840911865234,0.2517385482788086,3.989102363586426
1734,4.27884578704834,0.28321683406829834,3.995628833770752
1735,4.227954864501953,0.24702316522598267,3.9809317588806152
1736,4.268316745758057,0.273897647857666,3.9944190979003906
1737,4.246946334838867,0.2606052756309509,3.9863409996032715
1738,4.241720199584961,0.2454412877559662,3.996278762817383
1739,4.2612175941467285,0.2705928385257721,3.9906246662139893
1740,4.2346696853637695,0.2550773322582245,3.9795923233032227
1741,4.265519618988037,0.25771600008010864,4.007803440093994
1742,4.258381366729736,0.2715417742729187,3.986839771270752
1743,4.227940082550049,0.25309866666793823,3.974841594696045
1744,4.226449966430664,0.24624060094356537,3.9802093505859375
1745,4.2702484130859375,0.28158482909202576,3.988663673400879
1746,4.271644592285156,0.27903586626052856,3.9926085472106934
1747,4.249304294586182,0.26308906078338623,3.986215114593506
1748,4.256414890289307,0.2578021287918091,3.998612880706787
1749,4.236575126647949,0.2371506690979004,3.9994242191314697
1750,4.279034614562988,0.2768683433532715,4.002166271209717
1751,4.24487829208374,0.26155000925064087,3.983328342437744
1752,4.249903678894043,0.2634179890155792,3.986485719680786
1753,4.228424072265625,0.24060381948947906,3.9878201484680176
1754,4.2393999099731445,0.25719884037971497,3.982201099395752
1755,4.22538948059082,0.23640507459640503,3.9889843463897705
1756,4.236439228057861,0.238923579454422,3.9975156784057617
1757,4.242647171020508,0.24879509210586548,3.993851900100708
1758,4.246347427368164,0.2573243975639343,3.989023208618164
1759,4.251012802124023,0.3015831410884857,3.949429512023926
1760,4.24125337600708,0.25246763229370117,3.988785743713379
1761,4.244276523590088,0.2611415982246399,3.9831349849700928
1762,4.2407050132751465,0.2609168589115143,3.979788064956665
1763,4.2488932609558105,0.2652303874492645,3.9836630821228027
1764,4.24770975112915,0.26622438430786133,3.981485366821289
1765,4.2656636238098145,0.2721162736415863,3.9935474395751953
1766,4.238279819488525,0.24920476973056793,3.989075183868408
1767,4.255275726318359,0.2726157307624817,3.9826598167419434
1768,4.229930877685547,0.24303388595581055,3.9868969917297363
1769,4.250787258148193,0.26078909635543823,3.9899981021881104
1770,4.238565444946289,0.25191694498062134,3.9866485595703125
1771,4.270130157470703,0.26726388931274414,4.002866268157959
1772,4.239963531494141,0.2552557587623596,3.9847075939178467
1773,4.252403259277344,0.26661643385887146,3.9857869148254395
1774,4.273982048034668,0.28127095103263855,3.992711067199707
1775,4.253796100616455,0.2623802423477173,3.9914159774780273
1776,4.212014198303223,0.23207640647888184,3.97993803024292
1777,4.228605270385742,0.25074461102485657,3.977860450744629
1778,4.284876823425293,0.2895934581756592,3.995283603668213
1779,4.240252494812012,0.25587838888168335,3.9843740463256836
1780,4.22016716003418,0.24485626816749573,3.975310802459717
1781,4.235150337219238,0.25362128019332886,3.9815289974212646
1782,4.269749641418457,0.27908459305763245,3.9906649589538574
1783,4.216441631317139,0.2236490547657013,3.9927926063537598
1784,4.259174346923828,0.27592623233795166,3.983247995376587
1785,4.237260341644287,0.24877361953258514,3.9884867668151855
1786,4.221465587615967,0.23429840803146362,3.9871673583984375
1787,4.242860794067383,0.2481323778629303,3.9947285652160645
1788,4.240914344787598,0.25125885009765625,3.9896554946899414
1789,4.2338547706604,0.23749777674674988,3.9963572025299072
1790,4.225077152252197,0.24145302176475525,3.98362398147583
1791,4.221161842346191,0.2472516894340515,3.973910331726074
1792,4.246577739715576,0.2546963691711426,3.9918813705444336
1793,4.227014064788818,0.2454102486371994,3.9816036224365234
1794,4.244524955749512,0.259698748588562,3.98482608795166
1795,4.260627269744873,0.2537171244621277,4.00691032409668
1796,4.246582984924316,0.25646981596946716,3.9901132583618164
1797,4.230608940124512,0.25690215826034546,3.9737067222595215
1798,4.247682094573975,0.2687297463417053,3.978952169418335
1799,4.267333507537842,0.2821043133735657,3.985229253768921
1800,4.2215189933776855,0.24167901277542114,3.979840040206909
1801,4.223872184753418,0.23927175998687744,3.98460054397583
1802,4.246969699859619,0.26131850481033325,3.9856510162353516
1803,4.2369513511657715,0.25697600841522217,3.979975461959839
1804,4.2358222007751465,0.24583584070205688,3.9899864196777344
1805,4.194553375244141,0.23194709420204163,3.962606430053711
1806,4.2359418869018555,0.24486243724822998,3.991079330444336
1807,4.2414960861206055,0.28056544065475464,3.960930824279785
1808,4.2500386238098145,0.2720521092414856,3.9779865741729736
1809,4.232827663421631,0.25353744626045227,3.979290008544922
1810,4.243095397949219,0.2520122528076172,3.9910831451416016
1811,4.252817153930664,0.25894695520401,3.993870258331299
1812,4.215198040008545,0.24662095308303833,3.9685769081115723
1813,4.263478755950928,0.26670706272125244,3.996771812438965
1814,4.236945152282715,0.25832125544548035,3.978623867034912
1815,4.2460198402404785,0.26348668336868286,3.9825329780578613
1816,4.225841045379639,0.24407918751239777,3.981761932373047
1817,4.2602949142456055,0.28052467107772827,3.9797704219818115
1818,4.2267913818359375,0.2374783754348755,3.9893128871917725
1819,4.229669094085693,0.24988408386707306,3.9797849655151367
1820,4.217080116271973,0.23575463891029358,3.981325626373291
1821,4.258528709411621,0.26528841257095337,3.9932403564453125
1822,4.214643478393555,0.23057889938354492,3.9840643405914307
1823,4.240305423736572,0.25634950399398804,3.9839560985565186
1824,4.2054243087768555,0.23799575865268707,3.96742844581604
1825,4.241809368133545,0.2660600244998932,3.9757494926452637
1826,4.245092391967773,0.2654995918273926,3.97959303855896
1827,4.20486307144165,0.22473657131195068,3.98012638092041
1828,4.254504203796387,0.26679253578186035,3.9877116680145264
1829,4.243699550628662,0.25624147057533264,3.9874582290649414
1830,4.223635196685791,0.24348986148834229,3.9801454544067383
1831,4.286168098449707,0.2918500304222107,3.9943180084228516
1832,4.213840484619141,0.24027642607688904,3.9735639095306396
1833,4.241516590118408,0.24971704185009003,3.9917993545532227
1834,4.239799499511719,0.2521859109401703,3.9876134395599365
1835,4.218414783477783,0.24351546168327332,3.9748992919921875
1836,4.209133625030518,0.24234315752983093,3.9667904376983643
1837,4.246181011199951,0.26800090074539185,3.978179931640625
1838,4.2536492347717285,0.26036733388900757,3.993281841278076
1839,4.258345603942871,0.27160996198654175,3.9867355823516846
1840,4.224064826965332,0.24760115146636963,3.976463794708252
1841,4.237289905548096,0.24674277007579803,3.9905471801757812
1842,4.255364418029785,0.2608211040496826,3.9945435523986816
1843,4.24796199798584,0.2660273313522339,3.9819347858428955
1844,4.232409954071045,0.24954159557819366,3.982868194580078
1845,4.263715744018555,0.26751387119293213,3.996201992034912
1846,4.233135223388672,0.24963577091693878,3.983499526977539
1847,4.225143909454346,0.25048893690109253,3.9746549129486084
1848,4.192838668823242,0.22792550921440125,3.9649131298065186
1849,4.231897354125977,0.2455272525548935,3.986370086669922
1850,4.236138343811035,0.25865381956100464,3.977484703063965
1851,4.228930473327637,0.2454887479543686,3.9834415912628174
1852,4.207394123077393,0.23518750071525574,3.9722065925598145
1853,4.2412004470825195,0.25891292095184326,3.982287645339966
1854,4.22019624710083,0.2481667399406433,3.972029685974121
1855,4.242794990539551,0.26228654384613037,3.98050856590271
1856,4.234625816345215,0.25163254141807556,3.9829931259155273
1857,4.224322319030762,0.241623193025589,3.982699155807495
1858,4.232000827789307,0.24966925382614136,3.9823317527770996
1859,4.214215278625488,0.2458510845899582,3.9683642387390137
1860,4.223683834075928,0.24360528588294983,3.98007869720459
1861,4.217123985290527,0.24830758571624756,3.9688162803649902
1862,4.230907917022705,0.24670985341072083,3.9841980934143066
1863,4.1878461837768555,0.2188953459262848,3.9689507484436035
1864,4.201454162597656,0.23524367809295654,3.96621036529541
1865,4.204374313354492,0.23055274784564972,3.9738216400146484
1866,4.208092212677002,0.2483026683330536,3.959789752960205
1867,4.194783687591553,0.2270810902118683,3.9677023887634277
1868,4.2308807373046875,0.25001370906829834,3.9808669090270996
1869,4.209449768066406,0.23837074637413025,3.971078872680664
1870,4.227174282073975,0.24314351379871368,3.9840309619903564
1871,4.231616973876953,0.2543289065361023,3.977288246154785
1872,4.2187418937683105,0.25626295804977417,3.9624791145324707
1873,4.230613708496094,0.24662995338439941,3.9839835166931152
1874,4.22034215927124,0.24940621852874756,3.9709360599517822
1875,4.238863468170166,0.26825475692749023,3.970608711242676
1876,4.213654518127441,0.23987238109111786,3.9737820625305176
1877,4.228053092956543,0.2526156008243561,3.975437641143799
1878,4.19603157043457,0.22950203716754913,3.966529607772827
1879,4.134052753448486,0.16666127741336823,3.9673912525177
1880,4.258558750152588,0.2672073543071747,3.991351366043091
1881,4.224204063415527,0.24302226305007935,3.9811818599700928
1882,4.225582599639893,0.2493211328983307,3.9762613773345947
1883,4.234388828277588,0.25517237186431885,3.9792165756225586
1884,4.183724403381348,0.2289370745420456,3.954787254333496
1885,4.222112655639648,0.2509192228317261,3.971193552017212
1886,4.218896389007568,0.2504669427871704,3.9684295654296875
1887,4.254495620727539,0.27320918440818787,3.9812865257263184
1888,4.2213544845581055,0.24604690074920654,3.9753074645996094
1889,4.247530937194824,0.27010783553123474,3.9774229526519775
1890,4.210697174072266,0.246710866689682,3.9639861583709717
1891,4.219778060913086,0.2427085041999817,3.977069616317749
1892,4.230985641479492,0.2610355615615845,3.969949960708618
1893,4.212578773498535,0.23498836159706116,3.977590560913086
1894,4.259648323059082,0.2761285901069641,3.9835197925567627
1895,4.223004341125488,0.25272637605667114,3.970277786254883
1896,4.2158203125,0.24562853574752808,3.970191717147827
1897,4.209417819976807,0.24426382780075073,3.9651541709899902
1898,4.214649200439453,0.22770333290100098,3.9869461059570312
1899,4.204070091247559,0.23898150026798248,3.9650886058807373
1900,4.227466106414795,0.2483796328306198,3.979086399078369
1901,4.2115583419799805,0.23576055467128754,3.9757978916168213
1902,4.20799446105957,0.23973248898983002,3.968261957168579
1903,4.227031707763672,0.24929575622081757,3.977735996246338
1904,4.211272239685059,0.24678625166416168,3.9644861221313477
1905,4.213784217834473,0.23882780969142914,3.974956512451172
1906,4.22132682800293,0.24840693175792694,3.9729199409484863
1907,4.208711624145508,0.22486725449562073,3.98384428024292
1908,4.205483436584473,0.23645149171352386,3.969031810760498
1909,4.229971885681152,0.2611968517303467,3.9687752723693848
1910,4.207121849060059,0.24326324462890625,3.9638583660125732
1911,4.205571174621582,0.23747363686561584,3.968097448348999
1912,4.224409580230713,0.2578780949115753,3.966531276702881
1913,4.210323333740234,0.24664120376110077,3.963681936264038
1914,4.224028587341309,0.25130540132522583,3.9727230072021484
1915,4.236054420471191,0.2655961513519287,3.970458507537842
1916,4.197079181671143,0.23611405491828918,3.960965156555176
1917,4.215097427368164,0.23348501324653625,3.981612205505371
1918,4.202902793884277,0.2289915382862091,3.9739110469818115
1919,4.173676013946533,0.23297670483589172,3.940699338912964
1920,4.223232269287109,0.2486570030450821,3.9745752811431885
1921,4.197644233703613,0.2344760149717331,3.963168144226074
1922,4.217938423156738,0.23725704848766327,3.9806814193725586
1923,4.226353168487549,0.24908871948719025,3.977264642715454
1924,4.217833995819092,0.24002328515052795,3.977810859680176
1925,4.183176517486572,0.22948093712329865,3.953695774078369
1926,4.206847190856934,0.22566571831703186,3.9811816215515137
1927,4.182614326477051,0.21202678978443146,3.970587730407715
1928,4.221665859222412,0.25805628299713135,3.963609457015991
1929,4.233010292053223,0.25723451375961304,3.975775718688965
1930,4.181149482727051,0.23124688863754272,3.9499025344848633
1931,4.20849609375,0.24237240850925446,3.966123580932617
1932,4.222049236297607,0.2489415407180786,3.9731078147888184
1933,4.211603164672852,0.24453121423721313,3.967072010040283
1934,4.193286895751953,0.21941107511520386,3.9738759994506836
1935,4.208718776702881,0.2437562793493271,3.9649624824523926
1936,4.190940856933594,0.2244047224521637,3.966536283493042
1937,4.200938701629639,0.23140989243984222,3.969528913497925
1938,4.183762073516846,0.22088012099266052,3.9628820419311523
1939,4.21764612197876,0.2462344765663147,3.97141170501709
1940,4.191315650939941,0.22185778617858887,3.9694581031799316
1941,4.1995368003845215,0.2362707406282425,3.963265895843506
1942,4.200186729431152,0.23033422231674194,3.9698526859283447
1943,4.196813583374023,0.23050637543201447,3.9663071632385254
1944,4.194775581359863,0.2305556982755661,3.9642200469970703
1945,4.213507175445557,0.23810088634490967,3.9754064083099365
1946,4.219424724578857,0.24980956315994263,3.9696149826049805
1947,4.1952362060546875,0.23095810413360596,3.964278221130371
1948,4.204712390899658,0.24832148849964142,3.956390857696533
1949,4.190250396728516,0.2313154637813568,3.958934783935547
1950,4.190763473510742,0.23712992668151855,3.9536335468292236
1951,4.206511497497559,0.23979881405830383,3.966712474822998
1952,4.201284885406494,0.22901597619056702,3.97226881980896
1953,4.223677635192871,0.2465236932039261,3.977153778076172
1954,4.218782901763916,0.2573288083076477,3.961453914642334
1955,4.204273700714111,0.2342471480369568,3.9700264930725098
1956,4.211523056030273,0.26431095600128174,3.9472122192382812
1957,4.218161582946777,0.23277699947357178,3.985384464263916
1958,4.205700874328613,0.24384376406669617,3.961857318878174
1959,4.170146465301514,0.20506221055984497,3.9650840759277344
1960,4.215863227844238,0.23725035786628723,3.9786126613616943
1961,4.217806816101074,0.24998007714748383,3.9678268432617188
1962,4.198785305023193,0.23915620148181915,3.9596290588378906
1963,4.211304664611816,0.24467679858207703,3.966628074645996
1964,4.177168369293213,0.21662642061710358,3.9605417251586914
1965,4.177809715270996,0.21608790755271912,3.961721897125244
1966,4.197985649108887,0.2335028350353241,3.9644830226898193
1967,4.187545299530029,0.23722852766513824,3.9503166675567627
1968,4.170256614685059,0.21748948097229004,3.9527668952941895
1969,4.1941752433776855,0.23103930056095123,3.9631357192993164
1970,4.203722953796387,0.22626715898513794,3.9774556159973145
1971,4.194164276123047,0.2327011227607727,3.96146297454834
1972,4.193860054016113,0.23197993636131287,3.9618802070617676
1973,4.233681678771973,0.26734811067581177,3.9663336277008057
1974,4.222357749938965,0.25196534395217896,3.9703924655914307
1975,4.219513416290283,0.24553145468235016,3.9739818572998047
1976,4.201364040374756,0.23813709616661072,3.963226795196533
1977,4.210666179656982,0.23970891535282135,3.9709572792053223
1978,4.2028985023498535,0.24124734103679657,3.96165132522583
1979,4.2147345542907715,0.24850279092788696,3.96623158454895
1980,4.145971775054932,0.19852560758590698,3.947446346282959
1981,4.213401794433594,0.24769678711891174,3.965704917907715
1982,4.179582118988037,0.22408412396907806,3.955497980117798
1983,4.200183391571045,0.23287063837051392,3.967312812805176
1984,4.185942649841309,0.22592425346374512,3.9600181579589844
1985,4.226085662841797,0.25411009788513184,3.971975803375244
1986,4.218436241149902,0.25436586141586304,3.9640705585479736
1987,4.196915149688721,0.23732613027095795,3.9595890045166016
1988,4.220475196838379,0.25308147072792053,3.967393636703491
1989,4.1994547843933105,0.22771689295768738,3.971737861633301
1990,4.198543071746826,0.2437606155872345,3.954782485961914
1991,4.174182891845703,0.21775603294372559,3.9564266204833984
1992,4.180564880371094,0.2295989692211151,3.9509658813476562
1993,4.218620777130127,0.24682486057281494,3.9717957973480225
1994,4.231929779052734,0.2649729251861572,3.966956615447998
1995,4.201364517211914,0.2403751164674759,3.960989475250244
1996,4.18701696395874,0.2371993064880371,3.949817657470703
1997,4.195878028869629,0.2230299413204193,3.9728481769561768
1998,4.2035417556762695,0.24125881493091583,3.962283134460449
1999,4.312524795532227,0.2996487319469452,4.012876033782959
