Step,Tr_Loss,Value_Loss,Policy_Loss
0,4.541532516479492,0.6028972268104553,3.9386353492736816
1,4.464717388153076,0.5283130407333374,3.9364044666290283
2,4.458408355712891,0.5224708318710327,3.9359374046325684
3,4.479430198669434,0.5430063605308533,3.9364237785339355
4,4.5018696784973145,0.5667277574539185,3.9351420402526855
5,4.472214221954346,0.5441840291023254,3.928030252456665
6,4.549760341644287,0.5912462472915649,3.9585142135620117
7,4.465477466583252,0.5212813019752502,3.9441962242126465
8,4.461904525756836,0.5351840853691101,3.92672061920166
9,4.474185943603516,0.5375281572341919,3.9366579055786133
10,4.441417694091797,0.508449375629425,3.9329681396484375
11,4.509920120239258,0.5661314725875854,3.943788528442383
12,4.497076034545898,0.5501842498779297,3.946892023086548
13,4.477199077606201,0.5316895246505737,3.945509433746338
14,4.487898349761963,0.5591963529586792,3.928701877593994
15,4.451892852783203,0.5101141929626465,3.9417788982391357
16,4.485931873321533,0.5410313606262207,3.9449005126953125
17,4.510095596313477,0.5659940242767334,3.944101333618164
18,4.4998555183410645,0.5549811720848083,3.9448742866516113
19,4.480452537536621,0.5453035831451416,3.9351491928100586
20,4.488478183746338,0.5401014685630798,3.9483768939971924
21,4.528955936431885,0.5967804193496704,3.932175636291504
22,4.452970027923584,0.5195611715316772,3.933408737182617
23,4.507025241851807,0.5640878081321716,3.9429373741149902
24,4.4777960777282715,0.5454892516136169,3.9323067665100098
25,4.506555080413818,0.5692024230957031,3.9373526573181152
26,4.458799362182617,0.5396156311035156,3.9191837310791016
27,4.508333206176758,0.5598907470703125,3.9484424591064453
28,4.481204032897949,0.5560770034790039,3.925126791000366
29,4.5224289894104,0.5802604556083679,3.942168712615967
30,4.481782913208008,0.5395675897598267,3.9422152042388916
31,4.467541217803955,0.5333610773086548,3.93418025970459
32,4.450821876525879,0.5076642036437988,3.943157911300659
33,4.522578716278076,0.5796417593955994,3.942936897277832
34,4.481398582458496,0.5405774116516113,3.940821409225464
35,4.490785598754883,0.5586222410202026,3.9321632385253906
36,4.471396446228027,0.5367459654808044,3.9346506595611572
37,4.469326496124268,0.5383366942405701,3.930989980697632
38,4.450511932373047,0.5214207172393799,3.929091215133667
39,4.499740123748779,0.552143394947052,3.947596788406372
40,4.428712844848633,0.4838970899581909,3.9448156356811523
41,4.429832458496094,0.4980134963989258,3.931818962097168
42,4.505839824676514,0.5741864442825317,3.9316534996032715
43,4.471335411071777,0.5604931116104126,3.9108424186706543
44,4.441033840179443,0.5048321485519409,3.936201572418213
45,4.48394775390625,0.5574150681495667,3.926532745361328
46,4.444042682647705,0.50633305311203,3.9377098083496094
47,4.474737167358398,0.536026120185852,3.938711166381836
48,4.458662986755371,0.5221693515777588,3.936493396759033
49,4.4689483642578125,0.534740686416626,3.9342079162597656
50,4.4346394538879395,0.49767252802848816,3.936966896057129
51,4.497364521026611,0.5573020577430725,3.9400625228881836
52,4.463562965393066,0.5308222770690918,3.9327409267425537
53,4.451558589935303,0.527096152305603,3.92446231842041
54,4.487771987915039,0.5472968816757202,3.9404749870300293
55,4.463388442993164,0.5338078737258911,3.9295804500579834
56,4.478111743927002,0.540328323841095,3.9377832412719727
57,4.478851318359375,0.5298024415969849,3.9490489959716797
58,4.458400726318359,0.5261996984481812,3.9322011470794678
59,4.470348358154297,0.5207341313362122,3.9496140480041504
60,4.451900959014893,0.5198954343795776,3.9320054054260254
61,4.45526647567749,0.536207914352417,3.9190585613250732
62,4.486825466156006,0.554555356502533,3.932270050048828
63,4.464047908782959,0.5455127954483032,3.918534994125366
64,4.429553508758545,0.5003783702850342,3.9291751384735107
65,4.4864397048950195,0.547113299369812,3.939326524734497
66,4.459716320037842,0.5284582376480103,3.931258201599121
67,4.46598482131958,0.5399821996688843,3.9260025024414062
68,4.45119047164917,0.5323225259780884,3.918867826461792
69,4.458939552307129,0.5362560749053955,3.9226832389831543
70,4.482170581817627,0.5387142896652222,3.9434561729431152
71,4.435494422912598,0.5062635540962219,3.9292309284210205
72,4.471807479858398,0.5434187054634094,3.928388833999634
73,4.455211162567139,0.5169550180435181,3.93825626373291
74,4.458521366119385,0.5267881155014038,3.9317333698272705
75,4.495927333831787,0.5557742714881897,3.940153121948242
76,4.435583114624023,0.5229254961013794,3.9126577377319336
77,4.43656063079834,0.5174537897109985,3.919106960296631
78,4.416287422180176,0.5029498338699341,3.9133377075195312
79,4.437492847442627,0.49708712100982666,3.94040584564209
80,4.452627658843994,0.5146548748016357,3.9379727840423584
81,4.451808929443359,0.5209299325942993,3.9308788776397705
82,4.481771945953369,0.5550808310508728,3.9266912937164307
83,4.426842212677002,0.4973272681236267,3.9295148849487305
84,4.444516181945801,0.5130689144134521,3.9314475059509277
85,4.435405731201172,0.5106503963470459,3.924755096435547
86,4.4779157638549805,0.5442590117454529,3.933656692504883
87,4.512422561645508,0.5851125717163086,3.927309989929199
88,4.464107036590576,0.530215859413147,3.9338910579681396
89,4.4120588302612305,0.47718483209609985,3.9348738193511963
90,4.3927001953125,0.4702340364456177,3.922466278076172
91,4.440215587615967,0.515436053276062,3.9247794151306152
92,4.486555099487305,0.5668108463287354,3.9197440147399902
93,4.429612636566162,0.5142162442207336,3.915396213531494
94,4.435121059417725,0.5107365846633911,3.924384593963623
95,4.4575090408325195,0.5295157432556152,3.9279932975769043
96,4.409377574920654,0.48793184757232666,3.921445608139038
97,4.430418014526367,0.4944748878479004,3.935943126678467
98,4.400106906890869,0.4758155643939972,3.9242911338806152
99,4.42249870300293,0.485299289226532,3.937199592590332
100,4.453174591064453,0.5284802913665771,3.924694538116455
101,4.424868583679199,0.49409303069114685,3.9307756423950195
102,4.462493896484375,0.5366170406341553,3.9258766174316406
103,4.40963077545166,0.490759015083313,3.9188718795776367
104,4.4050140380859375,0.47164052724838257,3.93337345123291
105,4.378836154937744,0.46017205715179443,3.91866397857666
106,4.397738933563232,0.4690771698951721,3.928661823272705
107,4.4585394859313965,0.5390742421150208,3.9194650650024414
108,4.4486589431762695,0.5239956378936768,3.9246630668640137
109,4.449332237243652,0.5157681107521057,3.9335641860961914
110,4.396230697631836,0.46819615364074707,3.928034543991089
111,4.428600788116455,0.5024527311325073,3.926147937774658
112,4.426784038543701,0.4979906678199768,3.928793430328369
113,4.465789318084717,0.5504267811775208,3.915362596511841
114,4.414588928222656,0.4874345660209656,3.927154302597046
115,4.429227352142334,0.519542932510376,3.909684419631958
116,4.450399398803711,0.5241026878356934,3.9262964725494385
117,4.433047294616699,0.5153273344039917,3.917720079421997
118,4.451912879943848,0.5248138904571533,3.9270989894866943
119,4.445501804351807,0.5241772532463074,3.9213244915008545
120,4.426815032958984,0.5042290687561035,3.922585964202881
121,4.431807518005371,0.5157543420791626,3.916053056716919
122,4.424097061157227,0.5115004181861877,3.9125967025756836
123,4.440613746643066,0.5283283591270447,3.912285327911377
124,4.401355743408203,0.4626714587211609,3.9386844635009766
125,4.441741943359375,0.5241795182228088,3.917562484741211
126,4.451890468597412,0.5389549732208252,3.912935495376587
127,4.405604362487793,0.48186835646629333,3.923736095428467
128,4.389165878295898,0.4678885340690613,3.9212775230407715
129,4.407588481903076,0.48627936840057373,3.921308994293213
130,4.465254783630371,0.5350459814071655,3.930208921432495
131,4.408268928527832,0.490922212600708,3.917346715927124
132,4.448368072509766,0.5246902704238892,3.923677682876587
133,4.395153045654297,0.4795982837677002,3.9155547618865967
134,4.40965461730957,0.5007621645927429,3.9088926315307617
135,4.426273345947266,0.5038747191429138,3.922398567199707
136,4.4349446296691895,0.5064831972122192,3.9284613132476807
137,4.437412738800049,0.5115497708320618,3.9258627891540527
138,4.421882629394531,0.5096521377563477,3.9122302532196045
139,4.458301067352295,0.5320326089859009,3.9262685775756836
140,4.419884204864502,0.4965251684188843,3.9233591556549072
141,4.401762008666992,0.47947531938552856,3.9222865104675293
142,4.450293064117432,0.531778872013092,3.9185142517089844
143,4.422258377075195,0.4992044270038605,3.9230539798736572
144,4.43208646774292,0.5062170028686523,3.9258694648742676
145,4.392817974090576,0.47235339879989624,3.920464515686035
146,4.420138359069824,0.48811590671539307,3.9320223331451416
147,4.415650367736816,0.49962228536605835,3.9160282611846924
148,4.428219795227051,0.5156307220458984,3.9125890731811523
149,4.434638977050781,0.5007026195526123,3.933936357498169
150,4.417447090148926,0.502017080783844,3.9154298305511475
151,4.438084602355957,0.5070778131484985,3.931006669998169
152,4.403417587280273,0.48011118173599243,3.923306465148926
153,4.38279914855957,0.4762223958969116,3.906576633453369
154,4.418606758117676,0.5040333271026611,3.9145736694335938
155,4.434552192687988,0.5200640559196472,3.9144880771636963
156,4.450917720794678,0.5245909690856934,3.9263267517089844
157,4.438283920288086,0.5187623500823975,3.9195218086242676
158,4.401646614074707,0.49465057253837585,3.906996250152588
159,4.387343883514404,0.4656524062156677,3.921691417694092
160,4.4192304611206055,0.49655258655548096,3.922677993774414
161,4.410528182983398,0.48705920577049255,3.923468828201294
162,4.397120952606201,0.4761318564414978,3.9209892749786377
163,4.427755355834961,0.5092005133628845,3.9185547828674316
164,4.4486403465271,0.5330020189285278,3.9156384468078613
165,4.437201023101807,0.5240365266799927,3.9131646156311035
166,4.389496326446533,0.4804331660270691,3.9090633392333984
167,4.435428619384766,0.5158599615097046,3.9195687770843506
168,4.384251594543457,0.46311092376708984,3.921140670776367
169,4.382987976074219,0.45786553621292114,3.9251222610473633
170,4.388082981109619,0.4692755937576294,3.9188075065612793
171,4.396023750305176,0.48906171321868896,3.9069621562957764
172,4.404512405395508,0.47862568497657776,3.925886631011963
173,4.4464569091796875,0.532219409942627,3.9142377376556396
174,4.4242706298828125,0.5006198883056641,3.9236505031585693
175,4.377108097076416,0.46301016211509705,3.914098024368286
176,4.434415340423584,0.5050999522209167,3.9293153285980225
177,4.360800266265869,0.44778111577033997,3.9130189418792725
178,4.369112014770508,0.45109081268310547,3.9180212020874023
179,4.404138565063477,0.4749254882335663,3.929213047027588
180,4.370763778686523,0.46671175956726074,3.904052257537842
181,4.422002792358398,0.5156877040863037,3.9063148498535156
182,4.42451810836792,0.5022857189178467,3.9222323894500732
183,4.405000686645508,0.48651421070098877,3.9184863567352295
184,4.41065788269043,0.507506251335144,3.903151512145996
185,4.389397621154785,0.47871798276901245,3.910679817199707
186,4.402474880218506,0.49208685755729675,3.910388231277466
187,4.416325092315674,0.5012882351875305,3.915036678314209
188,4.411829471588135,0.5036101341247559,3.908219337463379
189,4.37991189956665,0.4730012118816376,3.9069106578826904
190,4.370040416717529,0.45731979608535767,3.9127204418182373
191,4.387430667877197,0.47113609313964844,3.916294574737549
192,4.430915832519531,0.5122969150543213,3.91861891746521
193,4.391496658325195,0.4775966703891754,3.9138998985290527
194,4.422259330749512,0.5069802403450012,3.915278911590576
195,4.415922164916992,0.4960431754589081,3.9198789596557617
196,4.403244972229004,0.49952664971351624,3.9037182331085205
197,4.380114555358887,0.45832309126853943,3.9217915534973145
198,4.412372589111328,0.49357831478118896,3.9187941551208496
199,4.3753156661987305,0.4655323326587677,3.909783124923706
200,4.385328769683838,0.4840073585510254,3.9013214111328125
201,4.393195152282715,0.4721795320510864,3.921015501022339
202,4.404052257537842,0.4917750954627991,3.9122772216796875
203,4.360764503479004,0.45981472730636597,3.9009499549865723
204,4.381283760070801,0.4767027795314789,3.904581069946289
205,4.374354839324951,0.462007075548172,3.9123477935791016
206,4.38450813293457,0.47216981649398804,3.9123382568359375
207,4.392855644226074,0.4887751340866089,3.904080390930176
208,4.41495943069458,0.48773008584976196,3.927229404449463
209,4.383733749389648,0.4592176377773285,3.924516201019287
210,4.365724563598633,0.4737612307071686,3.891963481903076
211,4.439262390136719,0.5235818028450012,3.9156806468963623
212,4.41325044631958,0.5104316473007202,3.9028186798095703
213,4.377943515777588,0.4754107594490051,3.9025325775146484
214,4.382257461547852,0.4755036532878876,3.9067540168762207
215,4.346979141235352,0.43159449100494385,3.9153847694396973
216,4.39016056060791,0.46005916595458984,3.9301013946533203
217,4.362020492553711,0.45057839155197144,3.911442279815674
218,4.365878105163574,0.46519285440444946,3.9006853103637695
219,4.3967976570129395,0.4879218339920044,3.9088759422302246
220,4.379420280456543,0.4681451916694641,3.9112749099731445
221,4.424188137054443,0.5085196495056152,3.915668487548828
222,4.393863201141357,0.49312251806259155,3.900740623474121
223,4.457502365112305,0.530078649520874,3.9274239540100098
224,4.3691253662109375,0.45230525732040405,3.9168200492858887
225,4.360532283782959,0.46157774329185486,3.8989546298980713
226,4.356705188751221,0.4476894736289978,3.909015655517578
227,4.37830924987793,0.4702127277851105,3.9080963134765625
228,4.3954548835754395,0.47636228799819946,3.9190926551818848
229,4.392998218536377,0.4843422472476959,3.908655881881714
230,4.4152913093566895,0.5017686486244202,3.913522720336914
231,4.384055137634277,0.4652276039123535,3.918827772140503
232,4.42161750793457,0.4981479346752167,3.9234695434570312
233,4.398245811462402,0.4870906472206116,3.9111549854278564
234,4.364849090576172,0.44780421257019043,3.9170446395874023
235,4.41912841796875,0.5039976239204407,3.915130615234375
236,4.381302356719971,0.4808999001979828,3.900402545928955
237,4.3697614669799805,0.4668614864349365,3.902900218963623
238,4.361080169677734,0.46242034435272217,3.8986599445343018
239,4.350235939025879,0.43842339515686035,3.9118127822875977
240,4.358577728271484,0.4570082724094391,3.901569366455078
241,4.346002101898193,0.4517403244972229,3.8942618370056152
242,4.350244998931885,0.4478135406970978,3.9024312496185303
243,4.369139671325684,0.4611976742744446,3.907942056655884
244,4.42009162902832,0.5181170701980591,3.901974678039551
245,4.372416973114014,0.4666929543018341,3.905723810195923
246,4.384634017944336,0.469443142414093,3.9151906967163086
247,4.3680739402771,0.46093499660491943,3.9071388244628906
248,4.341419219970703,0.43922269344329834,3.9021966457366943
249,4.377175807952881,0.47671282291412354,3.900463104248047
250,4.4073486328125,0.49267497658729553,3.9146738052368164
251,4.3722333908081055,0.4586390256881714,3.9135942459106445
252,4.3842058181762695,0.47819969058036804,3.906006097793579
253,4.3404436111450195,0.43596816062927246,3.904475450515747
254,4.390651702880859,0.476569265127182,3.9140825271606445
255,4.364404678344727,0.4520316421985626,3.9123730659484863
256,4.3872151374816895,0.48498910665512085,3.902226209640503
257,4.376858711242676,0.4852372109889984,3.8916213512420654
258,4.363614082336426,0.4482369124889374,3.915377378463745
259,4.379688739776611,0.4755856394767761,3.9041030406951904
260,4.384466648101807,0.479207843542099,3.9052586555480957
261,4.359376907348633,0.44052860140800476,3.9188485145568848
262,4.355345726013184,0.45018529891967773,3.9051601886749268
263,4.351881980895996,0.4326630234718323,3.9192187786102295
264,4.406682968139648,0.49875056743621826,3.9079325199127197
265,4.3576202392578125,0.4539619982242584,3.903658151626587
266,4.3713297843933105,0.4617964029312134,3.9095335006713867
267,4.334100246429443,0.4350942075252533,3.8990061283111572
268,4.341368675231934,0.4425947070121765,3.8987739086151123
269,4.363941192626953,0.4469859004020691,3.9169554710388184
270,4.314880847930908,0.4197348952293396,3.895145893096924
271,4.393817901611328,0.485507607460022,3.9083104133605957
272,4.368477821350098,0.4539790749549866,3.914498805999756
273,4.331422805786133,0.4400673806667328,3.891355514526367
274,4.386255264282227,0.46705013513565063,3.9192051887512207
275,4.32832670211792,0.425556480884552,3.9027702808380127
276,4.391139984130859,0.46910685300827026,3.9220330715179443
277,4.373813629150391,0.46584972739219666,3.907963752746582
278,4.371245384216309,0.46196216344833374,3.90928316116333
279,4.355742931365967,0.4535716772079468,3.9021711349487305
280,4.352257251739502,0.45318931341171265,3.8990678787231445
281,4.350662708282471,0.4489060044288635,3.901756763458252
282,4.3603363037109375,0.458484411239624,3.9018521308898926
283,4.3700971603393555,0.4809255599975586,3.889171838760376
284,4.375438213348389,0.47126901149749756,3.9041690826416016
285,4.382966995239258,0.47763609886169434,3.9053311347961426
286,4.3787007331848145,0.45895469188690186,3.919745922088623
287,4.360032081604004,0.4472113251686096,3.912820816040039
288,4.322547912597656,0.42488980293273926,3.897658109664917
289,4.36514949798584,0.46614351868629456,3.8990061283111572
290,4.392375469207764,0.47952181100845337,3.912853717803955
291,4.364152908325195,0.4696168005466461,3.894536018371582
292,4.389029026031494,0.49134695529937744,3.897681951522827
293,4.365971565246582,0.4596424996852875,3.9063289165496826
294,4.364445209503174,0.4595203995704651,3.9049248695373535
295,4.375120162963867,0.47283226251602173,3.9022879600524902
296,4.337074279785156,0.4420259892940521,3.895048141479492
297,4.3264479637146,0.42804640531539917,3.8984017372131348
298,4.355746746063232,0.467851459980011,3.887895107269287
299,4.343194961547852,0.46093612909317017,3.882258653640747
300,4.378396987915039,0.47458118200302124,3.903815746307373
301,4.380160808563232,0.4658130407333374,3.9143476486206055
302,4.3936662673950195,0.47647398710250854,3.9171924591064453
303,4.359990119934082,0.45337122678756714,3.906619071960449
304,4.34259033203125,0.4393169581890106,3.903273582458496
305,4.3909173011779785,0.4869411587715149,3.9039762020111084
306,4.3863959312438965,0.49167904257774353,3.89471697807312
307,4.369109153747559,0.4613822400569916,3.907727003097534
308,4.385903835296631,0.4751032590866089,3.9108004570007324
309,4.40118408203125,0.4907056391239166,3.9104785919189453
310,4.345053672790527,0.4360473155975342,3.9090065956115723
311,4.3626298904418945,0.46383097767829895,3.898798704147339
312,4.358773708343506,0.4491419494152069,3.9096317291259766
313,4.3540520668029785,0.4604475498199463,3.8936045169830322
314,4.328059196472168,0.4339653253555298,3.8940939903259277
315,4.345509052276611,0.4393654763698578,3.9061434268951416
316,4.291658401489258,0.3965979218482971,3.8950605392456055
317,4.322440147399902,0.42680078744888306,3.895639419555664
318,4.357301235198975,0.45138487219810486,3.905916213989258
319,4.382288932800293,0.4793320298194885,3.902956962585449
320,4.350555419921875,0.44597339630126953,3.9045822620391846
321,4.363891124725342,0.45770543813705444,3.9061856269836426
322,4.360565662384033,0.46380308270454407,3.8967623710632324
323,4.334716320037842,0.44515886902809143,3.8895576000213623
324,4.3581767082214355,0.45541900396347046,3.9027576446533203
325,4.3458709716796875,0.4412407875061035,3.904630184173584
326,4.338732719421387,0.43695682287216187,3.90177583694458
327,4.325405120849609,0.4140101671218872,3.9113950729370117
328,4.342493057250977,0.4444122910499573,3.898080825805664
329,4.350111484527588,0.4433180093765259,3.9067935943603516
330,4.34657621383667,0.4690502882003784,3.877526044845581
331,4.344208717346191,0.45007187128067017,3.894136905670166
332,4.323803901672363,0.42996060848236084,3.893843173980713
333,4.373244762420654,0.4803062081336975,3.8929386138916016
334,4.345439434051514,0.4422331750392914,3.9032061100006104
335,4.348399639129639,0.45248305797576904,3.895916700363159
336,4.313355922698975,0.42028796672821045,3.8930678367614746
337,4.360836505889893,0.46351850032806396,3.897318124771118
338,4.38031530380249,0.47336262464523315,3.9069528579711914
339,4.371349334716797,0.4611157178878784,3.910233497619629
340,4.370522499084473,0.46568626165390015,3.9048361778259277
341,4.350214958190918,0.44475412368774414,3.905460834503174
342,4.304847240447998,0.4309043884277344,3.8739428520202637
343,4.364762783050537,0.46126827597618103,3.903494358062744
344,4.361235618591309,0.457436740398407,3.903798818588257
345,4.321626663208008,0.4279995262622833,3.8936269283294678
346,4.336087703704834,0.43636178970336914,3.899725914001465
347,4.378361701965332,0.47574976086616516,3.9026119709014893
348,4.391998767852783,0.4913012683391571,3.9006974697113037
349,4.382277965545654,0.4883003830909729,3.893977403640747
350,4.343242168426514,0.4619148373603821,3.8813271522521973
351,4.34251594543457,0.4397169351577759,3.902799129486084
352,4.3519768714904785,0.4481133222579956,3.9038634300231934
353,4.316892147064209,0.4250369369983673,3.891855239868164
354,4.337616920471191,0.4385021924972534,3.8991146087646484
355,4.349350452423096,0.44680118560791016,3.9025492668151855
356,4.330322265625,0.4342215657234192,3.8961007595062256
357,4.347621917724609,0.45387235283851624,3.893749713897705
358,4.324418544769287,0.4314463436603546,3.892971992492676
359,4.342984199523926,0.4480977952480316,3.8948864936828613
360,4.363007068634033,0.4739726483821869,3.8890342712402344
361,4.334001064300537,0.4360388219356537,3.8979620933532715
362,4.343043327331543,0.4463554322719574,3.8966879844665527
363,4.375516891479492,0.4663076400756836,3.9092092514038086
364,4.339544296264648,0.44525694847106934,3.894287109375
365,4.3426032066345215,0.452549010515213,3.890054225921631
366,4.328926086425781,0.4344992935657501,3.8944268226623535
367,4.3539204597473145,0.457419216632843,3.896501302719116
368,4.333673477172852,0.4380289316177368,3.8956446647644043
369,4.3209099769592285,0.4294617474079132,3.8914480209350586
370,4.326688289642334,0.4263870120048523,3.900301218032837
371,4.356182098388672,0.467027485370636,3.8891544342041016
372,4.335958480834961,0.44249653816223145,3.8934621810913086
373,4.339029312133789,0.44090014696121216,3.8981289863586426
374,4.354271411895752,0.4522162675857544,3.902055263519287
375,4.318824291229248,0.4380757212638855,3.880748748779297
376,4.339112758636475,0.44095635414123535,3.8981564044952393
377,4.357470512390137,0.4628763794898987,3.894594192504883
378,4.305382251739502,0.40823546051979065,3.897146701812744
379,4.311762809753418,0.4140874147415161,3.8976755142211914
380,4.3162994384765625,0.42321979999542236,3.8930797576904297
381,4.319873332977295,0.4278796315193176,3.891993522644043
382,4.323533058166504,0.4387906491756439,3.884742259979248
383,4.3041815757751465,0.41887086629867554,3.885310649871826
384,4.3640456199646,0.45317342877388,3.910872220993042
385,4.311862945556641,0.43872249126434326,3.873140335083008
386,4.372923851013184,0.4729713797569275,3.8999524116516113
387,4.354917049407959,0.4537188410758972,3.901198387145996
388,4.312150955200195,0.4344515800476074,3.877699375152588
389,4.343348503112793,0.4386804699897766,3.904667854309082
390,4.368719577789307,0.4746878147125244,3.8940317630767822
391,4.344830513000488,0.45688995718955994,3.8879404067993164
392,4.334039688110352,0.4471597969532013,3.8868799209594727
393,4.318954944610596,0.4278857111930847,3.8910694122314453
394,4.328132629394531,0.4361345171928406,3.891998052597046
395,4.315255165100098,0.427120566368103,3.888134717941284
396,4.343251705169678,0.4590587019920349,3.884193181991577
397,4.302126407623291,0.4162333607673645,3.885892868041992
398,4.3401336669921875,0.4541395306587219,3.8859939575195312
399,4.323709487915039,0.4271251857280731,3.8965845108032227
400,4.34383487701416,0.4457906484603882,3.8980443477630615
401,4.3472394943237305,0.45171207189559937,3.8955273628234863
402,4.321628570556641,0.4308082163333893,3.8908205032348633
403,4.322320461273193,0.41853225231170654,3.9037880897521973
404,4.3257951736450195,0.42982345819473267,3.8959717750549316
405,4.319748401641846,0.4358973503112793,3.8838510513305664
406,4.302796363830566,0.40658119320869446,3.8962152004241943
407,4.347402095794678,0.45951879024505615,3.887883424758911
408,4.332671165466309,0.4514208436012268,3.8812501430511475
409,4.360310077667236,0.45055967569351196,3.909750461578369
410,4.332682132720947,0.4322556257247925,3.9004263877868652
411,4.3145036697387695,0.4252760410308838,3.8892273902893066
412,4.332043170928955,0.43345385789871216,3.8985891342163086
413,4.29996395111084,0.42319992184638977,3.8767640590667725
414,4.31169319152832,0.41907185316085815,3.8926215171813965
415,4.328824520111084,0.4366901218891144,3.892134189605713
416,4.3108930587768555,0.4235599935054779,3.8873329162597656
417,4.316022872924805,0.4368494749069214,3.8791732788085938
418,4.289710998535156,0.42131245136260986,3.868398427963257
419,4.327028751373291,0.4430549740791321,3.8839735984802246
420,4.334092617034912,0.4441043734550476,3.889988422393799
421,4.312563419342041,0.4304960370063782,3.8820674419403076
422,4.324701309204102,0.4386543929576874,3.886046886444092
423,4.342831611633301,0.4487045109272003,3.894127130508423
424,4.303714275360107,0.42652183771133423,3.877192497253418
425,4.32664680480957,0.43170589208602905,3.8949408531188965
426,4.320084571838379,0.4311913251876831,3.8888933658599854
427,4.330952167510986,0.4362431764602661,3.8947091102600098
428,4.322562217712402,0.4199419617652893,3.902620315551758
429,4.301698207855225,0.4117838144302368,3.8899142742156982
430,4.286465167999268,0.4009416997432709,3.8855233192443848
431,4.3367228507995605,0.4394621253013611,3.8972606658935547
432,4.322996616363525,0.4254808723926544,3.8975157737731934
433,4.318638801574707,0.44005855917930603,3.878580093383789
434,4.317909240722656,0.4286371171474457,3.8892722129821777
435,4.33278226852417,0.43342435359954834,3.899358034133911
436,4.296223163604736,0.4174194931983948,3.8788037300109863
437,4.316442966461182,0.4348330497741699,3.8816099166870117
438,4.323217391967773,0.4415533244609833,3.881664276123047
439,4.331624984741211,0.45253050327301025,3.8790946006774902
440,4.323983669281006,0.4239809811115265,3.9000027179718018
441,4.336889266967773,0.44077032804489136,3.8961188793182373
442,4.316042900085449,0.4379699230194092,3.878073215484619
443,4.311690330505371,0.4207910895347595,3.890899181365967
444,4.273899078369141,0.3881840109825134,3.8857150077819824
445,4.315183639526367,0.42773956060409546,3.887444019317627
446,4.318793773651123,0.42534297704696655,3.8934507369995117
447,4.2921037673950195,0.4037720561027527,3.888331651687622
448,4.31987190246582,0.4421680271625519,3.8777036666870117
449,4.324804306030273,0.43405675888061523,3.890747547149658
450,4.292749404907227,0.4042709171772003,3.8884782791137695
451,4.332941055297852,0.44059109687805176,3.8923497200012207
452,4.2990946769714355,0.41832005977630615,3.880774736404419
453,4.29995584487915,0.40189364552497864,3.898061990737915
454,4.27771520614624,0.40955349802970886,3.868161678314209
455,4.311776161193848,0.43164652585983276,3.880129814147949
456,4.345076084136963,0.4353482127189636,3.9097278118133545
457,4.289635181427002,0.4022368788719177,3.8873982429504395
458,4.320062160491943,0.43252235651016235,3.887539863586426
459,4.293577671051025,0.41586437821388245,3.877713203430176
460,4.314840316772461,0.4376179575920105,3.8772225379943848
461,4.314847946166992,0.4330175518989563,3.8818302154541016
462,4.288437366485596,0.4061773419380188,3.8822598457336426
463,4.3081841468811035,0.4232208728790283,3.884963274002075
464,4.3358893394470215,0.4433589577674866,3.8925304412841797
465,4.288752555847168,0.41004037857055664,3.8787119388580322
466,4.2993340492248535,0.4148845672607422,3.8844494819641113
467,4.307520389556885,0.4182378053665161,3.889282464981079
468,4.324678897857666,0.43309101462364197,3.891587972640991
469,4.310912132263184,0.43285560607910156,3.878056287765503
470,4.303003787994385,0.41718587279319763,3.8858180046081543
471,4.307995319366455,0.4217332601547241,3.8862621784210205
472,4.307137966156006,0.4088198244571686,3.898318290710449
473,4.313674449920654,0.42091289162635803,3.892761707305908
474,4.327918529510498,0.4294096827507019,3.8985090255737305
475,4.334773540496826,0.4556065797805786,3.879167079925537
476,4.28039026260376,0.3962973356246948,3.8840928077697754
477,4.310481548309326,0.42228472232818604,3.8881967067718506
478,4.276857852935791,0.40433332324028015,3.8725247383117676
479,4.285839557647705,0.4010486304759979,3.884791135787964
480,4.293943405151367,0.40819239616394043,3.885751247406006
481,4.303345203399658,0.4169561266899109,3.8863892555236816
482,4.318443298339844,0.43098747730255127,3.887455940246582
483,4.313729286193848,0.4314393401145935,3.8822898864746094
484,4.300533771514893,0.41344088315963745,3.8870930671691895
485,4.280444622039795,0.38832011818885803,3.892124652862549
486,4.294097423553467,0.40874379873275757,3.8853535652160645
487,4.282840251922607,0.3884400725364685,3.894400119781494
488,4.289129257202148,0.4115411639213562,3.8775880336761475
489,4.303047180175781,0.41801175475120544,3.885035276412964
490,4.295353412628174,0.41452330350875854,3.8808302879333496
491,4.329812526702881,0.42898547649383545,3.900827169418335
492,4.325261116027832,0.43704283237457275,3.8882181644439697
493,4.277030944824219,0.4045427441596985,3.872488260269165
494,4.310890197753906,0.4336695075035095,3.877220630645752
495,4.281787872314453,0.41469332575798035,3.8670947551727295
496,4.328069686889648,0.43479159474372864,3.893278121948242
497,4.316483020782471,0.43890276551246643,3.877580165863037
498,4.282220363616943,0.4117308259010315,3.8704895973205566
499,4.330138206481934,0.43446266651153564,3.8956754207611084
500,4.300929069519043,0.41193968057632446,3.8889894485473633
501,4.291069984436035,0.4152272939682007,3.875842809677124
502,4.287632942199707,0.41988274455070496,3.8677501678466797
503,4.2993621826171875,0.4128154218196869,3.8865466117858887
504,4.293336868286133,0.4131302833557129,3.880206823348999
505,4.314905166625977,0.4268331229686737,3.8880720138549805
506,4.312233924865723,0.4318183660507202,3.880415439605713
507,4.291750431060791,0.4025701880455017,3.8891801834106445
508,4.284445285797119,0.40264981985092163,3.8817954063415527
509,4.306911468505859,0.41233301162719727,3.894578456878662
510,4.270529270172119,0.389273077249527,3.881256103515625
511,4.295428276062012,0.41561734676361084,3.8798108100891113
512,4.270316123962402,0.38879311084747314,3.8815231323242188
513,4.319751739501953,0.44124728441238403,3.8785042762756348
514,4.283899784088135,0.418284147977829,3.8656158447265625
515,4.314073085784912,0.41571104526519775,3.898362159729004
516,4.298394680023193,0.40731918811798096,3.891075611114502
517,4.3066582679748535,0.420082151889801,3.8865761756896973
518,4.287055492401123,0.40896475315093994,3.8780906200408936
519,4.303400993347168,0.42042025923728943,3.8829808235168457
520,4.297273635864258,0.4083186388015747,3.8889551162719727
521,4.3303985595703125,0.45584988594055176,3.8745484352111816
522,4.296308994293213,0.4014824628829956,3.894826650619507
523,4.256626605987549,0.3874892592430115,3.8691372871398926
524,4.292603492736816,0.40964674949645996,3.8829565048217773
525,4.276127338409424,0.3946579396724701,3.881469249725342
526,4.2956132888793945,0.4035530984401703,3.8920602798461914
527,4.314739227294922,0.4270442724227905,3.887694835662842
528,4.278436660766602,0.41339239478111267,3.865044355392456
529,4.2681169509887695,0.3871764540672302,3.8809404373168945
530,4.289353847503662,0.41249966621398926,3.876854181289673
531,4.2869720458984375,0.413036584854126,3.8739354610443115
532,4.282549858093262,0.412119060754776,3.8704309463500977
533,4.337355136871338,0.4538534879684448,3.8835015296936035
534,4.299845218658447,0.4249836802482605,3.874861478805542
535,4.293898105621338,0.4014959931373596,3.892402172088623
536,4.286372661590576,0.41149550676345825,3.8748769760131836
537,4.273399353027344,0.39622074365615845,3.87717866897583
538,4.2754740715026855,0.41158539056777954,3.8638885021209717
539,4.291321754455566,0.40774005651474,3.8835818767547607
540,4.280532360076904,0.404712438583374,3.8758199214935303
541,4.254924774169922,0.3937115967273712,3.861213207244873
542,4.287136554718018,0.41666772961616516,3.8704686164855957
543,4.2704925537109375,0.39354339241981506,3.8769493103027344
544,4.295909404754639,0.4130062460899353,3.8829030990600586
545,4.295810699462891,0.41114699840545654,3.8846635818481445
546,4.2813239097595215,0.3953220248222351,3.8860020637512207
547,4.274359703063965,0.404945969581604,3.8694138526916504
548,4.30686616897583,0.42144638299942017,3.8854196071624756
549,4.2432661056518555,0.3718246519565582,3.87144136428833
550,4.270272731781006,0.3953205347061157,3.8749520778656006
551,4.256539821624756,0.3918861746788025,3.8646538257598877
552,4.270132541656494,0.40195176005363464,3.868180751800537
553,4.256906032562256,0.38897091150283813,3.8679351806640625
554,4.300692558288574,0.4205138087272644,3.880178928375244
555,4.279544830322266,0.3873676657676697,3.8921773433685303
556,4.300339698791504,0.417652428150177,3.8826870918273926
557,4.267135143280029,0.38373130559921265,3.883404016494751
558,4.248037815093994,0.3789259195327759,3.8691117763519287
559,4.280489444732666,0.4011624753475189,3.8793270587921143
560,4.224347114562988,0.3652440905570984,3.859103202819824
561,4.286716938018799,0.4089779555797577,3.8777389526367188
562,4.28880500793457,0.4077063798904419,3.881098508834839
563,4.27748441696167,0.3998963236808777,3.8775880336761475
564,4.2779459953308105,0.40241366624832153,3.8755321502685547
565,4.272664546966553,0.40100717544555664,3.871657371520996
566,4.272414207458496,0.3916460871696472,3.880768060684204
567,4.302041053771973,0.42665982246398926,3.8753812313079834
568,4.284612655639648,0.4080975353717804,3.8765151500701904
569,4.2709784507751465,0.3893490135669708,3.881629467010498
570,4.274560928344727,0.4038746953010559,3.8706862926483154
571,4.271864414215088,0.4118872284889221,3.8599772453308105
572,4.253045082092285,0.3844837248325348,3.8685615062713623
573,4.287796974182129,0.40378257632255554,3.88401460647583
574,4.274207592010498,0.403865784406662,3.8703417778015137
575,4.2708868980407715,0.3894710838794708,3.881415843963623
576,4.252082824707031,0.37925732135772705,3.8728256225585938
577,4.280763149261475,0.3912505805492401,3.889512538909912
578,4.30983304977417,0.42222872376441956,3.887604236602783
579,4.271448135375977,0.39296817779541016,3.8784801959991455
580,4.271656036376953,0.3932296931743622,3.8784265518188477
581,4.322668552398682,0.439205527305603,3.883462905883789
582,4.300704002380371,0.431238055229187,3.8694658279418945
583,4.278463363647461,0.40545517206192017,3.8730082511901855
584,4.298558235168457,0.4297650456428528,3.868793249130249
585,4.271324157714844,0.3964262902736664,3.8748979568481445
586,4.273983955383301,0.4021523594856262,3.8718314170837402
587,4.302331924438477,0.41515278816223145,3.887179374694824
588,4.298611640930176,0.41976791620254517,3.8788435459136963
589,4.275074481964111,0.40977799892425537,3.8652963638305664
590,4.260158538818359,0.3947409689426422,3.865417718887329
591,4.2930192947387695,0.4115844666957855,3.881434917449951
592,4.266562461853027,0.3969573974609375,3.869605302810669
593,4.269161701202393,0.4023483395576477,3.8668131828308105
594,4.25605583190918,0.3784012794494629,3.8776543140411377
595,4.262793064117432,0.39161860942840576,3.8711743354797363
596,4.27341890335083,0.39663633704185486,3.8767826557159424
597,4.288473129272461,0.4079405665397644,3.880532741546631
598,4.301723480224609,0.42147296667099,3.8802504539489746
599,4.231010437011719,0.3723900318145752,3.8586201667785645
600,4.295422077178955,0.4147505462169647,3.880671501159668
601,4.240701675415039,0.3689795136451721,3.8717222213745117
602,4.235024929046631,0.3729913532733917,3.8620333671569824
603,4.275444030761719,0.3981510400772095,3.8772928714752197
604,4.294245719909668,0.40638092160224915,3.887864589691162
605,4.274776935577393,0.39794492721557617,3.8768320083618164
606,4.294468879699707,0.409210741519928,3.885258197784424
607,4.272268772125244,0.4054585099220276,3.8668103218078613
608,4.257329940795898,0.38536256551742554,3.8719675540924072
609,4.257206439971924,0.3831695020198822,3.8740367889404297
610,4.2841973304748535,0.40812745690345764,3.8760697841644287
611,4.30000114440918,0.4219616651535034,3.8780393600463867
612,4.256243705749512,0.38212743401527405,3.8741161823272705
613,4.249264240264893,0.39013487100601196,3.8591294288635254
614,4.282893657684326,0.40640464425086975,3.8764889240264893
615,4.289104461669922,0.4173709750175476,3.8717336654663086
616,4.2692413330078125,0.4027221202850342,3.866518974304199
617,4.2813215255737305,0.40890374779701233,3.872417688369751
618,4.270442485809326,0.39577716588974,3.8746652603149414
619,4.239643096923828,0.379700243473053,3.85994291305542
620,4.241179943084717,0.3674938678741455,3.8736860752105713
621,4.295161724090576,0.41796016693115234,3.877201557159424
622,4.25067138671875,0.39007964730262756,3.8605916500091553
623,4.297797203063965,0.4244551658630371,3.873342275619507
624,4.268067359924316,0.3984389901161194,3.869628429412842
625,4.258886814117432,0.3846449851989746,3.874241828918457
626,4.2591657638549805,0.3845067620277405,3.8746590614318848
627,4.25883150100708,0.39699462056159973,3.8618366718292236
628,4.259253978729248,0.3888047933578491,3.8704490661621094
629,4.260409355163574,0.391141802072525,3.869267702102661
630,4.26768684387207,0.3942379355430603,3.8734488487243652
631,4.254030704498291,0.39714378118515015,3.856887102127075
632,4.298768997192383,0.41426777839660645,3.8845009803771973
633,4.250674247741699,0.3886284828186035,3.8620457649230957
634,4.227157115936279,0.36509740352630615,3.8620595932006836
635,4.2504425048828125,0.38051730394363403,3.869925022125244
636,4.276155471801758,0.40232497453689575,3.8738303184509277
637,4.248101711273193,0.3781779706478119,3.8699235916137695
638,4.2781572341918945,0.3921327292919159,3.8860244750976562
639,4.261074066162109,0.3745241165161133,3.886549949645996
640,4.297877788543701,0.41924601793289185,3.878631591796875
641,4.247120380401611,0.3823152780532837,3.864805221557617
642,4.254980564117432,0.3837108016014099,3.871269702911377
643,4.26815938949585,0.410183846950531,3.857975482940674
644,4.247768402099609,0.37096458673477173,3.8768038749694824
645,4.276904582977295,0.41159024834632874,3.865314483642578
646,4.265295505523682,0.3968275785446167,3.8684680461883545
647,4.204148769378662,0.3510447144508362,3.8531038761138916
648,4.302844524383545,0.43439576029777527,3.8684487342834473
649,4.253454685211182,0.388949990272522,3.864504814147949
650,4.260612964630127,0.3952656686306,3.865347385406494
651,4.2373833656311035,0.38138824701309204,3.8559951782226562
652,4.230485916137695,0.3640795350074768,3.8664064407348633
653,4.2523908615112305,0.3797680735588074,3.8726229667663574
654,4.214454174041748,0.35397154092788696,3.860482692718506
655,4.2544097900390625,0.3850037157535553,3.86940598487854
656,4.2483625411987305,0.3842449188232422,3.8641176223754883
657,4.257670879364014,0.38621893525123596,3.8714518547058105
658,4.256759166717529,0.3876936435699463,3.869065523147583
659,4.229849815368652,0.3636128306388855,3.866236925125122
660,4.246921539306641,0.3947247266769409,3.85219669342041
661,4.228114604949951,0.35396575927734375,3.8741488456726074
662,4.287387847900391,0.42394474148750305,3.863442897796631
663,4.239362716674805,0.3720896244049072,3.8672728538513184
664,4.216545581817627,0.362228661775589,3.8543167114257812
665,4.3023295402526855,0.4152326285839081,3.887097120285034
666,4.2394304275512695,0.3805066645145416,3.85892391204834
667,4.208882808685303,0.36500775814056396,3.843874931335449
668,4.263214111328125,0.388857901096344,3.874356269836426
669,4.263959884643555,0.39276593923568726,3.8711941242218018
670,4.26200008392334,0.39551979303359985,3.8664803504943848
671,4.238156795501709,0.3756621479988098,3.862494468688965
672,4.209182262420654,0.3556533455848694,3.8535289764404297
673,4.276256561279297,0.40924325585365295,3.8670132160186768
674,4.2342681884765625,0.3728930950164795,3.861375331878662
675,4.252679347991943,0.3874785304069519,3.865200996398926
676,4.2657470703125,0.3784489631652832,3.8872978687286377
677,4.268496036529541,0.391791433095932,3.876704692840576
678,4.231485843658447,0.3554462194442749,3.876039505004883
679,4.241283893585205,0.3702396750450134,3.871044158935547
680,4.275321960449219,0.4023747444152832,3.8729469776153564
681,4.263726711273193,0.3833502233028412,3.8803763389587402
682,4.241179466247559,0.3792101740837097,3.861969470977783
683,4.236018657684326,0.3718946576118469,3.864123821258545
684,4.245741844177246,0.3861679136753082,3.85957407951355
685,4.2636919021606445,0.37658679485321045,3.8871052265167236
686,4.236095905303955,0.3780108094215393,3.8580851554870605
687,4.241184711456299,0.38180792331695557,3.859376907348633
688,4.227866172790527,0.3623465895652771,3.8655195236206055
689,4.2352190017700195,0.37522536516189575,3.8599936962127686
690,4.263111114501953,0.3807086944580078,3.8824024200439453
691,4.28040885925293,0.4053112268447876,3.8750977516174316
692,4.247123718261719,0.3689146935939789,3.878208875656128
693,4.269040584564209,0.3957100510597229,3.873330593109131
694,4.228042125701904,0.3689801096916199,3.8590621948242188
695,4.281713008880615,0.41402944922447205,3.8676834106445312
696,4.275670051574707,0.4025228023529053,3.8731472492218018
697,4.246969223022461,0.3814864456653595,3.865482807159424
698,4.2568793296813965,0.4001920819282532,3.856687307357788
699,4.2749128341674805,0.40901684761047363,3.8658957481384277
700,4.246870994567871,0.37783175706863403,3.8690390586853027
701,4.256091117858887,0.3898524045944214,3.866238594055176
702,4.235942840576172,0.3890661597251892,3.846876859664917
703,4.251492500305176,0.38299375772476196,3.8684985637664795
704,4.27100133895874,0.4064435064792633,3.864557981491089
705,4.2874555587768555,0.40904128551483154,3.8784141540527344
706,4.23950719833374,0.37029314041137695,3.8692140579223633
707,4.2267680168151855,0.3700941205024719,3.8566737174987793
708,4.266328811645508,0.3953496217727661,3.8709793090820312
709,4.279354095458984,0.4040601849555969,3.875293731689453
710,4.289065361022949,0.4144165515899658,3.8746485710144043
711,4.238435745239258,0.37197062373161316,3.8664653301239014
712,4.266502857208252,0.40246719121932983,3.8640356063842773
713,4.253328800201416,0.3791132867336273,3.874215602874756
714,4.229076862335205,0.373775452375412,3.8553013801574707
715,4.27463960647583,0.40389153361320496,3.870748281478882
716,4.269630432128906,0.4018476605415344,3.8677828311920166
717,4.272653579711914,0.3990563750267029,3.8735971450805664
718,4.252420902252197,0.38599756360054016,3.8664233684539795
719,4.221557140350342,0.3649758994579315,3.856581211090088
720,4.23189640045166,0.3671075701713562,3.8647890090942383
721,4.279918193817139,0.4086230993270874,3.8712949752807617
722,4.275965690612793,0.3990442156791687,3.8769216537475586
723,4.24786901473999,0.37862446904182434,3.869244337081909
724,4.215907573699951,0.35701167583465576,3.858895778656006
725,4.254670143127441,0.37845394015312195,3.876216411590576
726,4.242395401000977,0.37273669242858887,3.8696587085723877
727,4.226738929748535,0.36038723587989807,3.86635160446167
728,4.234609603881836,0.3765261173248291,3.858083486557007
729,4.213537693023682,0.355906218290329,3.8576314449310303
730,4.226352214813232,0.3713154196739197,3.855036973953247
731,4.288654327392578,0.40393784642219543,3.884716510772705
732,4.214349746704102,0.36689525842666626,3.84745454788208
733,4.226458549499512,0.35787078738212585,3.8685879707336426
734,4.222030162811279,0.37620097398757935,3.8458290100097656
735,4.219921588897705,0.3545345067977905,3.865386962890625
736,4.229739665985107,0.36180925369262695,3.8679304122924805
737,4.257094383239746,0.37964436411857605,3.8774499893188477
738,4.192706108093262,0.3369888663291931,3.855717182159424
739,4.255682468414307,0.38687795400619507,3.868804454803467
740,4.262507915496826,0.39697515964508057,3.865532636642456
741,4.2539591789245605,0.38204801082611084,3.8719112873077393
742,4.245479583740234,0.3800058364868164,3.865473747253418
743,4.218313694000244,0.36066916584968567,3.857644557952881
744,4.243154525756836,0.3906012177467346,3.852553367614746
745,4.223653316497803,0.36310818791389465,3.8605451583862305
746,4.2511796951293945,0.3808906674385071,3.8702890872955322
747,4.238922595977783,0.3868938386440277,3.8520288467407227
748,4.24574089050293,0.37708067893981934,3.8686599731445312
749,4.233199119567871,0.35976704955101013,3.873432159423828
750,4.240169048309326,0.37663716077804565,3.863532066345215
751,4.220309734344482,0.36592185497283936,3.8543879985809326
752,4.230033874511719,0.36237531900405884,3.8676586151123047
753,4.208812713623047,0.37784337997436523,3.8309693336486816
754,4.222972869873047,0.37170958518981934,3.8512635231018066
755,4.223484992980957,0.36619138717651367,3.8572936058044434
756,4.246811389923096,0.3877794146537781,3.859032154083252
757,4.198301315307617,0.3533841669559479,3.8449172973632812
758,4.2225022315979,0.3704816401004791,3.852020740509033
759,4.214974403381348,0.3546485900878906,3.860326051712036
760,4.234011650085449,0.3747072219848633,3.859304428100586
761,4.227717399597168,0.36493057012557983,3.8627870082855225
762,4.206758499145508,0.35171204805374146,3.855046272277832
763,4.2154436111450195,0.36356234550476074,3.8518810272216797
764,4.2331929206848145,0.37345778942108154,3.8597350120544434
765,4.236263275146484,0.37878429889678955,3.8574788570404053
766,4.245284080505371,0.38689398765563965,3.8583900928497314
767,4.227319717407227,0.3554713726043701,3.8718483448028564
768,4.228305816650391,0.37506741285324097,3.853238344192505
769,4.225055694580078,0.3683246970176697,3.8567309379577637
770,4.225557327270508,0.36810216307640076,3.857455253601074
771,4.229103088378906,0.3718169331550598,3.857285976409912
772,4.233815670013428,0.37281370162963867,3.861001968383789
773,4.228017807006836,0.36103957891464233,3.866978168487549
774,4.255099773406982,0.3892265856266022,3.865873098373413
775,4.2671709060668945,0.39929911494255066,3.8678717613220215
776,4.239058971405029,0.37303370237350464,3.86602520942688
777,4.222485542297363,0.3586825132369995,3.8638031482696533
778,4.256778240203857,0.39332571625709534,3.863452434539795
779,4.23825740814209,0.3869040012359619,3.851353168487549
780,4.249044418334961,0.36855053901672363,3.880493640899658
781,4.238958835601807,0.3784986734390259,3.860460042953491
782,4.232615947723389,0.3853921592235565,3.847223997116089
783,4.223851680755615,0.35319802165031433,3.8706536293029785
784,4.259842395782471,0.39633798599243164,3.863504409790039
785,4.196298599243164,0.35648128390312195,3.8398172855377197
786,4.2116780281066895,0.36987459659576416,3.841803550720215
787,4.185691833496094,0.3370552659034729,3.8486366271972656
788,4.207334995269775,0.3652937114238739,3.842041254043579
789,4.240647315979004,0.3737594187259674,3.8668880462646484
790,4.227506160736084,0.37882864475250244,3.848677635192871
791,4.1855950355529785,0.3348968029022217,3.850698232650757
792,4.22926664352417,0.37470096349716187,3.8545656204223633
793,4.258469104766846,0.3895512819290161,3.86891770362854
794,4.234955787658691,0.37566840648651123,3.8592875003814697
795,4.230987071990967,0.3635517656803131,3.8674352169036865
796,4.2536725997924805,0.39600080251693726,3.8576717376708984
797,4.221375942230225,0.3615782558917999,3.859797716140747
798,4.245302200317383,0.37015336751937866,3.8751487731933594
799,4.239198684692383,0.3784487247467041,3.860750198364258
800,4.182842254638672,0.3278225362300873,3.8550195693969727
801,4.23232364654541,0.36200234293937683,3.870321273803711
802,4.2166643142700195,0.3556441068649292,3.86102032661438
803,4.219199180603027,0.36809319257736206,3.8511059284210205
804,4.188838481903076,0.3238303065299988,3.8650083541870117
805,4.195698261260986,0.3524896502494812,3.8432087898254395
806,4.207806587219238,0.3561677932739258,3.8516387939453125
807,4.177858352661133,0.32423701882362366,3.853621482849121
808,4.236135005950928,0.3831257224082947,3.8530092239379883
809,4.235335350036621,0.3697114586830139,3.865623712539673
810,4.213128566741943,0.3691202998161316,3.844008445739746
811,4.244710445404053,0.38565099239349365,3.8590593338012695
812,4.231016159057617,0.3672998547554016,3.8637163639068604
813,4.279703617095947,0.40072596073150635,3.8789777755737305
814,4.223065376281738,0.35980474948883057,3.863260507583618
815,4.212377071380615,0.3603592813014984,3.852017879486084
816,4.213963985443115,0.35307180881500244,3.8608920574188232
817,4.230620384216309,0.3611920475959778,3.8694283962249756
818,4.212517738342285,0.36195629835128784,3.8505616188049316
819,4.2147064208984375,0.35883569717407227,3.8558707237243652
820,4.168808460235596,0.3214273452758789,3.847381114959717
821,4.238178253173828,0.392148494720459,3.84602952003479
822,4.198049545288086,0.3582739531993866,3.839775562286377
823,4.227788925170898,0.36797940731048584,3.859809637069702
824,4.224880218505859,0.3578372895717621,3.8670430183410645
825,4.234913349151611,0.3833281397819519,3.8515853881835938
826,4.208366394042969,0.3639400005340576,3.8444266319274902
827,4.219125270843506,0.3631189465522766,3.856006145477295
828,4.183526515960693,0.3516470193862915,3.8318796157836914
829,4.224151611328125,0.3708770275115967,3.853274345397949
830,4.166204452514648,0.31973034143447876,3.8464741706848145
831,4.224462985992432,0.36332133412361145,3.8611416816711426
832,4.167579650878906,0.32246339321136475,3.845116376876831
833,4.204221725463867,0.34526896476745605,3.8589529991149902
834,4.225071907043457,0.37936365604400635,3.8457083702087402
835,4.210638999938965,0.3514096438884735,3.859229564666748
836,4.203887939453125,0.3623265027999878,3.8415613174438477
837,4.222071170806885,0.35819628834724426,3.863874673843384
838,4.220015048980713,0.3701113164424896,3.8499035835266113
839,4.237119674682617,0.37727758288383484,3.85984206199646
840,4.192651748657227,0.34245890378952026,3.8501927852630615
841,4.187041759490967,0.34525901079177856,3.841782569885254
842,4.222018718719482,0.36190974712371826,3.8601090908050537
843,4.191106796264648,0.3399202227592468,3.851186752319336
844,4.207693576812744,0.36086487770080566,3.8468286991119385
845,4.213743209838867,0.354669451713562,3.8590736389160156
846,4.198144435882568,0.3463634252548218,3.851781129837036
847,4.238580703735352,0.3928512930870056,3.845729351043701
848,4.197992324829102,0.33741021156311035,3.860581874847412
849,4.218230247497559,0.35166823863983154,3.8665618896484375
850,4.220762729644775,0.3560183346271515,3.864744186401367
851,4.206191062927246,0.3501827120780945,3.856008529663086
852,4.209178924560547,0.3598426580429077,3.8493363857269287
853,4.261750221252441,0.40151992440223694,3.8602304458618164
854,4.207844257354736,0.3536115288734436,3.8542327880859375
855,4.237464904785156,0.38679245114326477,3.8506722450256348
856,4.218878746032715,0.367816686630249,3.851062297821045
857,4.220215320587158,0.36292368173599243,3.8572914600372314
858,4.247668266296387,0.37585267424583435,3.8718156814575195
859,4.222393989562988,0.371601939201355,3.8507919311523438
860,4.242212295532227,0.3802444636821747,3.8619680404663086
861,4.222051620483398,0.37075188755989075,3.85129976272583
862,4.212333679199219,0.36219120025634766,3.850142478942871
863,4.223813533782959,0.36774706840515137,3.8560664653778076
864,4.188610553741455,0.3379487991333008,3.8506617546081543
865,4.241073131561279,0.38479387760162354,3.8562793731689453
866,4.2349629402160645,0.38939857482910156,3.845564365386963
867,4.2059431076049805,0.35963308811187744,3.8463099002838135
868,4.210348129272461,0.3679423928260803,3.8424055576324463
869,4.186100959777832,0.34536874294281006,3.8407323360443115
870,4.230345249176025,0.37047940492630005,3.85986590385437
871,4.1973958015441895,0.3415396809577942,3.855855941772461
872,4.205565452575684,0.346883624792099,3.8586816787719727
873,4.1953864097595215,0.32855498790740967,3.8668313026428223
874,4.215278625488281,0.35783594846725464,3.857442617416382
875,4.231265068054199,0.3647441864013672,3.866520881652832
876,4.20167350769043,0.3624609112739563,3.839212417602539
877,4.200356483459473,0.35599422454833984,3.8443620204925537
878,4.190255165100098,0.3496113121509552,3.8406436443328857
879,4.157084941864014,0.3234318494796753,3.833652973175049
880,4.212082862854004,0.3537106513977051,3.858372211456299
881,4.213697910308838,0.35822680592536926,3.855471134185791
882,4.2365946769714355,0.38305962085723877,3.8535349369049072
883,4.229204177856445,0.3745194673538208,3.854684829711914
884,4.181002616882324,0.3432766795158386,3.83772611618042
885,4.225776195526123,0.3692892789840698,3.8564867973327637
886,4.215411186218262,0.3527027368545532,3.862708330154419
887,4.220259666442871,0.3786192536354065,3.8416404724121094
888,4.196547031402588,0.3560640513896942,3.8404829502105713
889,4.210105895996094,0.35746169090270996,3.852644205093384
890,4.210536479949951,0.35088080167770386,3.8596558570861816
891,4.226924896240234,0.36908650398254395,3.8578381538391113
892,4.219578266143799,0.36152383685112,3.8580546379089355
893,4.195487976074219,0.33139288425445557,3.8640952110290527
894,4.217726707458496,0.36260002851486206,3.8551268577575684
895,4.190656661987305,0.3385583758354187,3.8520984649658203
896,4.200821399688721,0.3518364727497101,3.848984718322754
897,4.1930084228515625,0.3403909206390381,3.8526172637939453
898,4.196807861328125,0.36092811822891235,3.8358798027038574
899,4.160026550292969,0.32648369669914246,3.833543062210083
900,4.21696138381958,0.35369303822517395,3.8632683753967285
901,4.210346221923828,0.35157451033592224,3.858771800994873
902,4.215065956115723,0.3629169762134552,3.8521487712860107
903,4.227330207824707,0.37151485681533813,3.8558154106140137
904,4.186890602111816,0.34144821763038635,3.845442295074463
905,4.2086944580078125,0.35848817229270935,3.8502063751220703
906,4.218588352203369,0.3606860041618347,3.8579022884368896
907,4.166819095611572,0.32325679063796997,3.843562126159668
908,4.204440116882324,0.35294070839881897,3.851499319076538
909,4.2016143798828125,0.345014750957489,3.8565995693206787
910,4.214503765106201,0.3701058328151703,3.844398021697998
911,4.197568416595459,0.3506515622138977,3.846916675567627
912,4.206664562225342,0.35069507360458374,3.8559694290161133
913,4.207754611968994,0.35052788257598877,3.857226848602295
914,4.205114841461182,0.35363394021987915,3.8514809608459473
915,4.197902679443359,0.350563108921051,3.847339391708374
916,4.1821441650390625,0.34199291467666626,3.840151309967041
917,4.204513072967529,0.3467702865600586,3.8577427864074707
918,4.20869255065918,0.3581916391849518,3.8505008220672607
919,4.185421943664551,0.34659644961357117,3.8388257026672363
920,4.209301471710205,0.36632272601127625,3.8429789543151855
921,4.172178268432617,0.32269588112831116,3.849482297897339
922,4.193837642669678,0.3528364896774292,3.841001272201538
923,4.173171043395996,0.3367891311645508,3.8363821506500244
924,4.223620414733887,0.37009111046791077,3.853529214859009
925,4.202569007873535,0.3627077341079712,3.8398611545562744
926,4.187747001647949,0.3518369793891907,3.835909843444824
927,4.174766540527344,0.34056779742240906,3.8341989517211914
928,4.186258316040039,0.33748823404312134,3.8487701416015625
929,4.205402851104736,0.3440939486026764,3.861309051513672
930,4.220719814300537,0.36627429723739624,3.854445695877075
931,4.209488391876221,0.35547733306884766,3.854011058807373
932,4.188325881958008,0.3485170602798462,3.839808940887451
933,4.178865909576416,0.33873462677001953,3.8401312828063965
934,4.19747257232666,0.3509916067123413,3.8464808464050293
935,4.197511196136475,0.3482955992221832,3.8492157459259033
936,4.195153713226318,0.3358278274536133,3.859325885772705
937,4.1827497482299805,0.34346282482147217,3.839287042617798
938,4.193666458129883,0.35304558277130127,3.840620756149292
939,4.205080032348633,0.35361793637275696,3.851461887359619
940,4.192807674407959,0.3450031280517578,3.847804546356201
941,4.187080383300781,0.3402024805545807,3.8468780517578125
942,4.195585250854492,0.3582208752632141,3.837364435195923
943,4.188368797302246,0.35727766156196594,3.8310911655426025
944,4.216691017150879,0.35806986689567566,3.858621120452881
945,4.215144157409668,0.37150561809539795,3.8436384201049805
946,4.226728439331055,0.36761903762817383,3.859109401702881
947,4.175765037536621,0.33230578899383545,3.843459367752075
948,4.173089027404785,0.33552002906799316,3.837568759918213
949,4.190804958343506,0.34288325905799866,3.847921848297119
950,4.20994234085083,0.3672190308570862,3.8427231311798096
951,4.173736095428467,0.3303822875022888,3.843353748321533
952,4.191734313964844,0.3409080505371094,3.8508262634277344
953,4.211568355560303,0.3606412708759308,3.8509268760681152
954,4.210625171661377,0.3638679087162018,3.846757411956787
955,4.186641216278076,0.34192192554473877,3.844719409942627
956,4.216011047363281,0.3515891432762146,3.864421844482422
957,4.213808059692383,0.3646337389945984,3.8491744995117188
958,4.17076301574707,0.3391966223716736,3.831566572189331
959,4.147722244262695,0.32028496265411377,3.827437162399292
960,4.193867206573486,0.3383964002132416,3.855470657348633
961,4.174389362335205,0.3329010605812073,3.8414883613586426
962,4.190196990966797,0.3540351390838623,3.8361616134643555
963,4.190140724182129,0.34235483407974243,3.8477859497070312
964,4.178928375244141,0.3384060263633728,3.840522289276123
965,4.203691005706787,0.3603382706642151,3.8433525562286377
966,4.195407867431641,0.3493237793445587,3.8460841178894043
967,4.184538841247559,0.3397301435470581,3.844808578491211
968,4.20296049118042,0.341056227684021,3.8619041442871094
969,4.166718006134033,0.32792478799819946,3.8387932777404785
970,4.204178333282471,0.37017446756362915,3.8340039253234863
971,4.210319995880127,0.3615141212940216,3.8488059043884277
972,4.179941654205322,0.3318989872932434,3.8480424880981445
973,4.177711009979248,0.32120615243911743,3.8565049171447754
974,4.176515579223633,0.3243655562400818,3.8521502017974854
975,4.161823749542236,0.3263302445411682,3.835493326187134
976,4.229373455047607,0.3745594024658203,3.854814052581787
977,4.1877570152282715,0.3412100076675415,3.8465468883514404
978,4.205286026000977,0.3462114930152893,3.859074592590332
979,4.158194541931152,0.3220359683036804,3.836158514022827
980,4.249906063079834,0.38990169763565063,3.860004186630249
981,4.181097030639648,0.339708536863327,3.841388463973999
982,4.205817222595215,0.36260345578193665,3.8432137966156006
983,4.1877121925354,0.3491615653038025,3.838550567626953
984,4.183996200561523,0.3314237594604492,3.8525726795196533
985,4.200980186462402,0.3555459678173065,3.8454344272613525
986,4.1702799797058105,0.321471631526947,3.848808526992798
987,4.178872585296631,0.32633429765701294,3.8525381088256836
988,4.165327548980713,0.32576727867126465,3.8395602703094482
989,4.167557239532471,0.31485167145729065,3.852705717086792
990,4.177152633666992,0.33625784516334534,3.8408946990966797
991,4.181643962860107,0.3473691940307617,3.8342747688293457
992,4.189489364624023,0.3445727825164795,3.844916820526123
993,4.167555809020996,0.3378908038139343,3.829665184020996
994,4.220664024353027,0.37042340636253357,3.850240468978882
995,4.180288791656494,0.3327343165874481,3.8475546836853027
996,4.183959007263184,0.3467481732368469,3.8372106552124023
997,4.210216999053955,0.3622641861438751,3.8479528427124023
998,4.229139804840088,0.3773235082626343,3.851816177368164
999,4.167960166931152,0.3474929630756378,3.820466995239258
1000,4.19587516784668,0.34687870740890503,3.848996639251709
1001,4.194910049438477,0.34790539741516113,3.8470044136047363
1002,4.194671630859375,0.34477344155311584,3.849898338317871
1003,4.172689914703369,0.33957618474960327,3.833113670349121
1004,4.1857075691223145,0.35747861862182617,3.8282289505004883
1005,4.182345867156982,0.3326978087425232,3.8496479988098145
1006,4.205389976501465,0.353618323802948,3.851771593093872
1007,4.158160209655762,0.31581583619117737,3.8423445224761963
1008,4.204416275024414,0.3467782437801361,3.857637882232666
1009,4.161344051361084,0.3299742341041565,3.8313698768615723
1010,4.1760945320129395,0.34064456820487976,3.8354501724243164
1011,4.1865949630737305,0.3489222228527069,3.837672710418701
1012,4.19173526763916,0.3574284613132477,3.8343067169189453
1013,4.188418388366699,0.3440392017364502,3.844379425048828
1014,4.206081867218018,0.36582034826278687,3.840261459350586
1015,4.18663215637207,0.3343975841999054,3.8522346019744873
1016,4.166831970214844,0.32915952801704407,3.837672233581543
1017,4.153780460357666,0.31711071729660034,3.836669921875
1018,4.174375057220459,0.33756187558174133,3.836812973022461
1019,4.180487155914307,0.35394924879074097,3.8265380859375
1020,4.193930625915527,0.3518430292606354,3.842087507247925
1021,4.17180061340332,0.3462323546409607,3.825568199157715
1022,4.1751837730407715,0.33674752712249756,3.8384361267089844
1023,4.177870750427246,0.33310288190841675,3.8447678089141846
1024,4.165276050567627,0.30509820580482483,3.860177993774414
1025,4.145998477935791,0.30229485034942627,3.8437037467956543
1026,4.190078258514404,0.33040788769721985,3.859670400619507
1027,4.160684108734131,0.3238374888896942,3.8368465900421143
1028,4.177260398864746,0.33220621943473816,3.8450543880462646
1029,4.164345741271973,0.3210415840148926,3.84330415725708
1030,4.168975353240967,0.33476197719573975,3.8342132568359375
1031,4.184352874755859,0.3417312800884247,3.8426218032836914
1032,4.177044868469238,0.3369489312171936,3.8400959968566895
1033,4.194791793823242,0.34944844245910645,3.8453431129455566
1034,4.176095962524414,0.3357090353965759,3.8403868675231934
1035,4.173309326171875,0.3366583585739136,3.836650848388672
1036,4.166388511657715,0.3294607996940613,3.836927890777588
1037,4.147089958190918,0.30484384298324585,3.8422460556030273
1038,4.165590286254883,0.3240186274051666,3.841571569442749
1039,4.199245929718018,0.37621650099754333,3.8230292797088623
1040,4.203135967254639,0.3516082763671875,3.851527690887451
1041,4.148373603820801,0.31093111634254456,3.837442398071289
1042,4.179597854614258,0.33315467834472656,3.8464431762695312
1043,4.1981377601623535,0.3477994501590729,3.8503384590148926
1044,4.178709983825684,0.330822229385376,3.8478875160217285
1045,4.168797492980957,0.3360131084918976,3.832784414291382
1046,4.182950973510742,0.3299705982208252,3.852980136871338
1047,4.190295219421387,0.3414079248905182,3.8488874435424805
1048,4.180670738220215,0.33279308676719666,3.8478775024414062
1049,4.174505233764648,0.32778507471084595,3.8467202186584473
1050,4.1838178634643555,0.3439137041568756,3.839904308319092
1051,4.182099342346191,0.35579749941825867,3.8263020515441895
1052,4.176614761352539,0.3294619023799896,3.8471527099609375
1053,4.146072864532471,0.3091124892234802,3.8369603157043457
1054,4.21492862701416,0.3618059456348419,3.8531227111816406
1055,4.191038131713867,0.3412367105484009,3.8498013019561768
1056,4.161519527435303,0.3232386112213135,3.8382809162139893
1057,4.1550984382629395,0.3157515823841095,3.8393468856811523
1058,4.160658836364746,0.3223572373390198,3.838301658630371
1059,4.152297019958496,0.32238730788230896,3.829909563064575
1060,4.20590877532959,0.3556976020336151,3.8502113819122314
1061,4.1885223388671875,0.34208571910858154,3.8464365005493164
1062,4.1670989990234375,0.3293410837650299,3.8377578258514404
1063,4.169490814208984,0.3309805989265442,3.838510036468506
1064,4.16861629486084,0.33851611614227295,3.8301000595092773
1065,4.148525238037109,0.3132181763648987,3.8353071212768555
1066,4.190918445587158,0.3389577269554138,3.8519608974456787
1067,4.156837463378906,0.32597512006759644,3.830862522125244
1068,4.157333850860596,0.31963050365448,3.837703227996826
1069,4.163376808166504,0.33005625009536743,3.8333206176757812
1070,4.18050479888916,0.34441065788269043,3.836094379425049
1071,4.17069149017334,0.33697015047073364,3.833721399307251
1072,4.184512138366699,0.35376131534576416,3.8307509422302246
1073,4.159435272216797,0.332006573677063,3.8274285793304443
1074,4.172114849090576,0.3177821636199951,3.854332685470581
1075,4.177982807159424,0.34167802333831787,3.8363046646118164
1076,4.186920166015625,0.35599151253700256,3.8309288024902344
1077,4.165445327758789,0.32466331124305725,3.8407819271087646
1078,4.196160316467285,0.3487129807472229,3.847447395324707
1079,4.191403865814209,0.35794514417648315,3.83345890045166
1080,4.160093307495117,0.33432114124298096,3.8257720470428467
1081,4.157851219177246,0.33112695813179016,3.8267242908477783
1082,4.180813789367676,0.34460049867630005,3.8362133502960205
1083,4.151909351348877,0.3223927617073059,3.8295164108276367
1084,4.157619953155518,0.3180813193321228,3.83953857421875
1085,4.141839504241943,0.29743802547454834,3.8444013595581055
1086,4.21742582321167,0.37520885467529297,3.842216968536377
1087,4.167444229125977,0.3209122121334076,3.846532106399536
1088,4.170377731323242,0.3299812078475952,3.8403964042663574
1089,4.137188911437988,0.30308008193969727,3.834108829498291
1090,4.164864540100098,0.33144229650497437,3.8334221839904785
1091,4.150411128997803,0.31307587027549744,3.8373353481292725
1092,4.177700519561768,0.33401018381118774,3.8436901569366455
1093,4.1525726318359375,0.32305604219436646,3.8295164108276367
1094,4.196858882904053,0.3390547037124634,3.857804298400879
1095,4.170713424682617,0.33753299713134766,3.8331804275512695
1096,4.191320419311523,0.3478037118911743,3.8435165882110596
1097,4.170363903045654,0.33949407935142517,3.830869674682617
1098,4.161111831665039,0.3335075378417969,3.827604293823242
1099,4.136559963226318,0.30860674381256104,3.827953338623047
1100,4.1933417320251465,0.34877803921699524,3.8445634841918945
1101,4.173239231109619,0.33467942476272583,3.838559627532959
1102,4.1551384925842285,0.32244861125946045,3.8326900005340576
1103,4.146772861480713,0.31653738021850586,3.830235481262207
1104,4.135732173919678,0.3054756224155426,3.830256462097168
1105,4.16602897644043,0.3185282051563263,3.847500801086426
1106,4.176112174987793,0.3224934935569763,3.853618621826172
1107,4.178604602813721,0.3441748023033142,3.834429979324341
1108,4.1413984298706055,0.32421067357063293,3.817187786102295
1109,4.143367290496826,0.3106703758239746,3.8326969146728516
1110,4.176929473876953,0.32504820823669434,3.8518810272216797
1111,4.141285419464111,0.3140984773635864,3.8271870613098145
1112,4.180994033813477,0.33923467993736267,3.841759204864502
1113,4.189415454864502,0.3573819398880005,3.832033634185791
1114,4.1310343742370605,0.30404531955718994,3.82698917388916
1115,4.124297618865967,0.29731500148773193,3.8269827365875244
1116,4.136890411376953,0.31310176849365234,3.823788642883301
1117,4.12294864654541,0.30123400688171387,3.821714401245117
1118,4.1238579750061035,0.30984410643577576,3.814013957977295
1119,4.132934093475342,0.3054831027984619,3.82745099067688
1120,4.178539752960205,0.3347232937812805,3.8438165187835693
1121,4.183162212371826,0.33476778864860535,3.8483943939208984
1122,4.157431125640869,0.32981327176094055,3.827617645263672
1123,4.183286190032959,0.3475096821784973,3.8357763290405273
1124,4.139233589172363,0.31678128242492676,3.8224520683288574
1125,4.145747184753418,0.30532586574554443,3.840421438217163
1126,4.136805534362793,0.3098697364330292,3.8269357681274414
1127,4.177124500274658,0.346203088760376,3.8309214115142822
1128,4.151698589324951,0.3145362436771393,3.8371622562408447
1129,4.138951301574707,0.3119950294494629,3.826956272125244
1130,4.137114524841309,0.29961729049682617,3.8374969959259033
1131,4.1855292320251465,0.3361362814903259,3.849392890930176
1132,4.169250965118408,0.3237753212451935,3.845475435256958
1133,4.139122486114502,0.3047223389148712,3.834399938583374
1134,4.157536506652832,0.32722485065460205,3.8303117752075195
1135,4.19630241394043,0.358330637216568,3.8379716873168945
1136,4.128677845001221,0.2939247488975525,3.8347530364990234
1137,4.200745582580566,0.3638688027858734,3.836876630783081
1138,4.177587032318115,0.32969650626182556,3.847890615463257
1139,4.183022499084473,0.34404754638671875,3.838974952697754
1140,4.1516265869140625,0.3132847249507904,3.83834171295166
1141,4.154633522033691,0.3296661078929901,3.824967622756958
1142,4.161843776702881,0.3386733829975128,3.8231701850891113
1143,4.166731357574463,0.3354675769805908,3.831263780593872
1144,4.169431209564209,0.3224300146102905,3.847001075744629
1145,4.151810169219971,0.3161941468715668,3.835616111755371
1146,4.187534332275391,0.3511311113834381,3.8364033699035645
1147,4.156344413757324,0.3294963836669922,3.826848030090332
1148,4.17764139175415,0.33556607365608215,3.8420753479003906
1149,4.128439426422119,0.30886372923851013,3.819575786590576
1150,4.188299655914307,0.36166179180145264,3.8266379833221436
1151,4.148456573486328,0.3224707841873169,3.8259856700897217
1152,4.185551643371582,0.34707748889923096,3.8384742736816406
1153,4.151675224304199,0.32146793603897095,3.830207347869873
1154,4.129181861877441,0.3060794472694397,3.8231024742126465
1155,4.145989418029785,0.3090434670448303,3.8369460105895996
1156,4.178196430206299,0.3451996445655823,3.8329966068267822
1157,4.134894371032715,0.3095886707305908,3.825305461883545
1158,4.143438339233398,0.2996956706047058,3.843742609024048
1159,4.143639087677002,0.3067294955253601,3.836909532546997
1160,4.133172988891602,0.29962390661239624,3.8335490226745605
1161,4.175704002380371,0.32874494791030884,3.846959114074707
1162,4.120094299316406,0.3016824722290039,3.8184118270874023
1163,4.1690287590026855,0.319835364818573,3.849193572998047
1164,4.155097007751465,0.32738232612609863,3.827714443206787
1165,4.16356086730957,0.3170108199119568,3.8465499877929688
1166,4.140388011932373,0.312165230512619,3.8282227516174316
1167,4.15760612487793,0.3155432641506195,3.8420629501342773
1168,4.184653282165527,0.3320004642009735,3.8526527881622314
1169,4.179234504699707,0.33563876152038574,3.843595504760742
1170,4.1366119384765625,0.3150121867656708,3.8215999603271484
1171,4.179140567779541,0.33796194195747375,3.8411786556243896
1172,4.161440849304199,0.33024537563323975,3.83119535446167
1173,4.158410549163818,0.3249412178993225,3.8334693908691406
1174,4.130608081817627,0.3060888648033142,3.824519157409668
1175,4.142792701721191,0.30865150690078735,3.8341410160064697
1176,4.167505741119385,0.3293224573135376,3.8381831645965576
1177,4.144873142242432,0.31593087315559387,3.82894229888916
1178,4.134242057800293,0.31601786613464355,3.8182239532470703
1179,4.16054105758667,0.3418869972229004,3.8186540603637695
1180,4.201645374298096,0.3534049987792969,3.848240375518799
1181,4.144888877868652,0.3133876323699951,3.8315014839172363
1182,4.174224853515625,0.3319361209869385,3.8422889709472656
1183,4.1879472732543945,0.34177669882774353,3.846170663833618
1184,4.153328895568848,0.3331412374973297,3.820187568664551
1185,4.111424922943115,0.28411850333213806,3.8273065090179443
1186,4.1284403800964355,0.2964857816696167,3.8319547176361084
1187,4.14168119430542,0.31973254680633545,3.821948528289795
1188,4.158407688140869,0.3121267259120941,3.846281051635742
1189,4.171326637268066,0.3427950143814087,3.828531503677368
1190,4.168625831604004,0.32597586512565613,3.8426499366760254
1191,4.139900207519531,0.31545597314834595,3.82444429397583
1192,4.134792804718018,0.2965777814388275,3.838214874267578
1193,4.167303085327148,0.3300788104534149,3.8372244834899902
1194,4.136321544647217,0.3110147714614868,3.8253068923950195
1195,4.153604984283447,0.3280879259109497,3.825517177581787
1196,4.143675804138184,0.3175535202026367,3.826122283935547
1197,4.175994396209717,0.33169013261795044,3.844304084777832
1198,4.1503753662109375,0.3195454478263855,3.8308300971984863
1199,4.144805431365967,0.3106551170349121,3.8341503143310547
1200,4.111812114715576,0.30908775329589844,3.8027243614196777
1201,4.139925956726074,0.3072969913482666,3.8326289653778076
1202,4.195509433746338,0.3471817374229431,3.84832763671875
1203,4.128982067108154,0.3122258186340332,3.816756248474121
1204,4.15483283996582,0.3236529231071472,3.8311798572540283
1205,4.119197368621826,0.2903921902179718,3.8288049697875977
1206,4.152817726135254,0.3262535631656647,3.826564073562622
1207,4.161746978759766,0.32609879970550537,3.8356480598449707
1208,4.1436004638671875,0.303508996963501,3.8400912284851074
1209,4.141285419464111,0.3113219141960144,3.829963445663452
1210,4.1565141677856445,0.32425618171691895,3.8322577476501465
1211,4.14957857131958,0.3249361515045166,3.8246424198150635
1212,4.1095290184021,0.2936185598373413,3.8159103393554688
1213,4.12412691116333,0.2939523160457611,3.830174684524536
1214,4.152476787567139,0.3142069876194,3.8382699489593506
1215,4.116257667541504,0.3034670352935791,3.8127903938293457
1216,4.166204929351807,0.33601704239845276,3.830188035964966
1217,4.18892765045166,0.3460436463356018,3.842884063720703
1218,4.17596960067749,0.33040618896484375,3.8455634117126465
1219,4.116473197937012,0.30058592557907104,3.815887451171875
1220,4.15431022644043,0.3153228163719177,3.838987350463867
1221,4.159119606018066,0.3204454779624939,3.8386740684509277
1222,4.150389194488525,0.31310543417930603,3.8372838497161865
1223,4.162182331085205,0.32573777437210083,3.83644437789917
1224,4.158109188079834,0.33264434337615967,3.8254647254943848
1225,4.161646366119385,0.3352702856063843,3.826375961303711
1226,4.119123458862305,0.2951813340187073,3.823941946029663
1227,4.140995502471924,0.32272303104400635,3.818272352218628
1228,4.117389678955078,0.2930035889148712,3.8243861198425293
1229,4.142585754394531,0.31515857577323914,3.827427387237549
1230,4.142891883850098,0.3176247179508209,3.8252673149108887
1231,4.1398725509643555,0.30932366847991943,3.8305487632751465
1232,4.161312580108643,0.3313651382923126,3.8299474716186523
1233,4.127833843231201,0.3110719919204712,3.8167619705200195
1234,4.14818000793457,0.33378374576568604,3.814396381378174
1235,4.138758182525635,0.30980968475341797,3.828948497772217
1236,4.139678478240967,0.2946247458457947,3.8450539112091064
1237,4.14368200302124,0.3222251832485199,3.8214569091796875
1238,4.1364426612854,0.3034381866455078,3.8330044746398926
1239,4.161601543426514,0.32523030042648315,3.8363711833953857
1240,4.135179042816162,0.3147823214530945,3.820396900177002
1241,4.130317687988281,0.312517911195755,3.8177995681762695
1242,4.1419148445129395,0.3284851908683777,3.813429832458496
1243,4.171604633331299,0.33999747037887573,3.8316071033477783
1244,4.151336193084717,0.3236272931098938,3.8277087211608887
1245,4.167341709136963,0.3497700095176697,3.8175716400146484
1246,4.150491237640381,0.33142906427383423,3.8190622329711914
1247,4.151358604431152,0.32493287324905396,3.826425552368164
1248,4.137404441833496,0.3164156675338745,3.820988655090332
1249,4.1597418785095215,0.3253864049911499,3.834355354309082
1250,4.175288200378418,0.3161241412162781,3.859163999557495
1251,4.144509792327881,0.31786009669303894,3.8266499042510986
1252,4.176244735717773,0.33684006333351135,3.839404821395874
1253,4.14286994934082,0.3192636966705322,3.823606252670288
1254,4.148258209228516,0.32317593693733215,3.825082302093506
1255,4.155555725097656,0.32048463821411133,3.835071086883545
1256,4.169618606567383,0.33747929334640503,3.832139253616333
1257,4.1490864753723145,0.3329189419746399,3.8161675930023193
1258,4.119960308074951,0.29745787382125854,3.822502613067627
1259,4.138012886047363,0.30696502327919006,3.831048011779785
1260,4.156722068786621,0.32514330744743347,3.8315787315368652
1261,4.111392498016357,0.28064101934432983,3.830751657485962
1262,4.149370193481445,0.3175028860569,3.8318674564361572
1263,4.145564079284668,0.31898197531700134,3.8265819549560547
1264,4.129332542419434,0.30091726779937744,3.8284153938293457
1265,4.126686096191406,0.312058687210083,3.8146276473999023
1266,4.170511245727539,0.3358538746833801,3.8346571922302246
1267,4.1932501792907715,0.3497360944747925,3.8435139656066895
1268,4.126008033752441,0.2974315285682678,3.8285765647888184
1269,4.132020950317383,0.29822012782096863,3.833800792694092
1270,4.13043212890625,0.29821479320526123,3.8322174549102783
1271,4.120254993438721,0.3207250237464905,3.799530029296875
1272,4.139916896820068,0.3125816583633423,3.8273353576660156
1273,4.0966291427612305,0.283592164516449,3.8130369186401367
1274,4.118960380554199,0.29253822565078735,3.8264222145080566
1275,4.136333465576172,0.30782538652420044,3.828507900238037
1276,4.097811222076416,0.28127434849739075,3.8165369033813477
1277,4.10385799407959,0.2743266820907593,3.829531192779541
1278,4.137416839599609,0.3070264756679535,3.830390453338623
1279,4.135854721069336,0.30464616417884827,3.8312087059020996
1280,4.1340508460998535,0.3023129105567932,3.831737995147705
1281,4.121667861938477,0.29395851492881775,3.827709436416626
1282,4.119014739990234,0.2913830280303955,3.8276314735412598
1283,4.105101108551025,0.28561264276504517,3.819488525390625
1284,4.173758029937744,0.3361726403236389,3.83758544921875
1285,4.145451545715332,0.30734655261039734,3.8381052017211914
1286,4.137057304382324,0.3070254623889923,3.8300318717956543
1287,4.115836143493652,0.2927902340888977,3.8230457305908203
1288,4.154167175292969,0.329769492149353,3.824397563934326
1289,4.111329555511475,0.2986421585083008,3.812687397003174
1290,4.112577438354492,0.29869723320007324,3.81387996673584
1291,4.133880615234375,0.3008187413215637,3.833061695098877
1292,4.1562323570251465,0.32315391302108765,3.833078622817993
1293,4.144958019256592,0.31206241250038147,3.832895517349243
1294,4.137997627258301,0.318458616733551,3.8195390701293945
1295,4.1026177406311035,0.29567253589630127,3.806945323944092
1296,4.112685680389404,0.28912848234176636,3.8235573768615723
1297,4.111841678619385,0.29808902740478516,3.8137526512145996
1298,4.158363342285156,0.32794368267059326,3.8304195404052734
1299,4.123762607574463,0.3121146559715271,3.811647891998291
1300,4.133603572845459,0.31463515758514404,3.8189682960510254
1301,4.150461196899414,0.3200458288192749,3.8304152488708496
1302,4.0975236892700195,0.2807610034942627,3.8167624473571777
1303,4.110876560211182,0.29487144947052,3.816005229949951
1304,4.141907215118408,0.3252979516983032,3.8166091442108154
1305,4.167022705078125,0.33419063687324524,3.832832098007202
1306,4.139090061187744,0.3119730055332184,3.8271172046661377
1307,4.1396660804748535,0.3110634684562683,3.8286027908325195
1308,4.1250200271606445,0.3157382905483246,3.809281826019287
1309,4.160277843475342,0.3372223973274231,3.8230552673339844
1310,4.138117790222168,0.30274224281311035,3.8353753089904785
1311,4.110419750213623,0.2955417335033417,3.814878225326538
1312,4.1098222732543945,0.2902345061302185,3.8195877075195312
1313,4.116035461425781,0.3065111041069031,3.8095245361328125
1314,4.159196853637695,0.3226970434188843,3.8364996910095215
1315,4.107746124267578,0.2917611598968506,3.8159847259521484
1316,4.124058723449707,0.298517107963562,3.8255417346954346
1317,4.178993225097656,0.34220167994499207,3.836791515350342
1318,4.132612228393555,0.30505794286727905,3.82755446434021
1319,4.101060390472412,0.27881380915641785,3.822246789932251
1320,4.140833854675293,0.3206176161766052,3.820216178894043
1321,4.163426876068115,0.3242149353027344,3.839211940765381
1322,4.091233253479004,0.2792351245880127,3.8119983673095703
1323,4.164141654968262,0.3396652340888977,3.8244762420654297
1324,4.110547065734863,0.30042508244514465,3.810122013092041
1325,4.129971504211426,0.3112155497074127,3.818756103515625
1326,4.155232906341553,0.3182334303855896,3.8369994163513184
1327,4.150074005126953,0.31940722465515137,3.8306665420532227
1328,4.115870952606201,0.29429274797439575,3.821578025817871
1329,4.161898136138916,0.3227629065513611,3.83913516998291
1330,4.105048179626465,0.2994956374168396,3.8055524826049805
1331,4.0908894538879395,0.284917414188385,3.805972099304199
1332,4.146669864654541,0.3075052499771118,3.8391647338867188
1333,4.142881393432617,0.3225478231906891,3.82033371925354
1334,4.105462074279785,0.28568434715270996,3.8197779655456543
1335,4.145514011383057,0.3112046420574188,3.8343095779418945
1336,4.122186183929443,0.30781349539756775,3.8143725395202637
1337,4.140480041503906,0.2970508933067322,3.8434293270111084
1338,4.114914417266846,0.3009086549282074,3.8140058517456055
1339,4.127408027648926,0.29925400018692017,3.8281540870666504
1340,4.178274631500244,0.345498263835907,3.8327763080596924
1341,4.123534202575684,0.3029404282569885,3.8205935955047607
1342,4.160272121429443,0.3314419388771057,3.8288302421569824
1343,4.14063835144043,0.2969234585762024,3.843714714050293
1344,4.150378227233887,0.3281211853027344,3.8222570419311523
1345,4.107900619506836,0.29372525215148926,3.8141751289367676
1346,4.102074146270752,0.2917823791503906,3.8102917671203613
1347,4.101550102233887,0.2809206247329712,3.820629358291626
1348,4.131330490112305,0.3121163547039032,3.819214344024658
1349,4.141026020050049,0.31059104204177856,3.830434799194336
1350,4.111645698547363,0.28080540895462036,3.8308401107788086
1351,4.116257667541504,0.2988811135292053,3.8173766136169434
1352,4.146387577056885,0.3255329430103302,3.820854425430298
1353,4.127971649169922,0.30573827028274536,3.822233200073242
1354,4.118852138519287,0.30487534403800964,3.813976764678955
1355,4.093434810638428,0.27443963289260864,3.8189949989318848
1356,4.117671489715576,0.29339659214019775,3.824274778366089
1357,4.132350921630859,0.31621265411376953,3.81613826751709
1358,4.15654993057251,0.32735496759414673,3.829195022583008
1359,4.122102737426758,0.3080291748046875,3.8140735626220703
1360,4.118056774139404,0.3055683970451355,3.812488555908203
1361,4.104675769805908,0.3013976216316223,3.8032779693603516
1362,4.118019104003906,0.29746758937835693,3.8205513954162598
1363,4.154110908508301,0.33203190565109253,3.8220789432525635
1364,4.145773887634277,0.31358644366264343,3.8321876525878906
1365,4.131385803222656,0.3154609799385071,3.815924644470215
1366,4.136857986450195,0.31147289276123047,3.825385093688965
1367,4.122095584869385,0.29608219861984253,3.8260133266448975
1368,4.134703159332275,0.30267301201820374,3.8320302963256836
1369,4.146684646606445,0.3200969099998474,3.826587677001953
1370,4.124711036682129,0.312208890914917,3.812501907348633
1371,4.1376752853393555,0.3065321445465088,3.8311431407928467
1372,4.117981433868408,0.29352322220802307,3.824458122253418
1373,4.10456657409668,0.28642329573631287,3.818143367767334
1374,4.110509395599365,0.29180145263671875,3.8187079429626465
1375,4.1317362785339355,0.3103489875793457,3.82138729095459
1376,4.113473892211914,0.28387904167175293,3.8295950889587402
1377,4.149604797363281,0.3196682333946228,3.8299365043640137
1378,4.105787754058838,0.29230913519859314,3.813478469848633
1379,4.123481750488281,0.30342334508895874,3.8200583457946777
1380,4.118471622467041,0.2970346212387085,3.821436882019043
1381,4.1260576248168945,0.32136768102645874,3.804689884185791
1382,4.132404804229736,0.30700916051864624,3.8253955841064453
1383,4.132796764373779,0.30382031202316284,3.828976631164551
1384,4.083200454711914,0.2785182595252991,3.8046820163726807
1385,4.140017509460449,0.3070380687713623,3.832979202270508
1386,4.130183696746826,0.3178775906562805,3.8123061656951904
1387,4.132918834686279,0.31512510776519775,3.817793846130371
1388,4.111689567565918,0.29495683312416077,3.816732883453369
1389,4.135953426361084,0.31069689989089966,3.82525634765625
1390,4.12612247467041,0.30200475454330444,3.824117660522461
1391,4.0996623039245605,0.2811342179775238,3.818528175354004
1392,4.104935169219971,0.29018110036849976,3.8147542476654053
1393,4.112835884094238,0.31058764457702637,3.802248239517212
1394,4.125470161437988,0.29963648319244385,3.825833559036255
1395,4.111968040466309,0.29268836975097656,3.819279909133911
1396,4.100381374359131,0.29022252559661865,3.8101589679718018
1397,4.124302387237549,0.30266979336738586,3.8216323852539062
1398,4.156149387359619,0.33192765712738037,3.824221611022949
1399,4.12369441986084,0.2952401041984558,3.8284544944763184
1400,4.097195148468018,0.2885890305042267,3.8086061477661133
1401,4.139407157897949,0.3156545162200928,3.8237528800964355
1402,4.1270575523376465,0.30655637383461,3.8205010890960693
1403,4.146948337554932,0.3154364228248596,3.8315117359161377
1404,4.116884708404541,0.29675573110580444,3.820128917694092
1405,4.1137261390686035,0.2888445258140564,3.8248815536499023
1406,4.156506538391113,0.3323194980621338,3.8241868019104004
1407,4.131110668182373,0.3183021545410156,3.8128085136413574
1408,4.136919975280762,0.3052491843700409,3.8316707611083984
1409,4.108867168426514,0.29189741611480713,3.816969871520996
1410,4.111617088317871,0.2956772446632385,3.8159396648406982
1411,4.090621471405029,0.2845432162284851,3.8060781955718994
1412,4.135707855224609,0.31503695249557495,3.8206710815429688
1413,4.143393516540527,0.32073742151260376,3.8226559162139893
1414,4.121021270751953,0.31136345863342285,3.8096580505371094
1415,4.120858669281006,0.2873040437698364,3.83355450630188
1416,4.097301006317139,0.2929094433784485,3.804391384124756
1417,4.116432189941406,0.29649296402931213,3.819939136505127
1418,4.101650238037109,0.2831566333770752,3.8184938430786133
1419,4.1353440284729,0.3199516534805298,3.815392255783081
1420,4.1114888191223145,0.28932511806488037,3.8221635818481445
1421,4.118461608886719,0.3038853406906128,3.8145761489868164
1422,4.106606960296631,0.28885456919670105,3.8177525997161865
1423,4.1395649909973145,0.3108111619949341,3.828753709793091
1424,4.143179416656494,0.3123782277107239,3.830801010131836
1425,4.099703311920166,0.28899329900741577,3.8107101917266846
1426,4.131196975708008,0.31563371419906616,3.815563201904297
1427,4.080751895904541,0.259651780128479,3.8210999965667725
1428,4.106795310974121,0.29327112436294556,3.8135242462158203
1429,4.121710300445557,0.30070236325263977,3.82100772857666
1430,4.103275299072266,0.29074758291244507,3.812527894973755
1431,4.114384651184082,0.3124675750732422,3.80191707611084
1432,4.091460704803467,0.2892662286758423,3.802194595336914
1433,4.109702110290527,0.28712403774261475,3.822577953338623
1434,4.136133193969727,0.3207398056983948,3.8153934478759766
1435,4.089548587799072,0.28493455052375793,3.8046140670776367
1436,4.108335018157959,0.2914315462112427,3.8169033527374268
1437,4.097261905670166,0.2778010964393616,3.819460868835449
1438,4.146243572235107,0.32379740476608276,3.822446346282959
1439,4.102345943450928,0.29551559686660767,3.806830406188965
1440,4.116871356964111,0.2986668050289154,3.818204641342163
1441,4.146275520324707,0.3225504755973816,3.8237249851226807
1442,4.086594581604004,0.28645652532577515,3.800137996673584
1443,4.081294536590576,0.27647215127944946,3.8048224449157715
1444,4.088771820068359,0.28882670402526855,3.79994535446167
1445,4.09719181060791,0.2845025062561035,3.8126893043518066
1446,4.156754016876221,0.3110607862472534,3.845693349838257
1447,4.106616020202637,0.2848089933395386,3.8218069076538086
1448,4.084047317504883,0.26914381980895996,3.814903736114502
1449,4.124172687530518,0.3101840615272522,3.813988447189331
1450,4.10114049911499,0.3007735013961792,3.8003668785095215
1451,4.120057106018066,0.2988586723804474,3.8211984634399414
1452,4.115926265716553,0.3002328872680664,3.8156933784484863
1453,4.120932102203369,0.29961538314819336,3.821316719055176
1454,4.100125789642334,0.2893470525741577,3.8107786178588867
1455,4.110245227813721,0.30537810921669006,3.8048670291900635
1456,4.117351531982422,0.3148183822631836,3.8025331497192383
1457,4.082181930541992,0.2716139256954193,3.810567855834961
1458,4.111456871032715,0.29051464796066284,3.8209421634674072
1459,4.127257347106934,0.30527812242507935,3.82197904586792
1460,4.084953308105469,0.27921751141548157,3.8057358264923096
1461,4.10156774520874,0.2821974754333496,3.8193702697753906
1462,4.131576061248779,0.30677130818367004,3.8248047828674316
1463,4.115827560424805,0.29888853430747986,3.816939115524292
1464,4.094244956970215,0.2901489734649658,3.804096221923828
1465,4.091854095458984,0.28919318318367004,3.8026607036590576
1466,4.138571739196777,0.3136041760444641,3.824967384338379
1467,4.126049995422363,0.3003394603729248,3.8257105350494385
1468,4.11749267578125,0.29025277495384216,3.827239751815796
1469,4.1521782875061035,0.3153495192527771,3.8368287086486816
1470,4.152395725250244,0.32106155157089233,3.831334352493286
1471,4.094998359680176,0.2740190029144287,3.820979595184326
1472,4.097393035888672,0.28793421387672424,3.8094587326049805
1473,4.107834815979004,0.2951694428920746,3.8126652240753174
1474,4.147815227508545,0.31613317131996155,3.8316822052001953
1475,4.064787864685059,0.26135316491127014,3.8034348487854004
1476,4.11320686340332,0.29711025953292847,3.816096544265747
1477,4.104090213775635,0.29432424902915955,3.8097660541534424
1478,4.095385551452637,0.28146207332611084,3.8139233589172363
1479,4.080422878265381,0.2782524526119232,3.8021702766418457
1480,4.106344223022461,0.283112108707428,3.8232321739196777
1481,4.112332820892334,0.30354875326156616,3.808784008026123
1482,4.110555648803711,0.29021039605140686,3.820345401763916
1483,4.1088714599609375,0.30684685707092285,3.8020246028900146
1484,4.097553253173828,0.27916890382766724,3.8183841705322266
1485,4.104789733886719,0.28245601058006287,3.822333812713623
1486,4.109196662902832,0.305739164352417,3.803457736968994
1487,4.0995330810546875,0.2884105443954468,3.811122417449951
1488,4.158919334411621,0.33196258544921875,3.8269567489624023
1489,4.098477840423584,0.27668148279190063,3.821796417236328
1490,4.1272172927856445,0.3077673017978668,3.8194499015808105
1491,4.097154140472412,0.2782655358314514,3.8188886642456055
1492,4.10683536529541,0.281696081161499,3.825139045715332
1493,4.140775680541992,0.3247864246368408,3.8159892559051514
1494,4.101640701293945,0.28136131167411804,3.820279359817505
1495,4.119851589202881,0.30448663234710693,3.8153650760650635
1496,4.125474452972412,0.2948223650455475,3.8306519985198975
1497,4.057931900024414,0.2645450830459595,3.793386697769165
1498,4.111447811126709,0.29589805006980896,3.815549850463867
1499,4.108904838562012,0.2915979027748108,3.8173067569732666
1500,4.117690563201904,0.30016836524009705,3.8175222873687744
1501,4.086859226226807,0.28002551198005676,3.8068337440490723
1502,4.1154937744140625,0.3086487948894501,3.80684494972229
1503,4.116847038269043,0.2996898293495178,3.81715726852417
1504,4.108804225921631,0.289082795381546,3.819721221923828
1505,4.094409942626953,0.2779609262943268,3.8164491653442383
1506,4.077090740203857,0.2611996531486511,3.8158910274505615
1507,4.141168594360352,0.314999520778656,3.82616925239563
1508,4.116255760192871,0.2888842821121216,3.827371597290039
1509,4.0715436935424805,0.2673577070236206,3.8041858673095703
1510,4.112325668334961,0.29710328578948975,3.8152225017547607
1511,4.12364387512207,0.3065119981765747,3.817131996154785
1512,4.094025611877441,0.28633782267570496,3.807687759399414
1513,4.0994038581848145,0.2710038423538208,3.828399896621704
1514,4.118673801422119,0.3048650622367859,3.8138089179992676
1515,4.080397129058838,0.27879273891448975,3.8016042709350586
1516,4.104510307312012,0.2973439693450928,3.80716609954834
1517,4.102381229400635,0.2913093566894531,3.8110718727111816
1518,4.100595951080322,0.2712796628475189,3.8293161392211914
1519,4.075320720672607,0.26925384998321533,3.8060667514801025
1520,4.101132869720459,0.28335869312286377,3.8177740573883057
1521,4.10258674621582,0.286892294883728,3.8156943321228027
1522,4.09323787689209,0.2734566926956177,3.8197810649871826
1523,4.0833635330200195,0.2781082093715668,3.80525541305542
1524,4.11138916015625,0.30898064374923706,3.8024086952209473
1525,4.107232570648193,0.3045397400856018,3.8026928901672363
1526,4.095816135406494,0.27657121419906616,3.819244861602783
1527,4.078515529632568,0.2576792240142822,3.820836305618286
1528,4.0929789543151855,0.2825290858745575,3.8104500770568848
1529,4.079244613647461,0.2813441753387451,3.7979001998901367
1530,4.09829568862915,0.2824114263057709,3.8158843517303467
1531,4.080435276031494,0.2751149535179138,3.8053202629089355
1532,4.077610969543457,0.28376489877700806,3.7938461303710938
1533,4.0542707443237305,0.25316449999809265,3.8011064529418945
1534,4.117654800415039,0.29021716117858887,3.8274378776550293
1535,4.078407287597656,0.27569580078125,3.8027114868164062
1536,4.0970778465271,0.29004400968551636,3.8070340156555176
1537,4.114601135253906,0.294750452041626,3.819850444793701
1538,4.1194024085998535,0.3078182637691498,3.811583995819092
1539,4.124327659606934,0.30002808570861816,3.8242998123168945
1540,4.080836296081543,0.28423771262168884,3.7965986728668213
1541,4.095632076263428,0.2879692316055298,3.8076629638671875
1542,4.10672664642334,0.2882913053035736,3.8184351921081543
1543,4.10459041595459,0.3038243055343628,3.8007662296295166
1544,4.083357810974121,0.2756025791168213,3.8077552318573
1545,4.106444835662842,0.2959224283695221,3.8105225563049316
1546,4.1311421394348145,0.31330978870391846,3.8178322315216064
1547,4.071264743804932,0.2790290117263794,3.792235851287842
1548,4.120359420776367,0.2954503297805786,3.824908971786499
1549,4.125570297241211,0.3160393238067627,3.8095312118530273
1550,4.111403465270996,0.2975050210952759,3.8138983249664307
1551,4.084747791290283,0.2691505253314972,3.8155970573425293
1552,4.10839319229126,0.2905282974243164,3.8178648948669434
1553,4.071442127227783,0.252081036567688,3.8193612098693848
1554,4.0880961418151855,0.2875857949256897,3.8005101680755615
1555,4.1182708740234375,0.3113754391670227,3.8068952560424805
1556,4.111761093139648,0.300487756729126,3.8112730979919434
1557,4.091431617736816,0.2747345566749573,3.816697120666504
1558,4.112446308135986,0.29523736238479614,3.817208766937256
1559,4.114403247833252,0.3040004372596741,3.8104028701782227
1560,4.07081937789917,0.2658560872077942,3.8049633502960205
1561,4.093669891357422,0.2949739694595337,3.7986960411071777
1562,4.105677604675293,0.28910595178604126,3.8165717124938965
1563,4.10202693939209,0.2874506115913391,3.8145761489868164
1564,4.088587760925293,0.2797062397003174,3.8088812828063965
1565,4.110225200653076,0.2914468050003052,3.8187782764434814
1566,4.09574031829834,0.2779441773891449,3.817796230316162
1567,4.094557285308838,0.28353625535964966,3.811021089553833
1568,4.122142314910889,0.30846184492111206,3.813680410385132
1569,4.122809410095215,0.3041953146457672,3.8186140060424805
1570,4.127222061157227,0.3084357678890228,3.818786144256592
1571,4.085575580596924,0.2844988703727722,3.801076650619507
1572,4.094528675079346,0.2846798002719879,3.8098490238189697
1573,4.085489749908447,0.29797008633613586,3.7875194549560547
1574,4.090243339538574,0.28196001052856445,3.8082833290100098
1575,4.080745697021484,0.2613294720649719,3.8194162845611572
1576,4.084896564483643,0.2662922143936157,3.8186044692993164
1577,4.0854339599609375,0.27131491899490356,3.8141191005706787
1578,4.102473258972168,0.29596811532974243,3.8065052032470703
1579,4.106293678283691,0.28312963247299194,3.823164224624634
1580,4.07865047454834,0.2678167223930359,3.8108339309692383
1581,4.089914321899414,0.2882317006587982,3.801682472229004
1582,4.116246700286865,0.3018811345100403,3.8143653869628906
1583,4.10026741027832,0.2831801772117615,3.817087173461914
1584,4.0790581703186035,0.27736806869506836,3.801690101623535
1585,4.083263397216797,0.2777491807937622,3.805514335632324
1586,4.08419132232666,0.27114516496658325,3.8130459785461426
1587,4.102317810058594,0.2841537892818451,3.818164110183716
1588,4.098811149597168,0.2942503094673157,3.804560661315918
1589,4.114958763122559,0.3084554076194763,3.8065032958984375
1590,4.09841775894165,0.2907518148422241,3.8076658248901367
1591,4.105288505554199,0.2765672504901886,3.828721284866333
1592,4.129992961883545,0.31625300645828247,3.8137400150299072
1593,4.1283769607543945,0.3056170642375946,3.8227598667144775
1594,4.097708225250244,0.287178635597229,3.8105297088623047
1595,4.091946125030518,0.2611444592475891,3.830801486968994
1596,4.114874362945557,0.309114933013916,3.8057594299316406
1597,4.106793403625488,0.29726046323776245,3.80953311920166
1598,4.054705619812012,0.26140642166137695,3.7932991981506348
1599,4.071024417877197,0.2605854868888855,3.810439109802246
1600,4.099172592163086,0.27493783831596375,3.8242347240448
1601,4.098855972290039,0.2828211188316345,3.8160347938537598
1602,4.0939483642578125,0.2706869840621948,3.8232614994049072
1603,4.082298278808594,0.28083235025405884,3.8014659881591797
1604,4.071244239807129,0.27687883377075195,3.794365406036377
1605,4.100088596343994,0.2884258031845093,3.8116626739501953
1606,4.101106643676758,0.2994525134563446,3.801654100418091
1607,4.082759857177734,0.26444920897483826,3.818310499191284
1608,4.0861382484436035,0.28396061062812805,3.8021774291992188
1609,4.072102069854736,0.2788248360157013,3.7932770252227783
1610,4.102436065673828,0.29107025265693665,3.8113656044006348
1611,4.074955463409424,0.2774898409843445,3.7974655628204346
1612,4.05263614654541,0.24859370291233063,3.804042339324951
1613,4.107094764709473,0.2925381660461426,3.81455659866333
1614,4.078956604003906,0.26626139879226685,3.812695264816284
1615,4.0606279373168945,0.26557427644729614,3.795053720474243
1616,4.071712017059326,0.2697768807411194,3.8019351959228516
1617,4.07328462600708,0.28087639808654785,3.7924082279205322
1618,4.12469482421875,0.2993980646133423,3.825296640396118
1619,4.091361045837402,0.281497597694397,3.809863567352295
1620,4.0774407386779785,0.2839815020561218,3.793459415435791
1621,4.128532886505127,0.3068901598453522,3.8216426372528076
1622,4.081164836883545,0.26653212308883667,3.8146328926086426
1623,4.107809543609619,0.2890620827674866,3.8187475204467773
1624,4.070397853851318,0.27485382556915283,3.795544147491455
1625,4.090896129608154,0.2822622060775757,3.808633804321289
1626,4.101905822753906,0.280230849981308,3.8216748237609863
1627,4.095692157745361,0.2962595522403717,3.7994327545166016
1628,4.074706077575684,0.2738950848579407,3.8008108139038086
1629,4.09082555770874,0.2819180488586426,3.8089075088500977
1630,4.086896896362305,0.2854343056678772,3.8014626502990723
1631,4.094423770904541,0.28605958819389343,3.808364152908325
1632,4.084273338317871,0.28265202045440674,3.801621437072754
1633,4.051852703094482,0.260870099067688,3.790982484817505
1634,4.1117987632751465,0.2881990671157837,3.8235995769500732
1635,4.126701354980469,0.3103663921356201,3.8163347244262695
1636,4.091320037841797,0.29071879386901855,3.8006012439727783
1637,4.0961480140686035,0.27524787187576294,3.8209002017974854
1638,4.089045524597168,0.2817651033401489,3.8072805404663086
1639,4.073428153991699,0.2552468478679657,3.8181815147399902
1640,4.064675807952881,0.26536086201667786,3.7993149757385254
1641,4.08491325378418,0.28707456588745117,3.7978384494781494
1642,4.080173492431641,0.28312867879867554,3.7970449924468994
1643,4.10570764541626,0.2978430688381195,3.8078646659851074
1644,4.073205471038818,0.27706095576286316,3.796144723892212
1645,4.083259582519531,0.27750900387763977,3.805750608444214
1646,4.07818078994751,0.27817198634147644,3.800008773803711
1647,4.090371131896973,0.2896779179573059,3.8006932735443115
1648,4.075964450836182,0.2697845697402954,3.806180000305176
1649,4.081903457641602,0.2631981372833252,3.8187055587768555
1650,4.079440593719482,0.2707926034927368,3.808648109436035
1651,4.09045934677124,0.29271507263183594,3.7977442741394043
1652,4.054187774658203,0.26787132024765015,3.786316394805908
1653,4.03524923324585,0.24043500423431396,3.794814109802246
1654,4.0923848152160645,0.2799113094806671,3.8124732971191406
1655,4.105807781219482,0.28420525789260864,3.8216025829315186
1656,4.10014009475708,0.28814882040023804,3.8119912147521973
1657,4.127096176147461,0.29664725065231323,3.830449104309082
1658,4.122533321380615,0.30872082710266113,3.813812494277954
1659,4.089219093322754,0.27388566732406616,3.815333604812622
1660,4.060482978820801,0.2629426419734955,3.7975401878356934
1661,4.121699333190918,0.3176964223384857,3.8040027618408203
1662,4.076860427856445,0.2710307836532593,3.8058295249938965
1663,4.074644565582275,0.26968827843666077,3.8049564361572266
1664,4.08152437210083,0.2813352644443512,3.8001890182495117
1665,4.0529375076293945,0.26788845658302307,3.7850489616394043
1666,4.066842555999756,0.26514190435409546,3.8017005920410156
1667,4.074488639831543,0.2705608010292053,3.8039278984069824
1668,4.0827107429504395,0.28789862990379333,3.7948122024536133
1669,4.099318981170654,0.2905377745628357,3.808781385421753
1670,4.088452339172363,0.27875787019729614,3.809694290161133
1671,4.098607063293457,0.2803846001625061,3.8182225227355957
1672,4.067858695983887,0.2623610496520996,3.805497884750366
1673,4.0604376792907715,0.2634924650192261,3.796945095062256
1674,4.070145606994629,0.2668924629688263,3.803252935409546
1675,4.064220428466797,0.26666200160980225,3.797558307647705
1676,4.118621826171875,0.29400888085365295,3.824613094329834
1677,4.059265613555908,0.256775438785553,3.802490234375
1678,4.094218730926514,0.2903531789779663,3.803865671157837
1679,4.067051410675049,0.255279541015625,3.811771869659424
1680,4.074183940887451,0.2669636309146881,3.807220220565796
1681,4.108920574188232,0.31255966424942017,3.796360969543457
1682,4.070751667022705,0.2656535506248474,3.805098295211792
1683,4.0893354415893555,0.2837415933609009,3.805593967437744
1684,4.040250301361084,0.24775634706020355,3.7924938201904297
1685,4.067221164703369,0.2715558409690857,3.7956655025482178
1686,4.113953113555908,0.2963796854019165,3.8175735473632812
1687,4.074519157409668,0.2602616846561432,3.8142573833465576
1688,4.101240634918213,0.27148687839508057,3.8297536373138428
1689,4.096534252166748,0.2934553027153015,3.803079128265381
1690,4.069925308227539,0.28955981135368347,3.780365467071533
1691,4.0758442878723145,0.26233023405075073,3.813514232635498
1692,4.096408367156982,0.29468899965286255,3.8017191886901855
1693,4.0858893394470215,0.26333534717559814,3.822554111480713
1694,4.068963527679443,0.2632182836532593,3.8057451248168945
1695,4.073209762573242,0.27473631501197815,3.798473596572876
1696,4.09788703918457,0.2894759476184845,3.808411121368408
1697,4.086905479431152,0.28232115507125854,3.804584264755249
1698,4.058786392211914,0.25926506519317627,3.7995212078094482
1699,4.0471696853637695,0.24522089958190918,3.8019487857818604
1700,4.038759708404541,0.25000491738319397,3.788754940032959
1701,4.080151081085205,0.2778114080429077,3.802339792251587
1702,4.084262371063232,0.29340511560440063,3.7908573150634766
1703,4.09278678894043,0.2932080328464508,3.7995786666870117
1704,4.078601837158203,0.2655235826969147,3.8130784034729004
1705,4.075464725494385,0.2744697630405426,3.800994873046875
1706,4.056336402893066,0.2577955722808838,3.7985408306121826
1707,4.077173709869385,0.2750377058982849,3.802135944366455
1708,4.066699028015137,0.26645201444625854,3.8002471923828125
1709,4.097917079925537,0.29094403982162476,3.8069729804992676
1710,4.108664512634277,0.298315167427063,3.810349225997925
1711,4.1020827293396,0.2937808632850647,3.8083019256591797
1712,4.088420867919922,0.2628164291381836,3.8256046772003174
1713,4.095544815063477,0.28543150424957275,3.8101134300231934
1714,4.101495265960693,0.29398244619369507,3.8075127601623535
1715,4.075275421142578,0.2795867621898651,3.7956886291503906
1716,4.072281360626221,0.26960480213165283,3.8026764392852783
1717,4.07404088973999,0.26928120851516724,3.8047595024108887
1718,4.064116954803467,0.2576627731323242,3.8064541816711426
1719,4.062094211578369,0.2714880704879761,3.7906060218811035
1720,4.118266582489014,0.29296448826789856,3.8253018856048584
1721,4.11616325378418,0.2903217375278473,3.8258414268493652
1722,4.069238185882568,0.2720217704772949,3.7972164154052734
1723,4.075254917144775,0.273162841796875,3.8020920753479004
1724,4.081812381744385,0.28294479846954346,3.798867702484131
1725,4.087156295776367,0.27658191323280334,3.810574531555176
1726,4.0764265060424805,0.26929953694343567,3.807126760482788
1727,4.105916976928711,0.30544179677963257,3.8004753589630127
1728,4.08752965927124,0.2826842963695526,3.8048453330993652
1729,4.038394451141357,0.2572339177131653,3.781160354614258
1730,4.067940711975098,0.26977983117103577,3.798161029815674
1731,4.094764709472656,0.29298946261405945,3.8017754554748535
1732,4.079549789428711,0.27962493896484375,3.799924850463867
1733,4.080846309661865,0.2755953073501587,3.805250883102417
1734,4.097579479217529,0.2855536937713623,3.812025785446167
1735,4.076288223266602,0.2754709720611572,3.8008170127868652
1736,4.10040283203125,0.28578829765319824,3.8146145343780518
1737,4.079038619995117,0.27526405453681946,3.803774356842041
1738,4.081292152404785,0.2753903865814209,3.8059017658233643
1739,4.070953369140625,0.26585811376571655,3.8050951957702637
1740,4.083505153656006,0.28884488344192505,3.7946600914001465
1741,4.039814472198486,0.2522590458393097,3.787555456161499
1742,4.074073791503906,0.27094775438308716,3.8031258583068848
1743,4.087102890014648,0.2780699133872986,3.809032917022705
1744,4.101344585418701,0.28978201746940613,3.8115625381469727
1745,4.076412200927734,0.2641608715057373,3.812251091003418
1746,4.0589985847473145,0.27576905488967896,3.783229351043701
1747,4.051105976104736,0.2634749710559845,3.787631034851074
1748,4.050339221954346,0.24228394031524658,3.8080554008483887
1749,4.071713447570801,0.27743983268737793,3.794273853302002
1750,4.067605018615723,0.2547665536403656,3.812838554382324
1751,4.047850131988525,0.25933581590652466,3.7885141372680664
1752,4.08347225189209,0.2819872796535492,3.801485061645508
1753,4.051928997039795,0.26245078444480896,3.789478302001953
1754,4.075766086578369,0.2664521634578705,3.8093137741088867
1755,4.057062149047852,0.24952557682991028,3.8075366020202637
1756,4.071982383728027,0.26600897312164307,3.805973529815674
1757,4.0807952880859375,0.28028252720832825,3.8005127906799316
1758,4.092187881469727,0.27667784690856934,3.8155102729797363
1759,4.101047992706299,0.29278507828712463,3.808262825012207
1760,4.070038318634033,0.2681269645690918,3.8019113540649414
1761,4.073984622955322,0.2645499110221863,3.809434652328491
1762,4.0799970626831055,0.27925747632980347,3.8007397651672363
1763,4.07490348815918,0.2659180760383606,3.8089852333068848
1764,4.071435451507568,0.27384763956069946,3.7975878715515137
1765,4.105282783508301,0.3005906343460083,3.804692268371582
1766,4.03981351852417,0.2611698806285858,3.7786436080932617
1767,4.047497272491455,0.2623124420642853,3.785184860229492
1768,4.057574272155762,0.27014827728271484,3.787426233291626
1769,4.081676006317139,0.26676636934280396,3.8149094581604004
1770,4.078073501586914,0.2842978239059448,3.793775796890259
1771,4.081442832946777,0.2869562804698944,3.7944865226745605
1772,4.047786712646484,0.24672715365886688,3.8010597229003906
1773,4.069299221038818,0.2593749761581421,3.8099241256713867
1774,4.057837963104248,0.2803705930709839,3.7774672508239746
1775,4.084150791168213,0.29915130138397217,3.784999370574951
1776,4.055747032165527,0.26665568351745605,3.7890915870666504
1777,4.057445049285889,0.25858163833618164,3.798863410949707
1778,4.067970275878906,0.2660232484340668,3.8019471168518066
1779,4.07423210144043,0.2734838128089905,3.800748348236084
1780,4.074382305145264,0.2751034200191498,3.799278736114502
1781,4.091750144958496,0.2887556850910187,3.8029942512512207
1782,4.099267959594727,0.2815006971359253,3.8177671432495117
1783,4.07951021194458,0.2813814878463745,3.798128843307495
1784,4.117929458618164,0.29492831230163574,3.8230013847351074
1785,4.061522960662842,0.24944902956485748,3.8120739459991455
1786,4.072657585144043,0.27047133445739746,3.8021860122680664
1787,4.035797119140625,0.25035738945007324,3.7854394912719727
1788,4.05673360824585,0.24486295878887177,3.811870813369751
1789,4.078739166259766,0.26882708072662354,3.8099122047424316
1790,4.033244609832764,0.25154680013656616,3.781697988510132
1791,4.075002670288086,0.2617536783218384,3.813249111175537
1792,4.062942981719971,0.27198296785354614,3.7909598350524902
1793,4.0874128341674805,0.26817718148231506,3.8192358016967773
1794,4.064772605895996,0.269364595413208,3.795408248901367
1795,4.08298921585083,0.28931725025177,3.7936720848083496
1796,4.0758466720581055,0.2679833769798279,3.807863235473633
1797,4.112853050231934,0.3068172037601471,3.8060359954833984
1798,4.054094314575195,0.2659063935279846,3.7881879806518555
1799,4.035783290863037,0.24359332025051117,3.7921900749206543
1800,4.090743064880371,0.2707059383392334,3.820037364959717
1801,4.075575351715088,0.27042776346206665,3.805147647857666
1802,4.0517425537109375,0.25917965173721313,3.792562961578369
1803,4.066323757171631,0.2537757158279419,3.8125481605529785
1804,4.0758562088012695,0.2782498598098755,3.7976064682006836
1805,4.0942888259887695,0.2832154631614685,3.8110733032226562
1806,4.059660911560059,0.26581689715385437,3.793844223022461
1807,4.077994346618652,0.27775874733924866,3.8002355098724365
1808,4.047071933746338,0.2608512043952942,3.7862207889556885
1809,4.076489448547363,0.2779608368873596,3.7985286712646484
1810,4.085387229919434,0.2812500298023224,3.8041372299194336
1811,4.070896625518799,0.2837517559528351,3.787144899368286
1812,4.080417156219482,0.26136964559555054,3.819047451019287
1813,4.065781116485596,0.2653998136520386,3.8003811836242676
1814,4.092655658721924,0.2805076241493225,3.812147855758667
1815,4.066295146942139,0.27038508653640747,3.795909881591797
1816,4.059585094451904,0.25942450761795044,3.8001606464385986
1817,4.074758529663086,0.2664663791656494,3.8082919120788574
1818,4.071946620941162,0.2680276334285736,3.8039190769195557
1819,4.047044277191162,0.25495445728302,3.7920897006988525
1820,4.034361362457275,0.24099048972129822,3.7933707237243652
1821,4.064879417419434,0.2739064693450928,3.7909727096557617
1822,4.0843658447265625,0.28439706563949585,3.799968719482422
1823,4.067934036254883,0.26014506816864014,3.807788848876953
1824,4.055909156799316,0.2601170539855957,3.7957921028137207
1825,4.043381690979004,0.2516871690750122,3.7916946411132812
1826,4.080984115600586,0.28479933738708496,3.796184778213501
1827,4.0693135261535645,0.28360429406166077,3.7857093811035156
1828,4.079834938049316,0.2859157621860504,3.793919324874878
1829,4.068421363830566,0.27716827392578125,3.791253089904785
1830,4.069878578186035,0.2628598213195801,3.807018518447876
1831,4.04315185546875,0.2634238302707672,3.7797279357910156
1832,4.059432506561279,0.26355698704719543,3.7958755493164062
1833,4.073171615600586,0.2717452645301819,3.801426410675049
1834,4.071439266204834,0.2648824453353882,3.8065567016601562
1835,4.076571464538574,0.26552921533584595,3.811042308807373
1836,4.072153091430664,0.27791616320610046,3.794236898422241
1837,4.064159393310547,0.26041218638420105,3.8037474155426025
1838,4.081362724304199,0.27143317461013794,3.809929609298706
1839,4.050085544586182,0.2541246712207794,3.7959606647491455
1840,4.05625581741333,0.2583763599395752,3.797879457473755
1841,4.063155174255371,0.26906663179397583,3.794088363647461
1842,4.0568647384643555,0.2594980299472809,3.7973666191101074
1843,4.051246643066406,0.25091812014579773,3.800328493118286
1844,4.0435967445373535,0.2572055757045746,3.786391258239746
1845,4.058849811553955,0.27329424023628235,3.785555362701416
1846,4.082608222961426,0.26453614234924316,3.8180718421936035
1847,4.044688701629639,0.26242390275001526,3.7822649478912354
1848,4.060149669647217,0.2575623095035553,3.8025875091552734
1849,4.082379341125488,0.27869218587875366,3.803687334060669
1850,4.038171768188477,0.2511481046676636,3.7870237827301025
1851,4.092675685882568,0.2878829836845398,3.804792881011963
1852,4.081881523132324,0.2795673608779907,3.802314281463623
1853,4.063133239746094,0.26532772183418274,3.7978055477142334
1854,4.068937301635742,0.27656662464141846,3.7923707962036133
1855,4.0987935066223145,0.2935881018638611,3.8052053451538086
1856,4.076095104217529,0.2801135778427124,3.7959814071655273
1857,4.069929599761963,0.2610601782798767,3.8088693618774414
1858,4.088257789611816,0.27219367027282715,3.81606388092041
1859,4.106887340545654,0.30233484506607056,3.8045525550842285
1860,4.057485580444336,0.26690685749053955,3.790578842163086
1861,4.0499653816223145,0.2661954164505005,3.7837700843811035
1862,4.055099964141846,0.2641461491584778,3.7909536361694336
1863,4.060670852661133,0.284259170293808,3.776411771774292
1864,4.033138275146484,0.24641834199428558,3.786719799041748
1865,4.0574798583984375,0.2664830684661865,3.790996551513672
1866,4.062282562255859,0.2851380705833435,3.77714467048645
1867,4.0707268714904785,0.27206385135650635,3.7986631393432617
1868,4.067712783813477,0.259286105632782,3.808426856994629
1869,4.08127498626709,0.28122249245643616,3.8000526428222656
1870,4.038518905639648,0.25297632813453674,3.7855424880981445
1871,4.0644850730896,0.2710403501987457,3.7934446334838867
1872,4.076643466949463,0.2729737162590027,3.8036696910858154
1873,4.071942329406738,0.2684554159641266,3.8034868240356445
1874,4.067833423614502,0.2541586458683014,3.8136749267578125
1875,4.053447246551514,0.2551991641521454,3.798248291015625
1876,4.099414348602295,0.28769782185554504,3.8117165565490723
1877,4.069966793060303,0.2658523917198181,3.80411434173584
1878,4.094542503356934,0.2890281677246094,3.805514335632324
1879,4.042924404144287,0.2637128531932831,3.7792115211486816
1880,4.05754280090332,0.2640078067779541,3.7935352325439453
1881,4.087925434112549,0.27775028347969055,3.8101749420166016
1882,4.04670524597168,0.251483291387558,3.7952218055725098
1883,4.042909622192383,0.2686519920825958,3.7742576599121094
1884,4.037102699279785,0.2482079714536667,3.7888948917388916
1885,4.055295944213867,0.2469440996646881,3.808351993560791
1886,4.034543991088867,0.24624711275100708,3.788296699523926
1887,4.036706924438477,0.2528989315032959,3.7838077545166016
1888,4.029655933380127,0.2395174354314804,3.7901387214660645
1889,4.088372707366943,0.28895989060401917,3.799412727355957
1890,4.0586700439453125,0.27434343099594116,3.7843267917633057
1891,4.053894519805908,0.2549681067466736,3.79892635345459
1892,4.070056915283203,0.2740051746368408,3.796051502227783
1893,4.052131175994873,0.2460281401872635,3.806103229522705
1894,4.094882965087891,0.2775195240974426,3.8173632621765137
1895,4.0795440673828125,0.27321553230285645,3.806328296661377
1896,4.058457374572754,0.25540897250175476,3.803048610687256
1897,4.065574645996094,0.26927536725997925,3.796299457550049
1898,4.053809642791748,0.25605010986328125,3.797759532928467
1899,4.051175117492676,0.25252071022987366,3.798654556274414
1900,4.0706562995910645,0.26507359743118286,3.8055825233459473
1901,4.055469512939453,0.26622432470321655,3.789245128631592
1902,4.060824871063232,0.25996294617652893,3.8008620738983154
1903,4.0665130615234375,0.26631319522857666,3.8001997470855713
1904,4.046731472015381,0.2678447961807251,3.7788867950439453
1905,4.0736918449401855,0.26185014843940735,3.8118414878845215
1906,4.061923027038574,0.25621747970581055,3.8057055473327637
1907,4.047362327575684,0.25395849347114563,3.7934036254882812
1908,4.056175708770752,0.26368463039398193,3.7924911975860596
1909,4.05258321762085,0.2513960897922516,3.801187038421631
1910,4.088499069213867,0.28256404399871826,3.8059349060058594
1911,4.072295188903809,0.27617907524108887,3.7961158752441406
1912,4.069590091705322,0.2742930054664612,3.7952969074249268
1913,4.0461554527282715,0.25410348176956177,3.7920517921447754
1914,4.1011528968811035,0.28262004256248474,3.818532943725586
1915,4.01812219619751,0.24216926097869873,3.7759530544281006
1916,4.076415061950684,0.28061917424201965,3.7957959175109863
1917,4.0322065353393555,0.24755620956420898,3.7846503257751465
1918,4.073980808258057,0.2812865972518921,3.792694091796875
1919,4.037542343139648,0.2560048997402191,3.7815372943878174
1920,4.059665203094482,0.25521329045295715,3.8044519424438477
1921,4.044476509094238,0.2557171881198883,3.788759231567383
1922,4.048761367797852,0.2534116208553314,3.795349597930908
1923,4.0388617515563965,0.23837997019290924,3.8004817962646484
1924,4.0377421379089355,0.2550255060195923,3.782716751098633
1925,4.094412326812744,0.29821640253067017,3.7961959838867188
1926,4.017463684082031,0.2417665719985962,3.7756969928741455
1927,4.032958030700684,0.24479088187217712,3.7881669998168945
1928,4.026160717010498,0.23253026604652405,3.793630361557007
1929,4.07504940032959,0.27072596549987793,3.804323196411133
1930,4.036506175994873,0.25335830450057983,3.7831478118896484
1931,4.078014373779297,0.2841521203517914,3.7938623428344727
1932,4.048748970031738,0.257914274930954,3.790834665298462
1933,4.045796871185303,0.2598029673099518,3.785994052886963
1934,4.017906188964844,0.2433783859014511,3.7745277881622314
1935,4.05958366394043,0.25765275955200195,3.8019309043884277
1936,4.064032077789307,0.2629103362560272,3.801121711730957
1937,4.031917572021484,0.2373615950345993,3.794555902481079
1938,4.062793254852295,0.2657108008861542,3.7970826625823975
1939,4.0528106689453125,0.25842079520225525,3.7943897247314453
1940,4.053508758544922,0.25490063428878784,3.7986083030700684
1941,4.044839382171631,0.25177523493766785,3.7930641174316406
1942,4.071122169494629,0.27199652791023254,3.7991256713867188
1943,4.0365681648254395,0.2462833970785141,3.7902846336364746
1944,4.0574517250061035,0.2549456059932709,3.8025059700012207
1945,4.044881343841553,0.2499905824661255,3.794890880584717
1946,4.056544780731201,0.25418367981910706,3.802361249923706
1947,4.031666278839111,0.23719745874404907,3.794468879699707
1948,4.0527191162109375,0.2550157606601715,3.797703266143799
1949,4.056726455688477,0.24877552688121796,3.807950735092163
1950,4.052797317504883,0.2727709114551544,3.780026435852051
1951,4.055384635925293,0.26409828662872314,3.7912864685058594
1952,4.0664448738098145,0.2767103612422943,3.789734363555908
1953,4.063663959503174,0.2504771947860718,3.8131868839263916
1954,4.065979957580566,0.26485440135002136,3.8011255264282227
1955,4.007044792175293,0.24060463905334473,3.766439914703369
1956,4.017859935760498,0.22882287204265594,3.7890372276306152
1957,4.053699970245361,0.2636726498603821,3.790027141571045
1958,4.051935195922852,0.27019059658050537,3.7817444801330566
1959,4.041171073913574,0.239197239279747,3.801973819732666
1960,4.057546138763428,0.2614607810974121,3.7960853576660156
1961,4.01667594909668,0.23889799416065216,3.777778148651123
1962,4.0135650634765625,0.23048222064971924,3.783082962036133
1963,4.028474807739258,0.24599212408065796,3.782482624053955
1964,4.038233280181885,0.24907353520393372,3.7891597747802734
1965,4.043639659881592,0.24275021255016327,3.800889492034912
1966,4.055660724639893,0.26138707995414734,3.794273853302002
1967,4.065469264984131,0.2525545656681061,3.8129148483276367
1968,4.077436447143555,0.27718043327331543,3.8002562522888184
1969,4.047418117523193,0.2573975920677185,3.790020704269409
1970,4.064420700073242,0.27609729766845703,3.788323402404785
1971,4.058921813964844,0.2577942907810211,3.8011276721954346
1972,4.02927303314209,0.25436168909072876,3.774911403656006
1973,4.0804033279418945,0.2805492579936981,3.799854278564453
1974,4.090684413909912,0.2710636556148529,3.8196206092834473
1975,4.064846992492676,0.2632720172405243,3.801574945449829
1976,4.03435754776001,0.2547606825828552,3.7795968055725098
1977,4.046932220458984,0.2568970322608948,3.7900352478027344
1978,4.073142051696777,0.2880514860153198,3.785090684890747
1979,4.050865650177002,0.25548285245895386,3.7953827381134033
1980,4.056038856506348,0.2555842399597168,3.800454616546631
1981,4.018230438232422,0.23464277386665344,3.7835874557495117
1982,4.081643104553223,0.26990967988967896,3.8117332458496094
1983,4.037464141845703,0.25313472747802734,3.7843291759490967
1984,4.043755054473877,0.2405504584312439,3.8032045364379883
1985,4.056087493896484,0.2711409330368042,3.7849464416503906
1986,4.045952320098877,0.2523098587989807,3.793642520904541
1987,4.063441753387451,0.27369603514671326,3.789745569229126
1988,4.02658748626709,0.2343587577342987,3.7922286987304688
1989,4.061316013336182,0.27965572476387024,3.7816600799560547
1990,4.038686752319336,0.25409168004989624,3.784595251083374
1991,4.051090717315674,0.25116702914237976,3.799923896789551
1992,4.044233322143555,0.2598201632499695,3.7844133377075195
1993,4.060739994049072,0.2654431462287903,3.7952966690063477
1994,4.088656425476074,0.29236769676208496,3.79628849029541
1995,4.044966697692871,0.26298922300338745,3.781977653503418
1996,4.03963565826416,0.2476997822523117,3.791935920715332
1997,4.047669887542725,0.24655838310718536,3.8011116981506348
1998,4.045146942138672,0.25504833459854126,3.7900986671447754
1999,4.07827615737915,0.275674432516098,3.8026018142700195
