Step,Tr_Loss,Value_Loss,Policy_Loss
0,4.07388162612915,0.3913103938102722,3.6825711727142334
1,4.098449230194092,0.4052203595638275,3.6932287216186523
2,4.116755485534668,0.42662331461906433,3.6901323795318604
3,4.0618391036987305,0.3784911632537842,3.683347702026367
4,4.119783401489258,0.43587496876716614,3.683908224105835
5,4.141007900238037,0.4401644170284271,3.700843572616577
6,4.115357398986816,0.4107338786125183,3.7046236991882324
7,4.15217399597168,0.44321340322494507,3.708960771560669
8,4.145949840545654,0.4425177574157715,3.703432083129883
9,4.104645729064941,0.4092903733253479,3.695355176925659
10,4.0906171798706055,0.40628916025161743,3.684328079223633
11,4.110897064208984,0.4094604253768921,3.701436758041382
12,4.088593482971191,0.39855027198791504,3.6900429725646973
13,4.121530055999756,0.4200020432472229,3.7015280723571777
14,4.149043083190918,0.4360799789428711,3.712963104248047
15,4.119706630706787,0.41874071955680847,3.7009661197662354
16,4.095362663269043,0.38699376583099365,3.708369016647339
17,4.138371467590332,0.429107666015625,3.709263801574707
18,4.136989593505859,0.44812944531440735,3.6888599395751953
19,4.134156227111816,0.40693649649620056,3.727219581604004
20,4.138534069061279,0.4419151842594147,3.6966190338134766
21,4.073628902435303,0.3872612416744232,3.6863675117492676
22,4.068551063537598,0.39797985553741455,3.6705713272094727
23,4.092315196990967,0.41984182596206665,3.672473430633545
24,4.111940383911133,0.39823153614997864,3.7137088775634766
25,4.083873271942139,0.3944961428642273,3.6893773078918457
26,4.142919540405273,0.43804848194122314,3.70487117767334
27,4.14623498916626,0.4436493515968323,3.7025856971740723
28,4.116142749786377,0.4314195513725281,3.684723377227783
29,4.116127967834473,0.4180673062801361,3.6980605125427246
30,4.0898942947387695,0.39170002937316895,3.6981942653656006
31,4.079819202423096,0.38983213901519775,3.6899871826171875
32,4.118528842926025,0.412580281496048,3.7059483528137207
33,4.099795341491699,0.40679216384887695,3.6930031776428223
34,4.080463409423828,0.3919084668159485,3.6885547637939453
35,4.138228893280029,0.4380911886692047,3.7001376152038574
36,4.088570594787598,0.40357401967048645,3.6849966049194336
37,4.126389503479004,0.4359600841999054,3.690429210662842
38,4.104919910430908,0.417577862739563,3.6873419284820557
39,4.0934038162231445,0.4076802134513855,3.6857237815856934
40,4.119007110595703,0.42609238624572754,3.6929149627685547
41,4.091766834259033,0.39506036043167114,3.6967062950134277
42,4.105404853820801,0.407631516456604,3.6977734565734863
43,4.086060047149658,0.3847566843032837,3.701303482055664
44,4.133299350738525,0.43809643387794495,3.6952030658721924
45,4.054413318634033,0.3747807443141937,3.6796326637268066
46,4.09041166305542,0.41432124376296997,3.6760902404785156
47,4.052952766418457,0.36002832651138306,3.6929244995117188
48,4.083292484283447,0.39525458216667175,3.688037872314453
49,4.116872787475586,0.39299917221069336,3.7238736152648926
50,4.093379974365234,0.40394407510757446,3.6894357204437256
51,4.126603603363037,0.42290353775024414,3.703700065612793
52,4.103048324584961,0.40084409713745117,3.7022039890289307
53,4.122245788574219,0.4243461787700653,3.697899580001831
54,4.1093034744262695,0.4110276401042938,3.6982760429382324
55,4.081960201263428,0.40059009194374084,3.681370258331299
56,4.1063666343688965,0.412215918302536,3.694150924682617
57,4.093820095062256,0.40527114272117615,3.688549041748047
58,4.104673862457275,0.4114018976688385,3.6932718753814697
59,4.12186336517334,0.41887563467025757,3.7029876708984375
60,4.153011798858643,0.4486902952194214,3.7043216228485107
61,4.12896203994751,0.4323264956474304,3.6966357231140137
62,4.130662441253662,0.438625305891037,3.6920371055603027
63,4.127633094787598,0.4368469715118408,3.690786361694336
64,4.110740661621094,0.42531394958496094,3.6854264736175537
65,4.09918737411499,0.4216957092285156,3.6774916648864746
66,4.1027302742004395,0.40306156873703003,3.6996688842773438
67,4.1020965576171875,0.41258373856544495,3.6895127296447754
68,4.0679121017456055,0.38339048624038696,3.6845216751098633
69,4.149159908294678,0.45378267765045166,3.6953773498535156
70,4.125041961669922,0.3948529362678528,3.7301888465881348
71,4.121171951293945,0.41533875465393066,3.7058329582214355
72,4.066756248474121,0.3724668622016907,3.694289207458496
73,4.120030879974365,0.4402157664299011,3.6798150539398193
74,4.113491535186768,0.4240654706954956,3.6894259452819824
75,4.151240825653076,0.437222421169281,3.7140185832977295
76,4.093950271606445,0.3989618122577667,3.694988250732422
77,4.110812664031982,0.39922332763671875,3.7115893363952637
78,4.06874418258667,0.37672853469848633,3.6920156478881836
79,4.084070682525635,0.4016253352165222,3.682445526123047
80,4.120360374450684,0.42984965443611145,3.6905107498168945
81,4.145364761352539,0.4442939758300781,3.701070547103882
82,4.120332717895508,0.4248163104057312,3.695516586303711
83,4.130644798278809,0.4214671552181244,3.7091774940490723
84,4.143240928649902,0.4333502948284149,3.709890842437744
85,4.1041460037231445,0.4002063572406769,3.703939437866211
86,4.102987289428711,0.4159190058708191,3.687068223953247
87,4.0529279708862305,0.37380683422088623,3.6791210174560547
88,4.113309383392334,0.40447932481765747,3.708829879760742
89,4.076077938079834,0.3966810703277588,3.679396867752075
90,4.09119176864624,0.3984447121620178,3.692747116088867
91,4.109095573425293,0.40550002455711365,3.7035953998565674
92,4.073889255523682,0.4057362675666809,3.6681530475616455
93,4.112471103668213,0.4110049605369568,3.7014663219451904
94,4.0801568031311035,0.3814966082572937,3.698660135269165
95,4.078072547912598,0.39407438039779663,3.6839981079101562
96,4.106115341186523,0.4252045154571533,3.68091082572937
97,4.135679244995117,0.43033432960510254,3.7053446769714355
98,4.124825954437256,0.4138129949569702,3.711012840270996
99,4.125121116638184,0.40583667159080505,3.7192845344543457
100,4.137881755828857,0.4246125817298889,3.7132692337036133
101,4.0987958908081055,0.3870465159416199,3.71174955368042
102,4.0997748374938965,0.40812182426452637,3.69165301322937
103,4.0929975509643555,0.3955671787261963,3.6974306106567383
104,4.141430377960205,0.4350571036338806,3.7063732147216797
105,4.080399036407471,0.4097672402858734,3.6706318855285645
106,4.101645469665527,0.40331947803497314,3.6983261108398438
107,4.062148571014404,0.3763103485107422,3.685838222503662
108,4.125497817993164,0.40183940529823303,3.723658323287964
109,4.065993785858154,0.3771393895149231,3.688854217529297
110,4.095224380493164,0.41076308488845825,3.6844611167907715
111,4.10123872756958,0.39615583419799805,3.705082893371582
112,4.075929164886475,0.39460718631744385,3.681321859359741
113,4.092363357543945,0.4093950688838959,3.6829681396484375
114,4.142248153686523,0.4328271746635437,3.709421157836914
115,4.078489780426025,0.4024716019630432,3.676017999649048
116,4.095357894897461,0.40140509605407715,3.693952798843384
117,4.027807235717773,0.3648707866668701,3.6629366874694824
118,4.122275352478027,0.4234201908111572,3.698855400085449
119,4.0670247077941895,0.3977034389972687,3.669321298599243
120,4.109868049621582,0.4188516139984131,3.691016435623169
121,4.097917556762695,0.4146609306335449,3.6832568645477295
122,4.109173774719238,0.40492886304855347,3.704245090484619
123,4.077445030212402,0.3750276565551758,3.7024173736572266
124,4.074161052703857,0.4008151888847351,3.6733460426330566
125,4.092686653137207,0.40924832224845886,3.683438301086426
126,4.085638523101807,0.4013368785381317,3.6843016147613525
127,4.100702285766602,0.4129747748374939,3.687727451324463
128,4.096827030181885,0.39869293570518494,3.698133945465088
129,4.05930757522583,0.3794533312320709,3.679854154586792
130,4.078792572021484,0.41513746976852417,3.6636550426483154
131,4.1194257736206055,0.4087499678134918,3.7106757164001465
132,4.061456680297852,0.3819451928138733,3.679511547088623
133,4.088379383087158,0.4244813323020935,3.66389799118042
134,4.05787467956543,0.37590980529785156,3.6819651126861572
135,4.150010585784912,0.4419490694999695,3.708061695098877
136,4.118048667907715,0.42151379585266113,3.6965346336364746
137,4.16320276260376,0.4376996159553528,3.7255032062530518
138,4.108511924743652,0.42345017194747925,3.6850616931915283
139,4.124255180358887,0.4350029230117798,3.6892521381378174
140,4.085419178009033,0.40827444195747375,3.677144765853882
141,4.088005542755127,0.39908820390701294,3.688917398452759
142,4.0874528884887695,0.3879963755607605,3.6994564533233643
143,4.058887958526611,0.3898800313472748,3.6690077781677246
144,4.103382587432861,0.41876477003097534,3.684617757797241
145,4.128546237945557,0.4174851179122925,3.7110610008239746
146,4.118837356567383,0.4274899959564209,3.691347599029541
147,4.074197769165039,0.38983291387557983,3.6843647956848145
148,4.104604721069336,0.41491401195526123,3.689690589904785
149,4.053860187530518,0.3832071125507355,3.6706528663635254
150,4.073986053466797,0.4101308584213257,3.6638550758361816
151,4.096202850341797,0.40338027477264404,3.6928224563598633
152,4.117763042449951,0.40557923913002014,3.712183713912964
153,4.081164360046387,0.4024374186992645,3.678727149963379
154,4.064985752105713,0.3743319511413574,3.6906538009643555
155,4.102995872497559,0.40851542353630066,3.6944804191589355
156,4.157339572906494,0.4503277838230133,3.7070116996765137
157,4.068107604980469,0.38371193408966064,3.6843957901000977
158,4.087242126464844,0.3875105381011963,3.6997318267822266
159,4.120325565338135,0.4114881157875061,3.7088375091552734
160,4.091908931732178,0.4040600061416626,3.6878490447998047
161,4.1051344871521,0.4009787440299988,3.704155921936035
162,4.113126754760742,0.41015350818634033,3.7029733657836914
163,4.119621753692627,0.42858028411865234,3.6910414695739746
164,4.082275867462158,0.37989622354507446,3.7023797035217285
165,4.116519927978516,0.43084704875946045,3.6856727600097656
166,4.126197814941406,0.4199373722076416,3.7062602043151855
167,4.085157871246338,0.4026479423046112,3.6825098991394043
168,4.1169047355651855,0.4206579923629761,3.696246862411499
169,4.079043388366699,0.38293060660362244,3.696112871170044
170,4.060440540313721,0.3696810007095337,3.6907594203948975
171,4.067012786865234,0.38162094354629517,3.685391664505005
172,4.124669551849365,0.41141757369041443,3.713252067565918
173,4.0818047523498535,0.39687472581863403,3.684929847717285
174,4.089466571807861,0.38968485593795776,3.699781894683838
175,4.107403755187988,0.3983420729637146,3.709061861038208
176,4.073227405548096,0.3959241509437561,3.6773030757904053
177,4.105565071105957,0.41372689604759216,3.691838026046753
178,4.069989204406738,0.3773539662361145,3.6926350593566895
179,4.11563777923584,0.4148300290107727,3.700807809829712
180,4.111553192138672,0.42027193307876587,3.691281318664551
181,4.07974910736084,0.3941126763820648,3.685636520385742
182,4.128055572509766,0.4249518811702728,3.703103542327881
183,4.081508636474609,0.38167402148246765,3.6998348236083984
184,4.102145195007324,0.407052218914032,3.6950929164886475
185,4.061282157897949,0.3924593925476074,3.668822765350342
186,4.08022928237915,0.39461761713027954,3.6856117248535156
187,4.076627731323242,0.3838815689086914,3.692746162414551
188,4.0760626792907715,0.39804455637931824,3.67801833152771
189,4.103466033935547,0.41380733251571655,3.6896586418151855
190,4.109121322631836,0.4135921597480774,3.695528984069824
191,4.104081630706787,0.4077470600605011,3.6963346004486084
192,4.073392868041992,0.38836249709129333,3.685030460357666
193,4.0935516357421875,0.3963238000869751,3.697227954864502
194,4.10627555847168,0.41589677333831787,3.6903786659240723
195,4.095576763153076,0.3993951678276062,3.6961817741394043
196,4.095498085021973,0.39226579666137695,3.7032320499420166
197,4.0990166664123535,0.4152454435825348,3.6837711334228516
198,4.122443199157715,0.41440948843955994,3.708033561706543
199,4.082553386688232,0.3896356225013733,3.692917823791504
200,4.076554298400879,0.3991841971874237,3.677370071411133
201,4.114136219024658,0.4250882565975189,3.6890480518341064
202,4.060425758361816,0.3794986307621002,3.680927276611328
203,4.083361625671387,0.3953591585159302,3.688002586364746
204,4.100992202758789,0.4156467914581299,3.68534517288208
205,4.0870819091796875,0.40496957302093506,3.682112216949463
206,4.034372806549072,0.3542580008506775,3.68011474609375
207,4.07275915145874,0.3693326413631439,3.7034263610839844
208,4.088081359863281,0.4023139774799347,3.68576717376709
209,4.097829341888428,0.41243523359298706,3.685394048690796
210,4.107170104980469,0.4116499423980713,3.6955204010009766
211,4.086983680725098,0.38446757197380066,3.7025160789489746
212,4.091431140899658,0.3864971995353699,3.7049338817596436
213,4.096528053283691,0.4044548273086548,3.692073345184326
214,4.088250637054443,0.3996571898460388,3.6885933876037598
215,4.065629959106445,0.3768817186355591,3.688748359680176
216,4.109827518463135,0.4150897264480591,3.694737672805786
217,4.091884613037109,0.4000411927700043,3.6918435096740723
218,4.107421398162842,0.4183916449546814,3.6890296936035156
219,4.061861038208008,0.3730313777923584,3.6888294219970703
220,4.085713863372803,0.41861170530319214,3.667102098464966
221,4.060174942016602,0.39068543910980225,3.6694893836975098
222,4.09262228012085,0.4006425738334656,3.6919796466827393
223,4.087441921234131,0.39499953389167786,3.6924421787261963
224,4.110741138458252,0.4193207919597626,3.691420555114746
225,4.082062244415283,0.40261703729629517,3.679445266723633
226,4.076083183288574,0.38207459449768066,3.6940088272094727
227,4.057875633239746,0.37048715353012085,3.6873886585235596
228,4.092850685119629,0.3980581760406494,3.6947927474975586
229,4.076489448547363,0.3875807225704193,3.688908576965332
230,4.043332099914551,0.37243449687957764,3.6708974838256836
231,4.09787654876709,0.39699292182922363,3.700883388519287
232,4.041055202484131,0.36450207233428955,3.676553249359131
233,4.081631660461426,0.3851788640022278,3.6964528560638428
234,4.081292629241943,0.4014087915420532,3.6798839569091797
235,4.089624404907227,0.3893394470214844,3.700284957885742
236,4.107001781463623,0.39785367250442505,3.7091479301452637
237,4.126776695251465,0.4122142791748047,3.7145626544952393
238,4.0830817222595215,0.39299309253692627,3.6900885105133057
239,4.091969966888428,0.39956527948379517,3.6924047470092773
240,4.0586090087890625,0.37341341376304626,3.6851954460144043
241,4.098423480987549,0.4096401333808899,3.6887831687927246
242,4.063926696777344,0.38045305013656616,3.683473587036133
243,4.059238433837891,0.37659573554992676,3.6826424598693848
244,4.120954990386963,0.42311015725135803,3.697844982147217
245,4.057979106903076,0.37183016538619995,3.6861491203308105
246,4.097084999084473,0.37376654148101807,3.723318576812744
247,4.102051734924316,0.38890722393989563,3.713144302368164
248,4.080820083618164,0.3934299051761627,3.687390089035034
249,4.0739593505859375,0.4031140208244324,3.6708455085754395
250,4.086400985717773,0.38172537088394165,3.7046754360198975
251,4.045327186584473,0.36204880475997925,3.6832785606384277
252,4.0631489753723145,0.3688150644302368,3.694333791732788
253,4.102199554443359,0.4349748492240906,3.667224884033203
254,4.099465847015381,0.40724343061447144,3.6922223567962646
255,4.069699764251709,0.38575637340545654,3.683943510055542
256,4.033113479614258,0.35935378074645996,3.6737594604492188
257,4.060501575469971,0.38039085268974304,3.6801109313964844
258,4.0560431480407715,0.3705637753009796,3.685479164123535
259,4.078690528869629,0.40528684854507446,3.673403739929199
260,4.0392866134643555,0.35753270983695984,3.6817541122436523
261,4.101805210113525,0.4092554450035095,3.692549705505371
262,4.086400985717773,0.3994302451610565,3.6869707107543945
263,4.1063055992126465,0.4250420331954956,3.6812634468078613
264,4.082635879516602,0.40148845314979553,3.681147575378418
265,4.084626197814941,0.39416491985321045,3.6904611587524414
266,4.079471111297607,0.394462913274765,3.6850082874298096
267,4.044158935546875,0.34869611263275146,3.695462703704834
268,4.059208869934082,0.3782777488231659,3.680931329727173
269,4.057674884796143,0.38206344842910767,3.6756114959716797
270,4.0901618003845215,0.39059317111968994,3.699568748474121
271,4.051874160766602,0.3707454204559326,3.68112850189209
272,4.042181491851807,0.33931589126586914,3.7028656005859375
273,4.119485855102539,0.41735273599624634,3.7021331787109375
274,4.061450004577637,0.36614781618118286,3.6953020095825195
275,4.115541934967041,0.4029742479324341,3.7125678062438965
276,4.0840864181518555,0.39701128005981445,3.68707537651062
277,4.0587663650512695,0.3712911009788513,3.6874752044677734
278,4.075021743774414,0.38622403144836426,3.68879771232605
279,4.089684009552002,0.4224635660648346,3.6672203540802
280,4.098441123962402,0.4088120460510254,3.689628839492798
281,4.093700885772705,0.3852587342262268,3.708442211151123
282,4.094357013702393,0.4165460765361786,3.6778111457824707
283,4.093400955200195,0.4139196276664734,3.679481267929077
284,4.076467514038086,0.37971583008766174,3.696751594543457
285,4.058036804199219,0.3848869800567627,3.673150062561035
286,4.06122350692749,0.39985963702201843,3.6613638401031494
287,4.121278762817383,0.41627630591392517,3.7050023078918457
288,4.072915077209473,0.3892884850502014,3.683626651763916
289,4.097033977508545,0.4040854871273041,3.692948341369629
290,4.045997142791748,0.3822687268257141,3.6637282371520996
291,4.077514171600342,0.38840001821517944,3.6891143321990967
292,4.106387615203857,0.4173513650894165,3.6890363693237305
293,4.046524524688721,0.36570799350738525,3.680816650390625
294,4.0979323387146,0.40046611428260803,3.6974663734436035
295,4.047130584716797,0.3563038110733032,3.690826892852783
296,4.105679035186768,0.4010876417160034,3.7045912742614746
297,4.064354419708252,0.37782910466194153,3.686525344848633
298,4.101133823394775,0.3885692358016968,3.712564468383789
299,4.08001708984375,0.39331290125846863,3.686704158782959
300,4.099937915802002,0.40007686614990234,3.6998610496520996
301,4.126633167266846,0.41847264766693115,3.708160400390625
302,4.097697734832764,0.40974879264831543,3.6879489421844482
303,4.10426139831543,0.43362921476364136,3.6706321239471436
304,4.081220626831055,0.3947831988334656,3.6864373683929443
305,4.114307403564453,0.4272676706314087,3.687039852142334
306,4.099086761474609,0.41337624192237854,3.6857104301452637
307,4.1242451667785645,0.40927326679229736,3.7149717807769775
308,4.050602436065674,0.377360999584198,3.67324161529541
309,4.0912556648254395,0.40277379751205444,3.6884818077087402
310,4.118876934051514,0.4049263596534729,3.7139506340026855
311,4.104877471923828,0.42449137568473816,3.6803863048553467
312,4.050717830657959,0.37801238894462585,3.67270565032959
313,4.078129291534424,0.39306533336639404,3.6850638389587402
314,4.054625034332275,0.36595261096954346,3.6886725425720215
315,4.0803070068359375,0.3706396222114563,3.709667444229126
316,4.10545539855957,0.40230095386505127,3.7031545639038086
317,4.061017036437988,0.3895260691642761,3.6714909076690674
318,4.076023101806641,0.3884676694869995,3.6875553131103516
319,4.08736515045166,0.389697790145874,3.697667360305786
320,4.070768356323242,0.3845403790473938,3.686227798461914
321,4.061759948730469,0.3772215247154236,3.6845383644104004
322,4.0372314453125,0.3583518862724304,3.678879737854004
323,4.078041076660156,0.3697071969509125,3.708333969116211
324,4.036818027496338,0.35990509390830994,3.676912784576416
325,4.10850191116333,0.4107205271720886,3.697781562805176
326,4.086060047149658,0.39736783504486084,3.688692331314087
327,4.0630106925964355,0.38112980127334595,3.6818809509277344
328,4.056829929351807,0.3636571764945984,3.6931729316711426
329,4.110291004180908,0.4083077311515808,3.7019834518432617
330,4.07590913772583,0.3826739490032196,3.693235158920288
331,4.10249662399292,0.38942259550094604,3.713073968887329
332,4.034979343414307,0.3550451695919037,3.679934024810791
333,4.05997371673584,0.37553635239601135,3.6844372749328613
334,4.096406936645508,0.3946182429790497,3.7017886638641357
335,4.098210334777832,0.40860307216644287,3.6896071434020996
336,4.064775466918945,0.38663315773010254,3.6781423091888428
337,4.059719562530518,0.3650781512260437,3.694641590118408
338,4.068592548370361,0.3829916715621948,3.685600996017456
339,4.049652099609375,0.3744274973869324,3.675224781036377
340,4.089562892913818,0.3858279287815094,3.703735113143921
341,4.093776702880859,0.3965241611003876,3.6972527503967285
342,4.093136310577393,0.38396283984184265,3.7091736793518066
343,4.037687301635742,0.3567383587360382,3.6809487342834473
344,4.028546333312988,0.3557129204273224,3.6728334426879883
345,4.011064529418945,0.3350551724433899,3.6760094165802
346,4.089524745941162,0.3862696886062622,3.7032551765441895
347,4.038205146789551,0.3723409175872803,3.6658644676208496
348,4.054907321929932,0.36759746074676514,3.687309741973877
349,4.106537818908691,0.42031002044677734,3.686228036880493
350,4.112885475158691,0.4164404571056366,3.6964449882507324
351,4.072863578796387,0.38832223415374756,3.6845412254333496
352,4.119813442230225,0.4181714653968811,3.701641798019409
353,4.107530117034912,0.3926318287849426,3.714898109436035
354,4.042221546173096,0.3617342412471771,3.6804871559143066
355,4.110026836395264,0.4214860498905182,3.6885409355163574
356,4.110602855682373,0.42921650409698486,3.6813862323760986
357,4.08219575881958,0.3855251669883728,3.6966705322265625
358,4.050106048583984,0.3735230565071106,3.6765830516815186
359,4.054321765899658,0.3816746771335602,3.67264723777771
360,4.100713729858398,0.4002215266227722,3.7004923820495605
361,4.07230281829834,0.3826755881309509,3.689627170562744
362,4.049020290374756,0.3690260648727417,3.6799941062927246
363,4.090068817138672,0.38300591707229614,3.7070629596710205
364,4.0823187828063965,0.38104814291000366,3.701270580291748
365,4.071067810058594,0.3871007561683655,3.683966875076294
366,4.058894157409668,0.37257909774780273,3.6863150596618652
367,4.084168434143066,0.3904360830783844,3.693732261657715
368,4.093071937561035,0.40228015184402466,3.690791606903076
369,4.060851097106934,0.36611032485961914,3.6947407722473145
370,4.040943145751953,0.37269237637519836,3.668250560760498
371,4.04959774017334,0.3761122524738312,3.673485279083252
372,4.076347827911377,0.3946968913078308,3.6816511154174805
373,4.036926746368408,0.36155277490615845,3.6753740310668945
374,4.068458080291748,0.37412726879119873,3.6943306922912598
375,4.05008602142334,0.3676518201828003,3.68243408203125
376,4.100368022918701,0.40429046750068665,3.696077346801758
377,4.055004119873047,0.3624195456504822,3.692584753036499
378,4.053484916687012,0.37459006905555725,3.6788949966430664
379,4.08930778503418,0.3749197721481323,3.714387893676758
380,4.102550506591797,0.4040523171424866,3.698498249053955
381,4.038365364074707,0.3574540615081787,3.680911064147949
382,4.051189422607422,0.3808838725090027,3.6703057289123535
383,4.069173812866211,0.3765833377838135,3.6925902366638184
384,4.0732903480529785,0.3766058385372162,3.6966843605041504
385,4.031992435455322,0.36420756578445435,3.6677846908569336
386,4.051909446716309,0.3656904101371765,3.6862192153930664
387,4.0941243171691895,0.3981517255306244,3.695972442626953
388,4.059679985046387,0.3869418501853943,3.6727383136749268
389,4.049749851226807,0.3784935474395752,3.6712563037872314
390,4.052290916442871,0.36106356978416443,3.691227436065674
391,4.087620735168457,0.37892788648605347,3.708693027496338
392,4.068591594696045,0.37592098116874695,3.6926708221435547
393,4.0578436851501465,0.3616288900375366,3.6962146759033203
394,4.069401741027832,0.38854658603668213,3.6808552742004395
395,4.094594955444336,0.4146130084991455,3.6799821853637695
396,4.059597969055176,0.3788447380065918,3.680753231048584
397,4.033597946166992,0.3461517095565796,3.687446117401123
398,4.049142360687256,0.38242095708847046,3.6667213439941406
399,4.067913055419922,0.3826538920402527,3.6852593421936035
400,4.074591636657715,0.3881185054779053,3.6864728927612305
401,4.023232936859131,0.3646443486213684,3.6585886478424072
402,4.0675740242004395,0.3787330985069275,3.6888411045074463
403,4.066693305969238,0.3832958936691284,3.6833972930908203
404,4.071750640869141,0.3796388506889343,3.6921117305755615
405,4.084634304046631,0.39809367060661316,3.6865406036376953
406,4.065385818481445,0.3934928774833679,3.6718928813934326
407,4.052976131439209,0.3653770685195923,3.6875991821289062
408,4.055339336395264,0.3869639039039612,3.6683754920959473
409,4.072461128234863,0.3921019434928894,3.680359363555908
410,4.067258358001709,0.3662554919719696,3.701002836227417
411,4.114182949066162,0.3882943391799927,3.725888729095459
412,4.071804046630859,0.38003748655319214,3.6917667388916016
413,4.068966388702393,0.36651191115379333,3.7024545669555664
414,4.016659736633301,0.35632631182670593,3.6603336334228516
415,4.095088958740234,0.41139304637908936,3.6836957931518555
416,4.091041088104248,0.3948895037174225,3.6961514949798584
417,4.042943954467773,0.36752909421920776,3.6754150390625
418,4.068129539489746,0.3894141912460327,3.678715229034424
419,4.077221870422363,0.3940376043319702,3.6831843852996826
420,4.092976093292236,0.41728413105010986,3.675692081451416
421,4.011928081512451,0.33994171023368835,3.6719865798950195
422,4.087847709655762,0.3842225670814514,3.703624963760376
423,4.07481050491333,0.38832980394363403,3.6864805221557617
424,4.096104621887207,0.4045054018497467,3.691599130630493
425,4.09920597076416,0.39024484157562256,3.708961009979248
426,4.086273670196533,0.4048052728176117,3.6814684867858887
427,4.064852237701416,0.38284996151924133,3.682002067565918
428,4.0373148918151855,0.35813984274864197,3.6791749000549316
429,4.073739528656006,0.37568235397338867,3.698057174682617
430,4.057261943817139,0.37376487255096436,3.6834969520568848
431,4.0744476318359375,0.3793637454509735,3.6950840950012207
432,4.043093681335449,0.3647332489490509,3.6783604621887207
433,4.052292346954346,0.38394883275032043,3.6683435440063477
434,4.073639869689941,0.38242506980895996,3.6912147998809814
435,4.037494659423828,0.3562129735946655,3.681281805038452
436,4.082805156707764,0.3968316912651062,3.685973644256592
437,4.093159198760986,0.3935524821281433,3.6996068954467773
438,4.0958733558654785,0.41047725081443787,3.685396194458008
439,4.068187713623047,0.38735726475715637,3.680830478668213
440,4.0785675048828125,0.3875389099121094,3.691028594970703
441,4.016908168792725,0.3444153368473053,3.6724929809570312
442,4.035515785217285,0.35865139961242676,3.6768646240234375
443,4.0960001945495605,0.3914381265640259,3.704561948776245
444,4.050342082977295,0.36674702167510986,3.6835951805114746
445,4.057368755340576,0.367703378200531,3.6896653175354004
446,4.039922714233398,0.3604051172733307,3.6795175075531006
447,4.048137187957764,0.3637470006942749,3.684390068054199
448,4.088958263397217,0.3917715847492218,3.6971864700317383
449,4.045873165130615,0.3539125323295593,3.6919608116149902
450,4.071390151977539,0.38820624351501465,3.6831836700439453
451,4.046318531036377,0.3522210121154785,3.6940975189208984
452,4.046167373657227,0.3475242853164673,3.698643207550049
453,4.047444820404053,0.36364632844924927,3.683798313140869
454,4.09763240814209,0.40165412425994873,3.6959784030914307
455,4.074546813964844,0.3788914084434509,3.695655345916748
456,4.005349159240723,0.3486652076244354,3.656683921813965
457,4.044069290161133,0.3616228401660919,3.6824464797973633
458,4.088699817657471,0.4068162143230438,3.6818838119506836
459,4.0552778244018555,0.378335565328598,3.6769423484802246
460,4.110509395599365,0.40501755475997925,3.7054920196533203
461,4.031062126159668,0.35323166847229004,3.677830696105957
462,4.07872200012207,0.3881487548351288,3.690573215484619
463,4.047689914703369,0.3654383420944214,3.682251453399658
464,4.050051689147949,0.37378427386283875,3.676267385482788
465,4.043402194976807,0.3622692823410034,3.6811327934265137
466,4.091546535491943,0.39431989192962646,3.6972265243530273
467,4.068655014038086,0.3907795548439026,3.677875518798828
468,4.055421352386475,0.3746662735939026,3.6807548999786377
469,4.063102722167969,0.3723638653755188,3.6907386779785156
470,4.077981948852539,0.3891664743423462,3.6888155937194824
471,4.040613174438477,0.3658144474029541,3.6747989654541016
472,4.063295364379883,0.3805844783782959,3.682711124420166
473,4.083061218261719,0.40340909361839294,3.679651975631714
474,4.0595927238464355,0.37132441997528076,3.6882684230804443
475,4.035605430603027,0.3671548366546631,3.668450355529785
476,4.078085422515869,0.3932234048843384,3.684861898422241
477,4.023418426513672,0.3435862064361572,3.6798322200775146
478,4.082617282867432,0.38638994097709656,3.696227550506592
479,4.0751190185546875,0.3813741207122803,3.6937451362609863
480,4.030488967895508,0.3624110817909241,3.6680779457092285
481,4.08446741104126,0.38746291399002075,3.697004556655884
482,4.092209339141846,0.38109931349754333,3.7111101150512695
483,4.040645599365234,0.36052417755126953,3.680121421813965
484,4.017242908477783,0.3575090169906616,3.659733772277832
485,4.057596206665039,0.3679778575897217,3.6896181106567383
486,4.040874004364014,0.34389156103134155,3.6969823837280273
487,4.063634395599365,0.3758098781108856,3.6878247261047363
488,4.065782070159912,0.37588775157928467,3.689894199371338
489,4.082202434539795,0.3741515576839447,3.7080507278442383
490,4.04252815246582,0.3626757264137268,3.6798524856567383
491,4.052114486694336,0.3830322027206421,3.6690821647644043
492,4.075929164886475,0.38232818245887756,3.693601131439209
493,4.038206100463867,0.35166916251182556,3.6865367889404297
494,3.993713140487671,0.32644104957580566,3.6672720909118652
495,4.084318161010742,0.381102591753006,3.7032153606414795
496,4.034915447235107,0.3508099615573883,3.684105396270752
497,4.0680155754089355,0.3703382611274719,3.6976773738861084
498,4.097818851470947,0.40025219321250916,3.697566509246826
499,4.081514835357666,0.4028301239013672,3.678684711456299
500,4.055549144744873,0.37095797061920166,3.684591293334961
501,4.035562515258789,0.3391284644603729,3.6964340209960938
502,4.0301194190979,0.3552168309688568,3.6749024391174316
503,4.065006732940674,0.359497994184494,3.7055087089538574
504,4.044367790222168,0.3586151599884033,3.6857528686523438
505,4.0581512451171875,0.38546231389045715,3.6726889610290527
506,4.049623489379883,0.3606197237968445,3.6890039443969727
507,4.032345771789551,0.3566078841686249,3.6757378578186035
508,4.053749084472656,0.3679027557373047,3.6858460903167725
509,4.047515869140625,0.3641287088394165,3.683387279510498
510,4.068905830383301,0.37511783838272095,3.6937880516052246
511,4.041747570037842,0.36066892743110657,3.6810784339904785
512,4.087754249572754,0.39357495307922363,3.6941792964935303
513,4.058482646942139,0.36378008127212524,3.694702386856079
514,4.03131103515625,0.354234904050827,3.6770761013031006
515,4.039031982421875,0.3606314957141876,3.6784005165100098
516,4.03941535949707,0.3608834743499756,3.6785316467285156
517,4.025370121002197,0.34946978092193604,3.675900459289551
518,4.057299613952637,0.36928343772888184,3.688016414642334
519,4.016197204589844,0.34635674953460693,3.6698403358459473
520,4.0215277671813965,0.35705843567848206,3.6644694805145264
521,4.086195945739746,0.408733606338501,3.677462339401245
522,4.06724214553833,0.3719959855079651,3.6952462196350098
523,4.053361892700195,0.37065088748931885,3.682711124420166
524,4.04959774017334,0.37237876653671265,3.6772189140319824
525,4.049522876739502,0.36125195026397705,3.6882710456848145
526,4.028266906738281,0.36543577909469604,3.6628313064575195
527,4.036562919616699,0.3375287652015686,3.6990339756011963
528,4.0222978591918945,0.3403618335723877,3.6819357872009277
529,4.0582051277160645,0.3653549551963806,3.692850351333618
530,4.078529357910156,0.3748894929885864,3.7036399841308594
531,4.109476566314697,0.4070139527320862,3.702462673187256
532,4.106517791748047,0.4170151948928833,3.689502716064453
533,4.0239057540893555,0.34760087728500366,3.676305055618286
534,4.053718566894531,0.38428759574890137,3.669431209564209
535,4.050334930419922,0.3580615520477295,3.6922731399536133
536,4.04497766494751,0.3738492429256439,3.671128511428833
537,4.045038223266602,0.36931121349334717,3.675726890563965
538,4.063851833343506,0.36061805486679077,3.7032337188720703
539,4.028609752655029,0.35967564582824707,3.6689341068267822
540,4.070556163787842,0.3752260208129883,3.6953301429748535
541,4.037567615509033,0.34820306301116943,3.6893646717071533
542,4.0434041023254395,0.35115113854408264,3.6922531127929688
543,4.0090250968933105,0.35045939683914185,3.6585655212402344
544,4.0373711585998535,0.37099742889404297,3.6663737297058105
545,4.0296711921691895,0.35570472478866577,3.673966407775879
546,4.073017120361328,0.38411518931388855,3.6889021396636963
547,4.070949554443359,0.3787214159965515,3.692228317260742
548,4.062828063964844,0.3801124691963196,3.682715654373169
549,4.081753253936768,0.3882502019405365,3.6935031414031982
550,4.055976390838623,0.36184194684028625,3.69413423538208
551,4.064508438110352,0.38263264298439026,3.681875705718994
552,4.01800537109375,0.3686594069004059,3.649345874786377
553,4.073368072509766,0.3904264569282532,3.682941436767578
554,4.054142475128174,0.3680483400821686,3.686094284057617
555,4.079861164093018,0.39036232233047485,3.6894989013671875
556,4.042026519775391,0.3559930920600891,3.686033248901367
557,4.071134567260742,0.38546067476272583,3.685673713684082
558,4.002342700958252,0.3417988419532776,3.660543918609619
559,4.034327983856201,0.36698877811431885,3.667339324951172
560,4.073832988739014,0.39150136709213257,3.6823315620422363
561,4.062037467956543,0.38153430819511414,3.6805033683776855
562,4.01370906829834,0.32633528113365173,3.687373638153076
563,4.065305709838867,0.35822606086730957,3.7070798873901367
564,4.037839889526367,0.36675789952278137,3.671082019805908
565,4.078290939331055,0.3951285183429718,3.683162212371826
566,4.058669090270996,0.367703914642334,3.690964937210083
567,4.029466152191162,0.357986718416214,3.6714792251586914
568,4.061530113220215,0.38229459524154663,3.6792354583740234
569,4.068169116973877,0.3730843663215637,3.695084810256958
570,4.054551601409912,0.38895300030708313,3.6655986309051514
571,4.05269718170166,0.3837919235229492,3.66890549659729
572,4.023252010345459,0.35040733218193054,3.672844886779785
573,4.040629863739014,0.36483627557754517,3.6757936477661133
574,4.048136234283447,0.36828213930130005,3.679853916168213
575,4.046365261077881,0.3770830035209656,3.6692821979522705
576,4.05792236328125,0.3863193988800049,3.671602725982666
577,4.068317413330078,0.3792630434036255,3.689054489135742
578,4.060120105743408,0.3533843159675598,3.706735610961914
579,4.091769695281982,0.3941635489463806,3.697606086730957
580,4.045328617095947,0.35367029905319214,3.6916584968566895
581,4.043499946594238,0.3493316173553467,3.6941680908203125
582,4.026245594024658,0.34621626138687134,3.6800293922424316
583,4.049947738647461,0.3667396903038025,3.6832079887390137
584,4.066213607788086,0.373151570558548,3.6930620670318604
585,4.05966854095459,0.36896586418151855,3.690702438354492
586,4.048384189605713,0.3652474284172058,3.6831369400024414
587,4.053611755371094,0.3734850287437439,3.680126905441284
588,4.048288345336914,0.3568549156188965,3.6914336681365967
589,4.038607120513916,0.3730865716934204,3.665520429611206
590,4.027413845062256,0.3533279001712799,3.674085855484009
591,4.054337501525879,0.36247220635414124,3.6918654441833496
592,4.034994602203369,0.3713322877883911,3.6636624336242676
593,4.069431781768799,0.38078606128692627,3.688645839691162
594,4.0485124588012695,0.36538130044937134,3.683131217956543
595,4.0727314949035645,0.37285125255584717,3.699880361557007
596,4.0632476806640625,0.3712705075740814,3.691977024078369
597,4.036860942840576,0.3321228325366974,3.704738140106201
598,4.057680130004883,0.354932576417923,3.7027475833892822
599,4.027757167816162,0.3502611815929413,3.6774959564208984
600,4.048229694366455,0.36299535632133484,3.685234546661377
601,4.078536510467529,0.397072434425354,3.681464195251465
602,4.014825344085693,0.35369211435317993,3.661133050918579
603,4.039257526397705,0.3501700460910797,3.6890876293182373
604,4.0210280418396,0.34193822741508484,3.6790900230407715
605,4.029269695281982,0.3520672917366028,3.6772022247314453
606,4.026275157928467,0.34807008504867554,3.6782052516937256
607,4.041358947753906,0.3494207561016083,3.6919381618499756
608,4.046167373657227,0.3562960624694824,3.689871072769165
609,4.09921407699585,0.4083235263824463,3.6908905506134033
610,4.061949253082275,0.3681034445762634,3.693845748901367
611,4.043818473815918,0.3604056239128113,3.683412790298462
612,4.046302795410156,0.37389039993286133,3.672412157058716
613,4.039988040924072,0.346414715051651,3.693573474884033
614,4.0139923095703125,0.33212900161743164,3.681863307952881
615,4.0301103591918945,0.34856605529785156,3.681544303894043
616,4.045840740203857,0.3728070855140686,3.6730337142944336
617,4.075192928314209,0.380923867225647,3.6942689418792725
618,4.07734489440918,0.37409940361976624,3.7032456398010254
619,4.053222179412842,0.37417852878570557,3.679043769836426
620,4.068210124969482,0.3644961714744568,3.703713893890381
621,4.0374016761779785,0.3569125533103943,3.6804893016815186
622,4.02426290512085,0.33540627360343933,3.688856601715088
623,4.039285182952881,0.370935320854187,3.6683497428894043
624,4.014286518096924,0.3207875192165375,3.6934988498687744
625,4.070302963256836,0.3640183210372925,3.706284761428833
626,4.019245624542236,0.3482329249382019,3.6710126399993896
627,4.070307731628418,0.38092362880706787,3.6893839836120605
628,4.0354695320129395,0.35685253143310547,3.678617000579834
629,4.025924205780029,0.3535088002681732,3.672415256500244
630,4.017431259155273,0.3319185972213745,3.6855125427246094
631,4.059168338775635,0.3768135607242584,3.6823549270629883
632,4.03345251083374,0.35413438081741333,3.6793179512023926
633,4.041214466094971,0.3701741099357605,3.6710405349731445
634,4.032402992248535,0.3522353768348694,3.6801676750183105
635,4.051473617553711,0.3644675612449646,3.6870059967041016
636,4.06378173828125,0.3701950013637543,3.693586826324463
637,4.111386299133301,0.398878276348114,3.712508201599121
638,4.077797889709473,0.38477396965026855,3.693024158477783
639,4.0903120040893555,0.3975963592529297,3.6927154064178467
640,4.01573371887207,0.3348328471183777,3.680901050567627
641,4.053545951843262,0.3533271551132202,3.700218677520752
642,4.049089431762695,0.366134911775589,3.6829543113708496
643,4.065596580505371,0.393765926361084,3.671830892562866
644,4.069735050201416,0.37618666887283325,3.6935482025146484
645,4.08206033706665,0.3698999285697937,3.712160587310791
646,4.028409004211426,0.34030652046203613,3.6881022453308105
647,4.013265609741211,0.3422631025314331,3.6710023880004883
648,4.038026809692383,0.36450040340423584,3.6735262870788574
649,4.051615238189697,0.37144219875335693,3.680172920227051
650,4.028953552246094,0.35058945417404175,3.6783640384674072
651,4.060132026672363,0.35877323150634766,3.7013587951660156
652,4.0448713302612305,0.35942342877388,3.6854476928710938
653,3.98638916015625,0.3212225139141083,3.6651666164398193
654,4.077176094055176,0.39678239822387695,3.680393695831299
655,4.030702114105225,0.34191352128982544,3.688788414001465
656,4.029752731323242,0.33609986305236816,3.693653106689453
657,4.048245429992676,0.34765779972076416,3.700587749481201
658,4.052130699157715,0.3714146316051483,3.6807162761688232
659,4.0402512550354,0.36040252447128296,3.6798486709594727
660,3.994140863418579,0.32661718130111694,3.6675236225128174
661,4.0368428230285645,0.3443371653556824,3.6925058364868164
662,4.044079303741455,0.34943094849586487,3.694648504257202
663,4.025022983551025,0.3313024640083313,3.6937203407287598
664,4.02476167678833,0.33717265725135803,3.687588930130005
665,4.011008262634277,0.3493858277797699,3.6616225242614746
666,4.006619930267334,0.3253515958786011,3.6812684535980225
667,4.02744197845459,0.3589366376399994,3.6685054302215576
668,4.031459808349609,0.34261655807495117,3.688843250274658
669,4.0135674476623535,0.33641451597213745,3.6771528720855713
670,4.040116786956787,0.3473605513572693,3.692756175994873
671,4.072815895080566,0.3947480022907257,3.678067684173584
672,4.0546793937683105,0.362046480178833,3.6926329135894775
673,3.9993062019348145,0.3193204402923584,3.679985761642456
674,4.0209574699401855,0.37198078632354736,3.6489765644073486
675,4.0202484130859375,0.33180004358291626,3.688448429107666
676,4.014215469360352,0.32513850927352905,3.6890769004821777
677,4.041975498199463,0.3613608479499817,3.680614709854126
678,4.052245616912842,0.3667128384113312,3.685532569885254
679,4.086967468261719,0.39554333686828613,3.6914243698120117
680,4.0027570724487305,0.33548805117607117,3.667269229888916
681,4.0332818031311035,0.35281720757484436,3.680464744567871
682,4.029559135437012,0.3581584692001343,3.671400547027588
683,4.03002405166626,0.3363410234451294,3.693682909011841
684,4.037060260772705,0.33930352330207825,3.697756767272949
685,4.011575222015381,0.35371026396751404,3.657865047454834
686,4.040988922119141,0.3645298480987549,3.6764588356018066
687,4.0824408531188965,0.37844860553741455,3.7039923667907715
688,4.0481109619140625,0.35949617624282837,3.6886146068573
689,4.091823577880859,0.3919852674007416,3.699838161468506
690,4.029307842254639,0.346939355134964,3.682368516921997
691,4.015496253967285,0.33341747522354126,3.6820788383483887
692,4.029726505279541,0.3567195534706116,3.673007011413574
693,4.10634708404541,0.39409109950065613,3.7122561931610107
694,4.046004295349121,0.3697001338005066,3.676304340362549
695,4.076229572296143,0.3830280900001526,3.6932015419006348
696,4.066585063934326,0.36608535051345825,3.7004995346069336
697,4.080535888671875,0.38225552439689636,3.6982803344726562
698,4.058506488800049,0.36468183994293213,3.693824529647827
699,4.030117034912109,0.3549332618713379,3.6751840114593506
700,4.058391094207764,0.3537716567516327,3.7046194076538086
701,4.0223069190979,0.33257991075515747,3.6897268295288086
702,4.016757488250732,0.33811599016189575,3.6786413192749023
703,4.107954978942871,0.42574477195739746,3.6822099685668945
704,4.012458324432373,0.3402720093727112,3.6721863746643066
705,4.0612945556640625,0.3708890378475189,3.6904056072235107
706,4.072592735290527,0.3736186623573303,3.698974132537842
707,4.053972244262695,0.3639798164367676,3.689992666244507
708,4.029470920562744,0.35857999324798584,3.6708908081054688
709,4.0240702629089355,0.3389105498790741,3.685159683227539
710,4.0424699783325195,0.35533565282821655,3.687134265899658
711,4.046304225921631,0.34147459268569946,3.704829692840576
712,4.031143665313721,0.3487142324447632,3.682429552078247
713,4.059165000915527,0.3754093050956726,3.68375563621521
714,4.0462470054626465,0.3640994429588318,3.68214750289917
715,4.027194976806641,0.3591178059577942,3.668077230453491
716,4.057363510131836,0.3802720010280609,3.677091598510742
717,4.081880569458008,0.38492780923843384,3.6969528198242188
718,4.03205680847168,0.3626386225223541,3.6694180965423584
719,4.034061908721924,0.3604409098625183,3.67362117767334
720,4.082650184631348,0.3918604850769043,3.6907896995544434
721,4.0399980545043945,0.33785316348075867,3.7021450996398926
722,4.030411720275879,0.3506293296813965,3.6797823905944824
723,4.032973766326904,0.3511732816696167,3.681800365447998
724,4.05042839050293,0.3682246208190918,3.682204008102417
725,4.042789459228516,0.34012457728385925,3.702665090560913
726,4.032957553863525,0.353826642036438,3.679130792617798
727,4.046069622039795,0.37196099758148193,3.6741085052490234
728,4.04401969909668,0.37120896577835083,3.6728105545043945
729,4.0272979736328125,0.3431708812713623,3.6841273307800293
730,4.024966716766357,0.34053128957748413,3.6844353675842285
731,4.017360687255859,0.3305928409099579,3.686768054962158
732,4.007528781890869,0.34456270933151245,3.662966251373291
733,4.000415802001953,0.3267292380332947,3.6736865043640137
734,4.091391086578369,0.38702091574668884,3.7043702602386475
735,4.047455787658691,0.3689330816268921,3.678522825241089
736,3.9812657833099365,0.30193284153938293,3.679332971572876
737,4.00867223739624,0.34148839116096497,3.6671836376190186
738,4.020009994506836,0.34243446588516235,3.6775755882263184
739,3.994127035140991,0.3176259398460388,3.6765010356903076
740,4.038867473602295,0.3600659966468811,3.6788012981414795
741,4.036931037902832,0.35769951343536377,3.679231643676758
742,4.049448013305664,0.36660489439964294,3.6828432083129883
743,4.042926788330078,0.36222290992736816,3.680704116821289
744,3.9946131706237793,0.33296558260917664,3.6616475582122803
745,4.058477878570557,0.3706647753715515,3.6878130435943604
746,4.006566047668457,0.34301555156707764,3.66355037689209
747,3.996448278427124,0.33494067192077637,3.6615076065063477
748,3.996636390686035,0.3338010311126709,3.6628353595733643
749,4.013941287994385,0.34587204456329346,3.6680691242218018
750,4.055619716644287,0.37237435579299927,3.6832451820373535
751,4.033706188201904,0.3662059009075165,3.6675004959106445
752,4.054437160491943,0.36746275424957275,3.68697452545166
753,4.009618759155273,0.32937437295913696,3.6802444458007812
754,4.004014492034912,0.3421516716480255,3.661862850189209
755,4.035732746124268,0.3598845899105072,3.6758482456207275
756,3.980081558227539,0.32395175099372864,3.656129837036133
757,4.03341817855835,0.3408489227294922,3.6925692558288574
758,4.0466718673706055,0.3784447908401489,3.668226957321167
759,4.0417609214782715,0.37663525342941284,3.665125608444214
760,4.036152362823486,0.34826698899269104,3.687885284423828
761,4.03681755065918,0.36363887786865234,3.6731784343719482
762,4.027010917663574,0.3424464762210846,3.6845643520355225
763,4.063190937042236,0.3752063810825348,3.6879844665527344
764,4.060550212860107,0.36182498931884766,3.6987252235412598
765,4.0121541023254395,0.3379553556442261,3.674198865890503
766,4.073083400726318,0.3837965428829193,3.689286708831787
767,4.044714450836182,0.3464432954788208,3.6982712745666504
768,4.020917892456055,0.34607481956481934,3.6748430728912354
769,4.023090362548828,0.3420524001121521,3.6810381412506104
770,4.05558967590332,0.37586069107055664,3.6797287464141846
771,4.022130489349365,0.3447558879852295,3.6773746013641357
772,4.052186012268066,0.36937034130096436,3.6828155517578125
773,4.033624172210693,0.3334547281265259,3.700169324874878
774,4.053186893463135,0.37571924924850464,3.6774675846099854
775,4.015457630157471,0.34007441997528076,3.6753833293914795
776,4.04863166809082,0.3740864396095276,3.6745452880859375
777,3.9913487434387207,0.3245232403278351,3.666825532913208
778,4.010352611541748,0.3329058289527893,3.6774466037750244
779,3.991774082183838,0.33523547649383545,3.656538724899292
780,4.016550064086914,0.3370225131511688,3.679527521133423
781,3.996708393096924,0.3297644257545471,3.6669440269470215
782,4.021076202392578,0.3290485143661499,3.6920275688171387
783,4.016715049743652,0.3603343367576599,3.6563808917999268
784,4.042758464813232,0.3573876619338989,3.685370683670044
785,4.052959442138672,0.36913466453552246,3.6838245391845703
786,4.0450358390808105,0.3538912236690521,3.6911444664001465
787,4.053157329559326,0.3640225827693939,3.6891345977783203
788,4.051843643188477,0.36339783668518066,3.688445568084717
789,4.001054286956787,0.32485267519950867,3.676201820373535
790,4.090508460998535,0.3944135308265686,3.6960947513580322
791,4.027840614318848,0.36131876707077026,3.6665217876434326
792,4.015958309173584,0.335642546415329,3.6803159713745117
793,4.055191993713379,0.3619454503059387,3.693246364593506
794,4.013360023498535,0.345691978931427,3.667668104171753
795,4.042392253875732,0.35809558629989624,3.6842966079711914
796,4.016170024871826,0.348350465297699,3.6678194999694824
797,4.037867069244385,0.3533872365951538,3.6844797134399414
798,4.053511142730713,0.3564453125,3.697065830230713
799,4.018374443054199,0.33342987298965454,3.6849443912506104
800,4.041952133178711,0.3536815643310547,3.6882708072662354
801,4.059735298156738,0.35088276863098145,3.708852529525757
802,3.997777223587036,0.3127148747444153,3.6850624084472656
803,4.067686557769775,0.3669290244579315,3.7007575035095215
804,4.009004592895508,0.3479054272174835,3.6610991954803467
805,4.050543308258057,0.3613279163837433,3.6892154216766357
806,4.05382776260376,0.3521210849285126,3.701706886291504
807,4.031295299530029,0.3560992479324341,3.6751959323883057
808,4.0511064529418945,0.36210763454437256,3.6889986991882324
809,4.008352279663086,0.32853037118911743,3.679821729660034
810,4.0560526847839355,0.3719486892223358,3.6841039657592773
811,4.0253801345825195,0.3372460901737213,3.688133955001831
812,4.023563385009766,0.3546946048736572,3.6688685417175293
813,4.053051948547363,0.3568241596221924,3.696227788925171
814,4.009032249450684,0.31784090399742126,3.6911911964416504
815,4.011355876922607,0.33431199193000793,3.677043914794922
816,4.056528091430664,0.36563897132873535,3.690889358520508
817,4.010841369628906,0.3328647017478943,3.6779768466949463
818,4.027331829071045,0.3473575711250305,3.67997407913208
819,3.9909191131591797,0.32562118768692017,3.6652979850769043
820,4.016422271728516,0.3488312363624573,3.667591094970703
821,4.016791820526123,0.33291471004486084,3.6838769912719727
822,4.009143352508545,0.3393705487251282,3.6697726249694824
823,4.048657417297363,0.3644556403160095,3.684201717376709
824,4.010274887084961,0.33805757761001587,3.67221736907959
825,3.9912290573120117,0.31225740909576416,3.678971767425537
826,4.018584251403809,0.33788609504699707,3.6806983947753906
827,3.9817936420440674,0.333048015832901,3.648745536804199
828,4.020503520965576,0.3404412865638733,3.6800622940063477
829,4.063165664672852,0.3593296408653259,3.703835964202881
830,4.015134811401367,0.33220386505126953,3.6829311847686768
831,4.022815227508545,0.3400765359401703,3.682738780975342
832,3.9821555614471436,0.33625200390815735,3.6459035873413086
833,4.0274176597595215,0.34975674748420715,3.6776609420776367
834,3.9874353408813477,0.3114020824432373,3.6760332584381104
835,3.9913017749786377,0.31355637311935425,3.6777453422546387
836,4.016006946563721,0.34292250871658325,3.6730844974517822
837,4.07144832611084,0.3617651164531708,3.7096831798553467
838,3.9997119903564453,0.3276126980781555,3.6720993518829346
839,3.9945688247680664,0.31811606884002686,3.676452875137329
840,4.0445756912231445,0.352512001991272,3.692063808441162
841,4.02116060256958,0.33624809980392456,3.68491268157959
842,4.027498245239258,0.33914005756378174,3.6883583068847656
843,4.020069122314453,0.3400956392288208,3.6799733638763428
844,3.97805118560791,0.3160197138786316,3.662031412124634
845,4.033245086669922,0.357311487197876,3.675933599472046
846,4.056420803070068,0.37293151021003723,3.6834890842437744
847,4.000092506408691,0.3243439197540283,3.675748825073242
848,4.00145149230957,0.3368423581123352,3.664608955383301
849,4.007124423980713,0.33177658915519714,3.6753478050231934
850,4.016929626464844,0.34343767166137695,3.673491954803467
851,3.989056348800659,0.3215191960334778,3.667537212371826
852,4.038649559020996,0.36501747369766235,3.6736321449279785
853,4.022945404052734,0.3562667965888977,3.6666786670684814
854,4.036796569824219,0.3429529368877411,3.6938436031341553
855,4.0497589111328125,0.3739593029022217,3.675799608230591
856,4.013097763061523,0.33905908465385437,3.6740386486053467
857,3.9923110008239746,0.3194117546081543,3.6728992462158203
858,4.031290054321289,0.3547835350036621,3.676506280899048
859,3.9910311698913574,0.3216931223869324,3.6693379878997803
860,4.059290885925293,0.36787575483322144,3.691415309906006
861,4.075981616973877,0.3914530873298645,3.684528350830078
862,4.074033737182617,0.3633221983909607,3.7107114791870117
863,4.039582252502441,0.34435224533081055,3.695230007171631
864,4.048430442810059,0.35217514634132385,3.6962552070617676
865,4.056523323059082,0.3608134686946869,3.695709705352783
866,4.060615062713623,0.3636395037174225,3.6969757080078125
867,4.035635471343994,0.3678664565086365,3.667769193649292
868,4.000326156616211,0.31611526012420654,3.684211015701294
869,4.031465530395508,0.3443174660205841,3.687148094177246
870,4.016910076141357,0.3580724000930786,3.6588377952575684
871,4.051835536956787,0.35804080963134766,3.6937947273254395
872,4.047875881195068,0.3554837107658386,3.692392349243164
873,4.013338088989258,0.3412806987762451,3.672057628631592
874,4.015072345733643,0.35221731662750244,3.6628551483154297
875,3.9975979328155518,0.307813435792923,3.689784526824951
876,4.030929088592529,0.3562438189983368,3.67468523979187
877,4.037108898162842,0.3376851975917816,3.6994237899780273
878,3.9524290561676025,0.28738051652908325,3.665048599243164
879,4.015308380126953,0.3319127559661865,3.6833953857421875
880,4.030497074127197,0.3534353971481323,3.6770615577697754
881,4.000667572021484,0.3367359936237335,3.663931369781494
882,3.9827592372894287,0.31747984886169434,3.6652793884277344
883,4.001097679138184,0.34218913316726685,3.6589083671569824
884,4.0112481117248535,0.3349834382534027,3.676264762878418
885,4.0551862716674805,0.3751084804534912,3.68007755279541
886,3.9811882972717285,0.3262065649032593,3.654981851577759
887,4.032747268676758,0.3522952198982239,3.6804521083831787
888,4.034289360046387,0.3392423391342163,3.69504714012146
889,4.012321949005127,0.34380728006362915,3.6685147285461426
890,4.021938800811768,0.3412955403327942,3.680643081665039
891,4.001523017883301,0.3207850456237793,3.6807382106781006
892,4.043495178222656,0.34654444456100464,3.696950674057007
893,4.057448387145996,0.3617360591888428,3.6957125663757324
894,4.0327959060668945,0.358875036239624,3.6739211082458496
895,4.002192974090576,0.33035844564437866,3.671834707260132
896,4.008256435394287,0.3469841182231903,3.6612722873687744
897,4.04418420791626,0.3614261746406555,3.68275785446167
898,3.9968056678771973,0.31892022490501404,3.6778855323791504
899,4.032863616943359,0.34975314140319824,3.683110237121582
900,4.012065887451172,0.33057835698127747,3.6814873218536377
901,4.030142307281494,0.3486575484275818,3.6814846992492676
902,4.033364295959473,0.34125643968582153,3.692107915878296
903,4.074056625366211,0.36782917380332947,3.7062273025512695
904,4.016802787780762,0.3325345814228058,3.6842682361602783
905,4.007266521453857,0.3409227728843689,3.6663436889648438
906,4.03655481338501,0.3591771125793457,3.677377700805664
907,4.008439064025879,0.3317265510559082,3.6767125129699707
908,4.030816555023193,0.3446994423866272,3.686117172241211
909,4.0270490646362305,0.3499002456665039,3.6771488189697266
910,4.021342754364014,0.35636961460113525,3.664973020553589
911,4.0366129875183105,0.35981035232543945,3.676802635192871
912,4.008598804473877,0.3399454355239868,3.6686532497406006
913,4.037498474121094,0.35381418466567993,3.6836843490600586
914,4.02087926864624,0.35700100660324097,3.6638784408569336
915,4.030772686004639,0.3496476411819458,3.6811251640319824
916,4.0334272384643555,0.33894872665405273,3.6944785118103027
917,4.032696723937988,0.36124107241630554,3.6714556217193604
918,4.050161361694336,0.36524856090545654,3.684912919998169
919,4.0254364013671875,0.3319616913795471,3.693474769592285
920,3.9926581382751465,0.31898927688598633,3.67366886138916
921,4.058831214904785,0.3567345440387726,3.702096462249756
922,3.9893994331359863,0.32574427127838135,3.6636552810668945
923,4.005422592163086,0.33831506967544556,3.667107582092285
924,4.029651165008545,0.331479012966156,3.6981723308563232
925,4.0302510261535645,0.35038822889328003,3.6798629760742188
926,4.047733306884766,0.36417436599731445,3.6835591793060303
927,4.038443565368652,0.34252017736434937,3.695923328399658
928,4.0799031257629395,0.37014883756637573,3.709754467010498
929,4.057067394256592,0.37142086029052734,3.6856465339660645
930,3.9986612796783447,0.3228871822357178,3.675774097442627
931,3.9830784797668457,0.3190016448497772,3.664076805114746
932,4.002762794494629,0.3228147029876709,3.679948091506958
933,4.020853519439697,0.3495333790779114,3.6713199615478516
934,3.9938199520111084,0.3109152913093567,3.6829047203063965
935,4.050196647644043,0.35658422112464905,3.693612575531006
936,4.003632068634033,0.334717333316803,3.668914794921875
937,4.049505710601807,0.3664759397506714,3.6830296516418457
938,4.001245975494385,0.33297520875930786,3.6682708263397217
939,3.99733567237854,0.33347374200820923,3.6638619899749756
940,4.002624988555908,0.3381028473377228,3.664522171020508
941,3.9926633834838867,0.31496578454971313,3.6776976585388184
942,4.0387864112854,0.35397064685821533,3.6848158836364746
943,3.9970474243164062,0.33038467168807983,3.6666626930236816
944,4.032222747802734,0.3685322403907776,3.6636905670166016
945,4.023733139038086,0.33666718006134033,3.687066078186035
946,4.007515907287598,0.32204675674438477,3.685469388961792
947,4.052252769470215,0.36512240767478943,3.6871304512023926
948,4.026712894439697,0.3532877266407013,3.6734251976013184
949,4.026631832122803,0.3523499369621277,3.6742820739746094
950,3.9943389892578125,0.32992789149284363,3.6644110679626465
951,4.023104667663574,0.3419690430164337,3.681135416030884
952,4.061692237854004,0.3792825937271118,3.6824097633361816
953,3.9878475666046143,0.30676814913749695,3.681079387664795
954,4.014463424682617,0.3347625136375427,3.679701089859009
955,3.97088623046875,0.31711578369140625,3.6537704467773438
956,4.034051895141602,0.35257458686828613,3.6814773082733154
957,3.9979958534240723,0.31743568181991577,3.6805601119995117
958,3.973871946334839,0.3189091682434082,3.6549627780914307
959,4.006782531738281,0.343217134475708,3.6635653972625732
960,4.063492298126221,0.35973110795021057,3.703761339187622
961,3.9994564056396484,0.3203876316547394,3.6790688037872314
962,4.022438049316406,0.3475702106952667,3.674867868423462
963,4.021868705749512,0.3303370475769043,3.6915314197540283
964,3.992539405822754,0.32717782258987427,3.6653616428375244
965,4.0056962966918945,0.33973395824432373,3.6659624576568604
966,4.010847091674805,0.3254821300506592,3.6853647232055664
967,3.993514060974121,0.33073246479034424,3.6627814769744873
968,3.961953639984131,0.310244619846344,3.6517090797424316
969,4.007110118865967,0.32963407039642334,3.677476167678833
970,4.023050785064697,0.32784509658813477,3.6952056884765625
971,4.001428127288818,0.32352951169013977,3.677898406982422
972,4.040277004241943,0.37390780448913574,3.6663691997528076
973,4.000190258026123,0.32027512788772583,3.679915189743042
974,4.017855644226074,0.3530442714691162,3.664811372756958
975,4.028989791870117,0.34479668736457825,3.6841928958892822
976,4.0263495445251465,0.3443150520324707,3.682034492492676
977,4.008372783660889,0.3314322233200073,3.676940441131592
978,4.001466274261475,0.3368946611881256,3.664571523666382
979,4.009823322296143,0.3230940103530884,3.6867294311523438
980,3.9987802505493164,0.29740476608276367,3.7013754844665527
981,3.993213176727295,0.33457404375076294,3.6586391925811768
982,3.996354579925537,0.3083587884902954,3.6879959106445312
983,4.012143611907959,0.33884817361831665,3.673295259475708
984,4.0124311447143555,0.3213878571987152,3.6910431385040283
985,3.9959044456481934,0.3236332833766937,3.672271251678467
986,4.019507884979248,0.33290067315101624,3.6866073608398438
987,3.995203971862793,0.3267955780029297,3.6684083938598633
988,3.978198289871216,0.3228471875190735,3.655351161956787
989,3.979804277420044,0.31679970026016235,3.6630046367645264
990,4.026113986968994,0.33058789372444153,3.695526123046875
991,4.009645462036133,0.332919716835022,3.6767258644104004
992,3.9870731830596924,0.3133600354194641,3.673713207244873
993,4.036216735839844,0.35041457414627075,3.6858019828796387
994,3.994513988494873,0.3175849914550781,3.676928997039795
995,4.015189170837402,0.3348231613636017,3.680366039276123
996,4.022804260253906,0.3412693738937378,3.681535005569458
997,4.020192623138428,0.341575562953949,3.678617238998413
998,3.9816057682037354,0.29965469241142273,3.6819510459899902
999,4.035776138305664,0.35495686531066895,3.680819272994995
1000,4.017019748687744,0.34078043699264526,3.676239490509033
1001,4.001043796539307,0.32471799850463867,3.676325798034668
1002,4.0095109939575195,0.32208752632141113,3.6874232292175293
1003,3.9860944747924805,0.3150113821029663,3.6710832118988037
1004,4.040736675262451,0.3526657819747925,3.688070774078369
1005,3.998753309249878,0.3348550498485565,3.663898229598999
1006,4.000749111175537,0.33467233180999756,3.666076898574829
1007,3.9798285961151123,0.3279998302459717,3.6518287658691406
1008,3.999401092529297,0.32038015127182007,3.679020881652832
1009,4.002594470977783,0.3441912531852722,3.6584033966064453
1010,4.030974388122559,0.355430543422699,3.675543785095215
1011,4.026973724365234,0.33192214369773865,3.695051670074463
1012,4.036339282989502,0.3479057550430298,3.6884334087371826
1013,4.042201995849609,0.36121755838394165,3.6809844970703125
1014,4.009733200073242,0.33920952677726746,3.6705238819122314
1015,4.028827667236328,0.3433936834335327,3.685433864593506
1016,3.9701433181762695,0.30534934997558594,3.6647939682006836
1017,4.038026809692383,0.34230661392211914,3.6957199573516846
1018,4.021195411682129,0.33199775218963623,3.689197540283203
1019,4.027807712554932,0.3511795401573181,3.6766281127929688
1020,3.9799318313598633,0.3272751569747925,3.6526565551757812
1021,3.970470905303955,0.3081273138523102,3.6623435020446777
1022,4.030454635620117,0.3317316174507141,3.6987228393554688
1023,4.001165866851807,0.3268094062805176,3.674356460571289
1024,4.028871059417725,0.3600181043148041,3.6688528060913086
1025,4.038005828857422,0.3533652126789093,3.684640645980835
1026,4.002316951751709,0.3364070653915405,3.665909767150879
1027,4.013011932373047,0.3287440538406372,3.684267997741699
1028,4.003560543060303,0.33030152320861816,3.6732590198516846
1029,4.000402450561523,0.3200286626815796,3.6803736686706543
1030,3.948495626449585,0.285331666469574,3.663163900375366
1031,4.030905723571777,0.34627604484558105,3.684629440307617
1032,3.9970057010650635,0.3224514424800873,3.6745543479919434
1033,4.017765998840332,0.3396194875240326,3.6781463623046875
1034,4.001598358154297,0.33344244956970215,3.6681556701660156
1035,4.032955646514893,0.3570669889450073,3.6758885383605957
1036,4.045620918273926,0.33836856484413147,3.7072525024414062
1037,4.000337600708008,0.32788798213005066,3.6724495887756348
1038,4.03165340423584,0.34630927443504333,3.6853442192077637
1039,4.029467582702637,0.34093594551086426,3.6885313987731934
1040,4.0362229347229,0.35006460547447205,3.6861581802368164
1041,3.9769954681396484,0.29354435205459595,3.6834511756896973
1042,4.023232936859131,0.3430720567703247,3.6801609992980957
1043,3.9908416271209717,0.33304423093795776,3.657797336578369
1044,4.003619194030762,0.3213713467121124,3.6822476387023926
1045,3.9790520668029785,0.31802618503570557,3.6610260009765625
1046,4.043056964874268,0.36286523938179016,3.6801915168762207
1047,4.023902416229248,0.328439325094223,3.695462942123413
1048,3.9947032928466797,0.3303743600845337,3.6643290519714355
1049,3.9951934814453125,0.32017600536346436,3.6750173568725586
1050,4.012884616851807,0.3387810289859772,3.6741037368774414
1051,4.031296253204346,0.3618389964103699,3.66945743560791
1052,4.0167341232299805,0.33591940999031067,3.680814743041992
1053,4.019224166870117,0.3507304787635803,3.6684935092926025
1054,3.9880964756011963,0.3048270046710968,3.683269500732422
1055,4.001438617706299,0.32251977920532227,3.6789188385009766
1056,3.9749560356140137,0.31902849674224854,3.6559276580810547
1057,4.011497974395752,0.31889915466308594,3.692598819732666
1058,4.021215438842773,0.33605849742889404,3.68515682220459
1059,4.006868839263916,0.3459632992744446,3.660905599594116
1060,3.9895458221435547,0.32866352796554565,3.6608822345733643
1061,4.029293537139893,0.3500770926475525,3.6792163848876953
1062,3.9824225902557373,0.31091803312301636,3.671504497528076
1063,3.997246026992798,0.31943851709365845,3.677807569503784
1064,4.008103847503662,0.335380494594574,3.6727232933044434
1065,4.020571708679199,0.3420393466949463,3.678532123565674
1066,4.023237705230713,0.33526188135147095,3.6879756450653076
1067,4.0464277267456055,0.36871325969696045,3.6777143478393555
1068,4.022008895874023,0.32789355516433716,3.694115161895752
1069,4.031714916229248,0.3426765203475952,3.6890382766723633
1070,4.0408525466918945,0.35118091106414795,3.689671516418457
1071,4.016665458679199,0.3361333906650543,3.680532217025757
1072,3.9909565448760986,0.32118532061576843,3.669771194458008
1073,4.026123046875,0.3357817530632019,3.6903414726257324
1074,4.033359050750732,0.3430143892765045,3.6903445720672607
1075,4.034526348114014,0.350308895111084,3.6842174530029297
1076,3.9974300861358643,0.32597845792770386,3.6714515686035156
1077,3.9967987537384033,0.31955447793006897,3.677244186401367
1078,4.008039951324463,0.3304707407951355,3.6775693893432617
1079,3.999424457550049,0.32719874382019043,3.6722257137298584
1080,3.970003604888916,0.2961987853050232,3.673804759979248
1081,3.985584020614624,0.3125527501106262,3.6730313301086426
1082,4.031063556671143,0.35271769762039185,3.6783459186553955
1083,4.004946708679199,0.3134321868419647,3.691514730453491
1084,4.001097202301025,0.30657365918159485,3.694523334503174
1085,4.057469844818115,0.3753030002117157,3.682166814804077
1086,3.9852163791656494,0.31098151206970215,3.6742348670959473
1087,3.9958157539367676,0.32047367095947266,3.675342082977295
1088,4.02085542678833,0.354339063167572,3.6665163040161133
1089,4.02020788192749,0.3503052592277527,3.669902801513672
1090,4.028668403625488,0.3388286828994751,3.6898398399353027
1091,3.9960174560546875,0.3284834921360016,3.6675338745117188
1092,4.040872573852539,0.35306352376937866,3.6878092288970947
1093,3.987281322479248,0.31704461574554443,3.670236587524414
1094,3.985125780105591,0.33654481172561646,3.648581027984619
1095,4.006195545196533,0.3147701621055603,3.691425323486328
1096,4.018350124359131,0.3218551278114319,3.6964950561523438
1097,4.020023822784424,0.3257671892642975,3.6942567825317383
1098,4.013254165649414,0.34006941318511963,3.673184871673584
1099,3.9921391010284424,0.3181765079498291,3.6739625930786133
1100,4.015845775604248,0.34200048446655273,3.6738452911376953
1101,4.0120697021484375,0.33993011713027954,3.6721396446228027
1102,4.028092384338379,0.338697612285614,3.689394950866699
1103,4.01572847366333,0.3308853507041931,3.684843063354492
1104,4.019580841064453,0.3290031850337982,3.690577507019043
1105,4.04573392868042,0.3606341481208801,3.6850996017456055
1106,3.989262342453003,0.3069758415222168,3.682286500930786
1107,4.016805648803711,0.3443697988986969,3.672435760498047
1108,4.026575565338135,0.35129114985466003,3.6752843856811523
1109,4.028082370758057,0.34752264618873596,3.6805596351623535
1110,3.9881818294525146,0.3033906817436218,3.684791088104248
1111,4.013035297393799,0.34895235300064087,3.6640830039978027
1112,4.02412748336792,0.3326023817062378,3.6915249824523926
1113,4.03574275970459,0.3607543706893921,3.674988269805908
1114,3.9952199459075928,0.32992520928382874,3.665294647216797
1115,3.9628148078918457,0.30454862117767334,3.658266067504883
1116,4.009670257568359,0.32724079489707947,3.682429552078247
1117,4.0089945793151855,0.34029388427734375,3.668700695037842
1118,4.004636764526367,0.3275606632232666,3.6770761013031006
1119,4.051296710968018,0.37474948167800903,3.676547050476074
1120,4.046136856079102,0.36088722944259644,3.6852498054504395
1121,3.9863319396972656,0.329229474067688,3.657102584838867
1122,4.019491672515869,0.3383810818195343,3.681110382080078
1123,3.9795076847076416,0.3114558756351471,3.6680517196655273
1124,4.015786170959473,0.3458382487297058,3.669948101043701
1125,4.005886554718018,0.3307703733444214,3.6751163005828857
1126,3.9720380306243896,0.3182021677494049,3.6538357734680176
1127,3.9834868907928467,0.31630057096481323,3.6671862602233887
1128,4.017592906951904,0.31820398569107056,3.6993889808654785
1129,3.997241258621216,0.3214204013347626,3.675820827484131
1130,3.9798123836517334,0.3178045451641083,3.6620078086853027
1131,4.042475700378418,0.3620818257331848,3.680393695831299
1132,3.965263605117798,0.29488685727119446,3.670376777648926
1133,4.004178047180176,0.31900718808174133,3.685170888900757
1134,4.025691509246826,0.3592489957809448,3.666442394256592
1135,3.9948384761810303,0.31717854738235474,3.6776599884033203
1136,4.011706352233887,0.33739858865737915,3.6743078231811523
1137,4.008299827575684,0.3408465087413788,3.6674532890319824
1138,3.965240240097046,0.3013191223144531,3.6639211177825928
1139,3.9936094284057617,0.31382665038108826,3.6797828674316406
1140,3.999812126159668,0.30364102125167847,3.6961710453033447
1141,3.986321210861206,0.3129802644252777,3.6733410358428955
1142,4.0078630447387695,0.3291224539279938,3.6787405014038086
1143,3.9987337589263916,0.33100655674934387,3.66772723197937
1144,4.019932746887207,0.3265910744667053,3.6933417320251465
1145,3.9853286743164062,0.3028365969657898,3.6824920177459717
1146,4.017040252685547,0.33469194173812866,3.6823484897613525
1147,4.003729343414307,0.32910284399986267,3.674626350402832
1148,4.023028373718262,0.3401934504508972,3.682835102081299
1149,3.981081962585449,0.2987173795700073,3.6823644638061523
1150,3.9538047313690186,0.29627546668052673,3.657529354095459
1151,4.051018238067627,0.3427506685256958,3.7082676887512207
1152,4.0005035400390625,0.325369268655777,3.6751341819763184
1153,3.9999001026153564,0.30336111783981323,3.6965389251708984
1154,3.9748928546905518,0.3095763623714447,3.665316581726074
1155,4.02908992767334,0.33449625968933105,3.6945934295654297
1156,3.9708826541900635,0.3171386122703552,3.6537439823150635
1157,3.9762706756591797,0.3075510263442993,3.66871976852417
1158,3.9765703678131104,0.32491040229797363,3.6516599655151367
1159,4.013635158538818,0.3372040390968323,3.6764309406280518
1160,4.035752296447754,0.34939372539520264,3.686358690261841
1161,4.01569938659668,0.3395079970359802,3.6761913299560547
1162,3.9895191192626953,0.31480032205581665,3.6747188568115234
1163,4.001039981842041,0.32736828923225403,3.6736717224121094
1164,4.002631664276123,0.3322933316230774,3.6703383922576904
1165,4.027183532714844,0.3405017852783203,3.6866817474365234
1166,3.9729650020599365,0.3096783757209778,3.6632866859436035
1167,3.9664409160614014,0.2872881591320038,3.679152727127075
1168,4.0059943199157715,0.3345002830028534,3.6714940071105957
1169,3.998175621032715,0.32605597376823425,3.672119617462158
1170,3.9973714351654053,0.3179963529109955,3.679375171661377
1171,4.008520126342773,0.33141273260116577,3.677107572555542
1172,3.989427089691162,0.3219255805015564,3.667501449584961
1173,3.9513325691223145,0.2699994444847107,3.681333065032959
1174,3.984348773956299,0.31689584255218506,3.6674530506134033
1175,4.004414081573486,0.32951271533966064,3.6749014854431152
1176,3.9965734481811523,0.3122348189353943,3.6843385696411133
1177,3.972041368484497,0.31101518869400024,3.6610262393951416
1178,3.968977451324463,0.299413800239563,3.6695635318756104
1179,4.034303188323975,0.3512004315853119,3.683102607727051
1180,3.9954147338867188,0.32755669951438904,3.667858123779297
1181,4.013742923736572,0.3363396227359772,3.677403211593628
1182,3.977450370788574,0.31259480118751526,3.664855480194092
1183,3.9856863021850586,0.31098639965057373,3.6746997833251953
1184,4.049484729766846,0.3643239736557007,3.6851608753204346
1185,3.9946625232696533,0.3097986876964569,3.684863805770874
1186,4.010736465454102,0.33133673667907715,3.6793994903564453
1187,4.022395610809326,0.34875163435935974,3.6736438274383545
1188,3.9554057121276855,0.306431382894516,3.6489744186401367
1189,3.9961037635803223,0.32069921493530273,3.6754045486450195
1190,4.051711082458496,0.36533841490745544,3.686372756958008
1191,4.009838581085205,0.3335067629814148,3.6763319969177246
1192,4.047194957733154,0.34585148096084595,3.701343536376953
1193,4.0242695808410645,0.34377050399780273,3.6804990768432617
1194,4.003889083862305,0.34229665994644165,3.661592483520508
1195,3.989531993865967,0.316986083984375,3.672545909881592
1196,4.015750885009766,0.3485400378704071,3.6672110557556152
1197,4.021378993988037,0.33563271164894104,3.685746431350708
1198,4.0436859130859375,0.3509253263473511,3.692760467529297
1199,3.9858837127685547,0.29687002301216125,3.689013719558716
1200,3.9648289680480957,0.2970566153526306,3.6677722930908203
1201,4.036463260650635,0.3527907729148865,3.6836726665496826
1202,3.9777779579162598,0.30401840806007385,3.6737594604492188
1203,4.020255088806152,0.3372284173965454,3.6830267906188965
1204,4.021317005157471,0.32167133688926697,3.699645519256592
1205,3.9847474098205566,0.32272136211395264,3.6620259284973145
1206,3.9996213912963867,0.32843726873397827,3.6711840629577637
1207,4.010556697845459,0.32417404651641846,3.686382532119751
1208,4.034238338470459,0.3569759130477905,3.677262544631958
1209,3.999089002609253,0.3262937664985657,3.672795295715332
1210,4.017360687255859,0.3442118763923645,3.6731486320495605
1211,4.00851583480835,0.33185023069381714,3.676665782928467
1212,3.971808910369873,0.29939907789230347,3.672409772872925
1213,4.009453296661377,0.32940417528152466,3.680049180984497
1214,4.005189418792725,0.33516618609428406,3.670023202896118
1215,4.006041526794434,0.3176238536834717,3.688417434692383
1216,4.009140491485596,0.3171452581882477,3.69199538230896
1217,3.9764320850372314,0.3146670460700989,3.6617650985717773
1218,3.9616894721984863,0.30449819564819336,3.657191276550293
1219,3.9334707260131836,0.27237120270729065,3.661099433898926
1220,4.000280857086182,0.32351991534233093,3.6767611503601074
1221,4.032116413116455,0.3346807062625885,3.6974358558654785
1222,3.9859023094177246,0.31758230924606323,3.6683199405670166
1223,3.9950342178344727,0.30684641003608704,3.688187837600708
1224,3.996786594390869,0.3113245368003845,3.68546199798584
1225,3.9892563819885254,0.3407086133956909,3.648547649383545
1226,3.982848644256592,0.3266133964061737,3.6562352180480957
1227,4.017384052276611,0.335366427898407,3.6820178031921387
1228,4.023587703704834,0.35073062777519226,3.6728570461273193
1229,4.000495910644531,0.33084380626678467,3.669651985168457
1230,4.006025314331055,0.3247327506542206,3.681292772293091
1231,4.001037120819092,0.3230905532836914,3.6779465675354004
1232,4.012850284576416,0.33299753069877625,3.6798529624938965
1233,4.003739356994629,0.3237309455871582,3.6800084114074707
1234,3.977315664291382,0.30589935183525085,3.6714162826538086
1235,3.996981143951416,0.3236503005027771,3.673330783843994
1236,3.987663984298706,0.3234987258911133,3.6641652584075928
1237,4.009363651275635,0.3170979619026184,3.692265510559082
1238,3.9904944896698,0.3104243874549866,3.680070161819458
1239,3.9821512699127197,0.30901986360549927,3.6731314659118652
1240,3.9899656772613525,0.31922051310539246,3.6707451343536377
1241,4.060520172119141,0.35967493057250977,3.700845241546631
1242,3.9710872173309326,0.28595057129859924,3.685136556625366
1243,3.9744372367858887,0.2964220345020294,3.6780152320861816
1244,3.9834723472595215,0.3247562050819397,3.6587162017822266
1245,4.019956111907959,0.34621620178222656,3.6737399101257324
1246,4.031131267547607,0.35567885637283325,3.675452470779419
1247,4.011940956115723,0.3328542709350586,3.679086923599243
1248,4.013818740844727,0.3362438976764679,3.677574634552002
1249,3.9978368282318115,0.3406478464603424,3.657188892364502
1250,3.9678115844726562,0.3068198263645172,3.660991668701172
1251,3.9834041595458984,0.31873270869255066,3.6646714210510254
1252,3.985297441482544,0.3312564790248871,3.654041051864624
1253,4.0151567459106445,0.3430464565753937,3.672110080718994
1254,3.9862260818481445,0.31458228826522827,3.6716437339782715
1255,3.9848523139953613,0.3160421848297119,3.6688101291656494
1256,3.966759204864502,0.308322548866272,3.6584365367889404
1257,3.993645191192627,0.3129740059375763,3.680671215057373
1258,4.026186943054199,0.35103821754455566,3.6751489639282227
1259,3.974626064300537,0.31749239563941956,3.6571335792541504
1260,3.985652446746826,0.31198757886886597,3.6736648082733154
1261,3.99878191947937,0.3394307494163513,3.659351110458374
1262,4.009191036224365,0.32955309748649597,3.679638147354126
1263,3.9729220867156982,0.31367653608322144,3.659245491027832
1264,4.01479959487915,0.3293052315711975,3.6854944229125977
1265,4.0279669761657715,0.3490604758262634,3.6789064407348633
1266,3.9935078620910645,0.3126816153526306,3.680826187133789
1267,4.005860328674316,0.3287738561630249,3.677086353302002
1268,4.003833770751953,0.33708661794662476,3.6667470932006836
1269,3.9816763401031494,0.31621044874191284,3.665465831756592
1270,3.9651939868927,0.29788678884506226,3.667307138442993
1271,3.967489242553711,0.31022536754608154,3.65726375579834
1272,4.003538131713867,0.32430869340896606,3.679229259490967
1273,3.9623050689697266,0.30548524856567383,3.6568198204040527
1274,3.9732398986816406,0.3126775026321411,3.660562515258789
1275,3.993173599243164,0.33464837074279785,3.658525228500366
1276,4.008648872375488,0.3538748621940613,3.6547741889953613
1277,4.007660865783691,0.33578789234161377,3.671873092651367
1278,4.009504795074463,0.34532517194747925,3.664179563522339
1279,4.028581619262695,0.3251446485519409,3.703436851501465
1280,4.008835315704346,0.3333583474159241,3.6754767894744873
1281,3.980355739593506,0.3068140745162964,3.67354154586792
1282,4.031859397888184,0.3399356007575989,3.6919238567352295
1283,3.9960744380950928,0.30794858932495117,3.6881258487701416
1284,4.010523796081543,0.33536040782928467,3.6751632690429688
1285,4.0323004722595215,0.34246963262557983,3.689830780029297
1286,3.977959632873535,0.3174443542957306,3.660515308380127
1287,4.016397476196289,0.34615790843963623,3.6702394485473633
1288,3.973511219024658,0.30782103538513184,3.6656901836395264
1289,3.974457263946533,0.31513455510139465,3.659322738647461
1290,4.003857135772705,0.3318130373954773,3.672044277191162
1291,3.9792487621307373,0.30538564920425415,3.673863172531128
1292,3.9894843101501465,0.3155973553657532,3.673887014389038
1293,4.025160789489746,0.3258511424064636,3.699309825897217
1294,3.979888439178467,0.31455475091934204,3.6653337478637695
1295,3.9593780040740967,0.3088319003582001,3.650546073913574
1296,3.999396800994873,0.3217275142669678,3.6776692867279053
1297,3.9722559452056885,0.32165032625198364,3.6506056785583496
1298,4.050502300262451,0.3433465361595154,3.70715594291687
1299,3.9916584491729736,0.3135335445404053,3.6781249046325684
1300,3.998290777206421,0.3370705246925354,3.6612203121185303
1301,3.990886688232422,0.3139573037624359,3.676929473876953
1302,3.996426582336426,0.3324395418167114,3.663987159729004
1303,4.0223708152771,0.3241614103317261,3.698209285736084
1304,4.009154796600342,0.3199867904186249,3.6891679763793945
1305,4.0591278076171875,0.3575514853000641,3.7015762329101562
1306,3.9601123332977295,0.2917890250682831,3.668323278427124
1307,3.9780378341674805,0.32231611013412476,3.655721664428711
1308,4.005584716796875,0.3229799270629883,3.6826045513153076
1309,4.0021233558654785,0.3074864447116852,3.694636821746826
1310,4.016992568969727,0.3347356915473938,3.6822566986083984
1311,3.9915878772735596,0.2912041246891022,3.7003836631774902
1312,3.9771206378936768,0.3038662075996399,3.6732544898986816
1313,3.9599218368530273,0.2836099863052368,3.67631196975708
1314,3.9815750122070312,0.29933178424835205,3.6822433471679688
1315,3.978069305419922,0.3085213899612427,3.6695477962493896
1316,3.982442855834961,0.33609190583229065,3.646350860595703
1317,3.9714558124542236,0.3037030100822449,3.667752742767334
1318,3.9479682445526123,0.3118423819541931,3.6361258029937744
1319,3.993734836578369,0.3151895999908447,3.6785452365875244
1320,3.990432024002075,0.33289286494255066,3.657539129257202
1321,3.9791409969329834,0.30614882707595825,3.67299222946167
1322,3.971491575241089,0.3233940601348877,3.648097515106201
1323,3.997849941253662,0.32885241508483887,3.6689975261688232
1324,3.9895167350769043,0.3040880262851715,3.6854286193847656
1325,3.965343713760376,0.2977251410484314,3.6676185131073
1326,4.033031940460205,0.3476659953594208,3.685366153717041
1327,4.00418758392334,0.3234233558177948,3.6807641983032227
1328,4.014393329620361,0.32120922207832336,3.6931841373443604
1329,3.9988107681274414,0.33455532789230347,3.664255380630493
1330,3.9786932468414307,0.29589733481407166,3.682796001434326
1331,3.9853739738464355,0.30149346590042114,3.683880567550659
1332,3.9650895595550537,0.31403517723083496,3.6510543823242188
1333,3.9728269577026367,0.2982748746871948,3.6745519638061523
1334,3.9946634769439697,0.3273431658744812,3.6673202514648438
1335,4.029711723327637,0.3515031337738037,3.678208351135254
1336,4.025259494781494,0.34595513343811035,3.679304361343384
1337,3.9869344234466553,0.3078649342060089,3.6790695190429688
1338,3.9872798919677734,0.3024992048740387,3.6847805976867676
1339,3.985748291015625,0.3010793924331665,3.684668779373169
1340,3.9545135498046875,0.2880803048610687,3.666433334350586
1341,3.9814229011535645,0.3079119026660919,3.673511028289795
1342,3.976829767227173,0.30562758445739746,3.6712021827697754
1343,3.9923932552337646,0.33187657594680786,3.6605167388916016
1344,3.9730536937713623,0.316335529088974,3.6567182540893555
1345,4.00203800201416,0.3156636953353882,3.6863741874694824
1346,4.015359878540039,0.33812105655670166,3.677238941192627
1347,3.9820942878723145,0.299282968044281,3.6828112602233887
1348,3.969806432723999,0.29657337069511414,3.6732330322265625
1349,4.012774467468262,0.3297990560531616,3.6829755306243896
1350,3.98740816116333,0.3202730417251587,3.667135238647461
1351,3.97454571723938,0.30959177017211914,3.6649539470672607
1352,4.002089500427246,0.32284367084503174,3.679245948791504
1353,3.9809153079986572,0.3249243199825287,3.6559910774230957
1354,3.984586000442505,0.32611018419265747,3.658475875854492
1355,3.974285125732422,0.311518132686615,3.662766933441162
1356,4.003969669342041,0.34112703800201416,3.6628427505493164
1357,3.9927167892456055,0.3210154175758362,3.671701431274414
1358,3.9739127159118652,0.3062991499900818,3.6676135063171387
1359,3.995114803314209,0.3143419921398163,3.6807727813720703
1360,3.9598770141601562,0.3111609220504761,3.6487162113189697
1361,3.9884514808654785,0.2941707372665405,3.6942808628082275
1362,3.970010757446289,0.2989864945411682,3.6710243225097656
1363,4.0053815841674805,0.31784915924072266,3.687532663345337
1364,3.98239803314209,0.29316532611846924,3.68923282623291
1365,3.9652347564697266,0.3151105046272278,3.6501243114471436
1366,3.9646544456481934,0.2952083349227905,3.6694459915161133
1367,4.014441013336182,0.33464714884757996,3.6797940731048584
1368,4.012368679046631,0.3412545323371887,3.671113967895508
1369,3.990522623062134,0.29856520891189575,3.691957473754883
1370,3.9918935298919678,0.3114284873008728,3.68046498298645
1371,3.9974350929260254,0.3283509612083435,3.669084072113037
1372,4.004872798919678,0.3300555348396301,3.6748173236846924
1373,3.9855759143829346,0.3189970850944519,3.666578769683838
1374,3.972576141357422,0.2830308675765991,3.689545154571533
1375,3.9788269996643066,0.3148326873779297,3.663994312286377
1376,4.005523204803467,0.3358742892742157,3.669649124145508
1377,3.9813199043273926,0.323964387178421,3.657355546951294
1378,3.987427234649658,0.30495449900627136,3.6824727058410645
1379,3.9756617546081543,0.3168982267379761,3.6587636470794678
1380,3.981593132019043,0.32277601957321167,3.6588170528411865
1381,4.0379638671875,0.35260939598083496,3.685354709625244
1382,3.956653118133545,0.292349249124527,3.664303779602051
1383,3.985570192337036,0.31731921434402466,3.6682510375976562
1384,3.973417043685913,0.29682111740112305,3.67659592628479
1385,3.9806082248687744,0.3215884566307068,3.659019708633423
1386,3.9802908897399902,0.31856006383895874,3.6617307662963867
1387,3.9955391883850098,0.3075580596923828,3.687981128692627
1388,3.977808713912964,0.3186238408088684,3.6591849327087402
1389,4.005757808685303,0.3207363486289978,3.68502140045166
1390,3.9933838844299316,0.313347190618515,3.680036783218384
1391,3.9743998050689697,0.32685646414756775,3.647543430328369
1392,3.992831230163574,0.33216285705566406,3.66066837310791
1393,3.9948477745056152,0.31182485818862915,3.683022975921631
1394,3.977445602416992,0.300028920173645,3.6774168014526367
1395,4.015296936035156,0.32854074239730835,3.686756134033203
1396,4.028566837310791,0.34186476469039917,3.686702251434326
1397,4.0077223777771,0.3296419084072113,3.6780805587768555
1398,4.010912895202637,0.33804506063461304,3.672867774963379
1399,3.964445114135742,0.3005523383617401,3.6638927459716797
1400,3.9849143028259277,0.30512988567352295,3.6797842979431152
1401,3.993701457977295,0.3201204538345337,3.673581123352051
1402,3.978168487548828,0.3173021674156189,3.6608662605285645
1403,3.9859619140625,0.3149389624595642,3.671022891998291
1404,3.9866504669189453,0.31264007091522217,3.6740105152130127
1405,3.963843584060669,0.3047645688056946,3.659079074859619
1406,3.9904751777648926,0.2991020679473877,3.691373109817505
1407,3.9841394424438477,0.3099155128002167,3.6742238998413086
1408,3.9688990116119385,0.306593656539917,3.6623053550720215
1409,3.9794540405273438,0.32668638229370117,3.6527676582336426
1410,3.96271014213562,0.3000165820121765,3.662693500518799
1411,4.001673698425293,0.30830127000808716,3.6933722496032715
1412,3.9912705421447754,0.31870442628860474,3.6725661754608154
1413,3.942229986190796,0.2762157917022705,3.6660141944885254
1414,3.9737801551818848,0.30562472343444824,3.6681554317474365
1415,3.9686570167541504,0.2927507162094116,3.675906181335449
1416,3.9800729751586914,0.31707608699798584,3.662997007369995
1417,3.9831674098968506,0.327134370803833,3.6560330390930176
1418,3.991034984588623,0.30256181955337524,3.6884732246398926
1419,3.957913875579834,0.2893613278865814,3.6685526371002197
1420,4.005248546600342,0.3314717710018158,3.673776865005493
1421,3.9748177528381348,0.3076257109642029,3.667191982269287
1422,3.9952261447906494,0.3235248923301697,3.671701192855835
1423,3.97422194480896,0.31391191482543945,3.6603100299835205
1424,3.9902305603027344,0.31579267978668213,3.6744377613067627
1425,3.989464521408081,0.3104000687599182,3.6790645122528076
1426,4.001668930053711,0.31924736499786377,3.6824216842651367
1427,3.97637939453125,0.3224695026874542,3.653909921646118
1428,3.9970951080322266,0.3183889389038086,3.678706169128418
1429,3.9975521564483643,0.3242112696170807,3.6733407974243164
1430,3.9586825370788574,0.29693159461021423,3.6617510318756104
1431,3.953718423843384,0.29257291555404663,3.6611454486846924
1432,3.9676175117492676,0.29704898595809937,3.6705684661865234
1433,4.032256126403809,0.3397911787033081,3.692464828491211
1434,4.009800434112549,0.33972954750061035,3.6700708866119385
1435,4.01770544052124,0.3301922082901001,3.6875133514404297
1436,4.0141072273254395,0.3346678614616394,3.6794393062591553
1437,3.9812560081481934,0.29737403988838196,3.683881998062134
1438,4.021777153015137,0.3265509605407715,3.6952261924743652
1439,3.9878737926483154,0.3166835308074951,3.6711902618408203
1440,3.9617953300476074,0.28874796628952026,3.6730473041534424
1441,3.9734010696411133,0.3215138018131256,3.6518871784210205
1442,3.9965851306915283,0.31927698850631714,3.6773080825805664
1443,3.971730947494507,0.2933056652545929,3.6784253120422363
1444,3.9961047172546387,0.3294353187084198,3.6666693687438965
1445,3.957298755645752,0.27375590801239014,3.6835429668426514
1446,3.9919559955596924,0.3306663930416107,3.661289691925049
1447,4.009283065795898,0.3224058449268341,3.6868772506713867
1448,3.969125509262085,0.3065270781517029,3.6625983715057373
1449,4.010566711425781,0.343234658241272,3.667332172393799
1450,3.981588840484619,0.29835689067840576,3.683231830596924
1451,4.002109527587891,0.32416659593582153,3.677942991256714
1452,3.98539137840271,0.3083038926124573,3.6770875453948975
1453,3.993457794189453,0.3061155080795288,3.6873421669006348
1454,3.9912943840026855,0.30027759075164795,3.691016674041748
1455,3.9532878398895264,0.29714450240135193,3.6561434268951416
1456,3.964789390563965,0.3060831129550934,3.6587061882019043
1457,3.9844601154327393,0.3040507137775421,3.6804094314575195
1458,3.9358742237091064,0.29348495602607727,3.6423892974853516
1459,3.9479470252990723,0.2949190139770508,3.6530280113220215
1460,3.9718422889709473,0.30274689197540283,3.669095516204834
1461,3.988588571548462,0.3096134066581726,3.6789751052856445
1462,3.998565196990967,0.318065881729126,3.680499315261841
1463,3.9832382202148438,0.31864386796951294,3.6645944118499756
1464,3.9603166580200195,0.30598577857017517,3.6543309688568115
1465,3.9696030616760254,0.2990696430206299,3.6705334186553955
1466,3.9397079944610596,0.27954456210136414,3.660163402557373
1467,3.972646474838257,0.2902181148529053,3.6824283599853516
1468,3.9681878089904785,0.312219500541687,3.655968189239502
1469,3.990415573120117,0.3011256456375122,3.6892900466918945
1470,3.933825969696045,0.29185596108436584,3.641969919204712
1471,3.9957942962646484,0.3076857626438141,3.688108444213867
1472,3.976080894470215,0.2976807951927185,3.6784000396728516
1473,3.9697999954223633,0.30641019344329834,3.6633896827697754
1474,3.9514243602752686,0.286685049533844,3.6647393703460693
1475,3.969886302947998,0.2965654134750366,3.673321008682251
1476,4.000259876251221,0.31818777322769165,3.682072162628174
1477,3.947599172592163,0.29239144921302795,3.655207633972168
1478,3.9921152591705322,0.3302333950996399,3.661881923675537
1479,3.9642674922943115,0.3064834475517273,3.6577839851379395
1480,3.962948799133301,0.2987649440765381,3.6641838550567627
1481,3.9759674072265625,0.3090003728866577,3.6669671535491943
1482,3.9682774543762207,0.30172938108444214,3.666548013687134
1483,4.007328033447266,0.32665467262268066,3.680673599243164
1484,4.001176834106445,0.3277016282081604,3.6734752655029297
1485,3.9887754917144775,0.32656222581863403,3.6622133255004883
1486,3.9655587673187256,0.3023056387901306,3.66325306892395
1487,3.991086006164551,0.3080807030200958,3.6830053329467773
1488,3.950463056564331,0.28645962476730347,3.664003372192383
1489,3.9642562866210938,0.2981010377407074,3.6661553382873535
1490,3.973613977432251,0.2915773391723633,3.6820366382598877
1491,4.018475532531738,0.33670687675476074,3.6817688941955566
1492,3.96697998046875,0.29682260751724243,3.6701574325561523
1493,4.000130653381348,0.31601887941360474,3.6841115951538086
1494,4.001348972320557,0.3171990215778351,3.684149742126465
1495,3.9925177097320557,0.30933162569999695,3.6831860542297363
1496,3.9712934494018555,0.31068670749664307,3.660606861114502
1497,3.9945685863494873,0.3096807897090912,3.6848878860473633
1498,4.021528720855713,0.3327060341835022,3.6888227462768555
1499,3.992924213409424,0.32418227195739746,3.6687419414520264
1500,3.9640555381774902,0.2942781448364258,3.6697773933410645
1501,3.936767339706421,0.2691247761249542,3.667642593383789
1502,3.986705780029297,0.310828298330307,3.675877571105957
1503,3.9808669090270996,0.32434922456741333,3.656517744064331
1504,3.9751431941986084,0.3081635534763336,3.6669795513153076
1505,3.9628214836120605,0.30871081352233887,3.6541106700897217
1506,3.9719161987304688,0.29851382970809937,3.6734023094177246
1507,3.9604737758636475,0.3075621724128723,3.65291166305542
1508,3.9552533626556396,0.28844285011291504,3.6668105125427246
1509,3.986140727996826,0.3156189024448395,3.6705217361450195
1510,3.9794259071350098,0.30537962913513184,3.674046277999878
1511,3.967378854751587,0.2934405207633972,3.673938274383545
1512,3.976438283920288,0.3176102936267853,3.658828020095825
1513,3.9747824668884277,0.28845399618148804,3.686328411102295
1514,3.9741036891937256,0.30826109647750854,3.6658425331115723
1515,4.026589393615723,0.33380359411239624,3.6927859783172607
1516,4.02083683013916,0.3360583186149597,3.6847786903381348
1517,3.97623348236084,0.30340278148651123,3.672830581665039
1518,3.9797472953796387,0.32162046432495117,3.6581268310546875
1519,3.96555495262146,0.30755606293678284,3.65799880027771
1520,3.991459369659424,0.30405890941619873,3.6874003410339355
1521,3.994527578353882,0.3219445049762726,3.6725831031799316
1522,4.0003180503845215,0.3159279227256775,3.684390068054199
1523,4.000260353088379,0.3119925558567047,3.688267707824707
1524,3.9939591884613037,0.32256293296813965,3.671396255493164
1525,3.9405384063720703,0.27520430088043213,3.6653339862823486
1526,3.9793577194213867,0.30465078353881836,3.6747069358825684
1527,3.9841690063476562,0.3184693455696106,3.6656997203826904
1528,4.003213405609131,0.3299929201602936,3.673220634460449
1529,3.9376537799835205,0.2772678732872009,3.660385847091675
1530,3.9701642990112305,0.2985929846763611,3.6715712547302246
1531,3.978644609451294,0.3031156659126282,3.6755290031433105
1532,3.9913668632507324,0.3023744821548462,3.6889922618865967
1533,4.005555629730225,0.3385940492153168,3.666961431503296
1534,4.007627487182617,0.32260560989379883,3.6850216388702393
1535,3.9966840744018555,0.31179019808769226,3.684893846511841
1536,3.9402318000793457,0.2870701551437378,3.6531617641448975
1537,4.000785827636719,0.3290236294269562,3.671761989593506
1538,3.9579789638519287,0.30676624178886414,3.651212692260742
1539,3.9729228019714355,0.29712116718292236,3.6758017539978027
1540,3.999680519104004,0.3277035057544708,3.6719770431518555
1541,4.016488075256348,0.32291388511657715,3.6935739517211914
1542,3.9615936279296875,0.2813473641872406,3.680246353149414
1543,3.9517388343811035,0.28450024127960205,3.667238712310791
1544,3.936467409133911,0.2836253345012665,3.6528420448303223
1545,3.9602713584899902,0.30349159240722656,3.6567797660827637
1546,3.9695370197296143,0.30305975675582886,3.6664772033691406
1547,4.000546932220459,0.33430907130241394,3.6662378311157227
1548,3.9495742321014404,0.28768986463546753,3.661884307861328
1549,3.9961025714874268,0.33044975996017456,3.6656527519226074
1550,4.026509761810303,0.3270663619041443,3.6994433403015137
1551,3.9730417728424072,0.32413360476493835,3.6489081382751465
1552,3.9658584594726562,0.30580639839172363,3.6600520610809326
1553,3.9677207469940186,0.29809874296188354,3.6696219444274902
1554,3.9512569904327393,0.2895682454109192,3.661688804626465
1555,4.00139856338501,0.34055349230766296,3.6608452796936035
1556,3.997044563293457,0.3207543194293976,3.676290273666382
1557,3.9511635303497314,0.2969653606414795,3.654198169708252
1558,4.021517753601074,0.3151218891143799,3.7063958644866943
1559,4.0029296875,0.34120747447013855,3.661722183227539
1560,4.016980171203613,0.35168254375457764,3.665297508239746
1561,3.985414743423462,0.3162309527397156,3.6691837310791016
1562,3.976022720336914,0.317641019821167,3.658381700515747
1563,3.9917490482330322,0.3210495114326477,3.6706995964050293
1564,3.989264965057373,0.31086352467536926,3.678401470184326
1565,3.9920654296875,0.338515043258667,3.653550386428833
1566,3.9942660331726074,0.30429136753082275,3.689974784851074
1567,3.972212791442871,0.3178133964538574,3.6543993949890137
1568,3.9584720134735107,0.2966860234737396,3.6617860794067383
1569,3.967562198638916,0.2923232316970825,3.675239086151123
1570,4.019986629486084,0.32157963514328003,3.698406934738159
1571,3.9718875885009766,0.29375845193862915,3.678129196166992
1572,3.993393898010254,0.3321315050125122,3.6612625122070312
1573,3.9743118286132812,0.30571749806404114,3.6685943603515625
1574,3.9821043014526367,0.309831827878952,3.6722724437713623
1575,3.9957780838012695,0.3111119270324707,3.684666156768799
1576,3.9639015197753906,0.30165475606918335,3.6622467041015625
1577,3.9316961765289307,0.2823832929134369,3.649312973022461
1578,4.003065586090088,0.3124850392341614,3.690580368041992
1579,3.9777302742004395,0.29761844873428345,3.680111885070801
1580,3.961658239364624,0.30151137709617615,3.660146951675415
1581,4.000214099884033,0.3343997001647949,3.6658143997192383
1582,3.977720022201538,0.32349270582199097,3.6542272567749023
1583,3.9902782440185547,0.3123847246170044,3.6778934001922607
1584,4.000146865844727,0.3076958656311035,3.692451000213623
1585,3.9973654747009277,0.32698333263397217,3.670382261276245
1586,3.995535373687744,0.2978864908218384,3.6976490020751953
1587,3.9929795265197754,0.31559956073760986,3.677379846572876
1588,3.98193359375,0.3056710362434387,3.676262617111206
1589,3.9869396686553955,0.3216368854045868,3.6653027534484863
1590,3.9759230613708496,0.3031427264213562,3.6727802753448486
1591,3.9972686767578125,0.3096838891506195,3.68758487701416
1592,3.9560704231262207,0.2954005002975464,3.6606698036193848
1593,4.0025458335876465,0.31758660078048706,3.6849594116210938
1594,3.96295166015625,0.30041253566741943,3.66253924369812
1595,3.982508420944214,0.32591408491134644,3.6565942764282227
1596,3.9626989364624023,0.30360302329063416,3.6590960025787354
1597,3.952786684036255,0.2876128554344177,3.6651737689971924
1598,3.9939064979553223,0.31368693709373474,3.6802196502685547
1599,4.008129596710205,0.3107907772064209,3.697338819503784
1600,4.0066375732421875,0.3398857116699219,3.6667518615722656
1601,3.9554004669189453,0.29594647884368896,3.659453868865967
1602,3.9576008319854736,0.2858532965183258,3.6717474460601807
1603,4.008077144622803,0.3270623981952667,3.6810145378112793
1604,3.99355411529541,0.3175305724143982,3.676023483276367
1605,3.956339120864868,0.28737661242485046,3.6689624786376953
1606,3.9877889156341553,0.32089099287986755,3.666898012161255
1607,3.9863762855529785,0.31243932247161865,3.6739368438720703
1608,3.9479434490203857,0.2897851765155792,3.658158302307129
1609,3.9811477661132812,0.3238459527492523,3.657301902770996
1610,3.939984083175659,0.2858455181121826,3.6541385650634766
1611,3.9664864540100098,0.29337072372436523,3.6731157302856445
1612,3.9367823600769043,0.28220880031585693,3.654573440551758
1613,3.94081449508667,0.30251771211624146,3.6382968425750732
1614,3.9434993267059326,0.28262919187545776,3.66087007522583
1615,3.973215341567993,0.2975645065307617,3.6756508350372314
1616,3.978856086730957,0.32166147232055664,3.6571946144104004
1617,3.9610822200775146,0.29490402340888977,3.6661782264709473
1618,3.9525034427642822,0.27729302644729614,3.675210475921631
1619,3.9631412029266357,0.2958809733390808,3.66726016998291
1620,3.9776628017425537,0.3021075129508972,3.6755552291870117
1621,3.968679666519165,0.3028414249420166,3.6658382415771484
1622,3.9913179874420166,0.3183291554450989,3.6729888916015625
1623,3.973665237426758,0.32171255350112915,3.6519527435302734
1624,3.9711995124816895,0.29138779640197754,3.679811716079712
1625,3.9698262214660645,0.30110499262809753,3.6687211990356445
1626,3.951474905014038,0.2681346535682678,3.683340311050415
1627,3.972672939300537,0.2941543757915497,3.678518533706665
1628,3.9860897064208984,0.3082391619682312,3.6778504848480225
1629,3.9890286922454834,0.30838707089424133,3.6806416511535645
1630,3.965430974960327,0.3020627200603485,3.6633682250976562
1631,3.979607343673706,0.3333212435245514,3.6462860107421875
1632,3.9599390029907227,0.28901830315589905,3.6709206104278564
1633,3.947723865509033,0.26916325092315674,3.678560495376587
1634,4.003304481506348,0.3200952708721161,3.683209180831909
1635,4.0082879066467285,0.3130740821361542,3.695214033126831
1636,3.9856550693511963,0.33267664909362793,3.6529784202575684
1637,3.9499971866607666,0.27213984727859497,3.6778573989868164
1638,3.976827383041382,0.31175774335861206,3.665069580078125
1639,3.9340109825134277,0.2878202497959137,3.646190643310547
1640,3.977820634841919,0.29606977105140686,3.681750774383545
1641,3.9658806324005127,0.30129098892211914,3.6645896434783936
1642,3.990095615386963,0.3072347640991211,3.682860851287842
1643,3.965651750564575,0.30362123250961304,3.6620304584503174
1644,3.989067792892456,0.30676624178886414,3.6823015213012695
1645,3.9913201332092285,0.3091766834259033,3.682143449783325
1646,3.9376118183135986,0.2740815579891205,3.6635303497314453
1647,3.9498581886291504,0.300071120262146,3.649786949157715
1648,3.98152494430542,0.30050456523895264,3.6810202598571777
1649,4.009668827056885,0.343171089887619,3.6664979457855225
1650,3.9563047885894775,0.28762364387512207,3.6686811447143555
1651,3.9041459560394287,0.2493368685245514,3.65480899810791
1652,4.000155925750732,0.328861802816391,3.6712942123413086
1653,3.9938862323760986,0.30448076128959656,3.6894054412841797
1654,3.9448156356811523,0.2894999086856842,3.655315637588501
1655,3.96761417388916,0.30316442251205444,3.664449691772461
1656,3.9759175777435303,0.3076309561729431,3.6682865619659424
1657,4.014593124389648,0.30899354815483093,3.705599784851074
1658,3.9633798599243164,0.3037869334220886,3.659592866897583
1659,3.9542179107666016,0.2874056100845337,3.6668121814727783
1660,3.996023416519165,0.3109992444515228,3.6850242614746094
1661,3.949824094772339,0.29066723585128784,3.6591567993164062
1662,3.986052989959717,0.31050485372543335,3.6755480766296387
1663,3.9777116775512695,0.30538710951805115,3.6723246574401855
1664,3.9308555126190186,0.29394006729125977,3.636915445327759
1665,3.955458641052246,0.28667593002319336,3.6687827110290527
1666,3.9622039794921875,0.31291913986206055,3.649284839630127
1667,3.9802329540252686,0.32437700033187866,3.655855894088745
1668,3.9577794075012207,0.2849407196044922,3.6728386878967285
1669,3.954117774963379,0.2916112542152405,3.662506580352783
1670,3.9572370052337646,0.28543680906295776,3.671800136566162
1671,3.9834177494049072,0.3187411427497864,3.6646766662597656
1672,3.9563214778900146,0.2964842915534973,3.659837245941162
1673,3.973529100418091,0.30985093116760254,3.6636781692504883
1674,4.010201454162598,0.33494311571121216,3.6752583980560303
1675,3.9746572971343994,0.3003186583518982,3.6743385791778564
1676,3.916628837585449,0.27638500928878784,3.6402437686920166
1677,3.950593948364258,0.2937644124031067,3.656829595565796
1678,3.9387381076812744,0.2841714322566986,3.654566764831543
1679,3.9633967876434326,0.2961423397064209,3.6672544479370117
1680,3.954026937484741,0.3021356165409088,3.6518912315368652
1681,4.00073766708374,0.3136669993400574,3.687070608139038
1682,3.971825361251831,0.30083340406417847,3.670991897583008
1683,3.9904839992523193,0.3217718005180359,3.6687121391296387
1684,3.9988889694213867,0.32654237747192383,3.672346591949463
1685,3.940877914428711,0.2841950058937073,3.6566829681396484
1686,3.9807322025299072,0.31302914023399353,3.667703151702881
1687,3.9889168739318848,0.3216439485549927,3.6672730445861816
1688,3.947380542755127,0.2834691107273102,3.6639113426208496
1689,3.9618332386016846,0.29298537969589233,3.6688477993011475
1690,3.964231014251709,0.2875688970088959,3.6766622066497803
1691,3.973583936691284,0.3005228042602539,3.6730611324310303
1692,3.9467673301696777,0.30515098571777344,3.6416163444519043
1693,4.02017068862915,0.32662323117256165,3.693547248840332
1694,3.9826760292053223,0.3018651008605957,3.6808109283447266
1695,3.9944710731506348,0.330573171377182,3.66389799118042
1696,4.00299596786499,0.3219074010848999,3.681088447570801
1697,3.9641623497009277,0.30412235856056213,3.6600399017333984
1698,3.972381591796875,0.2822922468185425,3.690089225769043
1699,3.956695795059204,0.2733565866947174,3.6833391189575195
1700,3.9717037677764893,0.30651217699050903,3.665191650390625
1701,3.9840567111968994,0.28684598207473755,3.6972107887268066
1702,3.963977575302124,0.29534077644348145,3.6686367988586426
1703,3.9849600791931152,0.31086796522140503,3.6740920543670654
1704,3.939467430114746,0.27848005294799805,3.660987377166748
1705,3.987743616104126,0.3151882290840149,3.672555446624756
1706,3.960075616836548,0.295055091381073,3.66502046585083
1707,3.9406938552856445,0.29826438426971436,3.6424295902252197
1708,4.001226425170898,0.32026907801628113,3.680957317352295
1709,3.9452426433563232,0.28724971413612366,3.6579928398132324
1710,4.002918720245361,0.3155902624130249,3.687328338623047
1711,3.933955669403076,0.27552855014801025,3.6584272384643555
1712,3.9920296669006348,0.3293088972568512,3.6627206802368164
1713,3.945721387863159,0.2731002867221832,3.672621011734009
1714,3.991117000579834,0.3257007896900177,3.6654162406921387
1715,3.986992359161377,0.3057626187801361,3.681229829788208
1716,3.9969074726104736,0.331371545791626,3.6655359268188477
1717,3.985201835632324,0.29864251613616943,3.6865592002868652
1718,3.974066734313965,0.30560219287872314,3.6684646606445312
1719,4.00093412399292,0.31698745489120483,3.6839466094970703
1720,3.969121217727661,0.29416966438293457,3.6749515533447266
1721,4.0025200843811035,0.3039182424545288,3.698601722717285
1722,3.935962438583374,0.2806472182273865,3.6553151607513428
1723,3.993131399154663,0.3270704746246338,3.6660609245300293
1724,4.030909061431885,0.3388093113899231,3.6920998096466064
1725,3.956792116165161,0.29563990235328674,3.6611521244049072
1726,3.9803314208984375,0.32458561658859253,3.6557457447052
1727,4.000310897827148,0.30954936146736145,3.6907615661621094
1728,3.984037399291992,0.3054772615432739,3.6785600185394287
1729,3.988585948944092,0.30670034885406494,3.6818857192993164
1730,3.97053861618042,0.2951242923736572,3.6754143238067627
1731,3.991036891937256,0.3126300573348999,3.6784067153930664
1732,3.9932961463928223,0.316177636384964,3.6771185398101807
1733,3.969367027282715,0.3113608956336975,3.658006191253662
1734,3.946959972381592,0.28080999851226807,3.6661500930786133
1735,3.9993538856506348,0.3304551839828491,3.668898582458496
1736,3.9434266090393066,0.2920653820037842,3.6513612270355225
1737,4.003303050994873,0.32419872283935547,3.6791043281555176
1738,3.936117172241211,0.26876431703567505,3.6673529148101807
1739,3.9659080505371094,0.3091871738433838,3.6567208766937256
1740,3.9740636348724365,0.3222735524177551,3.651790142059326
1741,3.9472970962524414,0.30048128962516785,3.646815776824951
1742,3.952864646911621,0.2919326722621918,3.6609320640563965
1743,3.993245840072632,0.3155768811702728,3.677669048309326
1744,3.9832239151000977,0.31364938616752625,3.669574499130249
1745,3.94948410987854,0.2988435924053192,3.6506404876708984
1746,3.975231409072876,0.30245858430862427,3.6727728843688965
1747,3.9627809524536133,0.29870831966400146,3.6640727519989014
1748,3.9628984928131104,0.29912227392196655,3.663776159286499
1749,3.973513126373291,0.2865208387374878,3.6869921684265137
1750,3.9949777126312256,0.3239567279815674,3.671020984649658
1751,3.934799909591675,0.2915422022342682,3.6432576179504395
1752,4.009365558624268,0.3163430094718933,3.6930227279663086
1753,3.9840312004089355,0.3036923408508301,3.6803388595581055
1754,3.9810843467712402,0.31320199370384216,3.6678824424743652
1755,3.968064546585083,0.2981700301170349,3.6698944568634033
1756,4.0049357414245605,0.3287968039512634,3.6761388778686523
1757,3.951598882675171,0.2759201228618622,3.6756787300109863
1758,3.9413199424743652,0.27829405665397644,3.6630258560180664
1759,3.9679760932922363,0.29083767533302307,3.677138328552246
1760,3.9992942810058594,0.3370159864425659,3.662278175354004
1761,3.9480385780334473,0.28551846742630005,3.662520170211792
1762,3.955040216445923,0.29099538922309875,3.6640448570251465
1763,3.950270891189575,0.2909753918647766,3.6592955589294434
1764,3.961203098297119,0.3103684186935425,3.650834798812866
1765,3.9427576065063477,0.28338706493377686,3.6593704223632812
1766,3.958972930908203,0.30062538385391235,3.6583476066589355
1767,3.9736618995666504,0.30487260222435,3.6687893867492676
1768,3.9428608417510986,0.27307209372520447,3.6697888374328613
1769,3.9877893924713135,0.3222348690032959,3.6655545234680176
1770,3.97473406791687,0.2915346622467041,3.683199405670166
1771,4.006444454193115,0.3267434239387512,3.679701089859009
1772,3.993049144744873,0.3190145492553711,3.674034595489502
1773,3.9556453227996826,0.2979191243648529,3.657726287841797
1774,3.9218153953552246,0.27868348360061646,3.643131971359253
1775,3.974215507507324,0.30369091033935547,3.6705245971679688
1776,4.011107444763184,0.33079975843429565,3.6803078651428223
1777,3.9751811027526855,0.3102940320968628,3.664886951446533
1778,3.9414806365966797,0.2763611078262329,3.6651196479797363
1779,3.963740348815918,0.28792673349380493,3.675813674926758
1780,3.9792051315307617,0.29976600408554077,3.679439067840576
1781,3.9720351696014404,0.2865212559700012,3.685513973236084
1782,3.9124722480773926,0.2608414888381958,3.6516306400299072
1783,3.963733673095703,0.28599441051483154,3.677739143371582
1784,3.973737955093384,0.3054251968860626,3.6683127880096436
1785,3.979830741882324,0.29978135228157043,3.680049419403076
1786,3.963486671447754,0.28996413946151733,3.673522472381592
1787,3.998587131500244,0.3223782777786255,3.676208734512329
1788,3.9575045108795166,0.30227452516555786,3.6552300453186035
1789,4.01032829284668,0.34734630584716797,3.6629819869995117
1790,3.954744815826416,0.30250900983810425,3.652235746383667
1791,4.018298149108887,0.3189779818058014,3.6993203163146973
1792,3.9807093143463135,0.31665176153182983,3.664057493209839
1793,3.947819709777832,0.2877446115016937,3.6600751876831055
1794,3.966930627822876,0.30236148834228516,3.664569139480591
1795,3.9864137172698975,0.3220442235469818,3.664369583129883
1796,3.969170331954956,0.2897169888019562,3.6794533729553223
1797,3.973095417022705,0.31086504459381104,3.6622302532196045
1798,3.9745864868164062,0.30394458770751953,3.6706418991088867
1799,3.9616360664367676,0.3062093257904053,3.6554267406463623
1800,3.9831032752990723,0.3188977837562561,3.664205551147461
1801,3.9447288513183594,0.27342408895492554,3.671304702758789
1802,3.9477319717407227,0.28953319787979126,3.658198833465576
1803,3.981675386428833,0.29765090346336365,3.6840245723724365
1804,3.9592819213867188,0.28876838088035583,3.67051362991333
1805,3.9431869983673096,0.287495881319046,3.655691146850586
1806,3.95617413520813,0.2963177263736725,3.6598563194274902
1807,3.9366986751556396,0.27025920152664185,3.6664395332336426
1808,3.9548566341400146,0.2708795368671417,3.6839771270751953
1809,4.000212669372559,0.301460862159729,3.698751926422119
1810,3.922657012939453,0.27242398262023926,3.650233030319214
1811,3.9130187034606934,0.2617226839065552,3.6512961387634277
1812,3.9695522785186768,0.29517287015914917,3.674379348754883
1813,3.9699289798736572,0.3063548505306244,3.66357421875
1814,3.954716205596924,0.28937971591949463,3.6653366088867188
1815,4.020688056945801,0.3330317735671997,3.6876564025878906
1816,3.9620604515075684,0.2982332408428192,3.6638271808624268
1817,3.976043224334717,0.29681551456451416,3.679227828979492
1818,3.9391889572143555,0.29242753982543945,3.646761417388916
1819,3.9923996925354004,0.3131808936595917,3.6792187690734863
1820,3.977402687072754,0.30409684777259827,3.6733057498931885
1821,3.9438865184783936,0.2788698673248291,3.6650166511535645
1822,3.9995193481445312,0.3180953860282898,3.6814239025115967
1823,3.9741177558898926,0.2937141954898834,3.680403470993042
1824,3.999903678894043,0.31023967266082764,3.689663887023926
1825,3.971118688583374,0.31333136558532715,3.657787322998047
1826,3.951024055480957,0.27600574493408203,3.675018310546875
1827,3.973633289337158,0.28632307052612305,3.687310218811035
1828,3.9533133506774902,0.2827696204185486,3.670543670654297
1829,3.9665284156799316,0.30267584323883057,3.6638526916503906
1830,3.9502382278442383,0.3098636865615845,3.6403746604919434
1831,3.946162462234497,0.28958478569984436,3.6565775871276855
1832,3.935885429382324,0.2910732328891754,3.6448121070861816
1833,3.9402410984039307,0.2910807728767395,3.649160385131836
1834,3.994450807571411,0.31403034925460815,3.680420398712158
1835,3.9389991760253906,0.2773335576057434,3.661665678024292
1836,3.9753336906433105,0.3107641339302063,3.664569616317749
1837,3.976296901702881,0.3099685311317444,3.6663284301757812
1838,3.9591012001037598,0.29207080602645874,3.6670303344726562
1839,3.9590890407562256,0.2981197237968445,3.6609692573547363
1840,3.955775499343872,0.28764835000038147,3.6681270599365234
1841,3.975292682647705,0.3028750717639923,3.672417640686035
1842,3.9828333854675293,0.31431150436401367,3.6685218811035156
1843,3.950287342071533,0.2718985080718994,3.678388833999634
1844,4.009342193603516,0.335776686668396,3.673565626144409
1845,3.9743258953094482,0.29088544845581055,3.6834404468536377
1846,3.9525349140167236,0.3012281358242035,3.6513068675994873
1847,3.960773468017578,0.2749078571796417,3.685865640640259
1848,3.9284725189208984,0.27486661076545715,3.6536059379577637
1849,3.9540934562683105,0.29527607560157776,3.6588172912597656
1850,3.9664812088012695,0.2846776843070984,3.6818034648895264
1851,3.9585790634155273,0.28541702032089233,3.6731619834899902
1852,3.936004161834717,0.2846392095088959,3.651365041732788
1853,3.9841911792755127,0.30914634466171265,3.6750447750091553
1854,3.940863609313965,0.26637783646583557,3.674485683441162
1855,3.9627981185913086,0.2947854697704315,3.6680126190185547
1856,3.9725916385650635,0.30063337087631226,3.6719582080841064
1857,3.9294161796569824,0.2570509612560272,3.672365188598633
1858,3.9442460536956787,0.2830774188041687,3.6611685752868652
1859,3.95377254486084,0.2862255573272705,3.6675469875335693
1860,3.950608491897583,0.27916935086250305,3.6714391708374023
1861,3.9467968940734863,0.2707791328430176,3.6760177612304688
1862,3.9758870601654053,0.2911834418773651,3.6847035884857178
1863,3.9263203144073486,0.2743377089500427,3.651982545852661
1864,3.89793062210083,0.2708331346511841,3.6270976066589355
1865,4.000080108642578,0.32389402389526367,3.6761858463287354
1866,3.9534685611724854,0.2775142788887024,3.6759543418884277
1867,3.9380991458892822,0.2927563488483429,3.6453428268432617
1868,3.9542670249938965,0.29072368144989014,3.663543224334717
1869,3.960087299346924,0.30285680294036865,3.6572303771972656
1870,3.942988395690918,0.30441999435424805,3.63856840133667
1871,3.9374642372131348,0.2556331753730774,3.681831121444702
1872,3.9465653896331787,0.279607355594635,3.6669580936431885
1873,3.929448127746582,0.2832125425338745,3.646235466003418
1874,3.9330379962921143,0.29214024543762207,3.640897750854492
1875,3.9320385456085205,0.2732977867126465,3.658740758895874
1876,4.002068042755127,0.31587308645248413,3.686195135116577
1877,3.9473018646240234,0.27473440766334534,3.672567367553711
1878,3.9932303428649902,0.305363267660141,3.6878671646118164
1879,3.953366279602051,0.2931676506996155,3.66019868850708
1880,3.952920436859131,0.28322163224220276,3.669698715209961
1881,3.95458722114563,0.2959900498390198,3.658597230911255
1882,3.8983023166656494,0.2458503693342209,3.652451992034912
1883,3.965413808822632,0.29601162672042847,3.6694021224975586
1884,3.950868844985962,0.27473244071006775,3.6761364936828613
1885,3.993624210357666,0.32610785961151123,3.6675162315368652
1886,3.9962291717529297,0.3093280792236328,3.686901092529297
1887,3.967338800430298,0.31224706768989563,3.6550917625427246
1888,3.9522109031677246,0.28874731063842773,3.663463592529297
1889,3.950021505355835,0.2924010455608368,3.657620429992676
1890,3.964270830154419,0.2752072215080261,3.689063549041748
1891,3.9415459632873535,0.2863888740539551,3.6551570892333984
1892,3.9573748111724854,0.2919495105743408,3.6654253005981445
1893,3.963742733001709,0.2852303683757782,3.6785123348236084
1894,3.934342384338379,0.2883692979812622,3.6459732055664062
1895,3.9828290939331055,0.3150445222854614,3.6677846908569336
1896,3.9930264949798584,0.32466092705726624,3.668365478515625
1897,3.9174532890319824,0.280426561832428,3.637026786804199
1898,3.9801290035247803,0.32876139879226685,3.651367664337158
1899,3.9777207374572754,0.3028212785720825,3.6748995780944824
1900,4.004473686218262,0.3323509693145752,3.6721224784851074
1901,3.995422601699829,0.3220970928668976,3.673325538635254
1902,3.9604220390319824,0.2848626375198364,3.6755595207214355
1903,3.956782817840576,0.29591989517211914,3.660862922668457
1904,3.973883628845215,0.298486590385437,3.6753969192504883
1905,3.960965156555176,0.2870115041732788,3.6739535331726074
1906,3.9496750831604004,0.27795976400375366,3.671715259552002
1907,3.9569694995880127,0.2853863835334778,3.6715831756591797
1908,3.9866020679473877,0.3193308711051941,3.667271137237549
1909,3.9732890129089355,0.3019009828567505,3.6713881492614746
1910,3.990032196044922,0.3272134065628052,3.6628189086914062
1911,3.960719347000122,0.2944560945034027,3.6662633419036865
1912,3.970791816711426,0.2929011583328247,3.6778907775878906
1913,3.927426338195801,0.2823573350906372,3.645069122314453
1914,3.9494502544403076,0.29101938009262085,3.658430814743042
1915,3.9713072776794434,0.3080707788467407,3.663236618041992
1916,3.971501350402832,0.28252166509628296,3.6889796257019043
1917,3.980363130569458,0.30542677640914917,3.674936294555664
1918,3.9714901447296143,0.2964227497577667,3.67506742477417
1919,3.9655184745788574,0.3042352795600891,3.661283254623413
1920,3.939408540725708,0.29858431220054626,3.640824317932129
1921,3.9800519943237305,0.31355080008506775,3.66650128364563
1922,3.9795455932617188,0.3072502017021179,3.672295331954956
1923,3.9725615978240967,0.30471915006637573,3.667842388153076
1924,3.9619553089141846,0.29690688848495483,3.665048360824585
1925,3.930520534515381,0.27074936032295227,3.659771203994751
1926,3.977445363998413,0.306837260723114,3.6706080436706543
1927,3.9442031383514404,0.26959651708602905,3.6746065616607666
1928,3.9772391319274902,0.31742429733276367,3.6598148345947266
1929,3.9888367652893066,0.30648547410964966,3.6823513507843018
1930,3.964566469192505,0.2904006838798523,3.674165725708008
1931,3.955034017562866,0.29773613810539246,3.6572978496551514
1932,3.9520647525787354,0.2808258533477783,3.671238899230957
1933,3.9589712619781494,0.3019382357597351,3.6570329666137695
1934,3.977266788482666,0.3255695700645447,3.6516971588134766
1935,3.9746859073638916,0.30234724283218384,3.6723387241363525
1936,3.9677348136901855,0.29735124111175537,3.6703834533691406
1937,3.9854936599731445,0.3132442831993103,3.6722493171691895
1938,3.976193428039551,0.3283746540546417,3.6478188037872314
1939,3.9278781414031982,0.2750256061553955,3.6528525352478027
1940,3.955584764480591,0.2817925810813904,3.6737921237945557
1941,3.9336862564086914,0.28056108951568604,3.653125286102295
1942,3.979137897491455,0.2890320122241974,3.69010591506958
1943,3.9393320083618164,0.2807121276855469,3.6586198806762695
1944,3.9352385997772217,0.2717340588569641,3.6635046005249023
1945,3.9664242267608643,0.2976200580596924,3.668804168701172
1946,3.9617960453033447,0.30838796496391296,3.6534080505371094
1947,3.9572689533233643,0.2879302501678467,3.6693387031555176
1948,3.9262523651123047,0.2742961645126343,3.651956081390381
1949,3.9594287872314453,0.2998451590538025,3.659583568572998
1950,3.9783194065093994,0.3002426028251648,3.67807674407959
1951,3.9338219165802,0.2767217457294464,3.657100200653076
1952,3.9209158420562744,0.27295994758605957,3.647955894470215
1953,3.959211826324463,0.2923095226287842,3.6669023036956787
1954,3.945314884185791,0.2765003442764282,3.6688146591186523
1955,3.9393179416656494,0.2814674377441406,3.657850503921509
1956,3.9332706928253174,0.2809349596500397,3.6523356437683105
1957,3.967602014541626,0.2888633608818054,3.678738594055176
1958,3.9513726234436035,0.3113154172897339,3.64005708694458
1959,3.9525747299194336,0.300327330827713,3.652247428894043
1960,3.9241576194763184,0.2811976671218872,3.6429600715637207
1961,4.003420352935791,0.32819175720214844,3.6752285957336426
1962,3.940427541732788,0.29748138785362244,3.642946243286133
1963,3.9680676460266113,0.27880096435546875,3.6892666816711426
1964,3.9559333324432373,0.2827005088329315,3.6732327938079834
1965,3.9734089374542236,0.29852670431137085,3.674882173538208
1966,3.9157581329345703,0.2658328711986542,3.6499252319335938
1967,3.9574403762817383,0.2886255979537964,3.6688146591186523
1968,4.003063201904297,0.3279693126678467,3.675093650817871
1969,3.9432315826416016,0.27641093730926514,3.666820526123047
1970,3.9574766159057617,0.2871021032333374,3.670374631881714
1971,3.979374885559082,0.31965065002441406,3.659724235534668
1972,3.99656081199646,0.31258121132850647,3.6839795112609863
1973,3.956937789916992,0.2942405343055725,3.6626973152160645
1974,3.9792187213897705,0.31018704175949097,3.6690316200256348
1975,3.947049379348755,0.29332417249679565,3.6537251472473145
1976,3.9598305225372314,0.30825075507164,3.6515798568725586
1977,3.937431812286377,0.2789267301559448,3.6585052013397217
1978,3.9479825496673584,0.28273552656173706,3.6652469635009766
1979,3.9836337566375732,0.30557364225387573,3.6780600547790527
1980,3.9450180530548096,0.2812359035015106,3.6637821197509766
1981,3.9648022651672363,0.28403425216674805,3.6807680130004883
1982,3.98063063621521,0.3156368136405945,3.6649937629699707
1983,3.938748359680176,0.27386677265167236,3.664881467819214
1984,3.93441104888916,0.2928978502750397,3.6415131092071533
1985,3.980499505996704,0.2951258718967438,3.685373544692993
1986,3.9656264781951904,0.2914217412471771,3.6742048263549805
1987,3.9748098850250244,0.30431050062179565,3.670499324798584
1988,3.9681382179260254,0.2938457727432251,3.67429256439209
1989,3.962897539138794,0.28760290145874023,3.6752946376800537
1990,3.96006178855896,0.29338932037353516,3.666672468185425
1991,3.9326510429382324,0.2758665084838867,3.6567845344543457
1992,3.9710588455200195,0.29585736989974976,3.675201416015625
1993,3.952288866043091,0.28417477011680603,3.668114185333252
1994,3.9479153156280518,0.2847062945365906,3.6632089614868164
1995,3.983222484588623,0.2877855896949768,3.695436954498291
1996,3.958517074584961,0.2899326682090759,3.6685843467712402
1997,3.9196887016296387,0.25239336490631104,3.667295217514038
1998,3.9580142498016357,0.3046419620513916,3.653372287750244
1999,3.9336819648742676,0.2659108638763428,3.667771100997925
