Step,Tr_Loss,Value_Loss,Policy_Loss
0,4.016432762145996,0.37846797704696655,3.6379647254943848
1,4.030420303344727,0.37806573510169983,3.6523544788360596
2,4.03700065612793,0.38554584980010986,3.6514549255371094
3,4.059444904327393,0.39636528491973877,3.6630797386169434
4,4.037808895111084,0.37557780742645264,3.662231206893921
5,4.024765491485596,0.38897985219955444,3.6357858180999756
6,4.073008060455322,0.41419386863708496,3.6588141918182373
7,4.010772228240967,0.3539281487464905,3.656844139099121
8,4.009708881378174,0.36767905950546265,3.6420300006866455
9,4.047529697418213,0.39152079820632935,3.6560089588165283
10,4.0353875160217285,0.3708520531654358,3.6645352840423584
11,4.053428649902344,0.4071371555328369,3.6462912559509277
12,4.021487236022949,0.36750948429107666,3.653977870941162
13,4.0313005447387695,0.38122183084487915,3.650078773498535
14,4.080193996429443,0.40426841378211975,3.6759257316589355
15,4.041513919830322,0.39518243074417114,3.646331548690796
16,4.035391330718994,0.383929044008255,3.6514620780944824
17,4.05637264251709,0.3780311942100525,3.6783413887023926
18,4.041024684906006,0.3907356560230255,3.6502890586853027
19,4.040815353393555,0.38219207525253296,3.658623456954956
20,4.023088455200195,0.3653549551963806,3.657733678817749
21,4.02027702331543,0.3652876615524292,3.65498948097229
22,4.0345258712768555,0.3740273416042328,3.66049861907959
23,4.053772926330566,0.39572858810424805,3.6580445766448975
24,4.030937671661377,0.369398832321167,3.66153883934021
25,4.034286022186279,0.367801696062088,3.6664843559265137
26,4.045205593109131,0.3876107931137085,3.657594919204712
27,4.037161827087402,0.38470083475112915,3.652460813522339
28,4.027597904205322,0.3749379515647888,3.6526601314544678
29,3.9967586994171143,0.3457779288291931,3.6509807109832764
30,4.052659511566162,0.40352627635002136,3.6491334438323975
31,4.026638507843018,0.3769635558128357,3.649675130844116
32,4.01455545425415,0.3724551200866699,3.6421003341674805
33,4.041844844818115,0.3884707987308502,3.653374195098877
34,4.0610270500183105,0.39267265796661377,3.6683545112609863
35,4.077652931213379,0.4220961034297943,3.6555566787719727
36,4.0624799728393555,0.40523281693458557,3.6572470664978027
37,4.069267749786377,0.41286975145339966,3.656398057937622
38,4.026823997497559,0.377907931804657,3.648916244506836
39,4.019555568695068,0.37226054072380066,3.6472949981689453
40,4.056467056274414,0.40859702229499817,3.6478700637817383
41,4.054937839508057,0.41388922929763794,3.6410484313964844
42,4.042733669281006,0.39810988306999207,3.6446239948272705
43,4.042768955230713,0.37986481189727783,3.6629040241241455
44,4.025428295135498,0.3696202039718628,3.6558079719543457
45,4.008179187774658,0.36362969875335693,3.6445493698120117
46,4.040388107299805,0.373223215341568,3.6671650409698486
47,4.062738418579102,0.39193814992904663,3.67080020904541
48,4.0231122970581055,0.3539181053638458,3.669194221496582
49,4.0348005294799805,0.3942527770996094,3.640547752380371
50,4.070303440093994,0.4218684732913971,3.648435115814209
51,4.10373067855835,0.4184233546257019,3.685307502746582
52,4.030665397644043,0.3944427967071533,3.6362228393554688
53,4.03711462020874,0.3764364719390869,3.6606781482696533
54,3.996770143508911,0.3328372836112976,3.6639328002929688
55,4.019865036010742,0.3558456003665924,3.6640195846557617
56,3.999774932861328,0.3515051603317261,3.6482696533203125
57,4.0424604415893555,0.3870067000389099,3.65545392036438
58,4.009257793426514,0.3618012070655823,3.647456407546997
59,4.061915874481201,0.3958014249801636,3.666114330291748
60,3.9829046726226807,0.34323957562446594,3.639665126800537
61,4.056803226470947,0.4008888304233551,3.655914306640625
62,4.033553600311279,0.3686158359050751,3.664937973022461
63,4.033854961395264,0.37409451603889465,3.6597604751586914
64,4.0659027099609375,0.39654380083084106,3.669358730316162
65,4.0354719161987305,0.3840457797050476,3.651426315307617
66,4.023220062255859,0.3651517629623413,3.6580684185028076
67,4.048408031463623,0.4062029719352722,3.642205238342285
68,4.037638187408447,0.38631540536880493,3.651322841644287
69,4.032012939453125,0.36955609917640686,3.66245698928833
70,4.0460638999938965,0.39150840044021606,3.654555559158325
71,4.022014617919922,0.372488796710968,3.6495258808135986
72,4.039773941040039,0.3688448667526245,3.670929193496704
73,3.9972336292266846,0.37146347761154175,3.625770092010498
74,4.017292499542236,0.35808488726615906,3.659207820892334
75,4.078596591949463,0.43209296464920044,3.646503448486328
76,4.045620441436768,0.3762419819831848,3.6693782806396484
77,4.015085697174072,0.37756726145744324,3.6375184059143066
78,4.049936771392822,0.39869797229766846,3.6512389183044434
79,4.037136077880859,0.3885643482208252,3.6485719680786133
80,4.050934314727783,0.3930598199367523,3.657874584197998
81,4.042590618133545,0.3835347294807434,3.659055709838867
82,4.009703159332275,0.37523192167282104,3.6344714164733887
83,4.050763130187988,0.38658565282821655,3.664177417755127
84,4.05199670791626,0.3793625831604004,3.6726341247558594
85,4.0035552978515625,0.36830073595046997,3.635254383087158
86,4.030888557434082,0.37826597690582275,3.652622699737549
87,4.0679779052734375,0.40213730931282043,3.6658406257629395
88,4.054643154144287,0.3904823958873749,3.66416072845459
89,3.9937918186187744,0.34911423921585083,3.6446776390075684
90,4.045372009277344,0.3841961622238159,3.6611757278442383
91,4.049482822418213,0.39046573638916016,3.6590170860290527
92,4.058568000793457,0.3914780020713806,3.6670901775360107
93,4.007421016693115,0.3691818118095398,3.6382393836975098
94,4.037849426269531,0.3790329694747925,3.658816337585449
95,4.052218437194824,0.38832640647888184,3.6638917922973633
96,4.023063659667969,0.36749258637428284,3.6555709838867188
97,4.057444095611572,0.39259088039398193,3.664853096008301
98,4.028525352478027,0.38083386421203613,3.6476917266845703
99,4.0372843742370605,0.39701327681541443,3.6402711868286133
100,3.9954354763031006,0.34100085496902466,3.6544346809387207
101,4.060422420501709,0.40063443779945374,3.659788131713867
102,4.0275774002075195,0.3913496732711792,3.636227607727051
103,4.025056838989258,0.34920573234558105,3.6758508682250977
104,3.9918205738067627,0.3493840992450714,3.6424365043640137
105,4.06597900390625,0.3987545967102051,3.667224407196045
106,4.048884868621826,0.3869103789329529,3.6619744300842285
107,4.057055950164795,0.39035212993621826,3.666703701019287
108,4.01107931137085,0.3730279803276062,3.6380515098571777
109,4.077317237854004,0.41847217082977295,3.6588449478149414
110,4.033130645751953,0.375577449798584,3.6575534343719482
111,4.0450639724731445,0.39846348762512207,3.6466007232666016
112,4.045055389404297,0.3939979076385498,3.651057720184326
113,4.061412811279297,0.3974950909614563,3.6639177799224854
114,4.06631326675415,0.40411698818206787,3.662196159362793
115,4.0250563621521,0.34543853998184204,3.6796178817749023
116,4.026665210723877,0.3870900571346283,3.639575242996216
117,4.020620822906494,0.3726392686367035,3.6479814052581787
118,4.071083068847656,0.40731340646743774,3.6637697219848633
119,4.0108537673950195,0.3796616494655609,3.631192207336426
120,4.018441200256348,0.3646645247936249,3.6537766456604004
121,4.06901741027832,0.41566064953804016,3.6533565521240234
122,4.0437445640563965,0.3815156817436218,3.662229061126709
123,4.022641658782959,0.3558923006057739,3.6667494773864746
124,4.062372207641602,0.39963337779045105,3.662738800048828
125,4.058013439178467,0.3854250907897949,3.672588348388672
126,4.020595073699951,0.3547959327697754,3.665799140930176
127,4.036527633666992,0.371988981962204,3.664538860321045
128,4.030131816864014,0.3810650408267975,3.649066925048828
129,4.006991386413574,0.3522980511188507,3.654693365097046
130,4.07824182510376,0.4219575524330139,3.6562840938568115
131,4.059062480926514,0.3888043165206909,3.6702582836151123
132,3.972890853881836,0.34772011637687683,3.6251707077026367
133,4.020468235015869,0.36920320987701416,3.6512651443481445
134,4.05814790725708,0.4164815843105316,3.6416664123535156
135,4.029993057250977,0.39248496294021606,3.637507915496826
136,4.0459489822387695,0.38296929001808167,3.6629796028137207
137,4.077987194061279,0.3945485055446625,3.683438539505005
138,4.039613246917725,0.37289687991142273,3.6667163372039795
139,4.03560209274292,0.3745407462120056,3.6610612869262695
140,4.0012664794921875,0.35023972392082214,3.651026964187622
141,4.023684978485107,0.3791370391845703,3.644547939300537
142,4.015892505645752,0.3715478181838989,3.6443445682525635
143,4.043304920196533,0.3972717523574829,3.64603328704834
144,4.045858860015869,0.40706342458724976,3.6387956142425537
145,4.048583030700684,0.39532050490379333,3.6532623767852783
146,4.045587062835693,0.3792785704135895,3.6663084030151367
147,4.032721042633057,0.38336992263793945,3.649351119995117
148,4.0305328369140625,0.37063097953796387,3.6599020957946777
149,4.0214409828186035,0.36523324251174927,3.65620756149292
150,4.050897121429443,0.3856770396232605,3.665220260620117
151,3.9878854751586914,0.3374353349208832,3.6504502296447754
152,4.009708404541016,0.35927945375442505,3.6504287719726562
153,3.9980812072753906,0.35590115189552307,3.6421799659729004
154,4.029464244842529,0.3686247169971466,3.660839557647705
155,4.034603118896484,0.3689129948616028,3.6656901836395264
156,4.024773597717285,0.3731904625892639,3.651582956314087
157,4.060800075531006,0.414318710565567,3.646481513977051
158,4.049711227416992,0.3890210688114166,3.6606900691986084
159,4.051229000091553,0.39871931076049805,3.6525096893310547
160,4.071253299713135,0.40388381481170654,3.6673693656921387
161,4.026054859161377,0.38867467641830444,3.6373801231384277
162,4.027132987976074,0.38210374116897583,3.645029306411743
163,3.989488363265991,0.359816312789917,3.629672050476074
164,4.019068717956543,0.3831961154937744,3.6358723640441895
165,4.034187316894531,0.3930114209651947,3.6411759853363037
166,4.064693927764893,0.39633476734161377,3.6683590412139893
167,3.981969118118286,0.34033066034317017,3.6416385173797607
168,4.004031658172607,0.3488668203353882,3.6551647186279297
169,4.016496658325195,0.3820679187774658,3.6344287395477295
170,4.001710891723633,0.35044920444488525,3.651261806488037
171,3.9941837787628174,0.3533332645893097,3.64085054397583
172,4.056223392486572,0.37789973616600037,3.678323745727539
173,4.048314571380615,0.3797977566719055,3.6685166358947754
174,4.015349388122559,0.3621668219566345,3.6531825065612793
175,4.040001392364502,0.39623939990997314,3.6437621116638184
176,4.013178825378418,0.3537614643573761,3.6594173908233643
177,4.037874221801758,0.39033210277557373,3.6475419998168945
178,4.025600433349609,0.37120142579078674,3.6543989181518555
179,4.028476715087891,0.38899457454681396,3.639482021331787
180,4.008639335632324,0.3662800192832947,3.6423592567443848
181,4.039866924285889,0.37255167961120605,3.6673152446746826
182,4.045543193817139,0.3991047739982605,3.6464383602142334
183,4.044674396514893,0.3869386315345764,3.657735824584961
184,4.002614974975586,0.36960455775260925,3.6330103874206543
185,4.020711898803711,0.3767867088317871,3.643925428390503
186,4.053005218505859,0.39287662506103516,3.660128355026245
187,4.0479559898376465,0.40191811323165894,3.646038055419922
188,4.011239528656006,0.35173842310905457,3.659501075744629
189,4.00319766998291,0.3687865138053894,3.634411096572876
190,4.032059669494629,0.3714650273323059,3.6605947017669678
191,4.032129764556885,0.3795836269855499,3.652545928955078
192,4.061279773712158,0.3992588222026825,3.6620211601257324
193,4.013435363769531,0.35943031311035156,3.6540050506591797
194,3.984708309173584,0.35985004901885986,3.6248581409454346
195,4.026673316955566,0.37397289276123047,3.652700662612915
196,4.030355453491211,0.3870045244693756,3.643350839614868
197,4.021857738494873,0.3686627745628357,3.6531949043273926
198,3.9978668689727783,0.36545461416244507,3.6324121952056885
199,4.028512954711914,0.39317652583122253,3.6353366374969482
200,4.034657955169678,0.37841150164604187,3.6562464237213135
201,4.008371829986572,0.3670189082622528,3.641352891921997
202,4.01462459564209,0.36846923828125,3.6461551189422607
203,4.041090488433838,0.3683508038520813,3.6727395057678223
204,4.019399642944336,0.373909592628479,3.6454901695251465
205,4.073504447937012,0.4090557098388672,3.6644487380981445
206,4.025562286376953,0.3771817684173584,3.6483802795410156
207,3.9931015968322754,0.3555442690849304,3.6375572681427
208,4.017504692077637,0.36163973808288574,3.65586519241333
209,4.046271800994873,0.37559983134269714,3.6706719398498535
210,4.0075836181640625,0.36044302582740784,3.6471407413482666
211,4.0395026206970215,0.38992074131965637,3.6495816707611084
212,4.019623279571533,0.3605285882949829,3.65909481048584
213,4.035068511962891,0.38124340772628784,3.653825044631958
214,4.024171829223633,0.37744081020355225,3.64673113822937
215,4.047839164733887,0.3893914222717285,3.658447742462158
216,3.9967520236968994,0.361187219619751,3.6355648040771484
217,3.9883389472961426,0.35539543628692627,3.632943630218506
218,4.019904136657715,0.35332465171813965,3.666579484939575
219,4.069592475891113,0.40735504031181335,3.6622374057769775
220,4.048937797546387,0.39492058753967285,3.6540169715881348
221,4.026867866516113,0.3696187138557434,3.6572489738464355
222,4.045437335968018,0.3689972162246704,3.6764400005340576
223,4.041330814361572,0.36143672466278076,3.679893970489502
224,4.011564254760742,0.3690781593322754,3.642486095428467
225,3.974806547164917,0.32916951179504395,3.645637035369873
226,4.038176536560059,0.3815017342567444,3.65667462348938
227,4.063438415527344,0.4031008780002594,3.660337448120117
228,4.035480499267578,0.37078553438186646,3.6646950244903564
229,4.015373706817627,0.3656611442565918,3.649712562561035
230,4.039418697357178,0.37425076961517334,3.665167808532715
231,4.0394768714904785,0.38350987434387207,3.6559669971466064
232,4.043698310852051,0.3870452642440796,3.6566529273986816
233,3.965813159942627,0.3398275673389435,3.625985622406006
234,4.04461669921875,0.372249573469162,3.6723670959472656
235,4.015790939331055,0.36517223715782166,3.650618553161621
236,3.984530448913574,0.35196244716644287,3.632567882537842
237,4.012268543243408,0.35813313722610474,3.654135227203369
238,4.027421951293945,0.36962658166885376,3.6577954292297363
239,3.9889965057373047,0.3545040488243103,3.6344923973083496
240,4.028398036956787,0.3588927388191223,3.6695051193237305
241,4.008199691772461,0.36708733439445496,3.6411123275756836
242,4.067294597625732,0.3801102042198181,3.6871843338012695
243,3.937101125717163,0.30854281783103943,3.628558397293091
244,4.004222869873047,0.36596864461898804,3.638254404067993
245,4.051797389984131,0.3919134736061096,3.659883737564087
246,4.003233909606934,0.3455570340156555,3.657676935195923
247,4.010617256164551,0.3699915409088135,3.640625476837158
248,4.027484893798828,0.37250831723213196,3.6549766063690186
249,4.03215217590332,0.39303943514823914,3.639112710952759
250,4.0224833488464355,0.3692399263381958,3.6532435417175293
251,4.036808967590332,0.3720463514328003,3.664762496948242
252,3.9844346046447754,0.3528137803077698,3.6316208839416504
253,4.047189712524414,0.4017373323440552,3.6454524993896484
254,3.9968156814575195,0.33162933588027954,3.6651864051818848
255,4.005749225616455,0.36292505264282227,3.642824172973633
256,4.034604549407959,0.36443543434143066,3.6701691150665283
257,3.990797519683838,0.348630428314209,3.642167091369629
258,3.9834413528442383,0.32010775804519653,3.6633336544036865
259,3.99049711227417,0.34704840183258057,3.643448829650879
260,4.062304973602295,0.40335360169410706,3.6589515209198
261,4.033691883087158,0.3729129433631897,3.6607789993286133
262,4.0224528312683105,0.37087810039520264,3.6515748500823975
263,4.034433364868164,0.37106001377105713,3.6633732318878174
264,4.043162822723389,0.3913685083389282,3.65179443359375
265,3.97830867767334,0.339173823595047,3.6391348838806152
266,3.996690034866333,0.36208710074424744,3.6346030235290527
267,4.038498878479004,0.381985604763031,3.6565134525299072
268,4.009297847747803,0.3679199814796448,3.6413776874542236
269,4.029919147491455,0.3809410333633423,3.6489779949188232
270,4.020749568939209,0.3741994798183441,3.646549940109253
271,3.9911718368530273,0.34301701188087463,3.6481547355651855
272,4.016046047210693,0.3652275502681732,3.6508185863494873
273,4.010712623596191,0.3489474058151245,3.6617650985717773
274,4.011164665222168,0.3604429066181183,3.650721788406372
275,4.050698280334473,0.3866918385028839,3.664006233215332
276,4.053735733032227,0.3998255729675293,3.6539101600646973
277,4.056898593902588,0.3992270231246948,3.6576714515686035
278,4.0247673988342285,0.36607369780540466,3.658693790435791
279,4.026004314422607,0.3730791211128235,3.6529250144958496
280,4.03597354888916,0.36726635694503784,3.6687073707580566
281,4.008242130279541,0.3637996017932892,3.644442558288574
282,4.01656436920166,0.37747007608413696,3.639094352722168
283,4.029995918273926,0.3778131604194641,3.6521828174591064
284,4.033758640289307,0.3946602940559387,3.6390981674194336
285,4.0268144607543945,0.38138318061828613,3.6454315185546875
286,4.008032321929932,0.3697202801704407,3.6383118629455566
287,4.000617027282715,0.3665495812892914,3.6340675354003906
288,4.002047538757324,0.3540691137313843,3.6479785442352295
289,3.9966039657592773,0.3633522391319275,3.633251667022705
290,3.9988090991973877,0.35917404294013977,3.6396350860595703
291,4.006046772003174,0.3613891005516052,3.644657850265503
292,4.0326738357543945,0.38707292079925537,3.6456010341644287
293,4.026645660400391,0.3866593837738037,3.639986276626587
294,4.033533573150635,0.3777575194835663,3.655776023864746
295,4.00636625289917,0.3578428328037262,3.6485233306884766
296,3.9794435501098633,0.3263569474220276,3.6530866622924805
297,3.9733071327209473,0.35278600454330444,3.620521068572998
298,4.036073207855225,0.3984234929084778,3.6376495361328125
299,4.010855197906494,0.35349491238594055,3.657360076904297
300,4.041287422180176,0.376741886138916,3.664545774459839
301,4.008011817932129,0.3658626973628998,3.642148971557617
302,4.035972595214844,0.3851346969604492,3.6508376598358154
303,4.023562431335449,0.3553200960159302,3.6682424545288086
304,4.066632270812988,0.4007568061351776,3.6658754348754883
305,4.009583950042725,0.3715296685695648,3.638054132461548
306,4.073712348937988,0.40073078870773315,3.6729815006256104
307,3.9667439460754395,0.33655208349227905,3.6301918029785156
308,4.0384840965271,0.3781270384788513,3.6603569984436035
309,4.020048141479492,0.37177854776382446,3.6482694149017334
310,4.01982307434082,0.370479941368103,3.6493430137634277
311,3.98970365524292,0.3446478247642517,3.6450557708740234
312,4.038013458251953,0.3779330849647522,3.6600804328918457
313,3.9707658290863037,0.3233303427696228,3.647435426712036
314,3.979985475540161,0.3392062783241272,3.6407792568206787
315,3.9841508865356445,0.3448830842971802,3.639267683029175
316,4.0286173820495605,0.35060441493988037,3.6780128479003906
317,4.03800106048584,0.37318262457847595,3.664818286895752
318,3.933161735534668,0.30617183446884155,3.6269898414611816
319,4.067838191986084,0.40204039216041565,3.665797710418701
320,4.020324230194092,0.35237735509872437,3.6679468154907227
321,4.025168418884277,0.39288824796676636,3.6322803497314453
322,3.987985134124756,0.3289850652217865,3.6590001583099365
323,4.008524417877197,0.3539402186870575,3.6545844078063965
324,4.005166053771973,0.3586403727531433,3.6465258598327637
325,4.019075393676758,0.3681069016456604,3.650968313217163
326,4.021801948547363,0.3607445955276489,3.661057472229004
327,4.03371000289917,0.37675172090530396,3.6569581031799316
328,4.0042805671691895,0.3554011583328247,3.6488795280456543
329,4.029236316680908,0.3675006031990051,3.661735773086548
330,4.025665760040283,0.37864935398101807,3.6470165252685547
331,3.9773268699645996,0.352971613407135,3.6243553161621094
332,3.9987051486968994,0.3465547561645508,3.6521503925323486
333,4.026637077331543,0.3645699620246887,3.66206693649292
334,4.026267051696777,0.37280625104904175,3.65346097946167
335,4.013828277587891,0.3566557765007019,3.657172441482544
336,4.005161762237549,0.3589470684528351,3.646214485168457
337,4.019139289855957,0.3802691698074341,3.6388702392578125
338,4.042100429534912,0.3764258027076721,3.6656746864318848
339,4.024987697601318,0.3765621781349182,3.648425340652466
340,4.043588161468506,0.3696441650390625,3.6739439964294434
341,4.010928630828857,0.37540096044540405,3.6355276107788086
342,4.010312080383301,0.36721229553222656,3.643099784851074
343,4.054543495178223,0.3756965398788452,3.678847074508667
344,4.026828289031982,0.3674967885017395,3.6593313217163086
345,4.004334926605225,0.36352550983428955,3.6408092975616455
346,4.009256839752197,0.34938275814056396,3.6598739624023438
347,4.014991283416748,0.3853663504123688,3.629624843597412
348,4.008589744567871,0.3570997714996338,3.6514899730682373
349,4.013370513916016,0.3574909567832947,3.655879497528076
350,4.030059337615967,0.3848069906234741,3.645252227783203
351,3.995189666748047,0.34037309885025024,3.6548166275024414
352,4.019812107086182,0.3653964400291443,3.6544156074523926
353,4.006972312927246,0.36195945739746094,3.6450130939483643
354,4.00304651260376,0.3638083338737488,3.639238119125366
355,4.009123802185059,0.3651130795478821,3.644010543823242
356,4.052966594696045,0.39104291796684265,3.66192364692688
357,3.9926061630249023,0.3558765649795532,3.6367294788360596
358,4.025826930999756,0.3691727817058563,3.6566543579101562
359,4.030824661254883,0.3722120225429535,3.6586127281188965
360,4.011554718017578,0.35965341329574585,3.6519014835357666
361,4.027880668640137,0.39531993865966797,3.6325607299804688
362,3.992786169052124,0.35720378160476685,3.635582447052002
363,4.030939102172852,0.3818274736404419,3.64911150932312
364,4.041282653808594,0.3808191418647766,3.660463571548462
365,4.014809608459473,0.37812525033950806,3.6366844177246094
366,4.0110626220703125,0.3673744797706604,3.6436879634857178
367,4.057063102722168,0.39845383167266846,3.65860915184021
368,4.054483413696289,0.3976505696773529,3.6568329334259033
369,4.020412921905518,0.37190744280815125,3.648505687713623
370,3.9754204750061035,0.3334994614124298,3.641921043395996
371,4.023197650909424,0.36764228343963623,3.655555248260498
372,3.9965813159942627,0.3407841622829437,3.655797243118286
373,4.03918981552124,0.36562055349349976,3.6735692024230957
374,4.059553146362305,0.4029853045940399,3.6565680503845215
375,4.017113208770752,0.35252296924591064,3.664590358734131
376,3.9845404624938965,0.35502707958221436,3.6295132637023926
377,3.964211940765381,0.32379642128944397,3.6404154300689697
378,4.057170867919922,0.39622431993484497,3.6609463691711426
379,4.044449329376221,0.3947436809539795,3.649705648422241
380,4.050256252288818,0.3886133134365082,3.6616427898406982
381,4.014719009399414,0.3768210709095001,3.6378979682922363
382,3.986025094985962,0.34986037015914917,3.636164665222168
383,4.043696403503418,0.3848840296268463,3.6588125228881836
384,4.022812843322754,0.36892634630203247,3.653886318206787
385,4.044338226318359,0.3814731240272522,3.662864923477173
386,3.994144916534424,0.35323286056518555,3.6409120559692383
387,4.0567626953125,0.3899082541465759,3.6668543815612793
388,3.9761126041412354,0.3523213267326355,3.623791217803955
389,4.009211540222168,0.34914299845695496,3.6600685119628906
390,4.046021461486816,0.40648534893989563,3.639535903930664
391,3.998361110687256,0.35661593079566956,3.641745090484619
392,3.979951858520508,0.338083952665329,3.6418678760528564
393,3.9776124954223633,0.3377362787723541,3.639876127243042
394,4.020188808441162,0.36926209926605225,3.6509268283843994
395,4.021208763122559,0.37405669689178467,3.6471519470214844
396,4.000815391540527,0.35390132665634155,3.646914005279541
397,4.008091926574707,0.3778262734413147,3.630265712738037
398,4.01132345199585,0.3550407290458679,3.656282901763916
399,4.036437511444092,0.37293797731399536,3.663499355316162
400,4.026098728179932,0.3738386034965515,3.6522603034973145
401,4.021244049072266,0.3785763084888458,3.642667770385742
402,4.043410778045654,0.37900474667549133,3.6644060611724854
403,4.049673557281494,0.37579455971717834,3.6738789081573486
404,4.030102729797363,0.40400680899620056,3.626095771789551
405,3.983912944793701,0.3425658941268921,3.6413469314575195
406,4.012084484100342,0.3541980981826782,3.657886266708374
407,4.027031421661377,0.38231706619262695,3.64471435546875
408,3.9766178131103516,0.3236938416957855,3.652924060821533
409,4.013777256011963,0.35754144191741943,3.656235694885254
410,4.0297346115112305,0.38134875893592834,3.648385763168335
411,4.053964614868164,0.38297486305236816,3.670989513397217
412,4.007582664489746,0.3462199568748474,3.661362648010254
413,3.976846694946289,0.3233628273010254,3.6534838676452637
414,3.9513540267944336,0.3336762487888336,3.617677688598633
415,4.064199447631836,0.40045738220214844,3.6637423038482666
416,4.013281345367432,0.37122270464897156,3.642058849334717
417,4.018711090087891,0.35798412561416626,3.66072678565979
418,4.037923812866211,0.37610360980033875,3.66182017326355
419,3.9973177909851074,0.3479989767074585,3.6493186950683594
420,4.041590690612793,0.3904850482940674,3.6511058807373047
421,3.997405767440796,0.36009907722473145,3.6373066902160645
422,3.999610424041748,0.3392031788825989,3.660407304763794
423,3.9888203144073486,0.34311291575431824,3.645707368850708
424,4.026627063751221,0.3745761513710022,3.6520509719848633
425,4.024524688720703,0.3780450224876404,3.646479845046997
426,3.9753150939941406,0.3320370316505432,3.643278121948242
427,3.9861648082733154,0.33542269468307495,3.6507420539855957
428,4.0167694091796875,0.3588358163833618,3.6579337120056152
429,3.999330759048462,0.3490230441093445,3.6503076553344727
430,4.011757850646973,0.3699698746204376,3.6417877674102783
431,4.027388095855713,0.3818162977695465,3.6455719470977783
432,3.945316791534424,0.3153158724308014,3.6300008296966553
433,3.950464963912964,0.32451602816581726,3.625948905944824
434,4.0257720947265625,0.36460942029953003,3.661162853240967
435,4.024791717529297,0.3559582233428955,3.6688337326049805
436,3.9957053661346436,0.3332974910736084,3.662407875061035
437,3.988399028778076,0.3570992946624756,3.6312997341156006
438,3.9935367107391357,0.3524930477142334,3.6410436630249023
439,4.007518768310547,0.37327471375465393,3.634243965148926
440,4.000115394592285,0.342445433139801,3.657670021057129
441,4.028055191040039,0.3707611560821533,3.657294273376465
442,4.031397819519043,0.3630370497703552,3.668360710144043
443,4.0150370597839355,0.3550450801849365,3.659991979598999
444,4.0094313621521,0.36865270137786865,3.6407785415649414
445,4.030899524688721,0.3607063889503479,3.6701931953430176
446,4.0346198081970215,0.3795124888420105,3.655107259750366
447,3.9907238483428955,0.3347444236278534,3.6559793949127197
448,3.977792739868164,0.3404217064380646,3.637371063232422
449,4.015050411224365,0.36305364966392517,3.651996612548828
450,4.01779842376709,0.35930055379867554,3.6584980487823486
451,4.0514373779296875,0.3692328929901123,3.6822047233581543
452,4.028862476348877,0.3783057928085327,3.6505565643310547
453,3.948798656463623,0.303367018699646,3.6454317569732666
454,4.026349067687988,0.37744423747062683,3.648904800415039
455,4.03488826751709,0.3763504922389984,3.6585376262664795
456,4.021591663360596,0.37004554271698,3.651546001434326
457,4.021141529083252,0.35508477687835693,3.6660568714141846
458,3.9632792472839355,0.3123715817928314,3.6509077548980713
459,4.024681568145752,0.373740553855896,3.6509408950805664
460,3.9963109493255615,0.345817506313324,3.6504933834075928
461,4.025793075561523,0.36651110649108887,3.6592822074890137
462,4.027252674102783,0.3682491183280945,3.659003734588623
463,4.021278381347656,0.3764895498752594,3.6447887420654297
464,3.9846038818359375,0.3513301908969879,3.6332736015319824
465,4.043850421905518,0.37895363569259644,3.6648969650268555
466,3.9860057830810547,0.33663249015808105,3.6493732929229736
467,4.016937255859375,0.35684630274772644,3.660090923309326
468,3.997990131378174,0.36383435130119324,3.634155750274658
469,4.032748699188232,0.37633147835731506,3.6564173698425293
470,4.017317295074463,0.3385973572731018,3.678719997406006
471,3.9847006797790527,0.3472602963447571,3.6374404430389404
472,3.9782376289367676,0.33189547061920166,3.6463422775268555
473,4.0326247215271,0.3948742747306824,3.6377506256103516
474,3.9881815910339355,0.3439122438430786,3.6442694664001465
475,4.007839202880859,0.3462340831756592,3.6616051197052
476,3.9972054958343506,0.3563477396965027,3.640857696533203
477,4.046968460083008,0.38504019379615784,3.661928176879883
478,4.036984443664551,0.38445883989334106,3.6525254249572754
479,4.0166015625,0.3670497536659241,3.6495516300201416
480,3.944871187210083,0.30028748512268066,3.6445837020874023
481,3.995929002761841,0.35423728823661804,3.6416916847229004
482,4.000432014465332,0.3498307168483734,3.6506011486053467
483,4.036778926849365,0.3762089014053345,3.660569906234741
484,4.0117950439453125,0.3676508665084839,3.644144058227539
485,4.023088455200195,0.36910855770111084,3.653979778289795
486,4.0014142990112305,0.3541226387023926,3.647291660308838
487,4.01051664352417,0.3653227984905243,3.6451940536499023
488,3.9608049392700195,0.3288370370864868,3.631967782974243
489,4.023499488830566,0.37542784214019775,3.648071527481079
490,3.9721739292144775,0.34001725912094116,3.6321566104888916
491,4.017367839813232,0.3664970397949219,3.6508708000183105
492,4.029556751251221,0.36156922578811646,3.667987585067749
493,3.9556729793548584,0.342827707529068,3.6128451824188232
494,3.9738030433654785,0.33373403549194336,3.640069007873535
495,4.012939453125,0.36356043815612793,3.649379253387451
496,4.033090591430664,0.36124151945114136,3.671849250793457
497,3.984797716140747,0.3303224444389343,3.654475212097168
498,3.992396593093872,0.33515337109565735,3.657243251800537
499,4.01755428314209,0.35640889406204224,3.6611452102661133
500,3.9744648933410645,0.3361564874649048,3.63830828666687
501,4.041222095489502,0.40111446380615234,3.6401076316833496
502,4.02184534072876,0.3630051910877228,3.6588401794433594
503,3.9860644340515137,0.34623944759368896,3.6398251056671143
504,3.985994577407837,0.3429495692253113,3.643044948577881
505,4.002269268035889,0.35510364174842834,3.6471657752990723
506,4.030494689941406,0.3777949810028076,3.6526997089385986
507,4.002415180206299,0.34358641505241394,3.6588289737701416
508,3.9982728958129883,0.3471372127532959,3.6511356830596924
509,3.9863266944885254,0.35371825098991394,3.632608413696289
510,4.002936840057373,0.3565431237220764,3.6463935375213623
511,3.9787492752075195,0.3426886796951294,3.6360607147216797
512,3.971493721008301,0.34860509634017944,3.6228885650634766
513,3.9949257373809814,0.3396530747413635,3.6552727222442627
514,4.020622253417969,0.3753228783607483,3.6452994346618652
515,4.02695894241333,0.39020484685897827,3.636754035949707
516,3.973449945449829,0.34225764870643616,3.631192207336426
517,4.013623237609863,0.3873174488544464,3.62630558013916
518,3.993265151977539,0.341349720954895,3.6519153118133545
519,3.9722423553466797,0.34126269817352295,3.6309797763824463
520,4.00780725479126,0.35735607147216797,3.650451183319092
521,4.0125932693481445,0.3619809150695801,3.6506125926971436
522,4.008549690246582,0.3562798500061035,3.6522698402404785
523,4.051971435546875,0.38956812024116516,3.662403106689453
524,3.982424259185791,0.3427687883377075,3.639655590057373
525,4.024598598480225,0.3756905794143677,3.6489081382751465
526,4.008575439453125,0.37607133388519287,3.6325042247772217
527,3.9894652366638184,0.35347574949264526,3.6359894275665283
528,4.020413875579834,0.3576917052268982,3.662722110748291
529,3.9849941730499268,0.32590407133102417,3.659090042114258
530,4.010893821716309,0.35745924711227417,3.6534347534179688
531,3.963667631149292,0.31971439719200134,3.643953323364258
532,3.9925851821899414,0.34817373752593994,3.644411563873291
533,4.009079456329346,0.3537973165512085,3.6552820205688477
534,3.966390371322632,0.32063502073287964,3.6457552909851074
535,3.963798999786377,0.3421764373779297,3.6216225624084473
536,3.974666118621826,0.3373918831348419,3.6372742652893066
537,3.974672794342041,0.3443511724472046,3.630321502685547
538,4.021081447601318,0.3533015847206116,3.6677799224853516
539,3.9881458282470703,0.34719210863113403,3.640953779220581
540,4.006265163421631,0.35163480043411255,3.654630184173584
541,3.974114418029785,0.32453805208206177,3.649576425552368
542,4.021730422973633,0.3663775324821472,3.65535306930542
543,4.029016494750977,0.3763263523578644,3.6526899337768555
544,4.043508529663086,0.37192803621292114,3.6715805530548096
545,4.042186737060547,0.37413889169692993,3.6680476665496826
546,4.024228096008301,0.3765360116958618,3.6476922035217285
547,4.0496320724487305,0.37212908267974854,3.6775031089782715
548,4.009171485900879,0.3776189982891083,3.6315524578094482
549,4.00496768951416,0.35610300302505493,3.64886474609375
550,3.9940083026885986,0.36512064933776855,3.62888765335083
551,3.9600417613983154,0.32830333709716797,3.6317384243011475
552,4.016210556030273,0.3656284511089325,3.6505823135375977
553,4.024050712585449,0.35768449306488037,3.6663663387298584
554,4.023772239685059,0.34405946731567383,3.679713010787964
555,3.9918885231018066,0.34973961114883423,3.642148971557617
556,3.9740359783172607,0.32829999923706055,3.6457359790802
557,3.9952433109283447,0.35036730766296387,3.644876003265381
558,4.003255367279053,0.34540852904319763,3.6578469276428223
559,3.989030122756958,0.3501676023006439,3.6388626098632812
560,3.9632697105407715,0.3411989212036133,3.622070789337158
561,3.994706869125366,0.3460502028465271,3.6486566066741943
562,4.038217067718506,0.38243377208709717,3.655783176422119
563,4.0213727951049805,0.3506188988685608,3.6707537174224854
564,3.9641659259796143,0.33039119839668274,3.633774757385254
565,4.011560916900635,0.36211317777633667,3.6494479179382324
566,4.010001182556152,0.36090004444122314,3.6491012573242188
567,3.9823172092437744,0.3354770541191101,3.6468400955200195
568,4.045259952545166,0.38306206464767456,3.662198066711426
569,3.9721176624298096,0.3494487404823303,3.622668981552124
570,4.014181137084961,0.3590840697288513,3.655097007751465
571,3.9580695629119873,0.3371121883392334,3.620957374572754
572,4.045395374298096,0.3914460241794586,3.65394926071167
573,4.001891136169434,0.3693780303001404,3.6325130462646484
574,4.0187578201293945,0.34613236784935,3.6726255416870117
575,3.9771790504455566,0.3327389359474182,3.644440174102783
576,3.979858636856079,0.33594244718551636,3.643916130065918
577,3.9964969158172607,0.3480956554412842,3.6484012603759766
578,3.976996421813965,0.3439803123474121,3.6330161094665527
579,4.021362781524658,0.3793460726737976,3.642016887664795
580,4.0141401290893555,0.3680762052536011,3.646064043045044
581,3.9951460361480713,0.34915804862976074,3.6459879875183105
582,3.9884519577026367,0.33887767791748047,3.6495742797851562
583,3.9746203422546387,0.3231430947780609,3.651477336883545
584,3.9968996047973633,0.36780309677124023,3.629096508026123
585,4.017448902130127,0.3659641742706299,3.651484727859497
586,4.033514499664307,0.38808172941207886,3.645432949066162
587,3.9677979946136475,0.3412734568119049,3.6265244483947754
588,3.998239278793335,0.33755943179130554,3.660679817199707
589,3.987962484359741,0.3475955128669739,3.640367031097412
590,3.991219997406006,0.3521975874900818,3.6390223503112793
591,4.00300407409668,0.32852426171302795,3.6744799613952637
592,3.9969258308410645,0.3564492464065552,3.640476703643799
593,3.9841415882110596,0.3476937413215637,3.6364479064941406
594,3.997185468673706,0.35847797989845276,3.638707399368286
595,3.991527795791626,0.34306225180625916,3.648465633392334
596,3.9888577461242676,0.3390747904777527,3.64978289604187
597,4.032384395599365,0.3772422671318054,3.655142068862915
598,3.9945716857910156,0.35029110312461853,3.6442806720733643
599,4.033020973205566,0.3567526936531067,3.6762681007385254
600,3.9841346740722656,0.3565756678581238,3.627558946609497
601,3.982724189758301,0.34320348501205444,3.6395206451416016
602,4.035297393798828,0.386155366897583,3.649141788482666
603,4.0566840171813965,0.39208540320396423,3.6645987033843994
604,4.030974388122559,0.37167850136756897,3.6592960357666016
605,4.035027027130127,0.3508530259132385,3.684174060821533
606,3.9915730953216553,0.3476710319519043,3.643902063369751
607,4.00875186920166,0.3469862937927246,3.6617658138275146
608,4.0131964683532715,0.351504385471344,3.6616921424865723
609,3.993058919906616,0.3556373417377472,3.6374216079711914
610,4.015510082244873,0.34691983461380005,3.6685900688171387
611,4.004030227661133,0.3531339168548584,3.6508965492248535
612,4.001369953155518,0.35021352767944336,3.651156425476074
613,3.9984514713287354,0.36435699462890625,3.634094476699829
614,3.962674856185913,0.33906036615371704,3.623614549636841
615,3.9871299266815186,0.35173434019088745,3.6353955268859863
616,4.025731086730957,0.36078259348869324,3.6649487018585205
617,4.010639667510986,0.3666623830795288,3.643977165222168
618,4.034084320068359,0.36541619896888733,3.668668031692505
619,4.014407157897949,0.35145941376686096,3.662947654724121
620,3.9967212677001953,0.34399130940437317,3.6527299880981445
621,3.9496047496795654,0.2852923572063446,3.6643123626708984
622,4.0043864250183105,0.3651163876056671,3.6392698287963867
623,3.9494214057922363,0.31501370668411255,3.6344077587127686
624,3.992873191833496,0.3613200783729553,3.6315531730651855
625,4.005481243133545,0.36013063788414,3.645350456237793
626,3.9564366340637207,0.3236566185951233,3.632780075073242
627,4.014719486236572,0.37255150079727173,3.642167806625366
628,3.9986507892608643,0.34305596351623535,3.655594825744629
629,4.020550727844238,0.35264456272125244,3.6679060459136963
630,3.9910645484924316,0.34697142243385315,3.6440930366516113
631,4.0114426612854,0.3528105616569519,3.658632278442383
632,3.962916374206543,0.31792116165161133,3.6449952125549316
633,3.9791581630706787,0.3545992970466614,3.624558925628662
634,3.9672741889953613,0.3330056965351105,3.6342685222625732
635,4.007360458374023,0.34697824716567993,3.6603822708129883
636,3.9659535884857178,0.32794323563575745,3.638010263442993
637,4.014157295227051,0.36451494693756104,3.6496424674987793
638,3.987232208251953,0.3569231629371643,3.6303091049194336
639,3.9690730571746826,0.32728034257888794,3.6417927742004395
640,3.963581085205078,0.3139392137527466,3.649641990661621
641,3.995225191116333,0.3402242958545685,3.655000925064087
642,3.9988770484924316,0.3410884439945221,3.6577885150909424
643,3.952275514602661,0.3239453434944153,3.6283302307128906
644,4.032865524291992,0.3723193109035492,3.66054630279541
645,4.005194187164307,0.3611798584461212,3.644014358520508
646,3.995337724685669,0.3559548854827881,3.639382839202881
647,3.9990522861480713,0.34580570459365845,3.6532466411590576
648,3.9958372116088867,0.346222460269928,3.6496148109436035
649,3.9702582359313965,0.3465384840965271,3.6237196922302246
650,3.984285354614258,0.3282049298286438,3.656080484390259
651,4.016864776611328,0.35105979442596436,3.6658051013946533
652,3.96970796585083,0.33831262588500977,3.6313953399658203
653,3.956479549407959,0.3145664930343628,3.6419131755828857
654,3.9710116386413574,0.34493380784988403,3.626077890396118
655,3.973585367202759,0.3292157053947449,3.644369602203369
656,3.971393585205078,0.32051530480384827,3.6508781909942627
657,4.037661075592041,0.38390296697616577,3.6537580490112305
658,3.9977052211761475,0.3493269383907318,3.648378372192383
659,4.0076375007629395,0.3592616319656372,3.648375988006592
660,4.004339218139648,0.36290332674980164,3.6414361000061035
661,3.9544332027435303,0.32402634620666504,3.6304068565368652
662,3.979113817214966,0.3301013112068176,3.649012565612793
663,3.948345184326172,0.31309041380882263,3.6352548599243164
664,4.004165172576904,0.3540405333042145,3.6501247882843018
665,4.0009307861328125,0.35028016567230225,3.6506507396698
666,4.031702518463135,0.3668246269226074,3.6648778915405273
667,4.0143914222717285,0.3807346224784851,3.6336569786071777
668,4.007996082305908,0.355408251285553,3.652587890625
669,4.011111736297607,0.3537946939468384,3.6573171615600586
670,3.993065595626831,0.33408913016319275,3.6589765548706055
671,4.02204704284668,0.3644627332687378,3.6575841903686523
672,3.953402519226074,0.3259306252002716,3.627471923828125
673,4.013132095336914,0.35136133432388306,3.661770820617676
674,3.987752914428711,0.33387571573257446,3.6538772583007812
675,3.9924707412719727,0.3490695059299469,3.6434011459350586
676,3.9690663814544678,0.33960971236228943,3.6294567584991455
677,3.982879161834717,0.3241187334060669,3.6587603092193604
678,3.99284029006958,0.3536396324634552,3.6392006874084473
679,3.9970128536224365,0.3315003514289856,3.6655125617980957
680,3.9426660537719727,0.3186916708946228,3.623974323272705
681,3.9999005794525146,0.3426816463470459,3.6572189331054688
682,4.011684894561768,0.3701845109462738,3.641500234603882
683,3.9978065490722656,0.3457331955432892,3.652073383331299
684,3.990009307861328,0.3280844986438751,3.6619248390197754
685,4.018742561340332,0.3703839182853699,3.6483588218688965
686,3.974273204803467,0.3306974172592163,3.643575668334961
687,3.9957847595214844,0.3362859785556793,3.659498691558838
688,4.00477409362793,0.35723358392715454,3.64754056930542
689,3.9594762325286865,0.3152393698692322,3.6442368030548096
690,3.9855804443359375,0.34485363960266113,3.6407268047332764
691,3.973649740219116,0.33276301622390747,3.6408867835998535
692,3.988191843032837,0.32677340507507324,3.6614184379577637
693,3.976109743118286,0.33282047510147095,3.64328932762146
694,4.006332874298096,0.35683709383010864,3.6494956016540527
695,4.001939296722412,0.35699230432510376,3.644946813583374
696,3.941650390625,0.3051791787147522,3.6364712715148926
697,3.9977989196777344,0.3435989022254944,3.6542000770568848
698,3.99835205078125,0.3424488306045532,3.6559033393859863
699,4.023859977722168,0.3539506793022156,3.6699094772338867
700,3.943188190460205,0.3205900490283966,3.622598171234131
701,4.008585453033447,0.3552991449832916,3.6532862186431885
702,3.965280771255493,0.30942511558532715,3.655855655670166
703,4.018259525299072,0.3504495918750763,3.6678099632263184
704,3.960240364074707,0.3297354578971863,3.630504846572876
705,4.006857872009277,0.3586161136627197,3.6482417583465576
706,4.015859127044678,0.3581394553184509,3.657719612121582
707,3.971073627471924,0.34034794569015503,3.630725622177124
708,3.9870717525482178,0.34569841623306274,3.6413733959198
709,3.966553211212158,0.33755165338516235,3.6290016174316406
710,4.03590202331543,0.3716459274291992,3.6642563343048096
711,4.003325939178467,0.3566371500492096,3.646688938140869
712,3.959372043609619,0.31653696298599243,3.6428351402282715
713,3.9681007862091064,0.3260509967803955,3.642049789428711
714,3.9749231338500977,0.3488374948501587,3.6260855197906494
715,4.000438213348389,0.37681224942207336,3.6236257553100586
716,3.9842634201049805,0.35190412402153015,3.632359266281128
717,3.993285655975342,0.33439433574676514,3.658891201019287
718,4.004073143005371,0.33844488859176636,3.665628433227539
719,3.9406960010528564,0.30829477310180664,3.63240122795105
720,4.04470157623291,0.3771636188030243,3.6675379276275635
721,4.007055759429932,0.3438572883605957,3.663198471069336
722,3.988616704940796,0.3388994336128235,3.649717330932617
723,3.980255603790283,0.3381982147693634,3.642057418823242
724,3.9531569480895996,0.31004488468170166,3.6431119441986084
725,3.9531288146972656,0.31321796774864197,3.639910936355591
726,3.9872565269470215,0.3399215638637543,3.6473350524902344
727,3.9437129497528076,0.3180086612701416,3.625704288482666
728,4.005921363830566,0.36262181401252747,3.6432995796203613
729,4.015291213989258,0.36116141080856323,3.654129981994629
730,3.9841156005859375,0.33834314346313477,3.6457724571228027
731,4.00266695022583,0.3554636836051941,3.6472034454345703
732,4.023339748382568,0.37614530324935913,3.6471946239471436
733,3.9786925315856934,0.3438110947608948,3.6348814964294434
734,4.019237041473389,0.36245039105415344,3.6567864418029785
735,4.019058704376221,0.37279707193374634,3.646261692047119
736,4.00840425491333,0.36172962188720703,3.646674633026123
737,3.9791276454925537,0.33656612038612366,3.642561435699463
738,3.9750778675079346,0.3312661945819855,3.6438117027282715
739,3.987475633621216,0.3128506541252136,3.6746249198913574
740,3.966632127761841,0.31616607308387756,3.650465965270996
741,3.9754798412323,0.33730196952819824,3.6381778717041016
742,3.9800710678100586,0.3389216661453247,3.6411495208740234
743,3.989818811416626,0.3533126711845398,3.6365060806274414
744,3.950692653656006,0.316813588142395,3.6338791847229004
745,4.0035719871521,0.35203075408935547,3.651541233062744
746,3.9792544841766357,0.32851672172546387,3.650737762451172
747,4.024733066558838,0.34814631938934326,3.676586866378784
748,3.9843881130218506,0.3315095603466034,3.652878522872925
749,3.982255220413208,0.32490092515945435,3.6573543548583984
750,3.9874091148376465,0.3539241850376129,3.6334848403930664
751,4.034750461578369,0.38271233439445496,3.652038097381592
752,4.024092674255371,0.3552042841911316,3.668888568878174
753,3.9644055366516113,0.31409943103790283,3.650306224822998
754,3.9940621852874756,0.3421432375907898,3.651918888092041
755,3.9904799461364746,0.3514414131641388,3.639038562774658
756,3.973937749862671,0.33197906613349915,3.641958713531494
757,3.98288893699646,0.3325515389442444,3.6503374576568604
758,4.005682468414307,0.34657540917396545,3.659107208251953
759,4.034973621368408,0.3718131184577942,3.6631603240966797
760,4.001539707183838,0.3453555405139923,3.656184196472168
761,4.005227088928223,0.3482545018196106,3.656972646713257
762,4.001230716705322,0.3441895842552185,3.657041072845459
763,4.006441593170166,0.3651423454284668,3.641299247741699
764,4.017466068267822,0.3662444055080414,3.651221752166748
765,4.011777877807617,0.36472105979919434,3.647057056427002
766,3.996361255645752,0.33226004242897034,3.6641011238098145
767,4.026796340942383,0.3793259263038635,3.647470474243164
768,3.978830099105835,0.35479921102523804,3.624030828475952
769,3.9682133197784424,0.3375589847564697,3.6306543350219727
770,3.981421947479248,0.33239394426345825,3.6490280628204346
771,3.9937832355499268,0.34616708755493164,3.647616147994995
772,3.9959261417388916,0.35932350158691406,3.6366026401519775
773,4.016806602478027,0.34626075625419617,3.670546054840088
774,3.967133045196533,0.33111149072647095,3.636021614074707
775,3.978081226348877,0.32774490118026733,3.650336265563965
776,3.9511239528656006,0.32717031240463257,3.6239535808563232
777,3.9593982696533203,0.32037150859832764,3.6390268802642822
778,3.984447479248047,0.3466681241989136,3.6377792358398438
779,3.968214750289917,0.33929443359375,3.628920316696167
780,3.972787380218506,0.34529390931129456,3.627493381500244
781,3.9608607292175293,0.3309573531150818,3.6299033164978027
782,3.978980779647827,0.3431645929813385,3.6358160972595215
783,3.9841601848602295,0.32669442892074585,3.657465696334839
784,3.9457857608795166,0.3189111351966858,3.6268746852874756
785,4.046953201293945,0.4008432924747467,3.6461100578308105
786,3.9965081214904785,0.3304709792137146,3.666037082672119
787,4.0057597160339355,0.3497687578201294,3.6559910774230957
788,3.942669630050659,0.30817556381225586,3.6344940662384033
789,4.074316024780273,0.40689122676849365,3.6674246788024902
790,4.035196781158447,0.3876361846923828,3.6475605964660645
791,4.026128768920898,0.36232829093933105,3.6638002395629883
792,3.9647088050842285,0.32210519909858704,3.642603635787964
793,4.002901077270508,0.3517845869064331,3.651116371154785
794,4.014833927154541,0.35544681549072266,3.6593871116638184
795,4.057574272155762,0.3768332004547119,3.680741310119629
796,3.998779773712158,0.3573015332221985,3.6414783000946045
797,3.9937920570373535,0.35072216391563416,3.6430699825286865
798,4.015423774719238,0.37303781509399414,3.642385721206665
799,3.958249568939209,0.3260277509689331,3.6322216987609863
800,3.982023000717163,0.3280565142631531,3.6539664268493652
801,3.994004726409912,0.3400949239730835,3.653909921646118
802,3.989220142364502,0.34410226345062256,3.64511775970459
803,3.982597589492798,0.31772133708000183,3.6648762226104736
804,3.991558790206909,0.3505457043647766,3.6410131454467773
805,3.987337589263916,0.3283306956291199,3.6590068340301514
806,3.986417055130005,0.3374769985675812,3.648940086364746
807,3.9947774410247803,0.3680841028690338,3.6266932487487793
808,3.990624189376831,0.3447432518005371,3.645880937576294
809,3.994960308074951,0.3591548204421997,3.635805606842041
810,3.9836652278900146,0.33579179644584656,3.6478734016418457
811,4.000222206115723,0.3382376432418823,3.66198468208313
812,3.9841439723968506,0.3347132205963135,3.649430751800537
813,3.996487617492676,0.3610360324382782,3.635451555252075
814,3.947516918182373,0.3110317289829254,3.6364850997924805
815,3.9266788959503174,0.29761791229248047,3.629060983657837
816,3.9687156677246094,0.3256101608276367,3.6431055068969727
817,3.9926676750183105,0.3516475558280945,3.6410200595855713
818,3.9683384895324707,0.3449898064136505,3.6233487129211426
819,4.004162311553955,0.36698323488235474,3.637178897857666
820,3.9888057708740234,0.3304848074913025,3.658320903778076
821,3.937934398651123,0.3158855438232422,3.622048854827881
822,3.944457769393921,0.30126428604125977,3.643193483352661
823,3.9569876194000244,0.3189733326435089,3.638014316558838
824,3.974308967590332,0.31924378871917725,3.6550650596618652
825,4.019723892211914,0.3507891297340393,3.6689345836639404
826,3.976389169692993,0.33689767122268677,3.639491558074951
827,3.978649616241455,0.33378690481185913,3.644862651824951
828,4.029815196990967,0.3628665804862976,3.6669487953186035
829,4.001790523529053,0.3369578719139099,3.664832592010498
830,3.946587324142456,0.3128102719783783,3.633777141571045
831,4.007814407348633,0.3669377565383911,3.640876531600952
832,3.9766454696655273,0.33467715978622437,3.641968250274658
833,4.016896724700928,0.3573102355003357,3.6595864295959473
834,3.9941165447235107,0.3491864800453186,3.644930124282837
835,3.9381465911865234,0.31650984287261963,3.6216368675231934
836,3.974735975265503,0.3272620737552643,3.6474738121032715
837,3.996048927307129,0.3519981801509857,3.6440508365631104
838,3.9636850357055664,0.3291175961494446,3.6345674991607666
839,3.991551160812378,0.34750500321388245,3.6440460681915283
840,3.9858784675598145,0.334023118019104,3.65185546875
841,3.9868483543395996,0.333027720451355,3.653820514678955
842,3.975475311279297,0.3192610740661621,3.6562142372131348
843,3.9886374473571777,0.3449057340621948,3.6437318325042725
844,3.9868226051330566,0.36016571521759033,3.626657009124756
845,3.9917798042297363,0.3503040671348572,3.6414756774902344
846,3.971066951751709,0.322701096534729,3.6483657360076904
847,3.9727838039398193,0.34393310546875,3.6288506984710693
848,4.003473281860352,0.35930749773979187,3.6441659927368164
849,3.9685425758361816,0.31900447607040405,3.649538040161133
850,3.9808120727539062,0.3492125868797302,3.6315994262695312
851,3.9690914154052734,0.3325132131576538,3.63657808303833
852,3.9817757606506348,0.3476162552833557,3.634159564971924
853,4.038146495819092,0.3631696403026581,3.6749768257141113
854,4.028318881988525,0.3727804720401764,3.655538558959961
855,3.9734668731689453,0.3365898132324219,3.6368770599365234
856,3.9597907066345215,0.32757508754730225,3.6322154998779297
857,3.95829176902771,0.334277868270874,3.624013900756836
858,3.9541053771972656,0.31466010212898254,3.6394453048706055
859,3.9622788429260254,0.3237364888191223,3.638542413711548
860,4.009553909301758,0.34502530097961426,3.6645288467407227
861,3.950228691101074,0.31652361154556274,3.6337051391601562
862,4.004389762878418,0.3403788208961487,3.664011001586914
863,4.035645008087158,0.3728187382221222,3.6628262996673584
864,3.9960310459136963,0.34237605333328247,3.6536550521850586
865,4.005335807800293,0.3519545793533325,3.65338134765625
866,3.9749679565429688,0.3230355978012085,3.6519322395324707
867,4.008598804473877,0.3416050970554352,3.6669936180114746
868,3.9999096393585205,0.33546099066734314,3.6644487380981445
869,3.99106764793396,0.3480117619037628,3.6430559158325195
870,3.9663405418395996,0.3313174545764923,3.6350231170654297
871,4.007761001586914,0.34383487701416016,3.663926362991333
872,3.9561045169830322,0.3114020526409149,3.644702434539795
873,3.962451219558716,0.3165021538734436,3.645949125289917
874,3.992985248565674,0.335798054933548,3.6571872234344482
875,3.992034435272217,0.3501768708229065,3.641857624053955
876,3.9567770957946777,0.2981055974960327,3.6586713790893555
877,3.964744806289673,0.3229248821735382,3.641819953918457
878,3.974304437637329,0.3466465473175049,3.627657890319824
879,3.9750404357910156,0.3361777067184448,3.6388626098632812
880,3.9935994148254395,0.3455713987350464,3.6480278968811035
881,3.977257013320923,0.32901066541671753,3.6482462882995605
882,3.9614057540893555,0.31715482473373413,3.6442508697509766
883,3.995666742324829,0.34947681427001953,3.6461899280548096
884,4.012307643890381,0.3604818284511566,3.6518259048461914
885,4.004632472991943,0.3455023467540741,3.659130096435547
886,3.964049816131592,0.3437422513961792,3.620307445526123
887,3.9976325035095215,0.3379022181034088,3.6597301959991455
888,4.0436625480651855,0.36422795057296753,3.6794347763061523
889,3.9774651527404785,0.33688485622406006,3.640580415725708
890,3.973332405090332,0.3203822374343872,3.6529502868652344
891,3.986219882965088,0.35282862186431885,3.6333913803100586
892,4.001482009887695,0.3504776358604431,3.6510043144226074
893,4.023220539093018,0.34708794951438904,3.6761326789855957
894,3.9713311195373535,0.3474162220954895,3.623914957046509
895,3.9292221069335938,0.2919877767562866,3.6372342109680176
896,3.985996723175049,0.33477312326431274,3.651223659515381
897,4.008960247039795,0.36391371488571167,3.6450464725494385
898,3.966881513595581,0.32828381657600403,3.6385977268218994
899,3.973719358444214,0.3298340439796448,3.643885374069214
900,3.985605478286743,0.32278233766555786,3.66282320022583
901,3.9683170318603516,0.34044134616851807,3.627875804901123
902,4.0065388679504395,0.35002410411834717,3.6565146446228027
903,3.9597208499908447,0.3318927586078644,3.6278281211853027
904,3.9491043090820312,0.31901341676712036,3.6300909519195557
905,3.9901833534240723,0.3310798406600952,3.6591033935546875
906,3.9728927612304688,0.33540669083595276,3.637485980987549
907,3.9838175773620605,0.34743842482566833,3.6363792419433594
908,3.962527275085449,0.3146072328090668,3.6479201316833496
909,3.9718523025512695,0.32476168870925903,3.6470906734466553
910,3.9700870513916016,0.32627570629119873,3.6438112258911133
911,3.967479705810547,0.3321119546890259,3.6353676319122314
912,3.9959137439727783,0.3430388569831848,3.6528749465942383
913,3.9697976112365723,0.33128535747528076,3.638512134552002
914,3.9817590713500977,0.3298903703689575,3.6518685817718506
915,4.006823539733887,0.36434006690979004,3.6424832344055176
916,3.977442979812622,0.3303440511226654,3.647099018096924
917,3.9899818897247314,0.3364469110965729,3.6535348892211914
918,4.008749008178711,0.3639618754386902,3.644787311553955
919,3.9812374114990234,0.3442535102367401,3.636983871459961
920,3.9431381225585938,0.31816723942756653,3.6249709129333496
921,3.9716548919677734,0.3300818204879761,3.641572952270508
922,3.9668660163879395,0.3279575705528259,3.6389083862304688
923,3.954097032546997,0.31533676385879517,3.6387603282928467
924,4.002500057220459,0.3533729612827301,3.6491270065307617
925,3.9756758213043213,0.3216485381126404,3.654027223587036
926,3.976614475250244,0.3312247693538666,3.6453897953033447
927,4.014344215393066,0.3658515214920044,3.6484925746917725
928,3.9920032024383545,0.34291669726371765,3.6490864753723145
929,4.002899169921875,0.35514959692955017,3.647749423980713
930,3.9578769207000732,0.3385388255119324,3.619338035583496
931,3.9913182258605957,0.34391334652900696,3.647404909133911
932,3.979051113128662,0.3391779661178589,3.6398730278015137
933,3.989008903503418,0.3314160704612732,3.6575927734375
934,3.961088180541992,0.32972192764282227,3.63136625289917
935,3.978057384490967,0.33241212368011475,3.6456451416015625
936,3.9786064624786377,0.3256322741508484,3.6529741287231445
937,3.9581217765808105,0.3268643915653229,3.6312572956085205
938,3.997978925704956,0.35047420859336853,3.6475048065185547
939,3.9924962520599365,0.3465576171875,3.6459386348724365
940,3.965195894241333,0.32269391417503357,3.6425020694732666
941,4.0042338371276855,0.35561704635620117,3.6486167907714844
942,3.9858181476593018,0.33452510833740234,3.6512930393218994
943,3.9766860008239746,0.33637717366218567,3.6403088569641113
944,3.9929397106170654,0.34172749519348145,3.651212215423584
945,3.947711706161499,0.3137039542198181,3.634007692337036
946,3.9595446586608887,0.3166700005531311,3.6428747177124023
947,4.005153656005859,0.35628604888916016,3.648867607116699
948,3.9624621868133545,0.32415181398391724,3.638310432434082
949,3.966222047805786,0.3223080337047577,3.643913984298706
950,3.9830400943756104,0.3374387323856354,3.645601272583008
951,3.948307514190674,0.32486701011657715,3.6234405040740967
952,3.9850215911865234,0.35434481501579285,3.630676746368408
953,3.99403715133667,0.36050936579704285,3.6335277557373047
954,3.982063055038452,0.34577447175979614,3.636288642883301
955,3.960026264190674,0.32958337664604187,3.6304428577423096
956,3.9890482425689697,0.3420707881450653,3.646977424621582
957,3.9736697673797607,0.3358933925628662,3.6377763748168945
958,3.9628825187683105,0.34130704402923584,3.621575355529785
959,3.9855759143829346,0.3451802134513855,3.6403956413269043
960,3.964841365814209,0.31908467411994934,3.645756721496582
961,3.9909842014312744,0.3310093879699707,3.6599748134613037
962,4.008368015289307,0.3429937958717346,3.665374279022217
963,3.974134683609009,0.33107027411460876,3.643064498901367
964,3.981309652328491,0.3447268009185791,3.636582851409912
965,3.9723644256591797,0.32896673679351807,3.643397808074951
966,3.945171356201172,0.30183374881744385,3.6433377265930176
967,3.9309630393981934,0.2958538234233856,3.6351091861724854
968,3.978292942047119,0.3244509994983673,3.653841972351074
969,4.00554895401001,0.3435033857822418,3.662045478820801
970,3.99355411529541,0.33748340606689453,3.6560707092285156
971,4.021626949310303,0.3651149272918701,3.6565120220184326
972,4.002478122711182,0.3357357680797577,3.6667423248291016
973,3.9869744777679443,0.3300444483757019,3.6569299697875977
974,3.9481048583984375,0.31147709488868713,3.636627674102783
975,3.9708762168884277,0.31991732120513916,3.650959014892578
976,3.9663803577423096,0.31953078508377075,3.6468496322631836
977,3.982438802719116,0.33720800280570984,3.645230770111084
978,4.039688587188721,0.37215134501457214,3.667537212371826
979,3.938241720199585,0.31996360421180725,3.6182780265808105
980,3.9552173614501953,0.3189195692539215,3.6362977027893066
981,3.966719627380371,0.3205624222755432,3.6461572647094727
982,3.9606425762176514,0.3341081738471985,3.6265344619750977
983,4.019929885864258,0.35855987668037415,3.661369800567627
984,3.957423686981201,0.3094138205051422,3.648009777069092
985,3.9649624824523926,0.3174552619457245,3.6475071907043457
986,3.993614673614502,0.33578547835350037,3.6578292846679688
987,3.9933159351348877,0.3303430676460266,3.662972927093506
988,4.003668308258057,0.352435827255249,3.6512324810028076
989,3.9586057662963867,0.3160485029220581,3.642557144165039
990,3.964198589324951,0.3100753128528595,3.654123306274414
991,3.9931280612945557,0.33404356241226196,3.6590845584869385
992,3.9948477745056152,0.35324394702911377,3.641603708267212
993,4.011530876159668,0.3548671305179596,3.6566638946533203
994,3.995958089828491,0.35028284788131714,3.6456751823425293
995,3.942368268966675,0.31737905740737915,3.6249892711639404
996,3.9858996868133545,0.33669066429138184,3.6492090225219727
997,4.031992435455322,0.36625367403030396,3.665738582611084
998,3.9767098426818848,0.3323385417461395,3.644371271133423
999,3.9826672077178955,0.34131166338920593,3.641355514526367
1000,3.9772140979766846,0.3224915564060211,3.6547224521636963
1001,3.990063428878784,0.3381737172603607,3.6518898010253906
1002,3.9499480724334717,0.30737781524658203,3.6425702571868896
1003,3.964383602142334,0.3126388490200043,3.651744842529297
1004,3.956605911254883,0.3157191276550293,3.6408867835998535
1005,3.9513511657714844,0.29894518852233887,3.6524059772491455
1006,3.960984230041504,0.32051795721054077,3.6404662132263184
1007,3.9522042274475098,0.31614792346954346,3.636056423187256
1008,4.014528274536133,0.35021236538887024,3.664315700531006
1009,3.957348108291626,0.3155903220176697,3.6417577266693115
1010,3.930976390838623,0.29955774545669556,3.6314187049865723
1011,3.9534552097320557,0.31714388728141785,3.6363112926483154
1012,3.962221622467041,0.31273341178894043,3.6494882106781006
1013,3.9603075981140137,0.324148565530777,3.6361589431762695
1014,3.975632429122925,0.33011263608932495,3.645519733428955
1015,3.984156847000122,0.3390100598335266,3.6451468467712402
1016,3.975471019744873,0.34539663791656494,3.6300745010375977
1017,4.001893043518066,0.35192692279815674,3.64996600151062
1018,3.975553274154663,0.31989046931266785,3.655662775039673
1019,3.972012519836426,0.33464735746383667,3.6373651027679443
1020,3.977844476699829,0.34370356798171997,3.634140968322754
1021,3.9689512252807617,0.32576119899749756,3.6431899070739746
1022,4.020354747772217,0.3694307804107666,3.65092396736145
1023,3.9914932250976562,0.33435919880867004,3.6571340560913086
1024,4.005690574645996,0.3477437496185303,3.657946825027466
1025,3.9677491188049316,0.3076217770576477,3.6601274013519287
1026,3.979182243347168,0.33634936809539795,3.6428327560424805
1027,4.014622688293457,0.3594965934753418,3.6551263332366943
1028,3.948962450027466,0.31790128350257874,3.63106107711792
1029,3.975259780883789,0.32551130652427673,3.6497485637664795
1030,3.945384979248047,0.30431464314460754,3.6410703659057617
1031,3.9526286125183105,0.314717561006546,3.637911081314087
1032,3.9923717975616455,0.35566768050193787,3.636704206466675
1033,3.9407119750976562,0.3233109712600708,3.617401123046875
1034,3.985619068145752,0.3538098931312561,3.6318092346191406
1035,3.946317195892334,0.2960025668144226,3.6503145694732666
1036,3.9753055572509766,0.3338674306869507,3.6414382457733154
1037,3.9788856506347656,0.340180903673172,3.638704776763916
1038,3.9627254009246826,0.3205335736274719,3.6421918869018555
1039,3.966089963912964,0.3235001266002655,3.642589807510376
1040,3.963261604309082,0.3229927122592926,3.6402688026428223
1041,3.998533010482788,0.3365932106971741,3.661939859390259
1042,3.992730140686035,0.34374862909317017,3.6489815711975098
1043,3.9772472381591797,0.3194008469581604,3.657846450805664
1044,3.9510769844055176,0.31579071283340454,3.635286331176758
1045,3.9664456844329834,0.327057421207428,3.6393883228302
1046,3.953824996948242,0.3089011311531067,3.6449239253997803
1047,3.9663941860198975,0.31379199028015137,3.652602195739746
1048,3.971039056777954,0.31983208656311035,3.6512069702148438
1049,3.9428510665893555,0.31478846073150635,3.6280624866485596
1050,3.9510302543640137,0.3017086386680603,3.6493215560913086
1051,3.9624078273773193,0.3031873404979706,3.6592204570770264
1052,3.9709465503692627,0.3408483862876892,3.6300981044769287
1053,3.9658546447753906,0.3274502754211426,3.638404369354248
1054,3.942674160003662,0.30560845136642456,3.6370656490325928
1055,4.011512756347656,0.3462638556957245,3.6652488708496094
1056,3.984102964401245,0.3444865345954895,3.6396164894104004
1057,3.989969491958618,0.3387593626976013,3.651210069656372
1058,3.943160057067871,0.3154045343399048,3.6277554035186768
1059,3.978299617767334,0.3072340488433838,3.67106556892395
1060,3.949794054031372,0.30413463711738586,3.6456594467163086
1061,3.9729249477386475,0.3277612328529358,3.6451637744903564
1062,3.9843828678131104,0.33481281995773315,3.6495699882507324
1063,3.9370932579040527,0.3057100176811218,3.631383180618286
1064,3.9641382694244385,0.3177431523799896,3.646395206451416
1065,3.9844493865966797,0.32981911301612854,3.654630184173584
1066,3.9670250415802,0.31522414088249207,3.6518008708953857
1067,3.992428779602051,0.3509725332260132,3.641456127166748
1068,3.966296434402466,0.33134961128234863,3.634946823120117
1069,3.9798877239227295,0.3436949551105499,3.636192798614502
1070,3.9269633293151855,0.29565274715423584,3.63131046295166
1071,3.981597661972046,0.3481046259403229,3.633492946624756
1072,3.9753613471984863,0.3242042660713196,3.6511571407318115
1073,3.9723806381225586,0.3330283761024475,3.639352321624756
1074,3.9643914699554443,0.3232197165489197,3.64117169380188
1075,3.965837001800537,0.32019245624542236,3.6456446647644043
1076,3.990967273712158,0.33404529094696045,3.6569221019744873
1077,3.9743711948394775,0.3201625347137451,3.6542086601257324
1078,3.9809253215789795,0.3135684132575989,3.6673569679260254
1079,3.9556407928466797,0.30707845091819763,3.648562431335449
1080,3.9419844150543213,0.30744388699531555,3.634540557861328
1081,3.953964948654175,0.3266112208366394,3.6273536682128906
1082,3.944648504257202,0.304960161447525,3.63968825340271
1083,3.9466607570648193,0.3021448254585266,3.6445159912109375
1084,3.9964349269866943,0.35331425070762634,3.643120765686035
1085,3.965592622756958,0.3231779634952545,3.6424145698547363
1086,3.9320168495178223,0.30772584676742554,3.624290943145752
1087,3.944990634918213,0.31209465861320496,3.6328959465026855
1088,3.972031831741333,0.3249099850654602,3.6471219062805176
1089,3.9598395824432373,0.3130238652229309,3.646815776824951
1090,3.981513500213623,0.33013010025024414,3.651383399963379
1091,3.9955315589904785,0.3481130003929138,3.64741849899292
1092,3.9671213626861572,0.32588157057762146,3.641239881515503
1093,4.011221885681152,0.3449970781803131,3.666224718093872
1094,3.998955726623535,0.3561352491378784,3.6428205966949463
1095,3.9657599925994873,0.31519007682800293,3.6505699157714844
1096,3.979761838912964,0.34324413537979126,3.6365177631378174
1097,3.9940249919891357,0.3352140784263611,3.65881085395813
1098,3.991197109222412,0.35368436574935913,3.637512683868408
1099,3.9850616455078125,0.3256487250328064,3.6594128608703613
1100,3.971895933151245,0.3208916187286377,3.6510043144226074
1101,4.0103440284729,0.3438330292701721,3.666511058807373
1102,3.944382905960083,0.3283655047416687,3.6160173416137695
1103,3.938964605331421,0.2923077940940857,3.6466567516326904
1104,3.9942753314971924,0.3478406071662903,3.646434783935547
1105,3.9341933727264404,0.3029668927192688,3.6312265396118164
1106,4.000286102294922,0.33598071336746216,3.6643052101135254
1107,3.9966633319854736,0.35700005292892456,3.6396632194519043
1108,3.954761505126953,0.3202730417251587,3.634488582611084
1109,4.031891345977783,0.37426823377609253,3.657623052597046
1110,3.97367525100708,0.31970536708831787,3.6539697647094727
1111,3.9710612297058105,0.3400464951992035,3.631014823913574
1112,3.9431653022766113,0.32248321175575256,3.6206820011138916
1113,3.9807960987091064,0.32350531220436096,3.6572906970977783
1114,3.961026191711426,0.3249583840370178,3.6360678672790527
1115,4.013683319091797,0.38219889998435974,3.631484270095825
1116,3.984640121459961,0.31985604763031006,3.6647839546203613
1117,3.997291088104248,0.3558765649795532,3.6414144039154053
1118,3.9971792697906494,0.34348931908607483,3.6536898612976074
1119,4.001163959503174,0.3449634313583374,3.656200408935547
1120,4.01019811630249,0.35841962695121765,3.6517786979675293
1121,3.972003221511841,0.32900482416152954,3.642998456954956
1122,3.979902505874634,0.3293459415435791,3.6505565643310547
1123,3.9765350818634033,0.318473756313324,3.6580612659454346
1124,3.9537193775177,0.3054143786430359,3.6483049392700195
1125,3.968799114227295,0.31584781408309937,3.652951240539551
1126,3.9530582427978516,0.3065806031227112,3.646477699279785
1127,3.974562168121338,0.33816614747047424,3.6363959312438965
1128,3.95386004447937,0.3101199269294739,3.643740177154541
1129,3.9688189029693604,0.327809602022171,3.6410093307495117
1130,3.973747968673706,0.3092992603778839,3.6644487380981445
1131,3.9998040199279785,0.3472147285938263,3.6525893211364746
1132,3.9546055793762207,0.3046354651451111,3.649970054626465
1133,3.9291515350341797,0.3074631690979004,3.6216883659362793
1134,3.9890410900115967,0.3286115229129791,3.6604294776916504
1135,3.9546806812286377,0.32101327180862427,3.633667469024658
1136,3.965207576751709,0.3241114020347595,3.6410961151123047
1137,4.025171756744385,0.36952903866767883,3.655642509460449
1138,3.9622836112976074,0.32107001543045044,3.6412136554718018
1139,3.9768636226654053,0.34305423498153687,3.6338093280792236
1140,3.977201223373413,0.330134779214859,3.647066354751587
1141,3.9744460582733154,0.32671618461608887,3.6477298736572266
1142,3.98555326461792,0.3376444876194,3.6479086875915527
1143,4.001880168914795,0.3426421880722046,3.65923810005188
1144,3.941498041152954,0.2999609112739563,3.6415371894836426
1145,3.937147378921509,0.3120615482330322,3.6250858306884766
1146,4.0182037353515625,0.37467455863952637,3.643528938293457
1147,3.9676153659820557,0.3246881663799286,3.6429271697998047
1148,3.9749977588653564,0.33299189805984497,3.6420059204101562
1149,3.9776692390441895,0.33367106318473816,3.643998146057129
1150,3.983931303024292,0.32042771577835083,3.663503646850586
1151,3.973478078842163,0.32799622416496277,3.645481824874878
1152,3.9369964599609375,0.3046122193336487,3.6323843002319336
1153,3.9557626247406006,0.3335416316986084,3.622220993041992
1154,3.985574722290039,0.34376534819602966,3.6418094635009766
1155,3.980144739151001,0.34008240699768066,3.6400623321533203
1156,3.9563870429992676,0.3079511523246765,3.6484358310699463
1157,3.9597182273864746,0.31993675231933594,3.6397814750671387
1158,3.9989590644836426,0.34470632672309875,3.654252767562866
1159,3.9867308139801025,0.33416491746902466,3.6525659561157227
1160,3.9684126377105713,0.3356958031654358,3.6327168941497803
1161,3.943089008331299,0.3129035234451294,3.63018536567688
1162,3.980996608734131,0.3273429274559021,3.653653621673584
1163,3.9786252975463867,0.3321543037891388,3.6464710235595703
1164,3.9907917976379395,0.3335391879081726,3.657252550125122
1165,3.9868619441986084,0.3327682912349701,3.6540937423706055
1166,3.995232105255127,0.34458014369010925,3.6506519317626953
1167,3.9984347820281982,0.3439229130744934,3.6545119285583496
1168,3.943598508834839,0.30198296904563904,3.641615629196167
1169,3.9954750537872314,0.33385369181632996,3.661621332168579
1170,3.9872186183929443,0.33523768186569214,3.6519808769226074
1171,3.953113555908203,0.32258307933807373,3.63053035736084
1172,3.9720747470855713,0.3263080418109894,3.6457667350769043
1173,3.9716598987579346,0.3377772867679596,3.633882522583008
1174,3.944500207901001,0.3012602925300598,3.643239974975586
1175,3.9477875232696533,0.3279150128364563,3.619872570037842
1176,3.9529428482055664,0.3142487406730652,3.6386940479278564
1177,4.005053997039795,0.3523220419883728,3.6527321338653564
1178,3.9815144538879395,0.33149516582489014,3.650019407272339
1179,3.9576706886291504,0.310939222574234,3.646731376647949
1180,3.9429702758789062,0.3126053810119629,3.6303648948669434
1181,3.947324275970459,0.3246202766895294,3.622704029083252
1182,3.948622226715088,0.3084135353565216,3.6402087211608887
1183,3.969573736190796,0.334329754114151,3.6352438926696777
1184,3.9463469982147217,0.2964703440666199,3.649876594543457
1185,3.9578278064727783,0.30892062187194824,3.64890718460083
1186,4.004210948944092,0.3556441068649292,3.648566722869873
1187,3.947862386703491,0.32218486070632935,3.6256775856018066
1188,3.9648306369781494,0.32803916931152344,3.636791467666626
1189,3.9603066444396973,0.3380489945411682,3.622257709503174
1190,4.012758255004883,0.3519856035709381,3.6607728004455566
1191,4.005551338195801,0.3414883017539978,3.6640632152557373
1192,3.9491193294525146,0.31627994775772095,3.6328394412994385
1193,3.95284104347229,0.3317148685455322,3.621126174926758
1194,3.9952354431152344,0.344774067401886,3.650461435317993
1195,3.928621530532837,0.32074233889579773,3.607879161834717
1196,3.9513349533081055,0.3185877501964569,3.632747173309326
1197,3.9619150161743164,0.3351737856864929,3.6267411708831787
1198,4.000492572784424,0.35427969694137573,3.6462130546569824
1199,3.97027587890625,0.32595038414001465,3.6443254947662354
1200,3.956740140914917,0.30944833159446716,3.647291898727417
1201,3.9673962593078613,0.318580687046051,3.648815631866455
1202,3.997600555419922,0.34582746028900146,3.651772975921631
1203,3.961577892303467,0.3054252564907074,3.6561527252197266
1204,4.0289530754089355,0.3761032819747925,3.6528496742248535
1205,3.9183011054992676,0.3029179871082306,3.6153831481933594
1206,3.9551823139190674,0.3224050998687744,3.632777214050293
1207,3.9466493129730225,0.31943392753601074,3.6272153854370117
1208,3.972818613052368,0.30683523416519165,3.6659834384918213
1209,3.9688777923583984,0.3277772068977356,3.6411006450653076
1210,3.965662717819214,0.3254932761192322,3.640169382095337
1211,4.0003981590271,0.35760319232940674,3.6427950859069824
1212,3.9448704719543457,0.31323522329330444,3.6316351890563965
1213,4.009474277496338,0.3591794967651367,3.650294780731201
1214,3.973029136657715,0.3145812153816223,3.6584479808807373
1215,3.9984734058380127,0.33852332830429077,3.659950017929077
1216,3.9822134971618652,0.3387235403060913,3.6434898376464844
1217,3.9331154823303223,0.30531543493270874,3.6277999877929688
1218,3.9620394706726074,0.3119286298751831,3.6501107215881348
1219,3.9730210304260254,0.3133813142776489,3.659639835357666
1220,3.984381914138794,0.33527010679244995,3.649111747741699
1221,3.966482639312744,0.3152364492416382,3.6512460708618164
1222,3.976099729537964,0.3209354281425476,3.6551642417907715
1223,3.9483609199523926,0.3086848258972168,3.639676094055176
1224,3.9814882278442383,0.3251928389072418,3.6562952995300293
1225,3.970013380050659,0.31997936964035034,3.650033950805664
1226,4.010547637939453,0.35948610305786133,3.651061534881592
1227,3.969454288482666,0.34573471546173096,3.6237196922302246
1228,4.020771503448486,0.36175593733787537,3.659015417098999
1229,3.9802417755126953,0.32737118005752563,3.6528706550598145
1230,3.9715466499328613,0.3428002595901489,3.628746509552002
1231,4.011852741241455,0.34287208318710327,3.668980598449707
1232,3.940892457962036,0.2964756488800049,3.6444168090820312
1233,3.953125238418579,0.3107582628726959,3.642366886138916
1234,3.94608473777771,0.30439329147338867,3.6416914463043213
1235,3.9377503395080566,0.3090869188308716,3.6286635398864746
1236,3.935664653778076,0.29616057872772217,3.6395041942596436
1237,3.9642693996429443,0.31617578864097595,3.6480937004089355
1238,3.949756622314453,0.29953253269195557,3.650224208831787
1239,3.9964776039123535,0.33148065209388733,3.664996862411499
1240,3.968201160430908,0.32659912109375,3.641602039337158
1241,3.9376842975616455,0.30654123425483704,3.631143093109131
1242,3.9756593704223633,0.326029896736145,3.6496293544769287
1243,3.9900598526000977,0.3413466811180115,3.6487131118774414
1244,3.9586963653564453,0.32959747314453125,3.629098892211914
1245,3.9479169845581055,0.3082559406757355,3.6396610736846924
1246,3.9705002307891846,0.3254907727241516,3.6450095176696777
1247,3.978825569152832,0.3258572220802307,3.652968406677246
1248,3.939978837966919,0.31315165758132935,3.6268272399902344
1249,3.9799227714538574,0.33514028787612915,3.644782543182373
1250,3.9568028450012207,0.31946325302124023,3.6373395919799805
1251,3.992461681365967,0.33602404594421387,3.656437635421753
1252,3.9460699558258057,0.3129640221595764,3.633105993270874
1253,3.950005054473877,0.3083905577659607,3.6416144371032715
1254,3.96461820602417,0.32009994983673096,3.6445183753967285
1255,4.006196022033691,0.3439481556415558,3.662247657775879
1256,3.9740800857543945,0.3237594962120056,3.650320529937744
1257,3.989231586456299,0.33035808801651,3.6588735580444336
1258,3.9770641326904297,0.3258253037929535,3.6512389183044434
1259,3.9749257564544678,0.3219974637031555,3.652928352355957
1260,3.9804651737213135,0.32411637902259827,3.656348705291748
1261,3.9832630157470703,0.325599730014801,3.657663345336914
1262,3.9585390090942383,0.3122967481613159,3.646242380142212
1263,3.957667350769043,0.31327155232429504,3.6443958282470703
1264,3.9620227813720703,0.33063310384750366,3.631389617919922
1265,3.97585391998291,0.3093690872192383,3.666484832763672
1266,3.9471583366394043,0.2985082268714905,3.6486501693725586
1267,3.964364528656006,0.3039109706878662,3.6604535579681396
1268,3.969308376312256,0.3365454077720642,3.632762908935547
1269,3.9393582344055176,0.29745516180992126,3.6419031620025635
1270,3.9783759117126465,0.3464313745498657,3.631944417953491
1271,3.9595465660095215,0.305824875831604,3.653721809387207
1272,3.9701263904571533,0.3243364691734314,3.645789861679077
1273,3.997112989425659,0.34460192918777466,3.6525111198425293
1274,3.993190050125122,0.35749197006225586,3.635698080062866
1275,3.990318775177002,0.351043164730072,3.639275550842285
1276,3.963531732559204,0.31141018867492676,3.6521215438842773
1277,3.950761079788208,0.3159344792366028,3.63482666015625
1278,3.930875778198242,0.29518020153045654,3.635695457458496
1279,3.9515504837036133,0.29991596937179565,3.651634454727173
1280,3.9332563877105713,0.29583412408828735,3.6374223232269287
1281,3.9522898197174072,0.3150326609611511,3.6372570991516113
1282,3.94529128074646,0.31254687905311584,3.632744312286377
1283,3.958627462387085,0.3182518482208252,3.6403756141662598
1284,3.9750075340270996,0.3167581260204315,3.6582493782043457
1285,3.97869610786438,0.3476257026195526,3.631070375442505
1286,3.93827748298645,0.31257978081703186,3.625697612762451
1287,3.9573750495910645,0.3100137710571289,3.6473612785339355
1288,3.9407200813293457,0.29222574830055237,3.648494243621826
1289,3.9463541507720947,0.3117601275444031,3.634593963623047
1290,3.9523532390594482,0.3085872232913971,3.643765926361084
1291,3.9344897270202637,0.3056138753890991,3.628875970840454
1292,3.974358320236206,0.3388347327709198,3.635523557662964
1293,3.942776918411255,0.3160674571990967,3.626709461212158
1294,3.931384325027466,0.3013750910758972,3.630009174346924
1295,3.976210355758667,0.3301622271537781,3.646048069000244
1296,3.9666531085968018,0.33247309923171997,3.6341800689697266
1297,3.9114580154418945,0.284925639629364,3.6265323162078857
1298,3.969271421432495,0.30571722984313965,3.6635541915893555
1299,3.963120222091675,0.315743625164032,3.647376537322998
1300,3.929422378540039,0.297420859336853,3.6320013999938965
1301,3.940058946609497,0.28865179419517517,3.651407241821289
1302,3.958144187927246,0.31507354974746704,3.643070697784424
1303,3.948173761367798,0.3184437155723572,3.629729986190796
1304,3.948395013809204,0.3086383044719696,3.639756679534912
1305,3.956235408782959,0.3303341865539551,3.625901222229004
1306,3.9299237728118896,0.29103684425354004,3.6388869285583496
1307,3.9433159828186035,0.31192249059677124,3.6313934326171875
1308,3.9503049850463867,0.3293009102344513,3.621004104614258
1309,3.967463970184326,0.3201352059841156,3.6473288536071777
1310,3.9902584552764893,0.3443484306335449,3.6459100246429443
1311,3.9636940956115723,0.298469603061676,3.665224552154541
1312,3.9258995056152344,0.28573697805404663,3.640162467956543
1313,3.9344987869262695,0.3133092522621155,3.621189594268799
1314,3.946049451828003,0.3045920729637146,3.6414573192596436
1315,3.9606120586395264,0.3138454854488373,3.6467666625976562
1316,3.960789203643799,0.3073549270629883,3.6534342765808105
1317,4.003439903259277,0.3285185992717743,3.6749212741851807
1318,3.9381582736968994,0.29259926080703735,3.645559072494507
1319,3.9256229400634766,0.29857879877090454,3.627044200897217
1320,3.988476276397705,0.3427152633666992,3.645761013031006
1321,3.9826738834381104,0.3356149196624756,3.6470589637756348
1322,3.9765610694885254,0.31206071376800537,3.6645002365112305
1323,3.963508129119873,0.3269089460372925,3.636599063873291
1324,3.9213881492614746,0.2916903793811798,3.629697799682617
1325,3.9508912563323975,0.2985137104988098,3.6523776054382324
1326,3.9239718914031982,0.2743947505950928,3.6495771408081055
1327,3.9538414478302,0.3154444694519043,3.638396978378296
1328,3.9549732208251953,0.3135647177696228,3.6414084434509277
1329,3.9307384490966797,0.3167462646961212,3.613992214202881
1330,3.9927079677581787,0.3348613381385803,3.657846689224243
1331,3.9544930458068848,0.31506335735321045,3.6394295692443848
1332,3.964365005493164,0.3115278482437134,3.652837038040161
1333,3.9606823921203613,0.322481632232666,3.6382007598876953
1334,3.929058074951172,0.31405478715896606,3.6150033473968506
1335,3.949605941772461,0.3132871389389038,3.6363189220428467
1336,3.956665515899658,0.3159889578819275,3.640676498413086
1337,3.9494662284851074,0.31370940804481506,3.635756731033325
1338,3.964961290359497,0.3234376609325409,3.641523599624634
1339,3.964113712310791,0.3257367014884949,3.6383769512176514
1340,3.9146037101745605,0.2871706783771515,3.6274330615997314
1341,3.957045078277588,0.3251763582229614,3.631868839263916
1342,3.94191837310791,0.3069557547569275,3.634962558746338
1343,3.945228099822998,0.3102058172225952,3.6350221633911133
1344,3.9458789825439453,0.3050679564476013,3.640810966491699
1345,3.9530694484710693,0.32198649644851685,3.6310830116271973
1346,4.011529445648193,0.3554667830467224,3.656062602996826
1347,3.9669415950775146,0.31754714250564575,3.6493945121765137
1348,3.985774278640747,0.3490407168865204,3.6367335319519043
1349,3.9587810039520264,0.31866174936294556,3.6401193141937256
1350,3.94179630279541,0.30717432498931885,3.6346218585968018
1351,3.945695400238037,0.3027641177177429,3.6429312229156494
1352,3.975815773010254,0.33517590165138245,3.6406397819519043
1353,3.996293783187866,0.33872562646865845,3.6575682163238525
1354,3.949500799179077,0.3128712773323059,3.636629581451416
1355,3.9584097862243652,0.32456469535827637,3.633845090866089
1356,3.976638078689575,0.31625524163246155,3.6603827476501465
1357,3.941232442855835,0.30822309851646423,3.633009433746338
1358,3.956812858581543,0.3144899606704712,3.6423227787017822
1359,3.9611644744873047,0.31517404317855835,3.6459903717041016
1360,3.9743683338165283,0.324905663728714,3.6494626998901367
1361,3.9547524452209473,0.3079320788383484,3.646820306777954
1362,3.9283201694488525,0.3101178705692291,3.6182022094726562
1363,3.978752851486206,0.34308332204818726,3.635669469833374
1364,3.9666905403137207,0.3288145065307617,3.637876033782959
1365,3.9553873538970947,0.3053750693798065,3.650012254714966
1366,3.966686248779297,0.31568801403045654,3.650998115539551
1367,3.925412654876709,0.29080238938331604,3.634610176086426
1368,3.9654269218444824,0.3151129484176636,3.6503138542175293
1369,3.9375157356262207,0.3020382523536682,3.6354775428771973
1370,3.951411724090576,0.3224073052406311,3.62900447845459
1371,3.989109516143799,0.33301377296447754,3.6560957431793213
1372,4.014456748962402,0.3463423252105713,3.668114423751831
1373,3.9731502532958984,0.32989397644996643,3.643256187438965
1374,3.939976692199707,0.3022814095020294,3.6376953125
1375,3.9895119667053223,0.3423815667629242,3.6471304893493652
1376,3.9342575073242188,0.30304956436157227,3.6312079429626465
1377,3.9662861824035645,0.3110422194004059,3.6552438735961914
1378,3.9587562084198,0.312946617603302,3.6458096504211426
1379,3.9419264793395996,0.2992563247680664,3.642670154571533
1380,3.946443796157837,0.3304905593395233,3.615953207015991
1381,3.917797327041626,0.284707248210907,3.633090019226074
1382,3.946591854095459,0.30681362748146057,3.6397781372070312
1383,3.959808588027954,0.3025636374950409,3.657244920730591
1384,3.9289145469665527,0.2764526605606079,3.6524620056152344
1385,3.949739456176758,0.3225483298301697,3.6271910667419434
1386,3.984192371368408,0.3207349479198456,3.6634573936462402
1387,3.9703776836395264,0.30584436655044556,3.6645333766937256
1388,3.927145481109619,0.3065686821937561,3.620576858520508
1389,3.9439690113067627,0.3104041516780853,3.6335649490356445
1390,3.994194984436035,0.3497689962387085,3.644426107406616
1391,4.016138076782227,0.360529363155365,3.655608892440796
1392,3.9431564807891846,0.32098907232284546,3.6221673488616943
1393,3.990724563598633,0.3496192395687103,3.6411054134368896
1394,3.9067068099975586,0.2876419723033905,3.6190648078918457
1395,3.9305288791656494,0.28660693764686584,3.6439218521118164
1396,3.9700663089752197,0.32543691992759705,3.64462947845459
1397,3.974736452102661,0.3234127163887024,3.6513237953186035
1398,3.9639742374420166,0.3235037922859192,3.640470504760742
1399,3.9453072547912598,0.3163466453552246,3.628960609436035
1400,3.9665346145629883,0.30936717987060547,3.657167434692383
1401,3.9139628410339355,0.28121936321258545,3.6327435970306396
1402,3.9477334022521973,0.306389719247818,3.641343593597412
1403,3.933114767074585,0.3035370409488678,3.62957763671875
1404,3.957793712615967,0.3039633333683014,3.6538302898406982
1405,3.945033073425293,0.2942758798599243,3.650757312774658
1406,3.9639170169830322,0.3362162411212921,3.6277008056640625
1407,3.9451441764831543,0.2964358925819397,3.6487083435058594
1408,3.9913690090179443,0.3450457453727722,3.6463232040405273
1409,3.9103591442108154,0.2767636477947235,3.6335954666137695
1410,3.899064779281616,0.2760801613330841,3.6229846477508545
1411,3.929975986480713,0.3046479821205139,3.6253280639648438
1412,3.9194185733795166,0.3035438060760498,3.615874767303467
1413,3.9715383052825928,0.32154038548469543,3.6499979496002197
1414,3.9740700721740723,0.30806198716163635,3.6660079956054688
1415,3.932152509689331,0.30047720670700073,3.6316752433776855
1416,3.8834290504455566,0.2673415541648865,3.6160874366760254
1417,3.9690515995025635,0.3144489824771881,3.654602527618408
1418,3.941218614578247,0.2992543578147888,3.6419641971588135
1419,3.983555316925049,0.32556432485580444,3.6579909324645996
1420,3.9832100868225098,0.32269996404647827,3.6605100631713867
1421,3.9478955268859863,0.3023377060890198,3.6455578804016113
1422,3.925492763519287,0.2947816848754883,3.630711078643799
1423,3.965482234954834,0.32459527254104614,3.6408870220184326
1424,3.9516441822052,0.3266305923461914,3.625013589859009
1425,3.970447063446045,0.3126010596752167,3.657845973968506
1426,3.9572646617889404,0.31613272428512573,3.64113187789917
1427,3.9365110397338867,0.28824037313461304,3.648270606994629
1428,3.9643049240112305,0.30839043855667114,3.655914545059204
1429,3.9134185314178467,0.2738364338874817,3.6395821571350098
1430,3.9616518020629883,0.31255245208740234,3.649099349975586
1431,3.956075668334961,0.3027576208114624,3.653318166732788
1432,3.9632325172424316,0.3124984800815582,3.6507339477539062
1433,3.992321014404297,0.34431755542755127,3.648003578186035
1434,3.9542531967163086,0.32302242517471313,3.6312308311462402
1435,3.9501492977142334,0.313120573759079,3.637028694152832
1436,3.9927539825439453,0.3505854606628418,3.6421685218811035
1437,3.9825098514556885,0.33829575777053833,3.644214153289795
1438,3.954894542694092,0.31741392612457275,3.6374807357788086
1439,3.9569015502929688,0.3072854280471802,3.649616241455078
1440,3.950017213821411,0.3057829439640045,3.6442341804504395
1441,3.962648391723633,0.31942978501319885,3.643218517303467
1442,3.9690895080566406,0.32755976915359497,3.6415297985076904
1443,3.923067569732666,0.29896748065948486,3.6240999698638916
1444,3.930149555206299,0.313751757144928,3.6163978576660156
1445,3.927807092666626,0.30164414644241333,3.6261630058288574
1446,3.9375767707824707,0.2986856698989868,3.6388912200927734
1447,3.9560821056365967,0.315683513879776,3.6403985023498535
1448,3.917466878890991,0.28088119626045227,3.6365857124328613
1449,3.9368510246276855,0.3244113326072693,3.6124396324157715
1450,4.004597187042236,0.35106760263442993,3.653529644012451
1451,3.946098804473877,0.3080291450023651,3.6380696296691895
1452,3.983712673187256,0.3217257857322693,3.661986827850342
1453,3.9008822441101074,0.2813631296157837,3.6195192337036133
1454,3.9337589740753174,0.28715676069259644,3.646602153778076
1455,3.925448417663574,0.3078201115131378,3.617628335952759
1456,3.9603798389434814,0.3173697292804718,3.643010139465332
1457,3.9497697353363037,0.2972816824913025,3.6524879932403564
1458,3.9683103561401367,0.3156803846359253,3.652630090713501
1459,3.933809280395508,0.31400853395462036,3.6198008060455322
1460,3.955724000930786,0.31473308801651,3.640990972518921
1461,3.9585206508636475,0.30971890687942505,3.648801803588867
1462,3.909763813018799,0.2795034945011139,3.6302602291107178
1463,3.9565038681030273,0.31489941477775574,3.641604423522949
1464,3.949850082397461,0.30035537481307983,3.6494946479797363
1465,3.949610471725464,0.3115804195404053,3.6380300521850586
1466,3.927095413208008,0.29678475856781006,3.630310535430908
1467,3.9627647399902344,0.33278805017471313,3.629976749420166
1468,3.97356915473938,0.32866641879081726,3.6449027061462402
1469,3.951439142227173,0.3013250231742859,3.650114059448242
1470,3.9551310539245605,0.30410003662109375,3.651031017303467
1471,3.9537241458892822,0.29171013832092285,3.6620140075683594
1472,3.9781599044799805,0.3387216329574585,3.6394381523132324
1473,3.992661952972412,0.325783908367157,3.6668779850006104
1474,3.9604058265686035,0.31210634112358093,3.6482994556427
1475,3.9448471069335938,0.3208637237548828,3.623983383178711
1476,3.937765598297119,0.3079579174518585,3.629807710647583
1477,3.9900224208831787,0.323162317276001,3.6668601036071777
1478,3.9899990558624268,0.3453196883201599,3.644679307937622
1479,3.9927382469177246,0.33497685194015503,3.657761335372925
1480,3.941774368286133,0.296689510345459,3.645084857940674
1481,3.9420204162597656,0.30710268020629883,3.634917736053467
1482,3.990419387817383,0.3594758212566376,3.630943536758423
1483,3.9638848304748535,0.31536972522735596,3.648515224456787
1484,3.9687912464141846,0.3132842183113098,3.6555070877075195
1485,3.911102533340454,0.2812325358390808,3.6298699378967285
1486,3.9596104621887207,0.30238181352615356,3.657228708267212
1487,3.963670253753662,0.30984771251678467,3.653822422027588
1488,3.9526007175445557,0.31596639752388,3.636634349822998
1489,3.9438085556030273,0.294379323720932,3.6494293212890625
1490,3.9468798637390137,0.3284662961959839,3.6184134483337402
1491,3.965697765350342,0.31603386998176575,3.6496639251708984
1492,3.943652629852295,0.30972105264663696,3.6339316368103027
1493,3.9313042163848877,0.29255080223083496,3.6387534141540527
1494,3.945427894592285,0.3122883439064026,3.6331396102905273
1495,3.9715003967285156,0.3220432996749878,3.6494569778442383
1496,3.9740939140319824,0.3393138647079468,3.634779930114746
1497,3.9732000827789307,0.33203691244125366,3.6411631107330322
1498,3.980699062347412,0.32109367847442627,3.6596055030822754
1499,3.9319615364074707,0.2930976152420044,3.638864040374756
1500,3.926391363143921,0.3066647946834564,3.6197266578674316
1501,3.9369564056396484,0.3061557412147522,3.630800724029541
1502,3.931614637374878,0.3086954951286316,3.6229190826416016
1503,3.9517831802368164,0.3226340413093567,3.6291491985321045
1504,3.9235191345214844,0.3061121702194214,3.6174068450927734
1505,3.9410698413848877,0.3123781979084015,3.6286916732788086
1506,3.9736979007720947,0.3115542531013489,3.6621437072753906
1507,3.9819743633270264,0.3372102677822113,3.6447641849517822
1508,3.916759967803955,0.297579824924469,3.619180202484131
1509,3.9973628520965576,0.3399829864501953,3.6573798656463623
1510,3.911484718322754,0.2821153700351715,3.6293692588806152
1511,3.958813190460205,0.32444673776626587,3.634366512298584
1512,3.9457409381866455,0.3185667395591736,3.627174139022827
1513,3.95908784866333,0.3132344186306,3.6458535194396973
1514,3.987724542617798,0.3271191120147705,3.6606054306030273
1515,3.9483373165130615,0.3019302785396576,3.646407127380371
1516,3.9578139781951904,0.32150572538375854,3.636308193206787
1517,3.953738212585449,0.327603816986084,3.6261343955993652
1518,3.946160316467285,0.31366848945617676,3.6324918270111084
1519,3.997445583343506,0.3382139503955841,3.659231662750244
1520,3.9113171100616455,0.2950989902019501,3.616218090057373
1521,3.9346275329589844,0.3058270812034607,3.628800392150879
1522,3.926366090774536,0.29372626543045044,3.6326398849487305
1523,3.9267287254333496,0.28720295429229736,3.639525890350342
1524,3.9909985065460205,0.33159953355789185,3.6593990325927734
1525,3.951521158218384,0.31096914410591125,3.640552043914795
1526,3.969758987426758,0.32585304975509644,3.6439058780670166
1527,3.98917293548584,0.31858396530151367,3.670588970184326
1528,3.9379723072052,0.29375678300857544,3.6442155838012695
1529,3.961909294128418,0.32803428173065186,3.6338751316070557
1530,3.960500717163086,0.300877183675766,3.659623622894287
1531,3.925607919692993,0.2880379855632782,3.6375699043273926
1532,3.9016222953796387,0.2911238670349121,3.6104984283447266
1533,3.94740629196167,0.3114960789680481,3.6359102725982666
1534,3.9563469886779785,0.3131614625453949,3.643185615539551
1535,3.9864728450775146,0.34347620606422424,3.6429965496063232
1536,3.9708597660064697,0.30527815222740173,3.665581703186035
1537,3.9400429725646973,0.3103755712509155,3.629667282104492
1538,3.963707447052002,0.3207005262374878,3.6430068016052246
1539,3.968815565109253,0.3052618205547333,3.6635537147521973
1540,3.9370760917663574,0.30610066652297974,3.6309754848480225
1541,3.924933910369873,0.31360751390457153,3.6113264560699463
1542,3.968777894973755,0.3174019753932953,3.6513760089874268
1543,3.9414541721343994,0.28549668192863464,3.6559574604034424
1544,3.975816249847412,0.3350055515766144,3.64081072807312
1545,3.8970510959625244,0.27922970056533813,3.617821455001831
1546,3.9334564208984375,0.288562536239624,3.6448938846588135
1547,3.9533908367156982,0.3099821209907532,3.64340877532959
1548,3.9566762447357178,0.30629467964172363,3.650381565093994
1549,3.9302525520324707,0.2987150251865387,3.631537437438965
1550,3.9572982788085938,0.3147013783454895,3.642596960067749
1551,3.9460179805755615,0.3122990131378174,3.633718967437744
1552,3.935746192932129,0.3035651743412018,3.63218092918396
1553,3.9765477180480957,0.3200037181377411,3.6565439701080322
1554,3.9492225646972656,0.30192410945892334,3.6472983360290527
1555,3.9518373012542725,0.3029756546020508,3.6488616466522217
1556,3.9768779277801514,0.3299470543861389,3.6469309329986572
1557,3.969204902648926,0.31585657596588135,3.653348207473755
1558,3.943483352661133,0.31696075201034546,3.6265225410461426
1559,3.96277117729187,0.3213791251182556,3.6413919925689697
1560,3.97084379196167,0.3146853446960449,3.656158447265625
1561,3.964765787124634,0.32235661149024963,3.642409086227417
1562,3.9376368522644043,0.2932896018028259,3.6443471908569336
1563,3.9464163780212402,0.31625837087631226,3.630157947540283
1564,3.912750482559204,0.27490973472595215,3.637840747833252
1565,3.94901704788208,0.2876972556114197,3.6613197326660156
1566,3.9632174968719482,0.31816643476486206,3.6450510025024414
1567,3.9659652709960938,0.33579587936401367,3.63016939163208
1568,3.942357063293457,0.2954474687576294,3.646909713745117
1569,3.9696497917175293,0.32224041223526,3.647409439086914
1570,3.9688124656677246,0.3210009038448334,3.6478116512298584
1571,3.923834800720215,0.29343730211257935,3.6303975582122803
1572,3.9384281635284424,0.2997124493122101,3.6387157440185547
1573,3.975766658782959,0.31841492652893066,3.6573517322540283
1574,3.975752830505371,0.32778143882751465,3.6479713916778564
1575,3.9513144493103027,0.2995971441268921,3.651717185974121
1576,3.9206089973449707,0.292116641998291,3.6284923553466797
1577,3.947009325027466,0.3070991039276123,3.6399102210998535
1578,3.9961860179901123,0.3398553431034088,3.6563305854797363
1579,3.9410221576690674,0.3089659512042999,3.63205623626709
1580,3.9580180644989014,0.3170556426048279,3.6409623622894287
1581,3.9859166145324707,0.3101464509963989,3.6757702827453613
1582,3.9879651069641113,0.34989750385284424,3.6380674839019775
1583,3.9690070152282715,0.30908888578414917,3.6599180698394775
1584,3.917862892150879,0.28329378366470337,3.6345691680908203
1585,3.9605181217193604,0.3349582254886627,3.6255598068237305
1586,3.937991142272949,0.3017444610595703,3.636246681213379
1587,3.9609920978546143,0.317080020904541,3.6439120769500732
1588,3.9423668384552,0.30458709597587585,3.637779712677002
1589,3.9278717041015625,0.3173738718032837,3.6104979515075684
1590,3.9301259517669678,0.30784162878990173,3.622284412384033
1591,3.9451467990875244,0.3203781247138977,3.6247687339782715
1592,3.9639244079589844,0.32432201504707336,3.6396024227142334
1593,3.9527716636657715,0.3054381012916565,3.6473336219787598
1594,3.96823787689209,0.31766360998153687,3.650574207305908
1595,3.9353513717651367,0.2895295023918152,3.6458218097686768
1596,3.9466168880462646,0.29707786440849304,3.649538993835449
1597,3.958139419555664,0.3065943717956543,3.6515450477600098
1598,3.953648805618286,0.3141534626483917,3.639495372772217
1599,3.921286106109619,0.2910259962081909,3.6302599906921387
1600,3.949119806289673,0.30401039123535156,3.6451094150543213
1601,3.938575267791748,0.30384647846221924,3.6347289085388184
1602,3.9270501136779785,0.307089626789093,3.6199605464935303
1603,3.8962795734405518,0.26913148164749146,3.627148151397705
1604,3.9646992683410645,0.32311365008354187,3.6415855884552
1605,3.949622631072998,0.31264737248420715,3.6369752883911133
1606,3.9292685985565186,0.2933444380760193,3.6359241008758545
1607,3.9406051635742188,0.3001180589199066,3.6404871940612793
1608,3.9178080558776855,0.29452839493751526,3.623279571533203
1609,3.9424972534179688,0.30241215229034424,3.640085220336914
1610,3.9239845275878906,0.30038976669311523,3.6235947608947754
1611,3.9157354831695557,0.2951459586620331,3.6205894947052
1612,3.9578123092651367,0.3048204779624939,3.652991771697998
1613,3.9615728855133057,0.32186850905418396,3.639704465866089
1614,3.996856212615967,0.3495764136314392,3.647279739379883
1615,3.921071767807007,0.2994348406791687,3.6216368675231934
1616,3.940556764602661,0.30350038409233093,3.637056350708008
1617,3.957575798034668,0.316558837890625,3.641016960144043
1618,3.934138298034668,0.3036297559738159,3.6305084228515625
1619,3.961973190307617,0.32977360486984253,3.63219952583313
1620,3.949098587036133,0.309374064207077,3.6397244930267334
1621,3.973723888397217,0.346809983253479,3.6269140243530273
1622,3.8606667518615723,0.25187617540359497,3.608790636062622
1623,3.9529106616973877,0.3136405944824219,3.639270067214966
1624,3.9513421058654785,0.3117150068283081,3.639626979827881
1625,3.9963626861572266,0.35115569829940796,3.645206928253174
1626,3.953941583633423,0.3126404583454132,3.641301155090332
1627,3.9264016151428223,0.28717461228370667,3.6392269134521484
1628,3.9316248893737793,0.29982781410217285,3.6317970752716064
1629,3.941859722137451,0.3059901297092438,3.6358695030212402
1630,3.94844913482666,0.30909642577171326,3.639352798461914
1631,3.9385499954223633,0.3031264543533325,3.635423421859741
1632,3.912871837615967,0.2739172577857971,3.6389546394348145
1633,3.9839425086975098,0.34776654839515686,3.6361758708953857
1634,3.9244608879089355,0.2722591161727905,3.6522016525268555
1635,3.9232587814331055,0.2869848608970642,3.6362738609313965
1636,3.9266135692596436,0.2904431223869324,3.6361703872680664
1637,3.9072439670562744,0.2767117917537689,3.6305322647094727
1638,3.9579999446868896,0.31046396493911743,3.647536039352417
1639,3.9485297203063965,0.31059467792510986,3.637934923171997
1640,3.9543097019195557,0.30543869733810425,3.6488709449768066
1641,3.9627506732940674,0.3155571520328522,3.647193431854248
1642,3.959475517272949,0.31030985713005066,3.649165630340576
1643,3.92917537689209,0.29341450333595276,3.63576078414917
1644,3.930283784866333,0.28664854168891907,3.6436352729797363
1645,3.9869813919067383,0.33064281940460205,3.6563384532928467
1646,3.9860715866088867,0.3416460156440735,3.644425630569458
1647,3.950711727142334,0.3216000199317932,3.6291117668151855
1648,3.993882656097412,0.3378530740737915,3.656029462814331
1649,3.913447856903076,0.27541017532348633,3.63803768157959
1650,3.962501049041748,0.325724720954895,3.6367764472961426
1651,3.9638872146606445,0.32862961292266846,3.6352574825286865
1652,3.9602999687194824,0.31523802876472473,3.64506196975708
1653,3.9263060092926025,0.2994503974914551,3.6268556118011475
1654,3.9344420433044434,0.30583900213241577,3.628602981567383
1655,3.943911075592041,0.31147634983062744,3.632434844970703
1656,3.9812240600585938,0.3341745138168335,3.6470494270324707
1657,3.932742118835449,0.2941969931125641,3.638545036315918
1658,3.9486501216888428,0.29608991742134094,3.652560234069824
1659,3.9264001846313477,0.30493074655532837,3.621469497680664
1660,3.933839797973633,0.3184136748313904,3.6154260635375977
1661,3.952925205230713,0.3164180517196655,3.636507034301758
1662,3.9644134044647217,0.3080053925514221,3.6564080715179443
1663,3.9399354457855225,0.2963588237762451,3.6435766220092773
1664,3.9294075965881348,0.2972294092178345,3.63217830657959
1665,3.9463746547698975,0.3012823462486267,3.645092248916626
1666,3.966496229171753,0.31659775972366333,3.6498985290527344
1667,3.9656834602355957,0.3298720419406891,3.6358113288879395
1668,3.910074234008789,0.2770530581474304,3.633021116256714
1669,3.9153804779052734,0.2856835424900055,3.629696846008301
1670,3.9430742263793945,0.2925506830215454,3.6505236625671387
1671,3.912917137145996,0.27204662561416626,3.6408705711364746
1672,3.963125705718994,0.3308864235877991,3.63223934173584
1673,4.0033392906188965,0.33192282915115356,3.6714165210723877
1674,3.956186294555664,0.32125186920166016,3.634934425354004
1675,3.926569938659668,0.3098926544189453,3.6166772842407227
1676,3.953057289123535,0.3021674156188965,3.6508898735046387
1677,3.9588911533355713,0.32695505023002625,3.6319360733032227
1678,3.966139316558838,0.3255666494369507,3.6405725479125977
1679,3.932631015777588,0.2930881083011627,3.639542818069458
1680,3.938915252685547,0.2977330684661865,3.6411821842193604
1681,3.9257888793945312,0.2863881289958954,3.6394007205963135
1682,3.9661169052124023,0.33735769987106323,3.6287591457366943
1683,3.9183807373046875,0.28942906856536865,3.6289515495300293
1684,3.904470443725586,0.27558469772338867,3.6288857460021973
1685,3.9540719985961914,0.3058373034000397,3.6482346057891846
1686,3.9308786392211914,0.300110399723053,3.630768299102783
1687,3.9461581707000732,0.29875898361206055,3.6473991870880127
1688,3.9646570682525635,0.3205239176750183,3.6441330909729004
1689,3.937215805053711,0.30284446477890015,3.634371280670166
1690,3.926602602005005,0.29758766293525696,3.6290149688720703
1691,3.9296724796295166,0.2913531959056854,3.638319253921509
1692,3.963190793991089,0.30614209175109863,3.6570487022399902
1693,3.9078664779663086,0.279926598072052,3.6279399394989014
1694,3.9359092712402344,0.3012033700942993,3.6347060203552246
1695,3.948991298675537,0.2984195351600647,3.650571823120117
1696,3.9519059658050537,0.3007241189479828,3.651181936264038
1697,3.95563006401062,0.29369837045669556,3.6619317531585693
1698,3.93139386177063,0.29826799035072327,3.6331257820129395
1699,3.9331860542297363,0.2925204336643219,3.6406655311584473
1700,3.9385015964508057,0.31253355741500854,3.6259679794311523
1701,3.939718008041382,0.3097495436668396,3.6299684047698975
1702,3.979119300842285,0.34184396266937256,3.637275218963623
1703,3.938187599182129,0.30231860280036926,3.635869026184082
1704,3.9793574810028076,0.3278152644634247,3.6515421867370605
1705,3.962559938430786,0.30297014117240906,3.6595897674560547
1706,3.924717664718628,0.28328877687454224,3.6414289474487305
1707,3.961998701095581,0.31424206495285034,3.647756576538086
1708,3.8984386920928955,0.28343895077705383,3.614999771118164
1709,3.9569318294525146,0.3094964623451233,3.647435426712036
1710,3.941194534301758,0.29005753993988037,3.651136875152588
1711,3.985290765762329,0.33466359972953796,3.6506271362304688
1712,3.941103219985962,0.29671740531921387,3.644385814666748
1713,3.949103832244873,0.3170788884162903,3.6320250034332275
1714,3.9210398197174072,0.29381585121154785,3.6272239685058594
1715,3.977213144302368,0.32281726598739624,3.654395818710327
1716,3.9206113815307617,0.2910151779651642,3.62959623336792
1717,3.9508328437805176,0.3219274580478668,3.6289052963256836
1718,3.9583163261413574,0.3057136833667755,3.6526026725769043
1719,3.95717716217041,0.30154949426651,3.655627727508545
1720,3.971095561981201,0.3194391131401062,3.65165638923645
1721,3.9710988998413086,0.3272606134414673,3.643838405609131
1722,3.9329006671905518,0.30029675364494324,3.632603883743286
1723,3.946898937225342,0.3057857155799866,3.64111328125
1724,3.9016318321228027,0.25310033559799194,3.648531436920166
1725,3.9108541011810303,0.28446832299232483,3.6263856887817383
1726,3.9483447074890137,0.32337671518325806,3.6249680519104004
1727,3.9632205963134766,0.3192552328109741,3.643965482711792
1728,3.949702024459839,0.30940788984298706,3.640294075012207
1729,3.9572038650512695,0.31008580327033997,3.647118091583252
1730,3.963092803955078,0.32971519231796265,3.6333775520324707
1731,3.9408681392669678,0.2731137275695801,3.6677544116973877
1732,3.94112491607666,0.2831045985221863,3.658020257949829
1733,3.9498395919799805,0.28864991664886475,3.661189556121826
1734,3.9794790744781494,0.3183654248714447,3.661113739013672
1735,3.9992644786834717,0.3447935879230499,3.654470920562744
1736,3.9572739601135254,0.31544971466064453,3.641824245452881
1737,3.8973755836486816,0.28188470005989075,3.6154909133911133
1738,4.005602836608887,0.353624165058136,3.6519784927368164
1739,3.9439749717712402,0.3188042938709259,3.6251707077026367
1740,3.943899154663086,0.31032609939575195,3.633573055267334
1741,3.9625449180603027,0.31697219610214233,3.6455726623535156
1742,3.958588123321533,0.31227004528045654,3.646318197250366
1743,3.9710633754730225,0.3186219334602356,3.6524415016174316
1744,3.941619396209717,0.30178773403167725,3.63983154296875
1745,3.92354679107666,0.3024016320705414,3.621145248413086
1746,3.908724784851074,0.28398263454437256,3.624742031097412
1747,3.943024158477783,0.30811411142349243,3.6349101066589355
1748,3.947968006134033,0.30034881830215454,3.6476192474365234
1749,3.9201934337615967,0.32136791944503784,3.598825454711914
1750,3.9197940826416016,0.28327155113220215,3.6365225315093994
1751,3.947719097137451,0.31573355197906494,3.631985664367676
1752,3.903064250946045,0.28923866152763367,3.613825559616089
1753,3.94092059135437,0.30922025442123413,3.631700277328491
1754,3.940971612930298,0.2930263876914978,3.6479451656341553
1755,3.96614670753479,0.325029194355011,3.641117572784424
1756,3.9495298862457275,0.3067924678325653,3.64273738861084
1757,3.8914906978607178,0.2783750891685486,3.6131155490875244
1758,3.9259986877441406,0.28246864676475525,3.6435301303863525
1759,3.91267466545105,0.2795518934726715,3.633122682571411
1760,3.9355955123901367,0.28408434987068176,3.6515111923217773
1761,3.935624837875366,0.3027498722076416,3.6328749656677246
1762,3.929152488708496,0.29962146282196045,3.629530906677246
1763,3.913294792175293,0.2798876166343689,3.6334071159362793
1764,3.9575111865997314,0.3116479814052582,3.6458632946014404
1765,3.950927257537842,0.2935270071029663,3.657400131225586
1766,3.9330356121063232,0.2907979488372803,3.642237663269043
1767,3.9393763542175293,0.2955809235572815,3.6437954902648926
1768,3.9789233207702637,0.32605111598968506,3.652872085571289
1769,3.9354870319366455,0.3128836154937744,3.622603416442871
1770,3.9196341037750244,0.29297804832458496,3.6266560554504395
1771,3.9163951873779297,0.28287455439567566,3.6335206031799316
1772,3.9363577365875244,0.30627018213272095,3.6300876140594482
1773,3.9334306716918945,0.2878216803073883,3.645608901977539
1774,3.947937488555908,0.3118574619293213,3.636080026626587
1775,3.9459564685821533,0.32107144594192505,3.624885082244873
1776,3.9211585521698,0.30732521414756775,3.613833427429199
1777,3.9497342109680176,0.30071496963500977,3.649019241333008
1778,3.9265549182891846,0.27699801325798035,3.649556875228882
1779,3.9562268257141113,0.3102295398712158,3.6459972858428955
1780,3.88442325592041,0.2807396352291107,3.6036837100982666
1781,3.9612746238708496,0.2916494309902191,3.6696252822875977
1782,3.94328236579895,0.2990897297859192,3.644192695617676
1783,3.9719724655151367,0.3177834451198578,3.654189109802246
1784,3.909878730773926,0.26989680528640747,3.639981985092163
1785,3.9379680156707764,0.308759868144989,3.6292080879211426
1786,3.9872686862945557,0.32233887910842896,3.6649298667907715
1787,3.9476470947265625,0.3065451681613922,3.641101837158203
1788,3.923177719116211,0.27433478832244873,3.6488428115844727
1789,3.9618334770202637,0.31644976139068604,3.645383834838867
1790,3.906602382659912,0.27789437770843506,3.6287081241607666
1791,3.945805549621582,0.3033446669578552,3.642460823059082
1792,3.973496437072754,0.31468337774276733,3.658812999725342
1793,3.946073055267334,0.3009004592895508,3.645172595977783
1794,3.9163146018981934,0.29460668563842773,3.6217079162597656
1795,3.9053022861480713,0.2847215235233307,3.6205806732177734
1796,3.930440664291382,0.301293283700943,3.6291472911834717
1797,3.9680848121643066,0.31548237800598145,3.652602434158325
1798,3.9640274047851562,0.3215755224227905,3.642451763153076
1799,3.9600002765655518,0.3099514842033386,3.6500487327575684
1800,3.9601235389709473,0.30403998494148254,3.656083583831787
1801,3.941385507583618,0.3008083701133728,3.6405770778656006
1802,3.9506735801696777,0.303979754447937,3.646693706512451
1803,3.960386276245117,0.3218558728694916,3.6385304927825928
1804,3.944908380508423,0.2939259111881256,3.65098237991333
1805,3.950772285461426,0.315350204706192,3.6354219913482666
1806,3.941904067993164,0.30728679895401,3.634617328643799
1807,3.9378669261932373,0.306566059589386,3.631300926208496
1808,3.930061101913452,0.2835371196269989,3.646523952484131
1809,3.923790454864502,0.2978435754776001,3.6259469985961914
1810,3.91222882270813,0.2931567132472992,3.619072198867798
1811,3.9173123836517334,0.284687340259552,3.632625102996826
1812,3.9165544509887695,0.28364336490631104,3.632911205291748
1813,3.9120233058929443,0.2850353717803955,3.626987934112549
1814,3.927311658859253,0.3104742169380188,3.616837501525879
1815,3.953453540802002,0.30084460973739624,3.652608871459961
1816,3.933424949645996,0.2797039747238159,3.6537208557128906
1817,3.941208600997925,0.3034304976463318,3.6377780437469482
1818,3.887521266937256,0.2720681130886078,3.6154532432556152
1819,3.936872720718384,0.3202205300331116,3.616652250289917
1820,3.948517322540283,0.3034484386444092,3.645068883895874
1821,3.9317164421081543,0.2991861402988434,3.6325302124023438
1822,3.9187631607055664,0.28527936339378357,3.63348388671875
1823,3.921860456466675,0.3095586895942688,3.612301826477051
1824,3.931947708129883,0.28995612263679504,3.64199161529541
1825,3.9294943809509277,0.2954276204109192,3.6340668201446533
1826,3.9294426441192627,0.29000160098075867,3.6394410133361816
1827,3.894648551940918,0.27048876881599426,3.624159812927246
1828,3.9393351078033447,0.28982067108154297,3.6495144367218018
1829,3.9298694133758545,0.2956967055797577,3.6341726779937744
1830,3.941904067993164,0.29675137996673584,3.6451528072357178
1831,3.953059434890747,0.3045054078102112,3.6485540866851807
1832,3.93681263923645,0.300526887178421,3.6362857818603516
1833,3.9195868968963623,0.2895996570587158,3.6299872398376465
1834,3.9375929832458496,0.2859994173049927,3.6515936851501465
1835,3.9295272827148438,0.294421523809433,3.635105848312378
1836,3.90270733833313,0.28148871660232544,3.621218681335449
1837,3.930706262588501,0.2860491871833801,3.6446571350097656
1838,3.8950626850128174,0.2703402638435364,3.624722480773926
1839,3.9058783054351807,0.2771136164665222,3.6287646293640137
1840,3.9429755210876465,0.31255966424942017,3.630415916442871
1841,3.8985679149627686,0.28242459893226624,3.616143226623535
1842,3.9416444301605225,0.2979584336280823,3.643686056137085
1843,3.9313576221466064,0.29673224687576294,3.6346254348754883
1844,3.908613443374634,0.2780449092388153,3.630568504333496
1845,3.94846773147583,0.2989298105239868,3.649538040161133
1846,3.9346442222595215,0.29769936203956604,3.6369447708129883
1847,3.891962766647339,0.26929211616516113,3.6226706504821777
1848,3.980018138885498,0.317606121301651,3.66241192817688
1849,3.917231559753418,0.2852051854133606,3.632026433944702
1850,3.8934082984924316,0.2879382371902466,3.6054701805114746
1851,3.9301774501800537,0.27771955728530884,3.6524579524993896
1852,3.925950050354004,0.2828369736671448,3.643113136291504
1853,3.968641757965088,0.3190074861049652,3.64963436126709
1854,3.937100648880005,0.28112393617630005,3.6559767723083496
1855,3.9192638397216797,0.2712134122848511,3.648050308227539
1856,3.9171061515808105,0.28467854857444763,3.63242769241333
1857,3.9098477363586426,0.27224552631378174,3.6376023292541504
1858,3.933659553527832,0.2989448606967926,3.6347146034240723
1859,3.950117349624634,0.30341556668281555,3.6467018127441406
1860,3.9249119758605957,0.29894739389419556,3.625964641571045
1861,3.9110898971557617,0.29814448952674866,3.612945318222046
1862,3.9313623905181885,0.3011278212070465,3.630234479904175
1863,3.944603443145752,0.29019176959991455,3.654411554336548
1864,3.9116334915161133,0.2574891746044159,3.654144287109375
1865,3.920269250869751,0.2912343442440033,3.629034996032715
1866,3.9540786743164062,0.3068406581878662,3.64723801612854
1867,3.9635651111602783,0.3202989101409912,3.643266201019287
1868,3.9438607692718506,0.2961094379425049,3.6477513313293457
1869,3.880418539047241,0.2618713080883026,3.618547201156616
1870,3.971791982650757,0.3207341730594635,3.651057720184326
1871,3.959031343460083,0.30908554792404175,3.6499457359313965
1872,3.9336485862731934,0.3031114339828491,3.6305370330810547
1873,3.930962562561035,0.2982058525085449,3.6327567100524902
1874,3.9031574726104736,0.26404204964637756,3.639115333557129
1875,3.9500010013580322,0.30476710200309753,3.6452338695526123
1876,3.9702069759368896,0.32028746604919434,3.6499195098876953
1877,3.9565589427948,0.3247549533843994,3.6318039894104004
1878,3.9206390380859375,0.2852690815925598,3.6353700160980225
1879,3.964242935180664,0.30897605419158936,3.655266761779785
1880,3.9293315410614014,0.29818254709243774,3.6311490535736084
1881,3.9778389930725098,0.3273671865463257,3.6504716873168945
1882,3.916903495788574,0.2786540985107422,3.638249397277832
1883,3.9670166969299316,0.32063359022140503,3.646383047103882
1884,3.9298815727233887,0.2869616746902466,3.6429200172424316
1885,3.9148242473602295,0.28852909803390503,3.6262950897216797
1886,3.9577057361602783,0.3131105303764343,3.644595146179199
1887,3.9636645317077637,0.30014604330062866,3.6635184288024902
1888,3.9595727920532227,0.31064745783805847,3.648925304412842
1889,3.95569109916687,0.29623299837112427,3.6594581604003906
1890,3.9755842685699463,0.32254964113235474,3.6530346870422363
1891,3.957341432571411,0.3182065188884735,3.6391348838806152
1892,3.9622082710266113,0.3005218505859375,3.661686420440674
1893,3.9144301414489746,0.2823566198348999,3.632073402404785
1894,3.945833683013916,0.30002927780151367,3.6458044052124023
1895,3.9502885341644287,0.2972654402256012,3.6530230045318604
1896,3.938716411590576,0.31853950023651123,3.6201770305633545
1897,3.948214292526245,0.29938578605651855,3.6488285064697266
1898,3.9596145153045654,0.30444926023483276,3.655165195465088
1899,3.928899049758911,0.30501461029052734,3.623884439468384
1900,3.9023866653442383,0.26417604088783264,3.6382105350494385
1901,3.9611546993255615,0.31671738624572754,3.644437313079834
1902,3.9440784454345703,0.3036905527114868,3.640388011932373
1903,3.9498088359832764,0.29128387570381165,3.658524990081787
1904,3.9482176303863525,0.3266837000846863,3.6215338706970215
1905,3.911466121673584,0.2852456569671631,3.626220464706421
1906,3.9115383625030518,0.29189762473106384,3.619640827178955
1907,3.9469282627105713,0.2865922451019287,3.6603360176086426
1908,3.957451820373535,0.3224225640296936,3.6350293159484863
1909,3.9397149085998535,0.3148745894432068,3.624840259552002
1910,3.942767858505249,0.292033851146698,3.6507339477539062
1911,3.93839168548584,0.3077927529811859,3.630599021911621
1912,3.952277183532715,0.29617515206336975,3.656101942062378
1913,3.9817161560058594,0.3192027807235718,3.662513494491577
1914,3.9299726486206055,0.29468387365341187,3.635288715362549
1915,3.9696497917175293,0.3271469175815582,3.642502784729004
1916,3.957284450531006,0.32284536957740784,3.634438991546631
1917,3.9261882305145264,0.288316011428833,3.6378722190856934
1918,3.943479061126709,0.29486334323883057,3.648615837097168
1919,3.9323642253875732,0.2864876091480255,3.64587664604187
1920,3.946253538131714,0.28859394788742065,3.6576595306396484
1921,3.9066162109375,0.28339430689811707,3.6232218742370605
1922,3.9074933528900146,0.28613948822021484,3.6213538646698
1923,3.9230732917785645,0.2777785658836365,3.645294666290283
1924,3.9317102432250977,0.2803177535533905,3.6513924598693848
1925,3.9292376041412354,0.29975080490112305,3.6294867992401123
1926,3.9465444087982178,0.29175692796707153,3.654787540435791
1927,3.932333469390869,0.30552589893341064,3.626807451248169
1928,3.9104950428009033,0.28471964597702026,3.6257753372192383
1929,3.955476999282837,0.31973475217819214,3.6357421875
1930,3.91593074798584,0.2903466522693634,3.625584125518799
1931,3.9352054595947266,0.30656373500823975,3.6286418437957764
1932,3.914151668548584,0.2788894772529602,3.6352622509002686
1933,3.927558422088623,0.2943383455276489,3.6332201957702637
1934,3.9358034133911133,0.3107157349586487,3.6250877380371094
1935,3.911998987197876,0.28535741567611694,3.6266415119171143
1936,3.9272868633270264,0.2998301386833191,3.6274566650390625
1937,3.9234702587127686,0.2828100025653839,3.640660285949707
1938,3.8987512588500977,0.26382023096084595,3.6349310874938965
1939,3.9444034099578857,0.2912011444568634,3.6532022953033447
1940,3.907785415649414,0.3009704351425171,3.6068148612976074
1941,3.940889358520508,0.29821160435676575,3.6426777839660645
1942,3.913484573364258,0.2652006149291992,3.6482839584350586
1943,3.9631600379943848,0.32420045137405396,3.6389596462249756
1944,3.9217941761016846,0.27774518728256226,3.6440489292144775
1945,3.9499082565307617,0.31161463260650635,3.638293743133545
1946,3.9556210041046143,0.3165547549724579,3.639066219329834
1947,3.9041357040405273,0.29095542430877686,3.61318039894104
1948,3.9171366691589355,0.282048761844635,3.6350879669189453
1949,3.946822166442871,0.3022250533103943,3.644597053527832
1950,3.936722993850708,0.2934400141239166,3.643282890319824
1951,3.95289945602417,0.3063439726829529,3.6465554237365723
1952,3.945690155029297,0.2980421781539917,3.6476480960845947
1953,3.9411826133728027,0.29707539081573486,3.6441071033477783
1954,3.9195592403411865,0.26642900705337524,3.653130292892456
1955,3.9412567615509033,0.3008754253387451,3.640381336212158
1956,3.911713123321533,0.2814769148826599,3.6302361488342285
1957,3.9294631481170654,0.28256481885910034,3.6468982696533203
1958,3.8822476863861084,0.2664395868778229,3.6158080101013184
1959,3.962006092071533,0.3024177849292755,3.65958833694458
1960,3.9273500442504883,0.290898859500885,3.636451244354248
1961,3.9019315242767334,0.27620869874954224,3.625722885131836
1962,3.9395155906677246,0.2925220727920532,3.646993398666382
1963,3.943758726119995,0.31496161222457886,3.6287970542907715
1964,3.9451286792755127,0.2980820834636688,3.6470465660095215
1965,3.9150948524475098,0.28787463903427124,3.6272201538085938
1966,3.8789305686950684,0.2554153800010681,3.6235151290893555
1967,3.9349770545959473,0.31239211559295654,3.6225850582122803
1968,3.9268598556518555,0.281302809715271,3.645557165145874
1969,3.9418890476226807,0.2860148549079895,3.655874252319336
1970,3.941019296646118,0.3012382686138153,3.6397809982299805
1971,3.9055099487304688,0.2717956304550171,3.633714199066162
1972,3.9449875354766846,0.2981407940387726,3.6468467712402344
1973,3.9764914512634277,0.3023180067539215,3.674173355102539
1974,3.96596097946167,0.3291294276714325,3.636831521987915
1975,3.921703815460205,0.2958958148956299,3.625808000564575
1976,3.8808372020721436,0.25937479734420776,3.621462345123291
1977,3.8910439014434814,0.275252103805542,3.6157917976379395
1978,3.9182965755462646,0.29391783475875854,3.6243786811828613
1979,3.935271739959717,0.30387675762176514,3.631394863128662
1980,3.976344108581543,0.33239373564720154,3.6439504623413086
1981,3.9153378009796143,0.28221675753593445,3.6331210136413574
1982,3.944526195526123,0.30815988779067993,3.636366367340088
1983,3.8996481895446777,0.26318973302841187,3.636458396911621
1984,3.98521089553833,0.3306608498096466,3.654550075531006
1985,3.927985668182373,0.2855549454689026,3.6424307823181152
1986,3.9649157524108887,0.3187412917613983,3.646174430847168
1987,3.892251968383789,0.24671292304992676,3.6455390453338623
1988,3.9236605167388916,0.2922655940055847,3.631394863128662
1989,3.8997445106506348,0.2760576903820038,3.6236867904663086
1990,3.9439640045166016,0.29917240142822266,3.644791603088379
1991,3.981133222579956,0.3227188289165497,3.658414363861084
1992,3.9259238243103027,0.2966379225254059,3.6292858123779297
1993,3.954416275024414,0.3280485272407532,3.6263678073883057
1994,3.9804251194000244,0.3186657428741455,3.661759376525879
1995,3.90535831451416,0.2833298444747925,3.622028350830078
1996,3.9284369945526123,0.29146939516067505,3.636967658996582
1997,3.926647186279297,0.2975121736526489,3.6291351318359375
1998,3.9521636962890625,0.3182748556137085,3.6338887214660645
1999,3.913287878036499,0.27899473905563354,3.6342930793762207
