Step,Tr_Loss,Value_Loss,Policy_Loss
0,4.015003681182861,0.40825384855270386,3.606750011444092
1,4.021343231201172,0.41570785641670227,3.605635166168213
2,3.9759111404418945,0.39921003580093384,3.5767011642456055
3,3.976064443588257,0.3979150950908661,3.5781493186950684
4,3.9941744804382324,0.4007679224014282,3.5934066772460938
5,3.98408842086792,0.3992560803890228,3.5848324298858643
6,3.97391414642334,0.39511117339134216,3.578803062438965
7,3.9531350135803223,0.3636149764060974,3.58951997756958
8,3.9876320362091064,0.4172898828983307,3.5703420639038086
9,4.01676082611084,0.3979001045227051,3.618860960006714
10,3.951021194458008,0.3878600299358368,3.5631611347198486
11,4.0013322830200195,0.4016461968421936,3.5996861457824707
12,4.0236616134643555,0.40952226519584656,3.6141395568847656
13,3.9930238723754883,0.4006820321083069,3.592341899871826
14,4.014437675476074,0.411276638507843,3.603160858154297
15,3.9912798404693604,0.38892674446105957,3.602353096008301
16,4.003256320953369,0.3884996771812439,3.6147565841674805
17,3.9688899517059326,0.399740070104599,3.569149971008301
18,3.9863874912261963,0.3876307010650635,3.598756790161133
19,4.014680862426758,0.4229614734649658,3.591719150543213
20,4.05429220199585,0.468938946723938,3.585353374481201
21,3.9914560317993164,0.39515650272369385,3.596299409866333
22,4.008541107177734,0.427823930978775,3.580717086791992
23,4.023295879364014,0.4171431362628937,3.6061527729034424
24,3.971353054046631,0.3714023530483246,3.5999507904052734
25,3.958141803741455,0.3921317756175995,3.566009998321533
26,3.956676959991455,0.3765553832054138,3.5801215171813965
27,3.987887382507324,0.40392398834228516,3.583963394165039
28,3.9946587085723877,0.391583114862442,3.6030755043029785
29,4.024122714996338,0.43737393617630005,3.5867486000061035
30,3.973604679107666,0.39703553915023804,3.576569080352783
31,4.020899295806885,0.4263128936290741,3.5945863723754883
32,4.010767459869385,0.41619789600372314,3.594569444656372
33,3.9683291912078857,0.39364558458328247,3.574683666229248
34,3.9956326484680176,0.4030376076698303,3.592595100402832
35,4.01961088180542,0.417325496673584,3.602285385131836
36,3.9604382514953613,0.3953453004360199,3.5650930404663086
37,3.9438037872314453,0.36400896310806274,3.5797948837280273
38,4.045588493347168,0.426281213760376,3.619307041168213
39,4.000652313232422,0.4092170298099518,3.591435194015503
40,3.9927754402160645,0.40126004815101624,3.591515302658081
41,3.9775238037109375,0.38057637214660645,3.596947431564331
42,3.980747938156128,0.39535507559776306,3.585392951965332
43,3.99000883102417,0.39889752864837646,3.591111183166504
44,3.982294797897339,0.38222864270210266,3.6000661849975586
45,3.98708438873291,0.3742066025733948,3.61287784576416
46,4.003250598907471,0.40952759981155396,3.5937228202819824
47,4.00402307510376,0.39905446767807007,3.604968786239624
48,4.011462688446045,0.39699289202690125,3.6144700050354004
49,3.9613304138183594,0.38208818435668945,3.57924222946167
50,3.9795095920562744,0.3798064887523651,3.599703073501587
51,3.9927618503570557,0.3916361331939697,3.601125717163086
52,3.9948575496673584,0.41145965456962585,3.58339786529541
53,4.005204677581787,0.4276987612247467,3.5775060653686523
54,3.952336549758911,0.3859942555427551,3.566342353820801
55,3.9498190879821777,0.36846643686294556,3.581352710723877
56,3.944769859313965,0.38181889057159424,3.56295108795166
57,3.958966016769409,0.381209135055542,3.577756881713867
58,3.9887962341308594,0.41021326184272766,3.578583002090454
59,3.954531669616699,0.3768606185913086,3.5776710510253906
60,4.053683280944824,0.4431476593017578,3.6105358600616455
61,4.026617050170898,0.4195537865161896,3.6070632934570312
62,4.004520416259766,0.38346827030181885,3.6210522651672363
63,4.017951965332031,0.4262377619743347,3.591714382171631
64,3.997300863265991,0.4154800772666931,3.5818207263946533
65,3.956325054168701,0.3731392025947571,3.583185911178589
66,3.9805972576141357,0.4010697305202484,3.5795276165008545
67,3.9561164379119873,0.3553832173347473,3.6007332801818848
68,4.005794525146484,0.38817980885505676,3.61761474609375
69,3.997598171234131,0.4142398238182068,3.5833582878112793
70,3.9947798252105713,0.41363388299942017,3.581146001815796
71,3.993647813796997,0.41607752442359924,3.5775701999664307
72,3.9873008728027344,0.3928816318511963,3.594419240951538
73,3.9999091625213623,0.40486735105514526,3.5950417518615723
74,4.002791404724121,0.4022589921951294,3.6005325317382812
75,3.9873523712158203,0.39160019159317017,3.595752239227295
76,3.9741618633270264,0.4049852788448334,3.56917667388916
77,3.9728896617889404,0.38303637504577637,3.589853286743164
78,3.976043939590454,0.3753087520599365,3.6007351875305176
79,3.948355197906494,0.3853820562362671,3.5629730224609375
80,3.9802489280700684,0.3942798376083374,3.5859689712524414
81,3.972832441329956,0.39493149518966675,3.5779008865356445
82,3.9552533626556396,0.38537245988845825,3.569880962371826
83,4.009958267211914,0.4164164662361145,3.5935416221618652
84,3.9653220176696777,0.3970568776130676,3.568265199661255
85,3.982982635498047,0.4007307291030884,3.582251787185669
86,3.9765186309814453,0.38458967208862305,3.5919289588928223
87,4.005767822265625,0.40395036339759827,3.6018176078796387
88,3.966723680496216,0.38482794165611267,3.5818958282470703
89,3.984480857849121,0.39645838737487793,3.588022470474243
90,3.9944214820861816,0.39554017782211304,3.598881244659424
91,4.024608135223389,0.4240801930427551,3.6005280017852783
92,3.9861044883728027,0.3933553099632263,3.5927491188049316
93,3.982661247253418,0.3799735903739929,3.6026875972747803
94,3.9631264209747314,0.3893125653266907,3.5738139152526855
95,4.000857830047607,0.4173629581928253,3.5834949016571045
96,3.997565746307373,0.3875535726547241,3.6100120544433594
97,4.000910758972168,0.41042113304138184,3.590489625930786
98,3.971627712249756,0.3821341395378113,3.5894935131073
99,3.9972381591796875,0.40532785654067993,3.5919103622436523
100,3.9608733654022217,0.3704063296318054,3.5904669761657715
101,4.011725425720215,0.41084855794906616,3.600876808166504
102,3.9734740257263184,0.3825637698173523,3.5909101963043213
103,3.9747424125671387,0.398489385843277,3.5762529373168945
104,4.020174026489258,0.4324634075164795,3.5877108573913574
105,3.957864284515381,0.3580280542373657,3.5998361110687256
106,3.990607500076294,0.39385002851486206,3.596757411956787
107,3.9959936141967773,0.39883673191070557,3.5971570014953613
108,4.032927989959717,0.4219490587711334,3.6109790802001953
109,3.9935226440429688,0.3947734534740448,3.5987491607666016
110,4.026870250701904,0.4208805561065674,3.605989694595337
111,3.9845027923583984,0.40929877758026123,3.5752038955688477
112,3.977538824081421,0.37621617317199707,3.601322650909424
113,4.023789882659912,0.425355464220047,3.5984342098236084
114,3.9405274391174316,0.378445565700531,3.562081813812256
115,3.9733567237854004,0.3972618579864502,3.57609486579895
116,3.983288526535034,0.39728403091430664,3.5860044956207275
117,3.9787888526916504,0.3857804536819458,3.593008518218994
118,3.990239143371582,0.39701420068740845,3.5932250022888184
119,3.9854540824890137,0.3811960816383362,3.6042580604553223
120,3.9628233909606934,0.39004528522491455,3.5727779865264893
121,4.027359485626221,0.43483325839042664,3.592526435852051
122,4.046421051025391,0.4351789951324463,3.6112422943115234
123,4.01801061630249,0.4160338342189789,3.6019768714904785
124,4.004214763641357,0.41645610332489014,3.5877585411071777
125,3.9677839279174805,0.3888469338417053,3.57893705368042
126,4.025553226470947,0.43298691511154175,3.59256649017334
127,3.9754481315612793,0.381467342376709,3.5939807891845703
128,3.997450590133667,0.4316316545009613,3.565819025039673
129,4.007493495941162,0.4142701327800751,3.5932235717773438
130,4.030673503875732,0.4482165277004242,3.5824570655822754
131,3.9616611003875732,0.3937032222747803,3.567957878112793
132,3.9579548835754395,0.3796153664588928,3.5783395767211914
133,3.9891610145568848,0.3942835330963135,3.5948774814605713
134,3.955505609512329,0.38288620114326477,3.5726194381713867
135,3.975816249847412,0.3808521032333374,3.594964027404785
136,3.9668097496032715,0.39113035798072815,3.575679302215576
137,3.987187147140503,0.3961019814014435,3.591085195541382
138,3.9756827354431152,0.386746883392334,3.5889358520507812
139,3.957087278366089,0.38933736085891724,3.5677499771118164
140,3.970573902130127,0.39696192741394043,3.5736119747161865
141,4.000551700592041,0.39749759435653687,3.6030542850494385
142,3.9618866443634033,0.37298721075057983,3.5888993740081787
143,4.024093151092529,0.41013091802597046,3.613962173461914
144,4.048747539520264,0.4488188922405243,3.599928617477417
145,4.003833770751953,0.41347476840019226,3.5903592109680176
146,3.9363820552825928,0.3784204423427582,3.5579617023468018
147,3.9747154712677,0.3947736620903015,3.579941749572754
148,3.9537458419799805,0.38201549649238586,3.571730375289917
149,4.023003578186035,0.4011642634868622,3.6218395233154297
150,3.9522414207458496,0.38090574741363525,3.571335792541504
151,3.980822801589966,0.3858950138092041,3.5949277877807617
152,4.0120391845703125,0.4040452241897583,3.6079940795898438
153,3.9608259201049805,0.3968997299671173,3.5639262199401855
154,3.9872584342956543,0.405745267868042,3.5815131664276123
155,3.98067569732666,0.40959829092025757,3.571077346801758
156,3.97814679145813,0.38436681032180786,3.593780040740967
157,3.990088939666748,0.40588483214378357,3.5842041969299316
158,3.983450412750244,0.3838868737220764,3.5995635986328125
159,3.972136974334717,0.3940185308456421,3.578118324279785
160,3.9804863929748535,0.3949102759361267,3.585576057434082
161,3.9770004749298096,0.39883071184158325,3.578169822692871
162,3.954965114593506,0.3724094033241272,3.5825557708740234
163,4.0249128341674805,0.42346566915512085,3.601447105407715
164,4.029720306396484,0.4183279275894165,3.6113924980163574
165,3.977682113647461,0.38916248083114624,3.58851957321167
166,3.95607590675354,0.3835981488227844,3.5724778175354004
167,3.9617176055908203,0.3819999098777771,3.5797176361083984
168,3.9875848293304443,0.408338338136673,3.5792465209960938
169,4.081428050994873,0.4811103940010071,3.6003174781799316
170,4.013329029083252,0.41848433017730713,3.5948448181152344
171,3.987152099609375,0.39741939306259155,3.5897326469421387
172,3.980501174926758,0.3518347144126892,3.628666400909424
173,3.989851474761963,0.42409586906433105,3.565755605697632
174,4.008134365081787,0.4142519533634186,3.5938823223114014
175,4.00450325012207,0.4101075530052185,3.594395637512207
176,3.9887218475341797,0.3913649320602417,3.5973567962646484
177,4.0219879150390625,0.42798933386802673,3.593998432159424
178,4.003301620483398,0.40939831733703613,3.593903064727783
179,3.971926212310791,0.3877830505371094,3.5841431617736816
180,3.974508285522461,0.38155651092529297,3.592951774597168
181,3.930953025817871,0.3542701303958893,3.5766828060150146
182,3.9714136123657227,0.3913875222206116,3.580026149749756
183,3.996464729309082,0.40225061774253845,3.5942142009735107
184,3.9456491470336914,0.36165422201156616,3.5839948654174805
185,3.9659335613250732,0.3799741566181183,3.5859594345092773
186,3.967282772064209,0.3862954378128052,3.5809874534606934
187,4.010070323944092,0.41358014941215515,3.5964903831481934
188,3.959737777709961,0.3752627372741699,3.584475040435791
189,3.9697768688201904,0.38473913073539734,3.5850377082824707
190,3.9870638847351074,0.4023013114929199,3.5847625732421875
191,3.991203546524048,0.410537987947464,3.5806655883789062
192,3.971395254135132,0.38479018211364746,3.5866050720214844
193,4.010260581970215,0.4123314619064331,3.597929000854492
194,3.9545586109161377,0.3608156740665436,3.593742847442627
195,4.002284526824951,0.4043014347553253,3.597982883453369
196,4.011148929595947,0.40979355573654175,3.60135555267334
197,3.925830841064453,0.3737352192401886,3.552095651626587
198,3.9673104286193848,0.3763461112976074,3.5909643173217773
199,4.013208866119385,0.41240131855010986,3.6008076667785645
200,3.9772205352783203,0.3933820128440857,3.58383846282959
201,3.9971845149993896,0.39651456475257874,3.6006698608398438
202,3.9807472229003906,0.3836456537246704,3.5971016883850098
203,3.980069398880005,0.4026954174041748,3.57737398147583
204,3.9723072052001953,0.382792592048645,3.58951473236084
205,3.9989800453186035,0.4232087731361389,3.5757713317871094
206,3.933804512023926,0.37511736154556274,3.558687210083008
207,3.954385757446289,0.3816035985946655,3.572782039642334
208,3.975757598876953,0.3937870264053345,3.581970453262329
209,3.9821133613586426,0.38317304849624634,3.598940372467041
210,3.9719839096069336,0.37967145442962646,3.5923123359680176
211,3.9875378608703613,0.39357784390449524,3.5939600467681885
212,3.9851479530334473,0.40013593435287476,3.5850119590759277
213,4.041898727416992,0.45130354166030884,3.590595245361328
214,3.9794483184814453,0.3999059796333313,3.579542398452759
215,3.9688456058502197,0.3878882825374603,3.5809574127197266
216,3.95601487159729,0.3810398280620575,3.57497501373291
217,3.9966745376586914,0.39228421449661255,3.6043903827667236
218,3.9658923149108887,0.38061225414276123,3.585279941558838
219,3.9402689933776855,0.3604245185852051,3.5798444747924805
220,3.998922348022461,0.4171020984649658,3.581820249557495
221,3.9980506896972656,0.4091644287109375,3.588886260986328
222,4.0340094566345215,0.43145832419395447,3.602550983428955
223,4.003767013549805,0.39047765731811523,3.6132895946502686
224,3.985675811767578,0.3782816529273987,3.607394218444824
225,3.964831829071045,0.36586201190948486,3.5989699363708496
226,3.9690120220184326,0.40387511253356934,3.5651369094848633
227,3.9967081546783447,0.41796377301216125,3.578744411468506
228,3.982409954071045,0.40170562267303467,3.5807044506073
229,3.9353363513946533,0.36354953050613403,3.571786880493164
230,3.9663119316101074,0.3571801781654358,3.6091318130493164
231,4.001453399658203,0.40329113602638245,3.5981621742248535
232,3.945740222930908,0.35832011699676514,3.5874199867248535
233,3.992173671722412,0.3982747793197632,3.5938990116119385
234,3.9425320625305176,0.37005436420440674,3.5724778175354004
235,3.99397873878479,0.39832180738449097,3.5956568717956543
236,3.992358446121216,0.3959501385688782,3.5964083671569824
237,3.963742256164551,0.39344358444213867,3.570298671722412
238,3.9648053646087646,0.36252790689468384,3.6022775173187256
239,3.994514226913452,0.39825817942619324,3.5962560176849365
240,3.9787330627441406,0.37231704592704773,3.6064159870147705
241,3.9883973598480225,0.4148825705051422,3.573514699935913
242,3.9775729179382324,0.39238983392715454,3.5851831436157227
243,3.9948999881744385,0.3923865854740143,3.602513313293457
244,3.9385251998901367,0.40446171164512634,3.5340635776519775
245,3.986077070236206,0.386127769947052,3.599949359893799
246,3.9487059116363525,0.38236382603645325,3.5663421154022217
247,3.965362548828125,0.3873309791088104,3.578031539916992
248,3.9954833984375,0.41230475902557373,3.5831785202026367
249,3.9560484886169434,0.36341917514801025,3.5926294326782227
250,3.9595091342926025,0.3937981128692627,3.56571102142334
251,3.992760181427002,0.3926545977592468,3.6001055240631104
252,4.024183750152588,0.4219966530799866,3.602187156677246
253,3.950721263885498,0.3703809082508087,3.5803403854370117
254,4.009018898010254,0.4060384929180145,3.602980375289917
255,4.003276824951172,0.395952045917511,3.6073246002197266
256,3.9921512603759766,0.41052475571632385,3.5816264152526855
257,3.9751696586608887,0.3773922622203827,3.5977773666381836
258,3.9471094608306885,0.37071922421455383,3.576390266418457
259,3.940490245819092,0.3552333116531372,3.585256814956665
260,3.983161687850952,0.38977599143981934,3.593385696411133
261,3.997994899749756,0.38943684101104736,3.608558177947998
262,3.956636905670166,0.382270485162735,3.574366331100464
263,3.9436612129211426,0.35800445079803467,3.5856566429138184
264,4.0093560218811035,0.41973912715911865,3.5896170139312744
265,3.9246578216552734,0.343954473733902,3.5807032585144043
266,3.984895944595337,0.38272625207901,3.6021697521209717
267,3.943918466567993,0.35310712456703186,3.590811252593994
268,3.9838881492614746,0.38659775257110596,3.597290515899658
269,3.976412057876587,0.3930213153362274,3.583390712738037
270,3.95686674118042,0.37359336018562317,3.583273410797119
271,3.958858013153076,0.3662089705467224,3.592648983001709
272,3.9740140438079834,0.38000789284706116,3.594006061553955
273,3.9891810417175293,0.40485185384750366,3.584329128265381
274,3.985470771789551,0.4051710367202759,3.5802998542785645
275,4.02100944519043,0.4049932360649109,3.616016387939453
276,3.926239252090454,0.3491598963737488,3.5770792961120605
277,3.96742582321167,0.38569825887680054,3.5817275047302246
278,3.971306324005127,0.36637961864471436,3.604926824569702
279,4.007646560668945,0.4156411588191986,3.5920052528381348
280,3.9362566471099854,0.3744046986103058,3.561851978302002
281,3.960829973220825,0.38463759422302246,3.5761923789978027
282,3.9841017723083496,0.3978053331375122,3.586296558380127
283,3.9990334510803223,0.40823161602020264,3.59080171585083
284,3.9585366249084473,0.3812914788722992,3.5772452354431152
285,3.952881097793579,0.37252166867256165,3.58035945892334
286,3.938081979751587,0.3555825352668762,3.5824995040893555
287,3.9898500442504883,0.401243656873703,3.588606357574463
288,3.9742743968963623,0.39363527297973633,3.580639123916626
289,3.9506397247314453,0.36194202303886414,3.588697671890259
290,3.9725611209869385,0.3937385082244873,3.578822612762451
291,3.975234270095825,0.3932444751262665,3.5819897651672363
292,3.985745906829834,0.3839755058288574,3.6017704010009766
293,3.9776554107666016,0.3695579767227173,3.6080973148345947
294,3.9481887817382812,0.36509886384010315,3.583089828491211
295,3.963279962539673,0.3861611485481262,3.5771188735961914
296,4.015638828277588,0.41414874792099,3.601490020751953
297,3.996791362762451,0.40369126200675964,3.593100070953369
298,3.9824671745300293,0.3916168510913849,3.590850353240967
299,3.9956159591674805,0.4052525758743286,3.5903632640838623
300,4.009138107299805,0.3974796235561371,3.6116583347320557
301,3.9364988803863525,0.36129409074783325,3.575204849243164
302,3.98886775970459,0.39816296100616455,3.590704917907715
303,3.9350545406341553,0.359177827835083,3.5758767127990723
304,3.946340560913086,0.37057584524154663,3.5757646560668945
305,3.9831976890563965,0.3863658905029297,3.596831798553467
306,3.996948480606079,0.40333884954452515,3.593609571456909
307,3.9983482360839844,0.3966684341430664,3.601679801940918
308,4.017577648162842,0.4214246869087219,3.5961527824401855
309,3.947849750518799,0.3716731667518616,3.576176643371582
310,3.907388210296631,0.33783668279647827,3.569551467895508
311,3.963779926300049,0.38388192653656006,3.579897880554199
312,3.9477012157440186,0.36493220925331116,3.5827689170837402
313,3.9733476638793945,0.3773230314254761,3.596024751663208
314,3.9818451404571533,0.39436036348342896,3.587484836578369
315,3.981487274169922,0.3731600046157837,3.6083273887634277
316,4.000278949737549,0.3903704285621643,3.60990834236145
317,4.015044212341309,0.4005640745162964,3.6144800186157227
318,4.021925449371338,0.40258392691612244,3.6193413734436035
319,4.002527236938477,0.40051406621932983,3.602013111114502
320,3.9915106296539307,0.3936278223991394,3.5978827476501465
321,3.9802520275115967,0.3825814723968506,3.597670555114746
322,3.9726626873016357,0.38790351152420044,3.58475923538208
323,3.9655680656433105,0.39166581630706787,3.5739023685455322
324,3.9480016231536865,0.3708401620388031,3.5771615505218506
325,3.9574670791625977,0.3748534917831421,3.582613706588745
326,3.9514267444610596,0.3636156916618347,3.58781099319458
327,3.959394931793213,0.3734797239303589,3.5859150886535645
328,3.9930813312530518,0.397815465927124,3.5952658653259277
329,3.9683659076690674,0.3684904873371124,3.5998754501342773
330,3.9755868911743164,0.3877067565917969,3.5878801345825195
331,3.9634997844696045,0.36225223541259766,3.601247549057007
332,3.951908588409424,0.3743343949317932,3.5775742530822754
333,4.0178399085998535,0.41324183344841003,3.604598045349121
334,3.977241039276123,0.38504546880722046,3.592195510864258
335,3.98462176322937,0.3877834975719452,3.5968382358551025
336,3.988226890563965,0.40617239475250244,3.582054615020752
337,3.9685111045837402,0.37904927134513855,3.5894618034362793
338,3.9652891159057617,0.3952295780181885,3.5700595378875732
339,3.98783016204834,0.37660878896713257,3.6112213134765625
340,3.9913978576660156,0.39601975679397583,3.5953781604766846
341,3.942856550216675,0.35890695452690125,3.583949565887451
342,3.9463484287261963,0.3815639615058899,3.564784526824951
343,3.9751410484313965,0.3848075270652771,3.5903334617614746
344,3.9796502590179443,0.39024099707603455,3.589409351348877
345,3.994741201400757,0.40593433380126953,3.5888068675994873
346,3.954597234725952,0.354858934879303,3.599738359451294
347,3.9408771991729736,0.38069647550582886,3.5601806640625
348,3.98710298538208,0.4029942750930786,3.584108591079712
349,3.9935214519500732,0.4078599512577057,3.5856614112854004
350,3.964426040649414,0.3932007849216461,3.571225166320801
351,3.9307522773742676,0.3620576858520508,3.568694591522217
352,3.9917752742767334,0.4146308898925781,3.5771443843841553
353,3.9496073722839355,0.36345571279525757,3.586151599884033
354,4.018735408782959,0.41581642627716064,3.602919101715088
355,3.9740347862243652,0.3843280076980591,3.5897066593170166
356,3.96024489402771,0.3727758526802063,3.5874691009521484
357,3.984463930130005,0.3877134919166565,3.596750497817993
358,3.963675022125244,0.3654296100139618,3.59824538230896
359,3.9807605743408203,0.3994731903076172,3.581287384033203
360,3.951403856277466,0.37685710191726685,3.5745468139648438
361,4.030852317810059,0.4096660017967224,3.6211862564086914
362,3.966233253479004,0.3845151960849762,3.5817179679870605
363,3.96818470954895,0.388837993144989,3.5793466567993164
364,3.951439380645752,0.385313481092453,3.5661258697509766
365,3.9126200675964355,0.3400067090988159,3.57261323928833
366,4.022256374359131,0.41189226508140564,3.6103639602661133
367,3.9510304927825928,0.36987999081611633,3.581150531768799
368,3.991579532623291,0.4173751473426819,3.574204444885254
369,3.9624767303466797,0.37265196442604065,3.589824676513672
370,3.9463729858398438,0.3702349364757538,3.5761380195617676
371,3.997096300125122,0.40569862723350525,3.591397762298584
372,3.9612932205200195,0.36788123846054077,3.593411922454834
373,3.9845216274261475,0.3827959895133972,3.6017255783081055
374,3.9636054039001465,0.3734944760799408,3.590111017227173
375,3.9526567459106445,0.38075554370880127,3.571901321411133
376,3.952784299850464,0.36991244554519653,3.582871913909912
377,3.9726412296295166,0.3763626217842102,3.596278667449951
378,3.9372267723083496,0.3705258071422577,3.5667009353637695
379,3.961725950241089,0.3650394380092621,3.596686601638794
380,4.003694534301758,0.4333481788635254,3.5703465938568115
381,3.9511585235595703,0.37620651721954346,3.5749521255493164
382,3.9732744693756104,0.3835161030292511,3.5897583961486816
383,3.960481643676758,0.3724147081375122,3.588066816329956
384,3.938370943069458,0.3639380931854248,3.574432849884033
385,3.9844143390655518,0.39806053042411804,3.5863537788391113
386,3.943619728088379,0.3853091597557068,3.5583105087280273
387,3.9746665954589844,0.3778759837150574,3.5967905521392822
388,3.9876861572265625,0.3974476456642151,3.590238571166992
389,3.955573081970215,0.38748598098754883,3.568087100982666
390,3.9650938510894775,0.3692972958087921,3.595796585083008
391,3.9945929050445557,0.40137261152267456,3.5932202339172363
392,3.960268497467041,0.38443464040756226,3.575833797454834
393,3.9120335578918457,0.3523878753185272,3.559645652770996
394,3.965505599975586,0.3841705918312073,3.5813350677490234
395,3.9725019931793213,0.37943318486213684,3.593068838119507
396,3.9680347442626953,0.37559473514556885,3.592439889907837
397,3.922739267349243,0.35563352704048157,3.567105770111084
398,3.952028274536133,0.37762993574142456,3.5743982791900635
399,3.950343608856201,0.3710514008998871,3.5792922973632812
400,3.9706759452819824,0.37493306398391724,3.59574294090271
401,3.968784809112549,0.37763506174087524,3.5911498069763184
402,3.9416255950927734,0.36682021617889404,3.574805498123169
403,3.9682302474975586,0.3772646486759186,3.590965509414673
404,3.9726474285125732,0.3616507649421692,3.610996723175049
405,3.9480693340301514,0.3694593906402588,3.5786099433898926
406,3.9740355014801025,0.37961840629577637,3.594417095184326
407,4.0102338790893555,0.41013985872268677,3.6000938415527344
408,3.9740092754364014,0.37169623374938965,3.6023130416870117
409,3.9586286544799805,0.3673047423362732,3.5913238525390625
410,4.007135391235352,0.41607236862182617,3.5910630226135254
411,3.9288582801818848,0.34983348846435547,3.5790247917175293
412,3.9455485343933105,0.351257860660553,3.5942907333374023
413,3.961264133453369,0.3813727796077728,3.5798914432525635
414,3.9614081382751465,0.37686049938201904,3.584547519683838
415,3.972137689590454,0.3905303180217743,3.5816073417663574
416,3.992145538330078,0.40297460556030273,3.5891709327697754
417,3.9517197608947754,0.3830753564834595,3.5686445236206055
418,3.9697420597076416,0.3801080882549286,3.5896339416503906
419,3.963848352432251,0.3715766370296478,3.5922718048095703
420,3.982184648513794,0.4189475476741791,3.563237190246582
421,3.994412899017334,0.40536314249038696,3.589049816131592
422,3.97418475151062,0.36931920051574707,3.604865550994873
423,3.971639394760132,0.36791080236434937,3.6037285327911377
424,3.9548542499542236,0.37750592827796936,3.577348232269287
425,3.964484691619873,0.3764963150024414,3.5879883766174316
426,3.9943134784698486,0.39717262983322144,3.5971407890319824
427,3.9885830879211426,0.4003382921218872,3.588244915008545
428,3.967587471008301,0.37208688259124756,3.5955007076263428
429,4.003077983856201,0.3939570188522339,3.609121084213257
430,3.9741673469543457,0.3822046220302582,3.5919628143310547
431,3.96972393989563,0.3788493275642395,3.590874671936035
432,3.94209885597229,0.3642875850200653,3.5778112411499023
433,3.9537649154663086,0.3673490285873413,3.5864157676696777
434,3.988529682159424,0.38991236686706543,3.5986173152923584
435,4.0065460205078125,0.40541553497314453,3.601130247116089
436,3.9783318042755127,0.3809175491333008,3.597414255142212
437,4.026037693023682,0.4045073390007019,3.621530294418335
438,3.9721219539642334,0.3827131688594818,3.5894088745117188
439,3.9780402183532715,0.3772830367088318,3.600757122039795
440,3.9493043422698975,0.3779785633087158,3.5713257789611816
441,4.00374174118042,0.39964476227760315,3.6040971279144287
442,3.9357070922851562,0.3545631766319275,3.581143856048584
443,3.9412925243377686,0.3551960289478302,3.5860965251922607
444,3.9638257026672363,0.35582268238067627,3.6080029010772705
445,3.9980573654174805,0.39273810386657715,3.6053192615509033
446,3.961331367492676,0.38552945852279663,3.5758018493652344
447,3.928297996520996,0.34969812631607056,3.5785999298095703
448,3.9807629585266113,0.4011302888393402,3.5796327590942383
449,3.923875093460083,0.34722262620925903,3.5766525268554688
450,3.950542449951172,0.3635512590408325,3.586991310119629
451,3.939232587814331,0.36889633536338806,3.57033634185791
452,3.921928882598877,0.3514295220375061,3.5704994201660156
453,3.9460272789001465,0.37999770045280457,3.5660295486450195
454,3.990238904953003,0.38148149847984314,3.608757495880127
455,3.9568333625793457,0.384519100189209,3.5723142623901367
456,3.9385523796081543,0.3629659414291382,3.5755863189697266
457,4.017364978790283,0.40074092149734497,3.616623878479004
458,3.9794013500213623,0.38314294815063477,3.5962584018707275
459,3.9493567943573,0.3749498724937439,3.574406862258911
460,4.01913595199585,0.414984792470932,3.6041512489318848
461,3.975954532623291,0.40235909819602966,3.5735955238342285
462,3.942833185195923,0.3571222126483917,3.5857110023498535
463,3.9336941242218018,0.3656194806098938,3.5680747032165527
464,3.98852801322937,0.41623455286026,3.572293519973755
465,3.946258544921875,0.3616022765636444,3.584656238555908
466,3.9578285217285156,0.3740937411785126,3.5837347507476807
467,3.969761610031128,0.3713951110839844,3.5983664989471436
468,4.012448310852051,0.41541028022766113,3.5970377922058105
469,3.954603672027588,0.3622998297214508,3.59230375289917
470,3.948151111602783,0.36841341853141785,3.579737663269043
471,4.012391567230225,0.40675827860832214,3.60563325881958
472,3.9848999977111816,0.39267057180404663,3.5922293663024902
473,3.9233498573303223,0.35421186685562134,3.5691380500793457
474,3.9321036338806152,0.34349891543388367,3.588604688644409
475,3.9658873081207275,0.371600866317749,3.5942864418029785
476,3.9343807697296143,0.35097312927246094,3.5834076404571533
477,3.9074671268463135,0.33316683769226074,3.5743002891540527
478,3.9434144496917725,0.37876105308532715,3.5646533966064453
479,3.980971097946167,0.37774658203125,3.603224515914917
480,3.965541362762451,0.37017714977264404,3.5953643321990967
481,3.943814277648926,0.37369465827941895,3.570119619369507
482,3.9321861267089844,0.36573803424835205,3.566448211669922
483,3.9829719066619873,0.3887786865234375,3.59419322013855
484,3.9019391536712646,0.34180304408073425,3.560136079788208
485,3.9594554901123047,0.3817405104637146,3.5777149200439453
486,3.9963016510009766,0.40204817056655884,3.5942535400390625
487,4.013550281524658,0.4037362337112427,3.609813928604126
488,4.002796649932861,0.40749591588974,3.5953006744384766
489,3.874030590057373,0.31934574246406555,3.55468487739563
490,3.9605908393859863,0.35928261280059814,3.6013083457946777
491,3.953195095062256,0.3735119104385376,3.579683303833008
492,3.9676618576049805,0.3785828948020935,3.589078903198242
493,3.9539687633514404,0.3629525303840637,3.5910162925720215
494,3.970005750656128,0.38659927248954773,3.583406448364258
495,3.9632694721221924,0.37071678042411804,3.592552661895752
496,3.9235241413116455,0.3497757315635681,3.5737483501434326
497,3.9472861289978027,0.3540572226047516,3.593228816986084
498,3.9753189086914062,0.3774985074996948,3.597820520401001
499,3.955130100250244,0.36824268102645874,3.5868873596191406
500,4.005504608154297,0.39706432819366455,3.6084401607513428
501,3.9837863445281982,0.3847230076789856,3.5990633964538574
502,3.9780960083007812,0.3860706388950348,3.5920252799987793
503,3.965369701385498,0.3580983877182007,3.607271194458008
504,3.9734134674072266,0.3880075216293335,3.5854058265686035
505,3.9612817764282227,0.38576555252075195,3.5755162239074707
506,3.9915997982025146,0.38903236389160156,3.602567434310913
507,3.9563331604003906,0.36796820163726807,3.588365077972412
508,3.9364287853240967,0.3468826413154602,3.5895462036132812
509,3.9528629779815674,0.37104129791259766,3.5818216800689697
510,3.9797861576080322,0.37917861342430115,3.6006076335906982
511,3.956249713897705,0.38367927074432373,3.572570323944092
512,3.908311367034912,0.3428822159767151,3.565429210662842
513,3.9430766105651855,0.37399375438690186,3.569082736968994
514,3.921853542327881,0.3486904799938202,3.5731630325317383
515,4.016396999359131,0.4128987789154053,3.6034982204437256
516,3.909087657928467,0.3337636888027191,3.575324058532715
517,3.989659547805786,0.38678115606307983,3.6028783321380615
518,3.922713041305542,0.3412812352180481,3.5814318656921387
519,3.9469945430755615,0.3677661716938019,3.579228401184082
520,3.939647674560547,0.3812841773033142,3.558363437652588
521,3.946255683898926,0.35591059923171997,3.5903451442718506
522,3.957571506500244,0.36546552181243896,3.5921061038970947
523,3.968830108642578,0.3914499580860138,3.5773801803588867
524,3.979339361190796,0.38626402616500854,3.5930752754211426
525,3.953885078430176,0.38067519664764404,3.5732100009918213
526,3.9713470935821533,0.38353827595710754,3.587808847427368
527,3.949918508529663,0.3442370593547821,3.6056814193725586
528,3.994198799133301,0.40610748529434204,3.5880913734436035
529,3.9718921184539795,0.4045393466949463,3.567352771759033
530,3.9569754600524902,0.35966330766677856,3.5973122119903564
531,3.9370055198669434,0.33695781230926514,3.6000475883483887
532,3.988265037536621,0.403380811214447,3.5848841667175293
533,3.9771766662597656,0.39962834119796753,3.5775482654571533
534,3.9462716579437256,0.3700689375400543,3.576202630996704
535,3.9780144691467285,0.3943418562412262,3.583672523498535
536,3.9659109115600586,0.3711633086204529,3.594747543334961
537,3.9980733394622803,0.40715983510017395,3.5909135341644287
538,3.943063974380493,0.36779913306236267,3.5752649307250977
539,3.9573068618774414,0.36289870738983154,3.5944080352783203
540,3.9689433574676514,0.368119478225708,3.6008238792419434
541,3.9754812717437744,0.3871670365333557,3.5883142948150635
542,3.990219831466675,0.4143613278865814,3.5758585929870605
543,3.9489288330078125,0.3384047746658325,3.6105239391326904
544,3.961719036102295,0.37344300746917725,3.588275909423828
545,3.961756467819214,0.36611610651016235,3.5956404209136963
546,3.963803768157959,0.38907724618911743,3.5747265815734863
547,3.9546380043029785,0.3924548625946045,3.562183141708374
548,3.957294464111328,0.38872426748275757,3.568570137023926
549,3.93711519241333,0.3696361780166626,3.567479133605957
550,3.9680569171905518,0.3781430721282959,3.589913845062256
551,3.9491310119628906,0.35468780994415283,3.5944433212280273
552,3.9167773723602295,0.3429456651210785,3.573831796646118
553,3.9187021255493164,0.34419262409210205,3.574509620666504
554,3.931053638458252,0.34149467945098877,3.5895590782165527
555,3.9620866775512695,0.3661499619483948,3.5959367752075195
556,3.9932265281677246,0.4024896025657654,3.5907368659973145
557,3.9218671321868896,0.33896273374557495,3.58290433883667
558,3.951685667037964,0.35909292101860046,3.592592716217041
559,3.9634857177734375,0.36973661184310913,3.5937490463256836
560,3.9426183700561523,0.35994160175323486,3.582676887512207
561,3.981964349746704,0.39795106649398804,3.5840132236480713
562,3.9459288120269775,0.3688346743583679,3.577094078063965
563,3.9396607875823975,0.3733336329460144,3.5663270950317383
564,3.952242612838745,0.37601035833358765,3.5762321949005127
565,3.961618423461914,0.3770584464073181,3.584559917449951
566,4.008730411529541,0.4111228883266449,3.597607374191284
567,3.952521324157715,0.36921799182891846,3.583303213119507
568,3.9549694061279297,0.3648739159107208,3.5900955200195312
569,3.9604594707489014,0.3865659832954407,3.5738935470581055
570,4.007787704467773,0.3944743871688843,3.6133131980895996
571,3.9735748767852783,0.3882880210876465,3.585286855697632
572,3.9796605110168457,0.3801502287387848,3.5995101928710938
573,3.908785820007324,0.3197058439254761,3.5890798568725586
574,3.971137523651123,0.37063467502593994,3.6005029678344727
575,3.9584755897521973,0.36864885687828064,3.589826822280884
576,3.957522392272949,0.37256816029548645,3.584954261779785
577,3.9925103187561035,0.4052157998085022,3.587294578552246
578,3.9712398052215576,0.37712594866752625,3.594113826751709
579,3.985891580581665,0.39740779995918274,3.5884838104248047
580,3.924410581588745,0.3304014205932617,3.5940091609954834
581,3.9487626552581787,0.3695070147514343,3.5792555809020996
582,3.95335054397583,0.3608146905899048,3.592535972595215
583,3.9570138454437256,0.37966352701187134,3.577350378036499
584,3.9593803882598877,0.36702361702919006,3.5923566818237305
585,3.985452890396118,0.40295764803886414,3.5824952125549316
586,3.9731478691101074,0.3828808069229126,3.5902671813964844
587,3.966262102127075,0.3923632800579071,3.5738987922668457
588,3.9589617252349854,0.37517857551574707,3.5837831497192383
589,3.9422428607940674,0.36023837327957153,3.5820045471191406
590,3.942293643951416,0.3348221182823181,3.607471466064453
591,3.919793128967285,0.36593878269195557,3.553854465484619
592,3.933178424835205,0.3401450514793396,3.5930333137512207
593,3.934760093688965,0.3655657172203064,3.5691943168640137
594,3.962554931640625,0.3680749535560608,3.594480037689209
595,3.9308407306671143,0.35440322756767273,3.576437473297119
596,3.9568557739257812,0.38321277499198914,3.5736429691314697
597,3.941917896270752,0.3523399829864502,3.5895779132843018
598,3.959710121154785,0.3687857687473297,3.5909242630004883
599,3.951031446456909,0.35689547657966614,3.5941359996795654
600,3.9233040809631348,0.34984636306762695,3.573457717895508
601,3.926426887512207,0.36219269037246704,3.5642342567443848
602,3.9850621223449707,0.3691711723804474,3.6158909797668457
603,3.9043691158294678,0.34120607376098633,3.5631630420684814
604,3.9292919635772705,0.35777777433395386,3.571514129638672
605,3.9082086086273193,0.33891892433166504,3.5692896842956543
606,3.9519050121307373,0.3544599413871765,3.597445011138916
607,3.9359772205352783,0.34178486466407776,3.5941922664642334
608,3.9862611293792725,0.3868107795715332,3.5994503498077393
609,3.9180078506469727,0.3246697783470154,3.5933380126953125
610,3.9908459186553955,0.38434505462646484,3.6065008640289307
611,3.9609761238098145,0.37516385316848755,3.5858123302459717
612,3.9493448734283447,0.3613540828227997,3.5879907608032227
613,3.948746681213379,0.3690708875656128,3.5796756744384766
614,3.9638633728027344,0.36582961678504944,3.5980336666107178
615,3.9440810680389404,0.35569483041763306,3.588386297225952
616,3.966806411743164,0.3942650556564331,3.5725412368774414
617,3.9852309226989746,0.3909892439842224,3.5942416191101074
618,3.97216796875,0.3759037256240845,3.596264362335205
619,3.9518826007843018,0.36678189039230347,3.5851006507873535
620,3.9754364490509033,0.38937827944755554,3.5860581398010254
621,3.929684638977051,0.3508368730545044,3.578847646713257
622,3.9262185096740723,0.33153295516967773,3.5946855545043945
623,3.9286701679229736,0.3467090129852295,3.581961154937744
624,3.9782214164733887,0.3778424561023712,3.60037899017334
625,3.9521634578704834,0.35720309615135193,3.5949604511260986
626,3.9794816970825195,0.3883358836174011,3.5911457538604736
627,3.921177625656128,0.3389367461204529,3.5822408199310303
628,3.9703121185302734,0.3824881911277771,3.5878238677978516
629,3.9480409622192383,0.36805450916290283,3.579986572265625
630,3.956486463546753,0.37403711676597595,3.582449436187744
631,3.924638509750366,0.3507334589958191,3.5739049911499023
632,3.9743001461029053,0.3727733790874481,3.6015267372131348
633,3.972353935241699,0.3755831718444824,3.596770763397217
634,3.938689708709717,0.3473576605319977,3.591331958770752
635,3.953737735748291,0.3916057348251343,3.562131881713867
636,3.989193916320801,0.4115203022956848,3.5776736736297607
637,3.9753952026367188,0.3770192861557007,3.5983760356903076
638,3.9365031719207764,0.34773507714271545,3.5887680053710938
639,3.936131238937378,0.3617725968360901,3.5743587017059326
640,3.946134567260742,0.36040663719177246,3.5857279300689697
641,3.9158120155334473,0.36846673488616943,3.5473453998565674
642,3.954195261001587,0.38001158833503723,3.574183702468872
643,3.980241060256958,0.399763286113739,3.580477714538574
644,3.986762046813965,0.39189577102661133,3.5948662757873535
645,3.9476025104522705,0.3611311912536621,3.5864713191986084
646,3.940209150314331,0.3638494312763214,3.576359748840332
647,3.952301025390625,0.3665255308151245,3.58577561378479
648,3.9671332836151123,0.3836973309516907,3.5834360122680664
649,3.9814114570617676,0.39359331130981445,3.587818145751953
650,3.990219831466675,0.4130093455314636,3.5772104263305664
651,3.9433445930480957,0.34576910734176636,3.5975754261016846
652,4.0039801597595215,0.4067442715167999,3.597235679626465
653,3.912076473236084,0.35481226444244385,3.5572643280029297
654,3.978013038635254,0.3874835968017578,3.590529441833496
655,3.9528112411499023,0.3580898642539978,3.5947213172912598
656,3.9685728549957275,0.38570499420166016,3.5828678607940674
657,3.924455165863037,0.3437889814376831,3.5806660652160645
658,3.9346280097961426,0.33853280544281006,3.596095323562622
659,3.981557846069336,0.37798136472702026,3.603576421737671
660,3.9772653579711914,0.3715105354785919,3.605754852294922
661,3.9651496410369873,0.37673720717430115,3.5884125232696533
662,3.9581828117370605,0.38070687651634216,3.5774760246276855
663,3.9767420291900635,0.37957924604415894,3.5971627235412598
664,3.9067611694335938,0.3442080616950989,3.5625531673431396
665,3.9382495880126953,0.3582146167755127,3.5800349712371826
666,3.8900146484375,0.31592559814453125,3.5740890502929688
667,3.939676523208618,0.3616476356983185,3.578028917312622
668,3.9803528785705566,0.37276944518089294,3.607583522796631
669,3.9354710578918457,0.3629522919654846,3.572518825531006
670,3.9502882957458496,0.3733283281326294,3.5769600868225098
671,3.932532787322998,0.36951443552970886,3.563018321990967
672,3.902339220046997,0.3395434319972992,3.562795877456665
673,3.937412977218628,0.36109107732772827,3.576321840286255
674,3.946336269378662,0.3697138726711273,3.576622486114502
675,3.9634644985198975,0.3803347051143646,3.5831298828125
676,3.921833038330078,0.35296565294265747,3.5688674449920654
677,3.930112361907959,0.3563861846923828,3.573726177215576
678,3.9797472953796387,0.38336217403411865,3.5963850021362305
679,3.988443374633789,0.3968229293823242,3.591620445251465
680,4.003434181213379,0.3859142065048218,3.6175198554992676
681,3.963470935821533,0.3690972626209259,3.5943737030029297
682,3.9516944885253906,0.36187130212783813,3.5898232460021973
683,3.9882633686065674,0.40321797132492065,3.585045337677002
684,3.969836950302124,0.3696068227291107,3.6002302169799805
685,3.9801700115203857,0.41061097383499146,3.569559097290039
686,3.952650785446167,0.35782590508461,3.59482479095459
687,3.9414443969726562,0.3533989191055298,3.588045597076416
688,3.9810266494750977,0.38655033707618713,3.5944762229919434
689,3.9260201454162598,0.34685608744621277,3.5791640281677246
690,3.946406841278076,0.3647400140762329,3.581666946411133
691,3.924865484237671,0.33793729543685913,3.586928129196167
692,3.967970371246338,0.3862820863723755,3.581688165664673
693,3.9710752964019775,0.37140947580337524,3.599665880203247
694,3.990694046020508,0.39454185962677,3.5961523056030273
695,4.015956878662109,0.4129687547683716,3.6029882431030273
696,3.9681708812713623,0.39166024327278137,3.5765106678009033
697,3.956831932067871,0.36018335819244385,3.596648693084717
698,3.989539623260498,0.4024801552295685,3.587059497833252
699,3.986285448074341,0.38400858640670776,3.6022768020629883
700,4.008577823638916,0.3945081830024719,3.6140694618225098
701,3.964449644088745,0.36708226799964905,3.597367286682129
702,3.981539726257324,0.39380162954330444,3.587738037109375
703,3.956271171569824,0.3693976104259491,3.5868735313415527
704,3.9536852836608887,0.36015522480010986,3.5935301780700684
705,3.93831467628479,0.35161980986595154,3.5866949558258057
706,3.9058055877685547,0.3269033133983612,3.578902244567871
707,3.939662456512451,0.37063515186309814,3.5690274238586426
708,3.950242757797241,0.37280967831611633,3.5774331092834473
709,3.98593807220459,0.4033155143260956,3.582622528076172
710,3.929882526397705,0.346491277217865,3.5833911895751953
711,3.9788990020751953,0.37686944007873535,3.60202956199646
712,3.932051658630371,0.3549985885620117,3.5770530700683594
713,3.9930245876312256,0.3851616680622101,3.607862949371338
714,3.8773720264434814,0.3162313997745514,3.561140537261963
715,3.9228854179382324,0.35420408844947815,3.568681240081787
716,3.943720817565918,0.3645790219306946,3.579141855239868
717,3.9589955806732178,0.3661067485809326,3.592888832092285
718,3.9287056922912598,0.36160892248153687,3.567096710205078
719,3.9837913513183594,0.3853031396865845,3.5984883308410645
720,3.9298055171966553,0.3474406898021698,3.582364797592163
721,4.015902042388916,0.3934780955314636,3.6224241256713867
722,3.9702374935150146,0.38430145382881165,3.5859360694885254
723,3.9206600189208984,0.3606205880641937,3.560039520263672
724,3.9806923866271973,0.38335371017456055,3.5973386764526367
725,3.9975392818450928,0.39967796206474304,3.5978612899780273
726,3.955101490020752,0.3767441511154175,3.578357458114624
727,3.9577388763427734,0.3724534213542938,3.5852854251861572
728,3.9600040912628174,0.37715744972229004,3.5828466415405273
729,3.9504051208496094,0.36895447969436646,3.5814507007598877
730,3.984452962875366,0.3788064122200012,3.6056466102600098
731,3.9952545166015625,0.4019794166088104,3.5932750701904297
732,3.9039735794067383,0.3241986036300659,3.579774856567383
733,3.9384167194366455,0.36585453152656555,3.5725622177124023
734,3.921144485473633,0.3664536476135254,3.5546908378601074
735,3.9475135803222656,0.36677950620651245,3.5807340145111084
736,3.9759488105773926,0.3891109824180603,3.5868377685546875
737,3.9357686042785645,0.3332289457321167,3.602539539337158
738,3.962146520614624,0.37047362327575684,3.591672897338867
739,3.932624101638794,0.35888075828552246,3.5737433433532715
740,3.9500017166137695,0.3478504419326782,3.602151393890381
741,3.941098690032959,0.3785579800605774,3.5625407695770264
742,3.941181182861328,0.3567441701889038,3.584437131881714
743,3.986109495162964,0.3765804171562195,3.6095290184020996
744,3.949409008026123,0.36866599321365356,3.5807430744171143
745,3.953970193862915,0.37776628136634827,3.5762038230895996
746,3.904526948928833,0.3514917492866516,3.553035259246826
747,3.9669127464294434,0.3606971502304077,3.606215476989746
748,3.9516520500183105,0.3669072091579437,3.584744930267334
749,3.9098894596099854,0.33633869886398315,3.5735507011413574
750,3.961535692214966,0.36459240317344666,3.5969433784484863
751,3.93638014793396,0.3507038950920105,3.5856761932373047
752,3.894817352294922,0.3285526633262634,3.5662646293640137
753,3.9264419078826904,0.33716052770614624,3.5892813205718994
754,3.9421048164367676,0.3763604164123535,3.565744400024414
755,3.9300055503845215,0.34872496128082275,3.5812807083129883
756,3.9079670906066895,0.31659409403800964,3.5913729667663574
757,3.9928476810455322,0.3769787847995758,3.6158688068389893
758,3.97099232673645,0.3801344931125641,3.590857744216919
759,3.9540505409240723,0.37769991159439087,3.576350688934326
760,3.9244728088378906,0.35199886560440063,3.5724740028381348
761,3.940066337585449,0.3539891242980957,3.5860772132873535
762,3.9675347805023193,0.37553662061691284,3.5919981002807617
763,3.951235055923462,0.34932002425193787,3.601915121078491
764,3.890481948852539,0.3245846629142761,3.565897226333618
765,3.931368589401245,0.36458319425582886,3.5667853355407715
766,3.9397239685058594,0.347196102142334,3.5925278663635254
767,3.9700567722320557,0.36181238293647766,3.6082444190979004
768,3.941385507583618,0.35362744331359863,3.5877580642700195
769,3.967740297317505,0.38826921582221985,3.5794711112976074
770,3.9787704944610596,0.36470523476600647,3.614065170288086
771,3.9473190307617188,0.38020455837249756,3.5671143531799316
772,3.947545051574707,0.3585309386253357,3.5890140533447266
773,3.951350688934326,0.37562859058380127,3.5757222175598145
774,3.93778657913208,0.3434548079967499,3.594331741333008
775,3.9867541790008545,0.38387036323547363,3.602883815765381
776,3.9725637435913086,0.37024080753326416,3.602323055267334
777,3.9781737327575684,0.3833872973918915,3.5947864055633545
778,3.90850567817688,0.3240034282207489,3.5845022201538086
779,3.949279546737671,0.35123181343078613,3.5980477333068848
780,3.9421422481536865,0.35408806800842285,3.5880541801452637
781,3.921966314315796,0.36333197355270386,3.5586342811584473
782,3.957639217376709,0.36638113856315613,3.5912580490112305
783,3.9804844856262207,0.37768274545669556,3.60280179977417
784,3.934677839279175,0.3449056148529053,3.5897722244262695
785,3.9606423377990723,0.3639751076698303,3.5966672897338867
786,3.948582887649536,0.37409186363220215,3.574491024017334
787,3.9471821784973145,0.3532782793045044,3.5939040184020996
788,3.924522876739502,0.3409552574157715,3.5835676193237305
789,3.9534735679626465,0.3716384172439575,3.5818352699279785
790,3.9230480194091797,0.3280387818813324,3.5950093269348145
791,3.9812421798706055,0.37984761595726013,3.6013946533203125
792,3.91943097114563,0.35300153493881226,3.566429376602173
793,3.9298195838928223,0.35656821727752686,3.573251247406006
794,3.938950538635254,0.34175509214401245,3.5971953868865967
795,3.9429619312286377,0.34538620710372925,3.5975756645202637
796,3.9392309188842773,0.3460795283317566,3.593151330947876
797,3.9517955780029297,0.3706812262535095,3.5811142921447754
798,3.9583606719970703,0.36951732635498047,3.58884334564209
799,3.9548356533050537,0.3877241015434265,3.5671114921569824
800,3.9421048164367676,0.36625465750694275,3.575850248336792
801,3.938934803009033,0.3532070517539978,3.5857276916503906
802,3.947330951690674,0.35871803760528564,3.5886127948760986
803,3.9505717754364014,0.36562415957450867,3.5849475860595703
804,3.8870692253112793,0.308627724647522,3.578441619873047
805,3.9623608589172363,0.35985511541366577,3.602505683898926
806,3.950653076171875,0.35612601041793823,3.594527006149292
807,3.9327502250671387,0.3544335663318634,3.5783166885375977
808,3.9723339080810547,0.38044437766075134,3.5918896198272705
809,3.901597499847412,0.31337594985961914,3.588221549987793
810,3.9465861320495605,0.3727858066558838,3.5738003253936768
811,3.9150872230529785,0.35279977321624756,3.5622873306274414
812,3.9421560764312744,0.36193495988845825,3.580221176147461
813,3.9473049640655518,0.36453256011009216,3.5827724933624268
814,3.967226266860962,0.3790438771247864,3.5881824493408203
815,3.93095064163208,0.3369198739528656,3.5940308570861816
816,3.947255849838257,0.36370953917503357,3.5835464000701904
817,3.9622862339019775,0.3696340024471283,3.5926523208618164
818,3.925226926803589,0.3436616063117981,3.5815653800964355
819,3.9624311923980713,0.36868518590927124,3.5937459468841553
820,3.9184069633483887,0.33793404698371887,3.580472946166992
821,3.9607322216033936,0.36201420426368713,3.5987179279327393
822,3.943296432495117,0.3512558937072754,3.592040538787842
823,3.933602809906006,0.35594451427459717,3.577658176422119
824,3.9377005100250244,0.3691714406013489,3.5685291290283203
825,3.9585330486297607,0.37333837151527405,3.5851945877075195
826,3.964266061782837,0.37631818652153015,3.5879478454589844
827,3.9467430114746094,0.35323765873908997,3.593505382537842
828,3.949272632598877,0.36059749126434326,3.588675022125244
829,3.939645528793335,0.3656489849090576,3.5739965438842773
830,3.966803789138794,0.3844531178474426,3.582350730895996
831,3.9552199840545654,0.376661092042923,3.578558921813965
832,3.9848625659942627,0.3845534324645996,3.600309133529663
833,3.970165252685547,0.37528467178344727,3.5948805809020996
834,3.909212112426758,0.3298846185207367,3.5793275833129883
835,3.9256043434143066,0.33996784687042236,3.585636615753174
836,3.942169189453125,0.35550495982170105,3.5866641998291016
837,3.907984495162964,0.3301016688346863,3.577882766723633
838,3.9720678329467773,0.3526540994644165,3.6194136142730713
839,3.961446523666382,0.3707895278930664,3.5906569957733154
840,3.9307594299316406,0.3439188003540039,3.5868406295776367
841,3.925983428955078,0.3509172201156616,3.575066089630127
842,3.920243501663208,0.35032886266708374,3.5699145793914795
843,3.985384941101074,0.3917580246925354,3.5936269760131836
844,3.9333479404449463,0.3651583194732666,3.5681896209716797
845,3.964385986328125,0.3707484006881714,3.593637466430664
846,3.904674530029297,0.33446744084358215,3.570207118988037
847,3.931495189666748,0.3648635149002075,3.56663179397583
848,3.9907708168029785,0.3899921178817749,3.600778579711914
849,3.9013118743896484,0.3363637924194336,3.564948081970215
850,3.899160623550415,0.33020320534706116,3.5689573287963867
851,3.9040122032165527,0.32190078496932983,3.582111358642578
852,3.9695608615875244,0.39229661226272583,3.5772643089294434
853,3.972691059112549,0.3866395950317383,3.5860514640808105
854,3.9471230506896973,0.36489325761795044,3.5822298526763916
855,3.9292638301849365,0.35024023056030273,3.579023599624634
856,3.926051139831543,0.35884642601013184,3.567204713821411
857,3.9558565616607666,0.35442057251930237,3.601435899734497
858,3.9102115631103516,0.34579408168792725,3.564417600631714
859,3.9711127281188965,0.36932653188705444,3.6017861366271973
860,3.9573071002960205,0.36807557940483093,3.589231491088867
861,3.943800449371338,0.35629215836524963,3.587508201599121
862,3.941775321960449,0.36337947845458984,3.5783958435058594
863,3.913557291030884,0.34313133358955383,3.5704259872436523
864,3.944957971572876,0.359294593334198,3.585663318634033
865,3.9144670963287354,0.3373176157474518,3.5771493911743164
866,3.9433224201202393,0.36081814765930176,3.5825042724609375
867,3.9078938961029053,0.32762593030929565,3.580267906188965
868,3.9551312923431396,0.38711294531822205,3.5680184364318848
869,3.931608200073242,0.35648301243782043,3.575125217437744
870,3.953763484954834,0.38230666518211365,3.5714569091796875
871,3.939112663269043,0.35899850726127625,3.5801141262054443
872,3.9383771419525146,0.3660840392112732,3.5722930431365967
873,3.9430642127990723,0.33517956733703613,3.607884645462036
874,3.946259021759033,0.36388909816741943,3.582369804382324
875,3.969191312789917,0.3540622293949127,3.615128993988037
876,3.944809675216675,0.34533044695854187,3.5994791984558105
877,3.9135146141052246,0.3534119129180908,3.560102701187134
878,3.942403793334961,0.3699321150779724,3.5724716186523438
879,3.936289072036743,0.3325115740299225,3.6037774085998535
880,3.9019935131073,0.33431363105773926,3.5676798820495605
881,3.94589900970459,0.35719868540763855,3.588700294494629
882,3.920725107192993,0.3510090708732605,3.569715976715088
883,3.9263224601745605,0.3407888412475586,3.585533618927002
884,3.9719927310943604,0.40004515647888184,3.5719475746154785
885,3.874199867248535,0.3096495270729065,3.5645503997802734
886,3.9469540119171143,0.36916881799697876,3.5777852535247803
887,3.951186418533325,0.35979384183883667,3.5913925170898438
888,3.9278974533081055,0.3572387397289276,3.5706586837768555
889,3.923912763595581,0.34934279322624207,3.5745699405670166
890,3.938096761703491,0.3504508137702942,3.587646007537842
891,3.916508436203003,0.32875508069992065,3.5877532958984375
892,3.9524080753326416,0.36366748809814453,3.588740587234497
893,3.9278171062469482,0.3391716480255127,3.5886454582214355
894,3.977656841278076,0.3845343589782715,3.5931224822998047
895,3.9628100395202637,0.371449738740921,3.591360330581665
896,3.898003101348877,0.3181946277618408,3.579808473587036
897,3.940992832183838,0.35843104124069214,3.582561731338501
898,3.9039530754089355,0.324802041053772,3.579151153564453
899,3.937061071395874,0.327799528837204,3.6092615127563477
900,3.8999171257019043,0.32666832208633423,3.573248863220215
901,3.954827308654785,0.3602703809738159,3.5945568084716797
902,3.927497386932373,0.34235525131225586,3.585142135620117
903,3.971491575241089,0.38350409269332886,3.5879874229431152
904,3.975931167602539,0.3849492073059082,3.590981960296631
905,3.9580001831054688,0.37002041935920715,3.587979793548584
906,3.930644989013672,0.33041977882385254,3.6002252101898193
907,3.981653928756714,0.3869043290615082,3.594749689102173
908,3.930666208267212,0.3633027672767639,3.5673635005950928
909,3.955974817276001,0.3650958836078644,3.590878963470459
910,3.940072536468506,0.3611505925655365,3.5789220333099365
911,3.9402287006378174,0.35277754068374634,3.587451219558716
912,3.976830005645752,0.3664335012435913,3.610396385192871
913,3.9186508655548096,0.35562863945961,3.5630221366882324
914,3.9048218727111816,0.33482736349105835,3.5699944496154785
915,3.9615120887756348,0.3815685510635376,3.5799434185028076
916,3.9443790912628174,0.3670889735221863,3.5772900581359863
917,3.9177699089050293,0.3506529629230499,3.5671169757843018
918,3.952181100845337,0.3522550165653229,3.599925994873047
919,3.959794282913208,0.37324801087379456,3.5865461826324463
920,3.9123806953430176,0.3320402204990387,3.5803403854370117
921,3.9412553310394287,0.365862637758255,3.575392723083496
922,3.9416582584381104,0.33786970376968384,3.6037886142730713
923,3.9381966590881348,0.3554319143295288,3.5827648639678955
924,3.901841163635254,0.3491516709327698,3.552689552307129
925,3.9199514389038086,0.3247602880001068,3.595191240310669
926,3.905918836593628,0.32532715797424316,3.5805916786193848
927,3.944063186645508,0.33438384532928467,3.6096792221069336
928,3.9667649269104004,0.3824438452720642,3.5843210220336914
929,3.943934679031372,0.35081085562705994,3.5931239128112793
930,3.9089512825012207,0.34165120124816895,3.5673000812530518
931,3.9159977436065674,0.3268096446990967,3.5891880989074707
932,3.926370143890381,0.3365253210067749,3.5898447036743164
933,3.9885895252227783,0.4078500270843506,3.5807394981384277
934,3.908644676208496,0.3220852315425873,3.586559534072876
935,3.9485201835632324,0.3733973503112793,3.575122833251953
936,3.9535446166992188,0.3924013376235962,3.561143159866333
937,4.014034271240234,0.4040323793888092,3.610001802444458
938,3.993835687637329,0.40845006704330444,3.58538556098938
939,3.8999667167663574,0.31283795833587646,3.5871288776397705
940,3.9599781036376953,0.3503943681716919,3.609583616256714
941,3.932110548019409,0.3620809018611908,3.5700297355651855
942,3.940850257873535,0.35782232880592346,3.5830278396606445
943,3.9341721534729004,0.34386146068573,3.59031081199646
944,3.9351534843444824,0.34169718623161316,3.593456268310547
945,3.91729474067688,0.33771780133247375,3.5795769691467285
946,3.927612781524658,0.3505871295928955,3.5770256519317627
947,3.9219934940338135,0.3409554362297058,3.581037998199463
948,3.953994035720825,0.36474066972732544,3.5892534255981445
949,3.9470887184143066,0.35099565982818604,3.59609317779541
950,3.958510398864746,0.3464299440383911,3.6120803356170654
951,3.9329545497894287,0.34434622526168823,3.5886082649230957
952,3.9243454933166504,0.3470674753189087,3.5772781372070312
953,3.9181997776031494,0.3569360375404358,3.5612637996673584
954,3.96549391746521,0.35903483629226685,3.606459140777588
955,3.967590093612671,0.37369808554649353,3.5938920974731445
956,3.926724433898926,0.35380685329437256,3.5729174613952637
957,3.940303325653076,0.354941725730896,3.5853614807128906
958,3.9067389965057373,0.33845284581184387,3.568286180496216
959,3.927363157272339,0.3426331877708435,3.5847299098968506
960,3.967818260192871,0.362453818321228,3.6053643226623535
961,3.9616267681121826,0.3756329417228699,3.585993766784668
962,3.9555444717407227,0.35428178310394287,3.6012625694274902
963,3.9067487716674805,0.3208012580871582,3.5859475135803223
964,3.935173988342285,0.3529806137084961,3.582193374633789
965,3.914842367172241,0.33314019441604614,3.58170223236084
966,3.936358690261841,0.34857088327407837,3.5877878665924072
967,3.962920665740967,0.3668149709701538,3.5961055755615234
968,3.9237141609191895,0.34927695989608765,3.574437141418457
969,3.92417311668396,0.3399593234062195,3.5842137336730957
970,3.9183452129364014,0.33294469118118286,3.5854005813598633
971,3.9251046180725098,0.33487528562545776,3.5902292728424072
972,3.9524872303009033,0.34741634130477905,3.6050708293914795
973,3.966672658920288,0.3657585680484772,3.6009140014648438
974,3.9658710956573486,0.3544189929962158,3.611452102661133
975,3.9454238414764404,0.35822242498397827,3.5872013568878174
976,3.938021421432495,0.3420141637325287,3.5960073471069336
977,3.972583770751953,0.37823182344436646,3.5943520069122314
978,3.9184980392456055,0.33548682928085327,3.5830111503601074
979,3.9581704139709473,0.29675960540771484,3.6614108085632324
980,3.933438539505005,0.34996017813682556,3.5834784507751465
981,3.9152278900146484,0.3426058292388916,3.572622060775757
982,3.9835212230682373,0.40325310826301575,3.580268144607544
983,3.9385581016540527,0.35654157400131226,3.5820164680480957
984,3.9094090461730957,0.31984958052635193,3.589559555053711
985,3.9169771671295166,0.35238662362098694,3.5645904541015625
986,3.925072193145752,0.3559522032737732,3.569119930267334
987,3.93471622467041,0.3440277576446533,3.590688467025757
988,3.931169271469116,0.3427870273590088,3.5883822441101074
989,3.921445846557617,0.3467729985713959,3.5746729373931885
990,3.9214162826538086,0.3204922676086426,3.600924015045166
991,3.958427906036377,0.3628745675086975,3.595553398132324
992,3.9358041286468506,0.3472943902015686,3.5885097980499268
993,3.9563839435577393,0.3746670186519623,3.581717014312744
994,3.9564483165740967,0.34964698553085327,3.6068012714385986
995,3.919445514678955,0.34447240829467773,3.5749731063842773
996,3.910670757293701,0.324482798576355,3.5861878395080566
997,3.941702365875244,0.34949344396591187,3.5922088623046875
998,3.9672515392303467,0.3860480785369873,3.5812034606933594
999,3.9797871112823486,0.37951356172561646,3.600273609161377
1000,3.898491382598877,0.32025444507598877,3.5782368183135986
1001,3.946077346801758,0.3495112657546997,3.5965662002563477
1002,3.9358856678009033,0.3343186378479004,3.601567029953003
1003,3.958280324935913,0.3719607889652252,3.5863194465637207
1004,3.924880266189575,0.35185784101486206,3.5730223655700684
1005,3.9349043369293213,0.3519638180732727,3.5829405784606934
1006,3.9022574424743652,0.3318439722061157,3.57041335105896
1007,3.922748327255249,0.3574596047401428,3.565288782119751
1008,3.9251937866210938,0.3373366594314575,3.587857246398926
1009,3.962857484817505,0.37253227829933167,3.590325117111206
1010,3.930133819580078,0.33709806203842163,3.5930356979370117
1011,3.9392518997192383,0.34776571393013,3.5914862155914307
1012,3.944549083709717,0.352877676486969,3.5916714668273926
1013,3.9263839721679688,0.3516644835472107,3.5747194290161133
1014,3.938398599624634,0.33706551790237427,3.6013331413269043
1015,3.9426772594451904,0.3675525486469269,3.575124740600586
1016,3.904391288757324,0.3335780203342438,3.5708131790161133
1017,3.9297263622283936,0.35599541664123535,3.573730945587158
1018,3.945021390914917,0.36087700724601746,3.584144353866577
1019,3.9242265224456787,0.357036828994751,3.5671896934509277
1020,3.9543514251708984,0.3360914885997772,3.618259906768799
1021,3.9396305084228516,0.3571122884750366,3.5825181007385254
1022,3.9244651794433594,0.34895163774490356,3.5755136013031006
1023,3.9049739837646484,0.34207338094711304,3.5629005432128906
1024,3.9292726516723633,0.3538787364959717,3.5753939151763916
1025,3.917091131210327,0.3474924564361572,3.56959867477417
1026,3.970612049102783,0.3534921705722809,3.617119789123535
1027,3.9606683254241943,0.36169004440307617,3.598978281021118
1028,3.9449102878570557,0.3524009585380554,3.5925092697143555
1029,3.93009352684021,0.355307400226593,3.5747861862182617
1030,3.9256739616394043,0.33738428354263306,3.588289737701416
1031,3.917508602142334,0.3493129312992096,3.5681955814361572
1032,3.9813437461853027,0.37786781787872314,3.603476047515869
1033,3.946953773498535,0.3666447401046753,3.5803089141845703
1034,3.9441583156585693,0.3522518277168274,3.5919065475463867
1035,3.916503429412842,0.3318304419517517,3.5846729278564453
1036,3.9166667461395264,0.33729711174964905,3.57936954498291
1037,3.9513442516326904,0.37329792976379395,3.5780463218688965
1038,3.957947254180908,0.3402585983276367,3.6176886558532715
1039,3.8964242935180664,0.3153628706932068,3.581061363220215
1040,3.931471109390259,0.34466975927352905,3.586801290512085
1041,3.9343037605285645,0.34455013275146484,3.5897536277770996
1042,3.9418110847473145,0.3460284471511841,3.59578275680542
1043,3.966996669769287,0.37789487838745117,3.589101791381836
1044,3.9418132305145264,0.36038756370544434,3.581425666809082
1045,3.9595816135406494,0.3640615940093994,3.59552001953125
1046,3.934234380722046,0.3416031002998352,3.5926313400268555
1047,3.8934531211853027,0.3328973948955536,3.5605556964874268
1048,3.9215199947357178,0.33106476068496704,3.5904552936553955
1049,3.931239128112793,0.3443422317504883,3.5868968963623047
1050,3.947338581085205,0.3456946611404419,3.6016440391540527
1051,3.9473495483398438,0.36198797821998596,3.5853614807128906
1052,3.9129130840301514,0.3446201682090759,3.5682928562164307
1053,3.9933862686157227,0.4047340154647827,3.5886521339416504
1054,3.9742701053619385,0.3588157296180725,3.6154544353485107
1055,3.9174094200134277,0.3486660122871399,3.5687434673309326
1056,3.9022436141967773,0.3361530900001526,3.5660905838012695
1057,3.9342164993286133,0.3477141261100769,3.5865023136138916
1058,3.8909897804260254,0.33345937728881836,3.557530403137207
1059,3.963003396987915,0.3677803874015808,3.5952229499816895
1060,3.8833112716674805,0.32470178604125977,3.5586094856262207
1061,3.9077680110931396,0.3337509036064148,3.57401704788208
1062,3.9189488887786865,0.33806872367858887,3.5808801651000977
1063,3.9618988037109375,0.3777066469192505,3.5841922760009766
1064,3.894775152206421,0.31202006340026855,3.5827550888061523
1065,3.9260976314544678,0.3446376621723175,3.5814599990844727
1066,3.8950562477111816,0.34701550006866455,3.5480408668518066
1067,3.9199061393737793,0.362548828125,3.5573573112487793
1068,3.911614418029785,0.3368596136569977,3.5747547149658203
1069,3.905097723007202,0.3211292624473572,3.5839684009552
1070,3.9438066482543945,0.35657405853271484,3.5872325897216797
1071,3.8826520442962646,0.32139068841934204,3.5612614154815674
1072,3.928999185562134,0.36421218514442444,3.564786911010742
1073,3.893482208251953,0.32543814182281494,3.5680439472198486
1074,3.9156599044799805,0.3409733176231384,3.5746865272521973
1075,3.8943898677825928,0.3277680575847626,3.566621780395508
1076,3.9638497829437256,0.36337965726852417,3.6004700660705566
1077,3.9344191551208496,0.34629368782043457,3.588125467300415
1078,3.9826548099517822,0.3814551532268524,3.6011996269226074
1079,3.921602249145508,0.33073580265045166,3.5908665657043457
1080,3.9328291416168213,0.33444833755493164,3.5983808040618896
1081,3.920130491256714,0.3316175937652588,3.588512897491455
1082,3.88517165184021,0.31492048501968384,3.570251226425171
1083,3.977618455886841,0.3650900721549988,3.6125283241271973
1084,3.9167680740356445,0.33724862337112427,3.579519510269165
1085,3.965467691421509,0.3728863596916199,3.592581272125244
1086,3.9565491676330566,0.36249613761901855,3.594053030014038
1087,3.9463412761688232,0.3364284336566925,3.609912872314453
1088,3.919712543487549,0.34871429204940796,3.570998191833496
1089,3.9764404296875,0.36080026626586914,3.615640163421631
1090,3.945404291152954,0.3602025508880615,3.5852017402648926
1091,3.9081919193267822,0.34229692816734314,3.5658950805664062
1092,3.86833119392395,0.3111073672771454,3.5572237968444824
1093,3.907794952392578,0.35287177562713623,3.5549230575561523
1094,3.930671453475952,0.3420175015926361,3.588654041290283
1095,3.963265895843506,0.3770906627178192,3.5861752033233643
1096,3.9105730056762695,0.3362985849380493,3.5742745399475098
1097,3.94488525390625,0.35605382919311523,3.5888314247131348
1098,3.896707057952881,0.31908804178237915,3.5776190757751465
1099,3.91023325920105,0.34946587681770325,3.560767412185669
1100,3.9388771057128906,0.33663618564605713,3.602241039276123
1101,3.9351072311401367,0.3505498766899109,3.584557294845581
1102,3.9519646167755127,0.35958388447761536,3.5923807621002197
1103,3.943458080291748,0.35115137696266174,3.592306613922119
1104,3.9128565788269043,0.3317195773124695,3.58113694190979
1105,3.9744434356689453,0.3661867380142212,3.6082568168640137
1106,3.957792282104492,0.36984682083129883,3.5879454612731934
1107,3.927966356277466,0.3276708126068115,3.6002955436706543
1108,3.9721109867095947,0.376422643661499,3.5956883430480957
1109,3.913262128829956,0.32024699449539185,3.593015193939209
1110,3.9505553245544434,0.3567904233932495,3.5937650203704834
1111,3.9336109161376953,0.3567681610584259,3.576842784881592
1112,3.9302542209625244,0.3496878743171692,3.58056640625
1113,3.9226646423339844,0.3466702699661255,3.5759944915771484
1114,3.9394278526306152,0.35028162598609924,3.589146137237549
1115,3.9325814247131348,0.34478527307510376,3.587796211242676
1116,3.9253149032592773,0.3527478575706482,3.5725669860839844
1117,3.939297676086426,0.35202932357788086,3.587268352508545
1118,3.9054811000823975,0.31404390931129456,3.5914371013641357
1119,3.881887197494507,0.32105618715286255,3.560831069946289
1120,3.939476490020752,0.344234824180603,3.5952417850494385
1121,3.962503433227539,0.35935652256011963,3.60314679145813
1122,3.9116971492767334,0.31609851121902466,3.5955986976623535
1123,3.9701149463653564,0.3701680302619934,3.599946975708008
1124,3.9136006832122803,0.34021350741386414,3.5733871459960938
1125,3.9057648181915283,0.33502888679504395,3.5707359313964844
1126,3.9489145278930664,0.3618060052394867,3.587108612060547
1127,3.95393705368042,0.3554704487323761,3.598466634750366
1128,3.9311296939849854,0.3585958182811737,3.5725338459014893
1129,3.9494709968566895,0.343561589717865,3.6059093475341797
1130,3.962792158126831,0.34379062056541443,3.619001626968384
1131,3.9776575565338135,0.36994004249572754,3.607717514038086
1132,3.858612537384033,0.30161774158477783,3.556994676589966
1133,3.9357075691223145,0.35925760865211487,3.5764498710632324
1134,3.9275262355804443,0.3456074595451355,3.581918716430664
1135,3.957486152648926,0.3561929762363434,3.6012930870056152
1136,3.9616546630859375,0.3732672333717346,3.5883874893188477
1137,3.9241695404052734,0.33555278182029724,3.5886168479919434
1138,3.8994956016540527,0.31747013330459595,3.5820255279541016
1139,3.9668571949005127,0.38364678621292114,3.5832104682922363
1140,3.9349112510681152,0.3472672700881958,3.587644100189209
1141,3.9556667804718018,0.3699256479740143,3.5857410430908203
1142,3.8995110988616943,0.33136820793151855,3.568142890930176
1143,3.944580316543579,0.3492293655872345,3.595350980758667
1144,3.943002700805664,0.3405027389526367,3.6024999618530273
1145,3.906449556350708,0.33872970938682556,3.5677199363708496
1146,3.9008755683898926,0.31887757778167725,3.581997871398926
1147,3.928117513656616,0.35337141156196594,3.5747461318969727
1148,3.922576904296875,0.3632507920265198,3.559326171875
1149,3.961484670639038,0.376119464635849,3.5853652954101562
1150,3.9319040775299072,0.3417116701602936,3.5901923179626465
1151,3.943561553955078,0.345340371131897,3.5982213020324707
1152,3.926194190979004,0.3346412181854248,3.591552972793579
1153,3.9137473106384277,0.33438363671302795,3.5793635845184326
1154,3.9238524436950684,0.32312166690826416,3.6007308959960938
1155,3.9342947006225586,0.3545264005661011,3.579768180847168
1156,3.9097676277160645,0.34236109256744385,3.56740665435791
1157,3.9337778091430664,0.35489070415496826,3.5788869857788086
1158,3.973306179046631,0.3797561824321747,3.593549966812134
1159,3.9585304260253906,0.3699030876159668,3.588627338409424
1160,3.9241833686828613,0.34933990240097046,3.574843406677246
1161,3.9377474784851074,0.3552938997745514,3.582453489303589
1162,3.925401449203491,0.3397849202156067,3.5856165885925293
1163,3.936802387237549,0.3498481512069702,3.586954355239868
1164,3.917398452758789,0.34744325280189514,3.5699551105499268
1165,3.9041690826416016,0.31674012541770935,3.5874290466308594
1166,3.924428939819336,0.3571229577064514,3.5673060417175293
1167,3.910006284713745,0.3255331516265869,3.584473133087158
1168,3.943263053894043,0.36407360434532166,3.5791895389556885
1169,3.9545042514801025,0.3669360280036926,3.5875682830810547
1170,3.9567503929138184,0.3425869643688202,3.614163398742676
1171,3.9335086345672607,0.3393438756465912,3.5941648483276367
1172,3.955899953842163,0.35270220041275024,3.6031978130340576
1173,3.921492576599121,0.3492194414138794,3.572273015975952
1174,3.951741933822632,0.35647693276405334,3.5952649116516113
1175,3.938542127609253,0.3388621509075165,3.599679946899414
1176,3.942201614379883,0.34536439180374146,3.596837282180786
1177,3.9382686614990234,0.33311790227890015,3.6051506996154785
1178,3.9380133152008057,0.3514898419380188,3.5865235328674316
1179,3.908315420150757,0.330738365650177,3.5775771141052246
1180,3.933417320251465,0.3700000047683716,3.5634171962738037
1181,3.9365413188934326,0.35390180349349976,3.582639455795288
1182,3.9510960578918457,0.36278441548347473,3.5883116722106934
1183,3.952200412750244,0.36812782287597656,3.5840725898742676
1184,3.906557559967041,0.3400903642177582,3.56646728515625
1185,3.8914880752563477,0.3089514970779419,3.582536458969116
1186,3.939201593399048,0.35459351539611816,3.5846080780029297
1187,3.9201455116271973,0.34490954875946045,3.5752360820770264
1188,3.960559606552124,0.3627782464027405,3.5977814197540283
1189,3.942185401916504,0.33497098088264465,3.6072144508361816
1190,3.9544637203216553,0.3549712002277374,3.5994925498962402
1191,3.952556610107422,0.36079275608062744,3.591763973236084
1192,3.9371533393859863,0.35159051418304443,3.5855629444122314
1193,3.9160819053649902,0.3296676278114319,3.586414337158203
1194,3.8860251903533936,0.3155748248100281,3.5704503059387207
1195,3.9223480224609375,0.33144503831863403,3.5909030437469482
1196,3.904228687286377,0.33412790298461914,3.570100784301758
1197,3.913545846939087,0.3337763249874115,3.5797696113586426
1198,3.9230260848999023,0.33461034297943115,3.5884156227111816
1199,3.909454107284546,0.3200960159301758,3.58935809135437
1200,3.932706832885742,0.36954164505004883,3.5631651878356934
1201,3.9313395023345947,0.3304670453071594,3.60087251663208
1202,3.930300712585449,0.34798792004585266,3.582312822341919
1203,3.9312262535095215,0.3749065399169922,3.5563197135925293
1204,3.860266923904419,0.3085264265537262,3.5517404079437256
1205,3.9205305576324463,0.33047550916671753,3.590054988861084
1206,3.905050039291382,0.3426911234855652,3.562358856201172
1207,3.9249675273895264,0.33114781975746155,3.5938196182250977
1208,3.8990721702575684,0.3273979127407074,3.571674346923828
1209,3.8866209983825684,0.3071824312210083,3.5794386863708496
1210,3.9234302043914795,0.32981017231941223,3.5936200618743896
1211,3.929013967514038,0.35097771883010864,3.578036308288574
1212,3.9535932540893555,0.3550361394882202,3.5985569953918457
1213,3.9555835723876953,0.35932692885398865,3.596256732940674
1214,3.9771158695220947,0.37371939420700073,3.603396415710449
1215,3.9122519493103027,0.32889464497566223,3.583357334136963
1216,3.9204366207122803,0.3611237108707428,3.5593128204345703
1217,3.941774606704712,0.3571784794330597,3.5845961570739746
1218,3.955296754837036,0.3623468279838562,3.592949867248535
1219,3.9183895587921143,0.3428003191947937,3.575589179992676
1220,3.887113332748413,0.31532004475593567,3.5717933177948
1221,3.9734299182891846,0.3776262402534485,3.595803737640381
1222,3.9279890060424805,0.3557647466659546,3.5722241401672363
1223,3.939476728439331,0.35881465673446655,3.5806620121002197
1224,4.074930667877197,0.40523970127105713,3.6696908473968506
1225,3.9358553886413574,0.35768863558769226,3.5781667232513428
1226,3.963344097137451,0.36596471071243286,3.597379446029663
1227,3.9216268062591553,0.3312961757183075,3.5903306007385254
1228,3.915874719619751,0.32032936811447144,3.5955452919006348
1229,3.9288830757141113,0.35291731357574463,3.5759658813476562
1230,3.966444730758667,0.37244006991386414,3.5940046310424805
1231,3.9312705993652344,0.353843092918396,3.577427387237549
1232,3.948901891708374,0.3404443860054016,3.608457565307617
1233,3.920294761657715,0.31857770681381226,3.601716995239258
1234,3.940385341644287,0.34019702672958374,3.6001882553100586
1235,3.9167113304138184,0.3415600657463074,3.575151205062866
1236,3.927110433578491,0.3505123555660248,3.5765981674194336
1237,3.9250240325927734,0.33294641971588135,3.5920777320861816
1238,3.9277265071868896,0.34917429089546204,3.57855224609375
1239,3.871265411376953,0.3085351586341858,3.562730312347412
1240,3.8968138694763184,0.32913076877593994,3.567682981491089
1241,3.9242959022521973,0.32196271419525146,3.6023330688476562
1242,3.9280595779418945,0.3392201066017151,3.588839530944824
1243,3.9184885025024414,0.3454166054725647,3.5730719566345215
1244,3.9533021450042725,0.3479483127593994,3.605353832244873
1245,3.9297220706939697,0.3453642725944519,3.584357738494873
1246,3.938093423843384,0.3576570153236389,3.5804364681243896
1247,3.9358863830566406,0.346096396446228,3.589789867401123
1248,3.909316301345825,0.32788872718811035,3.581427574157715
1249,3.9115967750549316,0.3317837417125702,3.579813003540039
1250,3.9110968112945557,0.3268197178840637,3.5842771530151367
1251,3.911029100418091,0.3332866132259369,3.577742576599121
1252,3.931804895401001,0.3522842228412628,3.5795207023620605
1253,3.9396347999572754,0.3504655957221985,3.5891692638397217
1254,3.9235048294067383,0.3408404588699341,3.5826644897460938
1255,3.9317281246185303,0.3451496958732605,3.586578369140625
1256,3.9312527179718018,0.3353888988494873,3.5958638191223145
1257,3.914797306060791,0.33482372760772705,3.5799736976623535
1258,3.9144363403320312,0.3226080536842346,3.5918283462524414
1259,3.956089496612549,0.3582662343978882,3.597823143005371
1260,3.926828145980835,0.3497115671634674,3.5771164894104004
1261,3.933485269546509,0.3560001254081726,3.5774850845336914
1262,3.9303505420684814,0.3463967740535736,3.583953857421875
1263,3.954293966293335,0.3511202335357666,3.6031737327575684
1264,3.9806864261627197,0.3780282139778137,3.602658271789551
1265,3.92120361328125,0.3412565290927887,3.579946994781494
1266,3.8939754962921143,0.3396158218383789,3.5543596744537354
1267,3.9327712059020996,0.3627104163169861,3.5700607299804688
1268,3.927600860595703,0.33824193477630615,3.5893588066101074
1269,3.8857362270355225,0.3068605363368988,3.578875780105591
1270,3.8915748596191406,0.32679522037506104,3.564779758453369
1271,3.96936297416687,0.3690800070762634,3.600282907485962
1272,3.870192050933838,0.3104923963546753,3.559699535369873
1273,3.9436874389648438,0.3469211161136627,3.596766233444214
1274,3.909442663192749,0.3285534381866455,3.5808892250061035
1275,3.9245071411132812,0.3505297303199768,3.573977470397949
1276,3.8816702365875244,0.3223113417625427,3.559358835220337
1277,3.956239700317383,0.3656631410121918,3.590576648712158
1278,3.925231456756592,0.34264224767684937,3.5825891494750977
1279,3.9440345764160156,0.35949862003326416,3.584536075592041
1280,3.924307346343994,0.3387308418750763,3.5855765342712402
1281,3.920950412750244,0.34285634756088257,3.578094005584717
1282,3.9022889137268066,0.3237069845199585,3.5785818099975586
1283,3.9517526626586914,0.3593449592590332,3.592407703399658
1284,3.9001872539520264,0.3434942066669464,3.5566930770874023
1285,3.933289051055908,0.35172712802886963,3.581562042236328
1286,3.9325950145721436,0.3526532053947449,3.579941749572754
1287,3.9337024688720703,0.34599193930625916,3.5877106189727783
1288,3.9036877155303955,0.3362744450569153,3.567413330078125
1289,3.949580669403076,0.3348251283168793,3.614755630493164
1290,3.9174840450286865,0.334028959274292,3.5834550857543945
1291,3.9513297080993652,0.35289573669433594,3.5984339714050293
1292,3.8774096965789795,0.31090497970581055,3.566504716873169
1293,3.8836545944213867,0.3100675046443939,3.57358717918396
1294,3.8785104751586914,0.3211216330528259,3.5573887825012207
1295,3.936959743499756,0.3436037302017212,3.593356132507324
1296,3.9405429363250732,0.33470892906188965,3.6058340072631836
1297,3.9120888710021973,0.32223570346832275,3.589853286743164
1298,3.917149305343628,0.3459913730621338,3.571157932281494
1299,3.9323089122772217,0.33936190605163574,3.592947006225586
1300,3.915311813354492,0.3332749605178833,3.5820367336273193
1301,3.9433674812316895,0.35647761821746826,3.5868897438049316
1302,3.9067494869232178,0.3210084140300751,3.5857410430908203
1303,3.8921239376068115,0.32748812437057495,3.564635753631592
1304,3.902400016784668,0.3382706046104431,3.56412935256958
1305,3.905677318572998,0.33513540029525757,3.5705418586730957
1306,3.9364120960235596,0.3566264510154724,3.5797855854034424
1307,3.9100046157836914,0.32167381048202515,3.5883307456970215
1308,3.887122631072998,0.3112238645553589,3.5758988857269287
1309,3.905756711959839,0.3175819516181946,3.588174819946289
1310,3.9107584953308105,0.3248492181301117,3.585909366607666
1311,3.9306819438934326,0.34322041273117065,3.587461471557617
1312,3.9663357734680176,0.37492233514785767,3.5914134979248047
1313,3.963999032974243,0.3492209315299988,3.6147780418395996
1314,3.8880653381347656,0.3101063370704651,3.5779590606689453
1315,3.9240243434906006,0.3553585112094879,3.5686657428741455
1316,3.8835642337799072,0.3134273588657379,3.570136785507202
1317,3.8899178504943848,0.30912697315216064,3.5807909965515137
1318,3.9093334674835205,0.3405306935310364,3.568802833557129
1319,3.9196646213531494,0.33519312739372253,3.5844714641571045
1320,3.9566469192504883,0.35965579748153687,3.5969910621643066
1321,3.9079532623291016,0.33020272850990295,3.5777504444122314
1322,3.9011642932891846,0.3383208215236664,3.5628435611724854
1323,3.9479386806488037,0.34390392899513245,3.604034662246704
1324,3.9370481967926025,0.34165316820144653,3.595395088195801
1325,3.945199966430664,0.3698784112930298,3.5753214359283447
1326,3.939601182937622,0.35297372937202454,3.58662748336792
1327,3.9286530017852783,0.36995553970336914,3.558697462081909
1328,3.923905849456787,0.3430299758911133,3.580875873565674
1329,3.9231040477752686,0.3402501940727234,3.5828537940979004
1330,3.9261436462402344,0.33623722195625305,3.5899064540863037
1331,3.917114496231079,0.3335587680339813,3.5835556983947754
1332,3.9003419876098633,0.31461820006370544,3.585723876953125
1333,3.8749287128448486,0.30951982736587524,3.565408945083618
1334,3.9154341220855713,0.3132575452327728,3.6021766662597656
1335,3.9125428199768066,0.3124619126319885,3.600080966949463
1336,3.9232430458068848,0.33187374472618103,3.591369390487671
1337,3.9240152835845947,0.33676958084106445,3.5872457027435303
1338,3.8871231079101562,0.3121230900287628,3.575000047683716
1339,3.94393253326416,0.33793479204177856,3.6059978008270264
1340,3.9221575260162354,0.3433738350868225,3.5787837505340576
1341,3.900351047515869,0.32542866468429565,3.5749223232269287
1342,3.92683482170105,0.35256555676460266,3.5742692947387695
1343,3.942290782928467,0.3403071165084839,3.6019837856292725
1344,3.8991358280181885,0.30079028010368347,3.5983455181121826
1345,3.9147727489471436,0.33322399854660034,3.5815486907958984
1346,3.977973222732544,0.38398629426956177,3.593986988067627
1347,3.9374678134918213,0.3587229251861572,3.578744888305664
1348,3.9268832206726074,0.345655620098114,3.5812275409698486
1349,3.8862404823303223,0.31959593296051025,3.5666446685791016
1350,3.9535467624664307,0.3538619875907898,3.599684715270996
1351,3.8789865970611572,0.30501869320869446,3.573967933654785
1352,3.9386727809906006,0.32570305466651917,3.6129696369171143
1353,3.952232837677002,0.35415974259376526,3.5980730056762695
1354,3.9209933280944824,0.3317340612411499,3.589259147644043
1355,3.898550510406494,0.33618849515914917,3.5623619556427
1356,3.908996343612671,0.3376597464084625,3.571336507797241
1357,3.9484658241271973,0.37137073278427124,3.5770950317382812
1358,3.9637351036071777,0.36512094736099243,3.59861421585083
1359,3.962088108062744,0.3659209609031677,3.5961670875549316
1360,3.9143855571746826,0.3299614489078522,3.5844240188598633
1361,3.9101815223693848,0.342520534992218,3.5676610469818115
1362,3.9308149814605713,0.3449918329715729,3.5858230590820312
1363,3.938183069229126,0.35855934023857117,3.5796236991882324
1364,3.928060293197632,0.3302014470100403,3.5978589057922363
1365,3.8974342346191406,0.3237684369087219,3.5736658573150635
1366,3.9393558502197266,0.36064842343330383,3.578707456588745
1367,3.9403810501098633,0.3547099828720093,3.5856709480285645
1368,3.9649713039398193,0.36617258191108704,3.5987987518310547
1369,3.9296905994415283,0.3507067859172821,3.578983783721924
1370,3.8986411094665527,0.31238701939582825,3.586254119873047
1371,3.899697780609131,0.33113718032836914,3.5685606002807617
1372,3.9062986373901367,0.32466256618499756,3.5816359519958496
1373,3.9515151977539062,0.34818601608276367,3.6033291816711426
1374,3.8944551944732666,0.3224591314792633,3.571995973587036
1375,3.8830409049987793,0.3051532506942749,3.577887535095215
1376,3.929047107696533,0.34172672033309937,3.587320327758789
1377,3.90456485748291,0.3160920739173889,3.588472843170166
1378,3.927243232727051,0.33097565174102783,3.5962674617767334
1379,3.919724464416504,0.3354795575141907,3.584244966506958
1380,3.89742374420166,0.32353490591049194,3.5738887786865234
1381,3.8959202766418457,0.33034083247184753,3.565579414367676
1382,3.915756940841675,0.3429275155067444,3.572829484939575
1383,3.9445483684539795,0.35155683755874634,3.592991590499878
1384,3.9429006576538086,0.34565234184265137,3.5972483158111572
1385,3.9066336154937744,0.3203142285346985,3.5863194465637207
1386,3.906362771987915,0.32001417875289917,3.586348533630371
1387,3.8978631496429443,0.31100010871887207,3.5868630409240723
1388,3.938462734222412,0.358508825302124,3.579953908920288
1389,3.923503875732422,0.35725149512290955,3.5662524700164795
1390,3.864591121673584,0.29833072423934937,3.56626033782959
1391,3.9053597450256348,0.32669442892074585,3.578665256500244
1392,3.852829694747925,0.2809365689754486,3.5718932151794434
1393,3.9237117767333984,0.3507208526134491,3.572990894317627
1394,3.897047996520996,0.3275725245475769,3.5694754123687744
1395,3.921128034591675,0.3390839397907257,3.5820441246032715
1396,3.9047088623046875,0.3244897127151489,3.580219030380249
1397,3.893369674682617,0.30350738763809204,3.58986234664917
1398,3.9084572792053223,0.334747850894928,3.573709487915039
1399,3.9467689990997314,0.35302844643592834,3.593740463256836
1400,3.8932790756225586,0.32215267419815063,3.5711264610290527
1401,3.9049179553985596,0.32116904854774475,3.5837488174438477
1402,3.958016872406006,0.3568638563156128,3.6011528968811035
1403,3.919013261795044,0.3647902011871338,3.55422306060791
1404,3.9176111221313477,0.3384370505809784,3.579174041748047
1405,3.9001951217651367,0.31536000967025757,3.5848350524902344
1406,3.9453580379486084,0.3593234419822693,3.5860345363616943
1407,3.9018006324768066,0.32547515630722046,3.5763254165649414
1408,3.877835512161255,0.29952025413513184,3.578315258026123
1409,3.935176372528076,0.34233754873275757,3.592838764190674
1410,3.9893620014190674,0.3820159435272217,3.6073460578918457
1411,3.9244184494018555,0.32040736079216003,3.604011058807373
1412,3.895758628845215,0.3253996968269348,3.570358991622925
1413,3.9262633323669434,0.3284764587879181,3.5977869033813477
1414,3.936858892440796,0.35906389355659485,3.5777950286865234
1415,3.8970627784729004,0.3056928515434265,3.591369867324829
1416,3.935826539993286,0.3583858013153076,3.5774407386779785
1417,3.910003185272217,0.3231762647628784,3.586827039718628
1418,3.900327205657959,0.32814836502075195,3.572178840637207
1419,3.933781385421753,0.334829181432724,3.598952293395996
1420,3.953465461730957,0.35268935561180115,3.600776195526123
1421,3.8897054195404053,0.31886839866638184,3.5708370208740234
1422,3.948451519012451,0.35770511627197266,3.5907464027404785
1423,3.898677349090576,0.32094427943229675,3.577733039855957
1424,3.964273452758789,0.37639427185058594,3.587879180908203
1425,3.865530014038086,0.30043095350265503,3.565099000930786
1426,3.8869071006774902,0.3233516812324524,3.5635554790496826
1427,3.9335312843322754,0.36386942863464355,3.569661855697632
1428,3.886470317840576,0.3102278709411621,3.576242446899414
1429,3.8832449913024902,0.3002970218658447,3.5829479694366455
1430,3.9271950721740723,0.34997570514678955,3.5772194862365723
1431,3.8935580253601074,0.3177349269390106,3.5758230686187744
1432,3.896458625793457,0.30854737758636475,3.5879111289978027
1433,3.9242234230041504,0.34600916504859924,3.578214168548584
1434,3.9124295711517334,0.3531513214111328,3.5592782497406006
1435,3.9634859561920166,0.3780651092529297,3.585420846939087
1436,3.8864941596984863,0.3093944489955902,3.5770998001098633
1437,3.926065444946289,0.32688644528388977,3.5991790294647217
1438,3.913297653198242,0.31715646386146545,3.5961410999298096
1439,3.9062752723693848,0.31747519969940186,3.5887999534606934
1440,3.8886475563049316,0.3205757737159729,3.5680718421936035
1441,3.940950632095337,0.36646634340286255,3.574484348297119
1442,3.9385194778442383,0.3382512927055359,3.6002681255340576
1443,3.9244065284729004,0.35869789123535156,3.565708637237549
1444,3.9496102333068848,0.35171210765838623,3.597898006439209
1445,3.931464910507202,0.3247515857219696,3.60671329498291
1446,3.9504446983337402,0.3584131896495819,3.592031478881836
1447,3.9123501777648926,0.33633899688720703,3.5760111808776855
1448,3.914748191833496,0.32940205931663513,3.585346221923828
1449,3.927788257598877,0.36343055963516235,3.5643577575683594
1450,3.9052703380584717,0.3278367519378662,3.5774335861206055
1451,3.9328534603118896,0.35132330656051636,3.5815300941467285
1452,3.913525342941284,0.3320733904838562,3.581451892852783
1453,3.889950752258301,0.31937506794929504,3.570575714111328
1454,3.9435415267944336,0.35057997703552246,3.592961549758911
1455,3.947233200073242,0.3389270305633545,3.6083061695098877
1456,3.8996644020080566,0.32463058829307556,3.5750339031219482
1457,3.917309284210205,0.3425039052963257,3.57480525970459
1458,3.9480960369110107,0.34525424242019653,3.602841854095459
1459,3.917842149734497,0.34448885917663574,3.5733532905578613
1460,3.9310696125030518,0.33566856384277344,3.5954010486602783
1461,3.9129934310913086,0.3383365571498871,3.5746569633483887
1462,3.944059371948242,0.3545609712600708,3.589498519897461
1463,3.8945677280426025,0.30951905250549316,3.5850486755371094
1464,3.889669179916382,0.31752949953079224,3.5721397399902344
1465,3.9074976444244385,0.31302914023399353,3.594468593597412
1466,3.8604443073272705,0.29233449697494507,3.5681097507476807
1467,3.9171695709228516,0.35090863704681396,3.566260814666748
1468,3.909916639328003,0.34022778272628784,3.5696887969970703
1469,3.9078001976013184,0.36010873317718506,3.5476913452148438
1470,3.87719464302063,0.3281354308128357,3.5490591526031494
1471,3.972734212875366,0.36622124910354614,3.606513023376465
1472,3.890768527984619,0.32586047053337097,3.564908027648926
1473,3.928187370300293,0.3434891104698181,3.58469820022583
1474,3.877450466156006,0.3002488315105438,3.5772016048431396
1475,3.880286693572998,0.32480981945991516,3.5554769039154053
1476,3.9192047119140625,0.33412280678749084,3.5850818157196045
1477,3.910480499267578,0.33498722314834595,3.575493335723877
1478,3.91060209274292,0.3371683955192566,3.5734336376190186
1479,3.938225269317627,0.35793107748031616,3.580294132232666
1480,3.943103313446045,0.34158575534820557,3.601517677307129
1481,3.918931484222412,0.34172189235687256,3.577209711074829
1482,3.896294116973877,0.3099488914012909,3.5863451957702637
1483,3.900803327560425,0.3223073482513428,3.578495979309082
1484,3.92061710357666,0.3414272367954254,3.5791897773742676
1485,3.98585844039917,0.38765621185302734,3.5982022285461426
1486,3.968932628631592,0.3659571707248688,3.602975368499756
1487,3.9110093116760254,0.33838462829589844,3.572624683380127
1488,3.9290719032287598,0.33938491344451904,3.589686870574951
1489,3.897887945175171,0.328967809677124,3.568920135498047
1490,3.9334757328033447,0.34022313356399536,3.593252658843994
1491,3.8988916873931885,0.32146191596984863,3.57742977142334
1492,3.8640952110290527,0.30128753185272217,3.562807559967041
1493,3.892094135284424,0.3199351131916046,3.5721590518951416
1494,3.969618082046509,0.3515164256095886,3.6181015968322754
1495,3.9103031158447266,0.34552013874053955,3.5647830963134766
1496,3.875222682952881,0.3067314028739929,3.568491220474243
1497,3.8837790489196777,0.3049025535583496,3.578876495361328
1498,3.8930087089538574,0.32605400681495667,3.5669546127319336
1499,3.957427740097046,0.36792632937431335,3.58950138092041
1500,3.9187583923339844,0.33939695358276367,3.5793614387512207
1501,3.9287242889404297,0.3258209824562073,3.602903366088867
1502,3.934072256088257,0.33911579847335815,3.594956398010254
1503,3.9284634590148926,0.3460204601287842,3.5824429988861084
1504,3.9196345806121826,0.3332473635673523,3.5863871574401855
1505,3.8973727226257324,0.3145023584365845,3.5828704833984375
1506,3.9332587718963623,0.3301723599433899,3.603086471557617
1507,3.938727855682373,0.33764374256134033,3.6010842323303223
1508,3.892221212387085,0.32181620597839355,3.5704050064086914
1509,3.93186616897583,0.33568549156188965,3.5961806774139404
1510,3.946491003036499,0.34001559019088745,3.606475353240967
1511,3.9109413623809814,0.31955602765083313,3.5913853645324707
1512,3.894263744354248,0.3249398469924927,3.569324016571045
1513,3.9494597911834717,0.3731219172477722,3.5763378143310547
1514,3.9121146202087402,0.33296024799346924,3.5791542530059814
1515,3.9331765174865723,0.3426342010498047,3.5905423164367676
1516,3.9208216667175293,0.3229680359363556,3.597853660583496
1517,3.9149727821350098,0.3209003210067749,3.5940725803375244
1518,3.8523032665252686,0.26621055603027344,3.586092710494995
1519,3.8796989917755127,0.3039725422859192,3.5757265090942383
1520,3.9419801235198975,0.3495291769504547,3.5924508571624756
1521,3.9095418453216553,0.32712292671203613,3.582418918609619
1522,3.8849079608917236,0.3147619366645813,3.570146083831787
1523,3.8827574253082275,0.30920958518981934,3.573547840118408
1524,3.9112274646759033,0.3329943120479584,3.578233242034912
1525,3.8521292209625244,0.300763338804245,3.551365852355957
1526,3.9119014739990234,0.32349538803100586,3.5884060859680176
1527,3.8851466178894043,0.3122348189353943,3.5729117393493652
1528,3.928534746170044,0.32889991998672485,3.599634885787964
1529,3.9302499294281006,0.3510100841522217,3.579239845275879
1530,3.870068073272705,0.31353721022605896,3.5565309524536133
1531,3.929537773132324,0.34408894181251526,3.585448741912842
1532,3.923935890197754,0.33573484420776367,3.5882010459899902
1533,3.8989574909210205,0.32293349504470825,3.576024055480957
1534,3.8914794921875,0.32128894329071045,3.570190668106079
1535,3.923875570297241,0.3267628252506256,3.5971126556396484
1536,3.943331003189087,0.34812572598457336,3.595205307006836
1537,3.935201644897461,0.35730552673339844,3.5778961181640625
1538,3.8817951679229736,0.3041803240776062,3.5776147842407227
1539,3.898348331451416,0.31370678544044495,3.584641456604004
1540,3.8671951293945312,0.3001258075237274,3.5670692920684814
1541,3.923541307449341,0.3459967076778412,3.577544689178467
1542,3.927985429763794,0.345112144947052,3.5828733444213867
1543,3.940147876739502,0.3424166738986969,3.597731113433838
1544,3.9276435375213623,0.35124677419662476,3.5763967037200928
1545,3.9055354595184326,0.335817813873291,3.5697176456451416
1546,3.8921127319335938,0.3274519443511963,3.5646607875823975
1547,3.8922736644744873,0.3095783591270447,3.582695245742798
1548,3.926469564437866,0.32367581129074097,3.6027936935424805
1549,3.936765670776367,0.3398321270942688,3.596933603286743
1550,3.907904863357544,0.32210516929626465,3.5857996940612793
1551,3.912748098373413,0.34566283226013184,3.5670852661132812
1552,3.9143333435058594,0.32349997758865356,3.5908334255218506
1553,3.933814287185669,0.3285138010978699,3.6053004264831543
1554,3.9322264194488525,0.3512389659881592,3.5809874534606934
1555,3.919213056564331,0.3323008716106415,3.586912155151367
1556,3.8926384449005127,0.310710608959198,3.58192777633667
1557,3.923112392425537,0.3370470404624939,3.5860652923583984
1558,3.936148166656494,0.3310192823410034,3.605128765106201
1559,3.8640193939208984,0.3063012361526489,3.557718276977539
1560,3.8782570362091064,0.31422069668769836,3.5640363693237305
1561,3.9306914806365967,0.3502018451690674,3.5804896354675293
1562,3.902940034866333,0.3303092122077942,3.5726308822631836
1563,3.9285566806793213,0.3306124210357666,3.5979442596435547
1564,3.903884172439575,0.3325209617614746,3.5713632106781006
1565,3.916691303253174,0.32649195194244385,3.5901994705200195
1566,3.884979248046875,0.3179793059825897,3.566999912261963
1567,3.9309144020080566,0.33860456943511963,3.5923099517822266
1568,3.9248242378234863,0.3503017723560333,3.5745224952697754
1569,3.9103240966796875,0.33071625232696533,3.5796079635620117
1570,3.9102630615234375,0.331156849861145,3.579106330871582
1571,3.934532642364502,0.34265825152397156,3.591874361038208
1572,3.8739004135131836,0.3060418367385864,3.5678584575653076
1573,3.9142041206359863,0.323459267616272,3.590744972229004
1574,3.944187641143799,0.33982688188552856,3.604360818862915
1575,3.9369499683380127,0.3544919490814209,3.582458019256592
1576,3.9032630920410156,0.3197757601737976,3.5834872722625732
1577,3.8959484100341797,0.31600654125213623,3.579941749572754
1578,3.857645034790039,0.3040309548377991,3.5536141395568848
1579,3.9168360233306885,0.3367406725883484,3.5800952911376953
1580,3.9224228858947754,0.3376237154006958,3.584799289703369
1581,3.921396255493164,0.3426603674888611,3.578735828399658
1582,3.887855052947998,0.3150714039802551,3.5727837085723877
1583,3.9055910110473633,0.32929909229278564,3.576292037963867
1584,3.910127639770508,0.3306087255477905,3.5795187950134277
1585,3.920483112335205,0.3298637866973877,3.5906193256378174
1586,3.906571626663208,0.314507395029068,3.592064142227173
1587,3.8936076164245605,0.3002816438674927,3.5933260917663574
1588,3.8741655349731445,0.294310599565506,3.579854965209961
1589,3.92472505569458,0.3321167826652527,3.5926082134246826
1590,3.861649751663208,0.2891480028629303,3.5725016593933105
1591,3.927456855773926,0.3386497497558594,3.5888071060180664
1592,3.9220614433288574,0.34229952096939087,3.5797619819641113
1593,3.90600323677063,0.3233749270439148,3.5826282501220703
1594,3.9639928340911865,0.3438066840171814,3.6201860904693604
1595,3.9347727298736572,0.33636611700057983,3.5984065532684326
1596,3.9435932636260986,0.341566801071167,3.6020264625549316
1597,3.945765256881714,0.3621857762336731,3.5835795402526855
1598,3.950326442718506,0.34903666377067566,3.601289749145508
1599,3.9185221195220947,0.35404181480407715,3.5644803047180176
1600,3.9292707443237305,0.3341188430786133,3.595151901245117
1601,3.9254579544067383,0.3327563405036926,3.5927016735076904
1602,3.916921377182007,0.3471246063709259,3.5697968006134033
1603,3.9053561687469482,0.3369835913181305,3.5683724880218506
1604,3.8737902641296387,0.30859893560409546,3.5651912689208984
1605,3.9657833576202393,0.37675604224205017,3.5890274047851562
1606,3.91577410697937,0.3254545331001282,3.5903196334838867
1607,3.922140121459961,0.34815770387649536,3.5739824771881104
1608,3.910975217819214,0.3295339047908783,3.5814414024353027
1609,3.9426937103271484,0.3498440980911255,3.5928497314453125
1610,3.846414566040039,0.28200387954711914,3.56441068649292
1611,3.901273250579834,0.3362245261669159,3.5650486946105957
1612,3.9330625534057617,0.3463287949562073,3.586733818054199
1613,3.9215054512023926,0.33274465799331665,3.5887608528137207
1614,3.8751392364501953,0.3046813905239105,3.570457935333252
1615,3.902625560760498,0.32695794105529785,3.5756676197052
1616,3.9307758808135986,0.3388369083404541,3.5919389724731445
1617,3.923818588256836,0.34542909264564514,3.5783894062042236
1618,3.883422613143921,0.2981674075126648,3.5852551460266113
1619,3.9352071285247803,0.3375544548034668,3.5976526737213135
1620,3.943532705307007,0.34647950530052185,3.597053289413452
1621,3.8840222358703613,0.31540215015411377,3.568620204925537
1622,3.8918728828430176,0.3244972825050354,3.567375659942627
1623,3.8606889247894287,0.2982643246650696,3.562424659729004
1624,3.902960777282715,0.3147468566894531,3.5882139205932617
1625,3.9146649837493896,0.32611581683158875,3.5885491371154785
1626,3.874081611633301,0.29507482051849365,3.5790066719055176
1627,3.875213146209717,0.2902925908565521,3.584920644760132
1628,3.8532657623291016,0.2940737009048462,3.559192180633545
1629,3.91713285446167,0.33017003536224365,3.5869626998901367
1630,3.911043167114258,0.3200567960739136,3.5909862518310547
1631,3.8958656787872314,0.3156006634235382,3.5802650451660156
1632,3.886939525604248,0.31311553716659546,3.573823928833008
1633,3.916980266571045,0.3360438346862793,3.5809364318847656
1634,3.9410178661346436,0.3355099856853485,3.6055078506469727
1635,3.960148572921753,0.3497483730316162,3.6104001998901367
1636,3.9211370944976807,0.33962613344192505,3.5815110206604004
1637,3.912989616394043,0.31978029012680054,3.5932092666625977
1638,3.9282608032226562,0.3540610671043396,3.574199676513672
1639,3.8872854709625244,0.32405880093574524,3.5632266998291016
1640,3.9302778244018555,0.34395164251327515,3.5863261222839355
1641,3.93251371383667,0.3513590097427368,3.5811548233032227
1642,3.891359567642212,0.32813772559165955,3.5632219314575195
1643,3.892857313156128,0.3067672848701477,3.586090087890625
1644,3.908698558807373,0.332217812538147,3.5764806270599365
1645,3.9191267490386963,0.34787318110466003,3.571253538131714
1646,3.914931535720825,0.32371217012405396,3.591219425201416
1647,3.9311718940734863,0.33530133962631226,3.5958704948425293
1648,3.924921751022339,0.33468836545944214,3.590233325958252
1649,3.92777156829834,0.3377915024757385,3.589980125427246
1650,3.930229663848877,0.34727180004119873,3.5829577445983887
1651,3.86641526222229,0.28561195731163025,3.580803394317627
1652,3.91440749168396,0.3293614685535431,3.5850460529327393
1653,3.917663335800171,0.3340933918952942,3.5835700035095215
1654,3.9420313835144043,0.3555373549461365,3.586493968963623
1655,3.949460506439209,0.3402654528617859,3.6091949939727783
1656,3.9045135974884033,0.30799034237861633,3.5965232849121094
1657,3.9361634254455566,0.3310568332672119,3.6051065921783447
1658,3.9413464069366455,0.3551066517829895,3.586239814758301
1659,3.831758975982666,0.29067760705947876,3.541081428527832
1660,3.889509916305542,0.3181231915950775,3.5713868141174316
1661,3.8841476440429688,0.3141798973083496,3.569967746734619
1662,3.90468692779541,0.3196847140789032,3.5850021839141846
1663,3.9102118015289307,0.33437222242355347,3.5758395195007324
1664,3.9199914932250977,0.3187154531478882,3.60127592086792
1665,3.91662859916687,0.33890992403030396,3.577718734741211
1666,3.9120922088623047,0.32545316219329834,3.586638927459717
1667,3.9201653003692627,0.3436768054962158,3.576488494873047
1668,3.9281609058380127,0.34129413962364197,3.586866855621338
1669,3.9546167850494385,0.33956098556518555,3.615055799484253
1670,3.886904716491699,0.309885710477829,3.577018976211548
1671,3.844696521759033,0.29122060537338257,3.553475856781006
1672,3.8893377780914307,0.31223660707473755,3.577101230621338
1673,3.900434970855713,0.31311899423599243,3.5873160362243652
1674,3.852308750152588,0.2907630205154419,3.5615458488464355
1675,3.868969202041626,0.3107908368110657,3.558178424835205
1676,3.8829843997955322,0.31596440076828003,3.5670199394226074
1677,3.8921849727630615,0.322378009557724,3.5698070526123047
1678,3.951503276824951,0.36535224318504333,3.586151123046875
1679,3.957993984222412,0.3624444007873535,3.5955495834350586
1680,3.962714910507202,0.36652567982673645,3.596189260482788
1681,3.8957014083862305,0.31097447872161865,3.5847268104553223
1682,3.898496150970459,0.3277744650840759,3.5707216262817383
1683,3.8970513343811035,0.31340429186820984,3.5836470127105713
1684,3.891427993774414,0.3218070864677429,3.5696208477020264
1685,3.9090416431427,0.33199769258499146,3.5770440101623535
1686,3.879248857498169,0.30653858184814453,3.5727102756500244
1687,3.911435842514038,0.3398367762565613,3.571599006652832
1688,3.955537796020508,0.3546783924102783,3.6008594036102295
1689,3.8855204582214355,0.3045797348022461,3.5809407234191895
1690,3.898855447769165,0.32488346099853516,3.57397198677063
1691,3.8703794479370117,0.29984086751937866,3.5705385208129883
1692,3.900113821029663,0.3346096873283386,3.5655040740966797
1693,3.920297622680664,0.33672046661376953,3.5835771560668945
1694,3.8910012245178223,0.31580793857574463,3.575193405151367
1695,3.9132940769195557,0.34563684463500977,3.567657232284546
1696,3.881446361541748,0.30891191959381104,3.5725343227386475
1697,3.8837790489196777,0.31134894490242004,3.57243013381958
1698,3.9012763500213623,0.3188817501068115,3.582394599914551
1699,3.8582923412323,0.30449771881103516,3.5537946224212646
1700,3.9261646270751953,0.3438001573085785,3.582364559173584
1701,3.9095678329467773,0.32199862599372864,3.587569236755371
1702,3.920513391494751,0.3391458988189697,3.5813674926757812
1703,3.956109046936035,0.36019790172576904,3.5959110260009766
1704,3.904911994934082,0.30782076716423035,3.5970911979675293
1705,3.9230997562408447,0.3343544602394104,3.588745355606079
1706,3.9610178470611572,0.35880544781684875,3.602212429046631
1707,3.9119536876678467,0.31971773505210876,3.592236042022705
1708,3.934494733810425,0.3497265875339508,3.584768056869507
1709,3.930905818939209,0.3505929708480835,3.580312728881836
1710,3.9009432792663574,0.3226599097251892,3.5782833099365234
1711,3.928659439086914,0.32549870014190674,3.603160858154297
1712,3.9211924076080322,0.33567267656326294,3.585519790649414
1713,3.912318706512451,0.3122512102127075,3.600067615509033
1714,4.009688377380371,0.40474382042884827,3.6049444675445557
1715,3.8664467334747314,0.30255407094955444,3.5638926029205322
1716,3.917685031890869,0.334680438041687,3.5830047130584717
1717,3.9227871894836426,0.31701523065567017,3.605772018432617
1718,3.8978638648986816,0.30113789439201355,3.5967259407043457
1719,3.890411615371704,0.30768951773643494,3.5827221870422363
1720,3.916527271270752,0.33345091342926025,3.583076238632202
1721,3.875723361968994,0.31889596581459045,3.5568273067474365
1722,3.8820278644561768,0.30272766947746277,3.5793001651763916
1723,3.933316946029663,0.33017414808273315,3.603142738342285
1724,3.882084608078003,0.3126387596130371,3.569445848464966
1725,3.903862953186035,0.3323128819465637,3.571550130844116
1726,3.9182705879211426,0.3543599843978882,3.563910484313965
1727,3.8874173164367676,0.31721031665802,3.570206880569458
1728,3.8908488750457764,0.3382721543312073,3.552576780319214
1729,3.9140870571136475,0.31585049629211426,3.598236560821533
1730,3.9184868335723877,0.3279554545879364,3.590531349182129
1731,3.910538673400879,0.3194369673728943,3.59110164642334
1732,3.8808770179748535,0.3024868965148926,3.578390121459961
1733,3.9400672912597656,0.34011077880859375,3.599956512451172
1734,3.8932602405548096,0.3089759051799774,3.5842843055725098
1735,3.8992061614990234,0.31777068972587585,3.581435441970825
1736,3.9306740760803223,0.338593453168869,3.592080593109131
1737,3.9216020107269287,0.3286459147930145,3.592956066131592
1738,3.89377498626709,0.3073596954345703,3.5864152908325195
1739,3.8972721099853516,0.3037418723106384,3.5935301780700684
1740,3.911886692047119,0.3309832215309143,3.5809035301208496
1741,3.8937175273895264,0.31499597430229187,3.578721523284912
1742,3.939512252807617,0.34137192368507385,3.598140239715576
1743,3.8722620010375977,0.2970536947250366,3.5752081871032715
1744,3.9817144870758057,0.3683810830116272,3.6133334636688232
1745,3.924161195755005,0.33308643102645874,3.5910747051239014
1746,3.8922760486602783,0.3292425274848938,3.5630335807800293
1747,3.8605258464813232,0.2783377170562744,3.582188129425049
1748,3.915351629257202,0.3396468758583069,3.57570481300354
1749,3.8891725540161133,0.3236956000328064,3.565476894378662
1750,3.8864784240722656,0.32363831996917725,3.562839984893799
1751,3.9152672290802,0.32996994256973267,3.5852973461151123
1752,3.9169275760650635,0.32004767656326294,3.5968799591064453
1753,3.926603317260742,0.3407839834690094,3.5858192443847656
1754,3.8672232627868652,0.29904258251190186,3.568180561065674
1755,3.8650741577148438,0.28773218393325806,3.5773420333862305
1756,3.858229875564575,0.31642597913742065,3.5418038368225098
1757,3.876840353012085,0.3017660975456238,3.5750741958618164
1758,3.9178578853607178,0.32606786489486694,3.591789960861206
1759,3.883747100830078,0.313103586435318,3.570643424987793
1760,3.9042396545410156,0.3014683127403259,3.602771282196045
1761,3.8708786964416504,0.289512038230896,3.581366539001465
1762,3.888763904571533,0.3094099760055542,3.5793538093566895
1763,3.9305503368377686,0.3333190083503723,3.597231388092041
1764,3.9481492042541504,0.3512755036354065,3.5968737602233887
1765,3.889198064804077,0.30149978399276733,3.587698221206665
1766,3.8898355960845947,0.3192127048969269,3.5706229209899902
1767,3.9008948802948,0.3300077021121979,3.5708870887756348
1768,3.922346353530884,0.3341541290283203,3.5881922245025635
1769,3.8656487464904785,0.30233001708984375,3.5633187294006348
1770,3.9137349128723145,0.32622236013412476,3.587512493133545
1771,3.8863463401794434,0.3122157156467438,3.5741305351257324
1772,3.8876254558563232,0.31202632188796997,3.575599193572998
1773,3.915835380554199,0.3311605453491211,3.584674835205078
1774,3.9168691635131836,0.32017087936401367,3.59669828414917
1775,3.882941961288452,0.3103559613227844,3.5725860595703125
1776,3.9106228351593018,0.31449460983276367,3.596128225326538
1777,3.8927252292633057,0.32227450609207153,3.570450782775879
1778,3.924649238586426,0.3372745215892792,3.587374687194824
1779,3.884223461151123,0.3125286400318146,3.571694850921631
1780,3.885586977005005,0.30379924178123474,3.5817878246307373
1781,3.91089129447937,0.3261195719242096,3.5847716331481934
1782,3.879103899002075,0.31209221482276917,3.567011594772339
1783,3.911463975906372,0.33223941922187805,3.5792245864868164
1784,3.910273551940918,0.31507962942123413,3.595193862915039
1785,3.9010696411132812,0.3122931122779846,3.5887765884399414
1786,3.9004831314086914,0.31489670276641846,3.5855863094329834
1787,3.9362549781799316,0.3257061243057251,3.610548973083496
1788,3.9152872562408447,0.33398526906967163,3.5813019275665283
1789,3.958836555480957,0.36354580521583557,3.5952906608581543
1790,3.8843111991882324,0.3011031150817871,3.5832080841064453
1791,3.911339521408081,0.3095158040523529,3.6018238067626953
1792,3.908090114593506,0.32343244552612305,3.584657669067383
1793,3.8761839866638184,0.31433039903640747,3.5618536472320557
1794,3.931216239929199,0.3371429145336151,3.5940732955932617
1795,3.910127878189087,0.3118545711040497,3.598273277282715
1796,3.917762041091919,0.3310391902923584,3.5867228507995605
1797,3.8983097076416016,0.304715096950531,3.593594551086426
1798,3.8914453983306885,0.2987164855003357,3.592728853225708
1799,3.897891044616699,0.334442675113678,3.563448429107666
1800,3.9831738471984863,0.36423009634017944,3.618943691253662
1801,3.8681986331939697,0.3035624623298645,3.56463623046875
1802,3.907620429992676,0.3290191888809204,3.578601360321045
1803,3.9242897033691406,0.3415381610393524,3.582751512527466
1804,3.8485608100891113,0.2931564450263977,3.5554044246673584
1805,3.8808698654174805,0.3226107656955719,3.5582590103149414
1806,3.8965845108032227,0.3279151916503906,3.568669319152832
1807,3.873532295227051,0.30106014013290405,3.572472095489502
1808,3.8846676349639893,0.314572811126709,3.5700948238372803
1809,3.8766098022460938,0.306329607963562,3.570280075073242
1810,3.8450982570648193,0.2855749726295471,3.559523344039917
1811,3.947162389755249,0.3421126902103424,3.6050496101379395
1812,3.879145622253418,0.3143596053123474,3.564785957336426
1813,3.9482996463775635,0.36036553978919983,3.5879340171813965
1814,3.8976101875305176,0.3119354248046875,3.58567476272583
1815,3.922506332397461,0.341888964176178,3.5806174278259277
1816,3.9509994983673096,0.35184216499328613,3.5991573333740234
1817,3.9033777713775635,0.30466875433921814,3.5987091064453125
1818,3.9382193088531494,0.3358376622200012,3.602381706237793
1819,3.9043819904327393,0.3203142583370209,3.5840678215026855
1820,3.8670058250427246,0.3065919876098633,3.5604138374328613
1821,3.9545087814331055,0.36106064915657043,3.5934481620788574
1822,3.8624563217163086,0.30947601795196533,3.552980422973633
1823,3.9125940799713135,0.32804274559020996,3.5845513343811035
1824,3.8874847888946533,0.3122570514678955,3.575227737426758
1825,3.8807692527770996,0.3001028001308441,3.5806665420532227
1826,3.906403064727783,0.3352401852607727,3.5711629390716553
1827,3.9082071781158447,0.33304765820503235,3.5751595497131348
1828,3.9127681255340576,0.3100745677947998,3.602693557739258
1829,3.8858742713928223,0.3140736520290375,3.571800708770752
1830,3.9052681922912598,0.3272695541381836,3.577998638153076
1831,3.923863410949707,0.3425350785255432,3.5813283920288086
1832,3.913215160369873,0.3344516158103943,3.578763484954834
1833,3.905806064605713,0.32402971386909485,3.5817763805389404
1834,3.853811264038086,0.28864604234695435,3.5651652812957764
1835,3.941502809524536,0.3443266451358795,3.5971760749816895
1836,3.8770103454589844,0.28906065225601196,3.587949752807617
1837,3.93986439704895,0.34148770570755005,3.598376750946045
1838,3.9214224815368652,0.3277018070220947,3.5937206745147705
1839,3.8934378623962402,0.32213157415390015,3.5713062286376953
1840,3.9164607524871826,0.30455297231674194,3.611907720565796
1841,3.900514602661133,0.32578954100608826,3.5747251510620117
1842,3.862354278564453,0.30211371183395386,3.5602405071258545
1843,3.845135450363159,0.2735678255558014,3.5715675354003906
1844,3.8544862270355225,0.28421899676322937,3.5702672004699707
1845,3.9243152141571045,0.34900158643722534,3.5753135681152344
1846,3.912389039993286,0.3349647521972656,3.5774242877960205
1847,3.906118869781494,0.3324629068374634,3.573655843734741
1848,3.889126777648926,0.2907217741012573,3.598405122756958
1849,3.9247491359710693,0.3376126289367676,3.5871365070343018
1850,3.909451961517334,0.3320007920265198,3.577451229095459
1851,3.9023945331573486,0.3252037465572357,3.57719087600708
1852,3.9325621128082275,0.3259832262992859,3.606578826904297
1853,3.8895885944366455,0.3132215142250061,3.576367139816284
1854,3.9046921730041504,0.3123008906841278,3.5923912525177
1855,3.8908281326293945,0.3152071237564087,3.5756208896636963
1856,3.9212005138397217,0.3498280644416809,3.5713725090026855
1857,3.927199363708496,0.3387029767036438,3.588496446609497
1858,3.87355637550354,0.31370753049850464,3.5598487854003906
1859,3.928906202316284,0.35695773363113403,3.571948528289795
1860,3.9016544818878174,0.3244472146034241,3.577207326889038
1861,3.870811939239502,0.31295591592788696,3.5578560829162598
1862,3.8737215995788574,0.3084283471107483,3.565293312072754
1863,3.8925859928131104,0.31897640228271484,3.5736095905303955
1864,3.9097135066986084,0.32637539505958557,3.5833380222320557
1865,3.9230003356933594,0.31294310092926025,3.6100573539733887
1866,3.8959851264953613,0.31020116806030273,3.5857839584350586
1867,3.9104604721069336,0.3191159963607788,3.5913445949554443
1868,3.8988890647888184,0.31235554814338684,3.586533546447754
1869,3.8990907669067383,0.3146511912345886,3.584439516067505
1870,3.8636162281036377,0.2812812328338623,3.5823349952697754
1871,3.894443988800049,0.3067689538002014,3.587675094604492
1872,3.9588019847869873,0.35657715797424316,3.602224826812744
1873,3.8967185020446777,0.3335600793361664,3.5631585121154785
1874,3.921658754348755,0.3388010859489441,3.582857608795166
1875,3.9467339515686035,0.3547409176826477,3.5919930934906006
1876,3.8748059272766113,0.3025173246860504,3.5722885131835938
1877,3.8779501914978027,0.31920337677001953,3.558746814727783
1878,3.911773443222046,0.3386528789997101,3.573120594024658
1879,3.922398328781128,0.3463866114616394,3.5760116577148438
1880,3.9267735481262207,0.33954474329948425,3.587228775024414
1881,3.910849094390869,0.32111603021621704,3.589733123779297
1882,3.8962526321411133,0.3122621178627014,3.5839905738830566
1883,3.9171042442321777,0.3343331813812256,3.582771062850952
1884,3.9244818687438965,0.33041518926620483,3.594066619873047
1885,3.8988311290740967,0.3165079951286316,3.5823230743408203
1886,3.856752872467041,0.29468289017677307,3.562069892883301
1887,3.915067195892334,0.3323941230773926,3.5826730728149414
1888,3.9105730056762695,0.3269309997558594,3.58364200592041
1889,3.8682777881622314,0.30653291940689087,3.5617449283599854
1890,3.916799783706665,0.3288092017173767,3.5879905223846436
1891,3.927330493927002,0.32569563388824463,3.601634979248047
1892,3.890465497970581,0.32340651750564575,3.56705904006958
1893,3.887617588043213,0.3017158508300781,3.5859017372131348
1894,3.895875930786133,0.31947994232177734,3.5763959884643555
1895,3.8793230056762695,0.3092540502548218,3.570068836212158
1896,3.9164326190948486,0.3265345096588135,3.589898109436035
1897,3.922003746032715,0.3301845192909241,3.5918192863464355
1898,3.9126768112182617,0.3356703519821167,3.5770063400268555
1899,3.946962356567383,0.34463781118392944,3.6023244857788086
1900,3.8825502395629883,0.30658841133117676,3.5759618282318115
1901,3.9060075283050537,0.3146297335624695,3.5913777351379395
1902,3.8927664756774902,0.3142320215702057,3.5785343647003174
1903,3.9356393814086914,0.3374534249305725,3.5981860160827637
1904,3.9032866954803467,0.3180888295173645,3.585197925567627
1905,3.8666911125183105,0.3005565404891968,3.566134452819824
1906,3.8903982639312744,0.3257122039794922,3.5646860599517822
1907,3.926100492477417,0.3237874507904053,3.6023130416870117
1908,3.8894295692443848,0.31747037172317505,3.5719592571258545
1909,3.898080825805664,0.3120148181915283,3.5860660076141357
1910,3.8504605293273926,0.2877606749534607,3.562699794769287
1911,3.8914122581481934,0.32031625509262085,3.5710959434509277
1912,3.8850231170654297,0.3255671262741089,3.5594558715820312
1913,3.889505386352539,0.30775219202041626,3.5817532539367676
1914,3.909862995147705,0.3587779998779297,3.5510849952697754
1915,3.902703285217285,0.32518434524536133,3.577518939971924
1916,3.899963140487671,0.3190319538116455,3.5809311866760254
1917,3.889594793319702,0.2962087094783783,3.593386173248291
1918,3.9038150310516357,0.31387367844581604,3.5899412631988525
1919,3.8839187622070312,0.3233288526535034,3.5605897903442383
1920,3.919203281402588,0.33015263080596924,3.589050769805908
1921,3.9057230949401855,0.31212732195854187,3.5935957431793213
1922,3.878783702850342,0.28448009490966797,3.594303607940674
1923,3.957207679748535,0.36287596821784973,3.594331741333008
1924,3.8787074089050293,0.3181549310684204,3.5605525970458984
1925,3.899604320526123,0.31717655062675476,3.582427740097046
1926,3.900609254837036,0.3197781443595886,3.5808310508728027
1927,3.953141450881958,0.3478763997554779,3.6052651405334473
1928,3.906794309616089,0.3329891264438629,3.573805093765259
1929,3.9228157997131348,0.32776933908462524,3.5950465202331543
1930,3.8871853351593018,0.29320794343948364,3.593977451324463
1931,3.899409770965576,0.3266158699989319,3.572793960571289
1932,3.9025206565856934,0.335978627204895,3.566542148590088
1933,3.8611481189727783,0.3082711696624756,3.5528769493103027
1934,3.9311742782592773,0.3245450258255005,3.6066293716430664
1935,3.8798184394836426,0.31649166345596313,3.563326835632324
1936,3.8899598121643066,0.306707501411438,3.583252191543579
1937,3.935397148132324,0.3355916738510132,3.5998055934906006
1938,3.92520809173584,0.3365890681743622,3.5886189937591553
1939,3.8906021118164062,0.31960344314575195,3.5709986686706543
1940,3.9054057598114014,0.3413693904876709,3.5640363693237305
1941,3.912118911743164,0.333256334066391,3.5788626670837402
1942,3.895540237426758,0.3182743787765503,3.577265977859497
1943,3.8974335193634033,0.32466134428977966,3.572772264480591
1944,3.8841400146484375,0.3167267441749573,3.567413330078125
1945,3.9154717922210693,0.32493990659713745,3.590531826019287
1946,3.9262497425079346,0.32880425453186035,3.597445487976074
1947,3.887903928756714,0.3185284435749054,3.569375514984131
1948,3.903441905975342,0.32161062955856323,3.581831216812134
1949,3.877811908721924,0.3048759698867798,3.5729360580444336
1950,3.924154281616211,0.3414262533187866,3.582728147506714
1951,3.915210723876953,0.32816430926322937,3.5870463848114014
1952,3.884885311126709,0.3156081438064575,3.569277048110962
1953,3.8805932998657227,0.3240017890930176,3.556591510772705
1954,3.9057867527008057,0.3119543194770813,3.593832492828369
1955,3.9591498374938965,0.3550764322280884,3.6040735244750977
1956,3.865696907043457,0.2815374732017517,3.5841593742370605
1957,3.8949217796325684,0.31855401396751404,3.5763678550720215
1958,3.899500608444214,0.3315970003604889,3.567903518676758
1959,4.015101432800293,0.4277217984199524,3.5873794555664062
1960,3.92691969871521,0.33796295523643494,3.588956832885742
1961,3.8869540691375732,0.3209497630596161,3.5660042762756348
1962,3.892418146133423,0.3131367564201355,3.5792813301086426
1963,3.9221115112304688,0.3250136375427246,3.597097873687744
1964,3.8757705688476562,0.3067663908004761,3.5690040588378906
1965,3.8773915767669678,0.3071792423725128,3.5702123641967773
1966,3.874516487121582,0.3034878373146057,3.571028709411621
1967,3.854538917541504,0.2975216507911682,3.5570173263549805
1968,3.8766205310821533,0.277831494808197,3.5987889766693115
1969,3.897595167160034,0.32101649045944214,3.5765786170959473
1970,3.9276552200317383,0.325127512216568,3.602527618408203
1971,3.9094016551971436,0.3223593831062317,3.5870423316955566
1972,3.891777753829956,0.3201298713684082,3.571647882461548
1973,3.8806121349334717,0.30698519945144653,3.57362699508667
1974,3.8969905376434326,0.3162000775337219,3.5807905197143555
1975,3.8630738258361816,0.28808319568634033,3.5749905109405518
1976,3.8858418464660645,0.31338655948638916,3.572455406188965
1977,3.8450567722320557,0.2859751284122467,3.559081554412842
1978,3.897611141204834,0.3167993426322937,3.5808117389678955
1979,3.911444902420044,0.3401916027069092,3.5712532997131348
1980,3.923307418823242,0.31563279032707214,3.6076745986938477
1981,3.8816275596618652,0.30486249923706055,3.5767650604248047
1982,3.856991767883301,0.2950127422809601,3.561979055404663
1983,3.893439769744873,0.3307780921459198,3.562661647796631
1984,3.888587236404419,0.3109106421470642,3.57767653465271
1985,3.8964316844940186,0.315298855304718,3.5811328887939453
1986,3.9000964164733887,0.32158371806144714,3.578512668609619
1987,3.9123594760894775,0.32446974515914917,3.5878896713256836
1988,3.9122228622436523,0.3284618854522705,3.583760976791382
1989,3.848153829574585,0.2947385311126709,3.553415298461914
1990,3.9037978649139404,0.32439032196998596,3.5794074535369873
1991,3.923055410385132,0.32327455282211304,3.599780797958374
1992,3.8657338619232178,0.2894105315208435,3.5763232707977295
1993,3.8839125633239746,0.3054081201553345,3.5785045623779297
1994,3.9070305824279785,0.3092399835586548,3.5977907180786133
1995,3.8810133934020996,0.31016790866851807,3.570845603942871
1996,3.886931896209717,0.30607372522354126,3.5808582305908203
1997,3.908751964569092,0.3097156882286072,3.59903621673584
1998,3.9145915508270264,0.3409751057624817,3.5736165046691895
1999,3.8859009742736816,0.3057976961135864,3.5801031589508057
