Step,Tr_Loss,Value_Loss,Policy_Loss
0,3.8887858390808105,0.35094761848449707,3.5378382205963135
1,3.9056944847106934,0.3663058876991272,3.539388656616211
2,3.8530566692352295,0.3377980589866638,3.515258550643921
3,3.881481647491455,0.34511101245880127,3.5363705158233643
4,3.9018478393554688,0.36213919520378113,3.5397086143493652
5,3.8886611461639404,0.36007094383239746,3.528590202331543
6,3.8492355346679688,0.3147941827774048,3.5344414710998535
7,3.9461159706115723,0.3827093839645386,3.5634067058563232
8,3.867081642150879,0.34094059467315674,3.5261409282684326
9,3.912055253982544,0.3708750307559967,3.54118013381958
10,3.8875374794006348,0.3413600027561188,3.546177387237549
11,3.9246315956115723,0.3811660408973694,3.5434656143188477
12,3.8379576206207275,0.3205406665802002,3.5174169540405273
13,3.9234390258789062,0.38577979803085327,3.537659168243408
14,3.8735337257385254,0.3572632074356079,3.516270637512207
15,3.878450870513916,0.33524173498153687,3.5432090759277344
16,3.891765594482422,0.36545899510383606,3.526306629180908
17,3.9251410961151123,0.368954598903656,3.5561864376068115
18,3.8967084884643555,0.36920350790023804,3.5275049209594727
19,3.901207685470581,0.37151452898979187,3.529693126678467
20,3.9279513359069824,0.3583262860774994,3.56962513923645
21,3.8704497814178467,0.32726842164993286,3.5431814193725586
22,3.9350838661193848,0.3938480019569397,3.54123592376709
23,3.909149408340454,0.382859468460083,3.526289939880371
24,3.9181456565856934,0.35888850688934326,3.5592572689056396
25,3.8990402221679688,0.35641470551490784,3.5426254272460938
26,3.930093288421631,0.3690265417098999,3.5610666275024414
27,3.891357898712158,0.3606211543083191,3.5307366847991943
28,3.868659496307373,0.3337513208389282,3.5349080562591553
29,3.923276662826538,0.3834530711174011,3.539823532104492
30,3.896364450454712,0.3451220989227295,3.5512423515319824
31,3.872913122177124,0.34151649475097656,3.5313966274261475
32,3.8380277156829834,0.32311102747917175,3.5149166584014893
33,3.8510823249816895,0.3214516043663025,3.529630661010742
34,3.9045655727386475,0.36721301078796387,3.5373525619506836
35,3.896529197692871,0.36917412281036377,3.5273549556732178
36,3.9255754947662354,0.39656180143356323,3.5290136337280273
37,3.8856396675109863,0.3419479727745056,3.543691635131836
38,3.920252799987793,0.39233267307281494,3.5279200077056885
39,3.8770737648010254,0.33349183201789856,3.543581962585449
40,3.8799071311950684,0.34248507022857666,3.5374221801757812
41,3.8730368614196777,0.3374321460723877,3.53560471534729
42,3.900113582611084,0.35937589406967163,3.5407376289367676
43,3.8821403980255127,0.34241366386413574,3.539726734161377
44,3.8666539192199707,0.33322659134864807,3.5334272384643555
45,3.8971478939056396,0.34436777234077454,3.5527801513671875
46,3.8954062461853027,0.36867815256118774,3.5267281532287598
47,3.9121713638305664,0.36077988147735596,3.5513916015625
48,3.8493638038635254,0.3227844834327698,3.5265793800354004
49,3.9142985343933105,0.3799337148666382,3.534364700317383
50,3.8783421516418457,0.35360848903656006,3.524733543395996
51,3.8468713760375977,0.3132564425468445,3.5336148738861084
52,3.8808352947235107,0.35420674085617065,3.5266284942626953
53,3.8910434246063232,0.3513621985912323,3.5396811962127686
54,3.887085199356079,0.36269611120224,3.5243890285491943
55,3.9007949829101562,0.3642549514770508,3.5365400314331055
56,3.870194911956787,0.3434795141220093,3.5267155170440674
57,3.8957200050354004,0.36120128631591797,3.5345187187194824
58,3.903895854949951,0.3738399147987366,3.5300559997558594
59,3.88771653175354,0.3476521372795105,3.5400643348693848
60,3.8608486652374268,0.3185465335845947,3.542302131652832
61,3.891890048980713,0.3654021620750427,3.5264878273010254
62,3.8868401050567627,0.37065818905830383,3.5161819458007812
63,3.861015796661377,0.3300948143005371,3.53092098236084
64,3.900792360305786,0.36297184228897095,3.53782057762146
65,3.890648126602173,0.35519441962242126,3.5354537963867188
66,3.8867008686065674,0.34460851550102234,3.5420923233032227
67,3.8255488872528076,0.31750327348709106,3.5080456733703613
68,3.895249366760254,0.354404479265213,3.5408449172973633
69,3.8694844245910645,0.34129512310028076,3.5281894207000732
70,3.9275848865509033,0.39980003237724304,3.527784824371338
71,3.8875982761383057,0.3581851124763489,3.5294132232666016
72,3.9055049419403076,0.3495810925960541,3.5559239387512207
73,3.8917689323425293,0.3650236129760742,3.526745319366455
74,3.9261064529418945,0.39404088258743286,3.5320656299591064
75,3.8983170986175537,0.34778329730033875,3.5505337715148926
76,3.891401529312134,0.36225005984306335,3.529151439666748
77,3.917841911315918,0.3660883903503418,3.551753520965576
78,3.86244535446167,0.33577966690063477,3.526665687561035
79,3.9072515964508057,0.38100308179855347,3.5262484550476074
80,3.91754412651062,0.3700787425041199,3.5474653244018555
81,3.889772415161133,0.36220818758010864,3.527564287185669
82,3.9015440940856934,0.3564635217189789,3.5450806617736816
83,3.9033236503601074,0.3600035309791565,3.5433201789855957
84,3.904726028442383,0.37534067034721375,3.5293853282928467
85,3.8617336750030518,0.34760403633117676,3.514129638671875
86,3.853114366531372,0.3419402241706848,3.511174201965332
87,3.886962890625,0.34580886363983154,3.541153907775879
88,3.884002685546875,0.3419948220252991,3.5420079231262207
89,3.909337282180786,0.3925319314002991,3.516805410385132
90,3.8760201930999756,0.3354579508304596,3.540562152862549
91,3.932600736618042,0.3885791301727295,3.5440216064453125
92,3.876213312149048,0.33866262435913086,3.537550687789917
93,3.88531231880188,0.35930490493774414,3.5260074138641357
94,3.8445019721984863,0.3202480673789978,3.5242538452148438
95,3.867375373840332,0.33384570479393005,3.533529758453369
96,3.9128201007843018,0.37728261947631836,3.5355374813079834
97,3.912174701690674,0.36878836154937744,3.543386459350586
98,3.886934757232666,0.34618091583251953,3.5407538414001465
99,3.9180727005004883,0.36436018347740173,3.5537126064300537
100,3.8993494510650635,0.35024863481521606,3.549100875854492
101,3.8893702030181885,0.34332171082496643,3.546048402786255
102,3.902198553085327,0.3673718273639679,3.5348267555236816
103,3.8956260681152344,0.3609694838523865,3.534656524658203
104,3.905787944793701,0.3635936975479126,3.542194366455078
105,3.921048402786255,0.3848571181297302,3.53619122505188
106,3.8869810104370117,0.3651207685470581,3.521860122680664
107,3.9386987686157227,0.3766622543334961,3.5620365142822266
108,3.8344266414642334,0.32481569051742554,3.509610891342163
109,3.8747904300689697,0.33319613337516785,3.5415942668914795
110,3.850569725036621,0.3270450234413147,3.523524761199951
111,3.8830246925354004,0.33787381649017334,3.5451509952545166
112,3.889052391052246,0.36594343185424805,3.523108959197998
113,3.946981906890869,0.40032345056533813,3.546658515930176
114,3.9394338130950928,0.38045534491539,3.55897855758667
115,3.9377737045288086,0.399330198764801,3.5384435653686523
116,3.8872146606445312,0.35344642400741577,3.5337681770324707
117,3.8951826095581055,0.34696924686431885,3.548213243484497
118,3.8874592781066895,0.3594655990600586,3.527993679046631
119,3.907609224319458,0.3509519398212433,3.556657314300537
120,3.8760077953338623,0.33188652992248535,3.544121265411377
121,3.854675531387329,0.3252647817134857,3.5294108390808105
122,3.8649861812591553,0.3260425925254822,3.5389435291290283
123,3.907231569290161,0.3688112795352936,3.5384202003479004
124,3.846209764480591,0.3076556324958801,3.5385541915893555
125,3.8968863487243652,0.3670688569545746,3.529817581176758
126,3.864020347595215,0.34259188175201416,3.5214285850524902
127,3.8892478942871094,0.3559035062789917,3.533344268798828
128,3.8749401569366455,0.35744401812553406,3.517496109008789
129,3.9549107551574707,0.40308481454849243,3.551826000213623
130,3.8942575454711914,0.3702176809310913,3.5240397453308105
131,3.8966734409332275,0.35796433687210083,3.5387091636657715
132,3.883293867111206,0.36806511878967285,3.515228748321533
133,3.9110660552978516,0.3574560880661011,3.553609848022461
134,3.843046188354492,0.32187986373901367,3.5211663246154785
135,3.914184093475342,0.3712218403816223,3.5429623126983643
136,3.8877665996551514,0.34991198778152466,3.5378546714782715
137,3.877703905105591,0.35658830404281616,3.52111554145813
138,3.860628128051758,0.3343431353569031,3.52628493309021
139,3.910611629486084,0.36863046884536743,3.5419812202453613
140,3.9473955631256104,0.3938603401184082,3.553535223007202
141,3.9122374057769775,0.3491666615009308,3.563070774078369
142,3.898329496383667,0.3545723855495453,3.543757200241089
143,3.929760217666626,0.38934066891670227,3.540419578552246
144,3.894991636276245,0.36114388704299927,3.5338478088378906
145,3.904937744140625,0.3710123300552368,3.5339255332946777
146,3.856233835220337,0.3374338746070862,3.5188000202178955
147,3.8690755367279053,0.3497917950153351,3.5192837715148926
148,3.877366781234741,0.33869460225105286,3.5386722087860107
149,3.8966891765594482,0.3565285801887512,3.540160655975342
150,3.909912347793579,0.3822754919528961,3.527636766433716
151,3.8779962062835693,0.3290869891643524,3.5489091873168945
152,3.90433931350708,0.36372101306915283,3.540618419647217
153,3.90354585647583,0.3800491988658905,3.523496627807617
154,3.901179313659668,0.3906961679458618,3.5104832649230957
155,3.8425133228302,0.32038894295692444,3.5221242904663086
156,3.8617641925811768,0.3372931182384491,3.5244710445404053
157,3.9079465866088867,0.35149866342544556,3.556447982788086
158,3.8953776359558105,0.3657844066619873,3.5295932292938232
159,3.886342763900757,0.3432047665119171,3.543138027191162
160,3.887267589569092,0.3527251183986664,3.5345425605773926
161,3.8533825874328613,0.32573556900024414,3.527647018432617
162,3.8997702598571777,0.3386581540107727,3.56111216545105
163,3.85249662399292,0.3379359543323517,3.5145606994628906
164,3.912048816680908,0.3629356622695923,3.5491132736206055
165,3.933960199356079,0.4012162685394287,3.5327439308166504
166,3.9182627201080322,0.3676455020904541,3.550617218017578
167,3.8910632133483887,0.3387698531150818,3.552293300628662
168,3.921236515045166,0.37451785802841187,3.5467185974121094
169,3.901151180267334,0.3725578784942627,3.5285933017730713
170,3.8886830806732178,0.34458714723587036,3.544095993041992
171,3.8568451404571533,0.33532777428627014,3.521517276763916
172,3.911860942840576,0.3649653196334839,3.5468955039978027
173,3.8719868659973145,0.3638361096382141,3.508150815963745
174,3.895850419998169,0.3472222685813904,3.548628091812134
175,3.8748509883880615,0.3456704020500183,3.5291805267333984
176,3.8224244117736816,0.30184197425842285,3.520582437515259
177,3.8781967163085938,0.3657706677913666,3.5124261379241943
178,3.894468069076538,0.37764090299606323,3.51682710647583
179,3.8751702308654785,0.3473283350467682,3.527841806411743
180,3.8592214584350586,0.3133935332298279,3.545827865600586
181,3.9050064086914062,0.3400801420211792,3.5649261474609375
182,3.861776351928711,0.33538156747817993,3.526394844055176
183,3.8427865505218506,0.33706799149513245,3.505718469619751
184,3.8881399631500244,0.35565829277038574,3.5324816703796387
185,3.867255210876465,0.3372769355773926,3.5299782752990723
186,3.9157538414001465,0.3632189631462097,3.552534818649292
187,3.830221176147461,0.3202788233757019,3.5099422931671143
188,3.838223934173584,0.31739896535873413,3.520824909210205
189,3.8627846240997314,0.3441143035888672,3.5186703205108643
190,3.884632110595703,0.33679211139678955,3.547840118408203
191,3.8781919479370117,0.34879541397094727,3.5293965339660645
192,3.9058899879455566,0.3504984974861145,3.555391550064087
193,3.8846824169158936,0.33058682084083557,3.554095506668091
194,3.9299371242523193,0.39698123931884766,3.5329558849334717
195,3.8670144081115723,0.325043648481369,3.541970729827881
196,3.884458065032959,0.34837639331817627,3.536081552505493
197,3.8963518142700195,0.36415353417396545,3.532198190689087
198,3.8697350025177,0.3277505040168762,3.5419845581054688
199,3.8665199279785156,0.3641229271888733,3.502397060394287
200,3.9270455837249756,0.37992581725120544,3.5471198558807373
201,3.888988971710205,0.35110071301460266,3.537888288497925
202,3.893869400024414,0.34536516666412354,3.54850435256958
203,3.8831827640533447,0.36583203077316284,3.517350673675537
204,3.898204803466797,0.35939639806747437,3.5388083457946777
205,3.9069128036499023,0.36929890513420105,3.537613868713379
206,3.886545181274414,0.3537922501564026,3.5327529907226562
207,3.8989412784576416,0.3612036108970642,3.5377376079559326
208,3.8916573524475098,0.35473954677581787,3.5369179248809814
209,3.922666072845459,0.36144644021987915,3.5612196922302246
210,3.881669521331787,0.3488396406173706,3.532829999923706
211,3.895371913909912,0.3451465964317322,3.550225257873535
212,3.8800363540649414,0.34415966272354126,3.535876750946045
213,3.865493059158325,0.33161935210227966,3.5338737964630127
214,3.8710227012634277,0.3408088684082031,3.5302138328552246
215,3.8790647983551025,0.34520938992500305,3.533855438232422
216,3.892425775527954,0.3597230315208435,3.532702684402466
217,3.8710074424743652,0.3579663038253784,3.5130410194396973
218,3.9007201194763184,0.35316231846809387,3.547557830810547
219,3.8455758094787598,0.3389967679977417,3.5065789222717285
220,3.848830223083496,0.3234255909919739,3.525404691696167
221,3.8894600868225098,0.3440140187740326,3.5454461574554443
222,3.8466625213623047,0.342019259929657,3.504643201828003
223,3.8437888622283936,0.31516069173812866,3.52862811088562
224,3.883939027786255,0.3597806990146637,3.524158239364624
225,3.8695271015167236,0.3214028775691986,3.548124313354492
226,3.9046740531921387,0.3669013977050781,3.5377726554870605
227,3.919776678085327,0.3807099759578705,3.539066791534424
228,3.860724925994873,0.34156668186187744,3.519158363342285
229,3.928044319152832,0.37989291548728943,3.5481514930725098
230,3.8915534019470215,0.35441792011260986,3.537135601043701
231,3.89227557182312,0.34200406074523926,3.550271511077881
232,3.892514705657959,0.34794577956199646,3.5445690155029297
233,3.9061262607574463,0.3922545611858368,3.513871669769287
234,3.8833882808685303,0.35065048933029175,3.5327377319335938
235,3.885939121246338,0.3503909111022949,3.535548210144043
236,3.8908650875091553,0.36729127168655396,3.523573875427246
237,3.9114887714385986,0.3543025851249695,3.5571861267089844
238,3.9453117847442627,0.3884798586368561,3.5568318367004395
239,3.8783814907073975,0.35651659965515137,3.521864891052246
240,3.8830366134643555,0.34999334812164307,3.533043384552002
241,3.881929874420166,0.36380040645599365,3.518129348754883
242,3.885789394378662,0.3539682626724243,3.5318212509155273
243,3.8870701789855957,0.358122318983078,3.5289478302001953
244,3.9352669715881348,0.3985058665275574,3.5367610454559326
245,3.869662046432495,0.32561811804771423,3.544044017791748
246,3.852921724319458,0.33176082372665405,3.521160840988159
247,3.8679962158203125,0.33435165882110596,3.533644676208496
248,3.866154193878174,0.3304036855697632,3.5357506275177
249,3.918379783630371,0.3606020212173462,3.5577776432037354
250,3.8880820274353027,0.3625747263431549,3.5255072116851807
251,3.8649518489837646,0.3099859654903412,3.5549659729003906
252,3.881885290145874,0.3596847653388977,3.522200584411621
253,3.8910183906555176,0.3690873086452484,3.5219311714172363
254,3.869673013687134,0.34111279249191284,3.528560161590576
255,3.83925461769104,0.33096709847450256,3.5082874298095703
256,3.8356666564941406,0.3144208788871765,3.5212457180023193
257,3.8519375324249268,0.3347969651222229,3.5171406269073486
258,3.8426034450531006,0.3248860538005829,3.5177173614501953
259,3.8967955112457275,0.3710711598396301,3.525724411010742
260,3.8661692142486572,0.3615981638431549,3.504570960998535
261,3.835632085800171,0.309307336807251,3.52632474899292
262,3.8964624404907227,0.351628839969635,3.5448336601257324
263,3.8700599670410156,0.32941359281539917,3.5406463146209717
264,3.9010794162750244,0.3422996699810028,3.558779716491699
265,3.867180109024048,0.3493415415287018,3.517838478088379
266,3.849280595779419,0.3242987096309662,3.52498197555542
267,3.8552279472351074,0.3511672616004944,3.504060745239258
268,3.844325065612793,0.3341209292411804,3.5102040767669678
269,3.881373405456543,0.3468914330005646,3.534482002258301
270,3.858445644378662,0.3258804976940155,3.532565116882324
271,3.8779759407043457,0.3486490249633789,3.529326915740967
272,3.888500213623047,0.3595428466796875,3.5289573669433594
273,3.918860912322998,0.3518946170806885,3.5669662952423096
274,3.9009737968444824,0.3607925772666931,3.5401811599731445
275,3.8870925903320312,0.32900816202163696,3.558084487915039
276,3.8489770889282227,0.3245617151260376,3.5244154930114746
277,3.842040538787842,0.3065186142921448,3.535521984100342
278,3.868650436401367,0.3289911150932312,3.539659261703491
279,3.8452813625335693,0.3191017806529999,3.526179552078247
280,3.843691110610962,0.3123409152030945,3.5313501358032227
281,3.909688711166382,0.3690657913684845,3.5406229496002197
282,3.8702714443206787,0.35380062460899353,3.5164709091186523
283,3.864208698272705,0.3408311605453491,3.5233774185180664
284,3.8442978858947754,0.31971117854118347,3.5245866775512695
285,3.88055682182312,0.3652006983757019,3.5153560638427734
286,3.8996951580047607,0.35360127687454224,3.5460939407348633
287,3.8584117889404297,0.33829331398010254,3.520118474960327
288,3.870467185974121,0.34684768319129944,3.5236194133758545
289,3.8877804279327393,0.3434164524078369,3.5443639755249023
290,3.9052865505218506,0.36446601152420044,3.540820598602295
291,3.885507822036743,0.34742471575737,3.538083076477051
292,3.8829896450042725,0.33315253257751465,3.549837112426758
293,3.86142897605896,0.3378003239631653,3.5236287117004395
294,3.838759183883667,0.3228750228881836,3.5158841609954834
295,3.872253179550171,0.3375323712825775,3.5347208976745605
296,3.8946127891540527,0.36028552055358887,3.534327268600464
297,3.9071035385131836,0.3769761919975281,3.5301272869110107
298,3.897193193435669,0.3782269060611725,3.5189661979675293
299,3.8955984115600586,0.35330215096473694,3.5422961711883545
300,3.882789134979248,0.33667558431625366,3.5461134910583496
301,3.9066531658172607,0.36031514406204224,3.5463380813598633
302,3.8753485679626465,0.35612380504608154,3.5192248821258545
303,3.9591925144195557,0.40243178606033325,3.556760787963867
304,3.859696865081787,0.34437134861946106,3.5153255462646484
305,3.911539077758789,0.37501347064971924,3.5365257263183594
306,3.8863747119903564,0.3456438183784485,3.5407309532165527
307,3.860780954360962,0.34170466661453247,3.519076347351074
308,3.853753089904785,0.32890453934669495,3.524848461151123
309,3.9019298553466797,0.3620474338531494,3.5398824214935303
310,3.8873167037963867,0.3602423667907715,3.5270743370056152
311,3.8501856327056885,0.3215487003326416,3.528636932373047
312,3.913795232772827,0.37150153517723083,3.5422937870025635
313,3.9086036682128906,0.3794173002243042,3.529186248779297
314,3.8823208808898926,0.3309890031814575,3.5513319969177246
315,3.9219117164611816,0.3788251578807831,3.543086528778076
316,3.90333890914917,0.36336076259613037,3.539978265762329
317,3.895587921142578,0.35193729400634766,3.5436506271362305
318,3.932461738586426,0.3692704141139984,3.5631914138793945
319,3.8699827194213867,0.33898842334747314,3.530994415283203
320,3.8664772510528564,0.32549697160720825,3.540980339050293
321,3.888629913330078,0.3509746789932251,3.5376553535461426
322,3.8636393547058105,0.344843327999115,3.518795967102051
323,3.878065347671509,0.3237573504447937,3.5543079376220703
324,3.897181510925293,0.33118194341659546,3.5659995079040527
325,3.8508691787719727,0.32161152362823486,3.5292575359344482
326,3.8735601902008057,0.32537636160850525,3.5481839179992676
327,3.851367473602295,0.3054022192955017,3.5459651947021484
328,3.8819377422332764,0.33327600359916687,3.548661708831787
329,3.8821775913238525,0.3360869884490967,3.546090602874756
330,3.8681998252868652,0.3305377662181854,3.5376620292663574
331,3.9417622089385986,0.36583760380744934,3.5759246349334717
332,3.89607572555542,0.3594377040863037,3.536638021469116
333,3.833251714706421,0.33239465951919556,3.50085711479187
334,3.879328966140747,0.354879230260849,3.5244498252868652
335,3.900658369064331,0.37372416257858276,3.5269341468811035
336,3.891561985015869,0.3585415482521057,3.533020496368408
337,3.8995137214660645,0.33723992109298706,3.5622737407684326
338,3.8912487030029297,0.3463296890258789,3.544919013977051
339,3.834588050842285,0.30245715379714966,3.5321309566497803
340,3.9035327434539795,0.36186885833740234,3.541663885116577
341,3.8377292156219482,0.3048021197319031,3.5329270362854004
342,3.911332607269287,0.3666653633117676,3.5446672439575195
343,3.852597951889038,0.33996185660362244,3.512636184692383
344,3.8724498748779297,0.33902329206466675,3.533426523208618
345,3.910984516143799,0.36738646030426025,3.543598175048828
346,3.8566198348999023,0.3351491093635559,3.521470785140991
347,3.896663188934326,0.340157151222229,3.5565061569213867
348,3.876697540283203,0.34025633335113525,3.5364410877227783
349,3.873199701309204,0.35818934440612793,3.515010356903076
350,3.888538122177124,0.33956122398376465,3.5489768981933594
351,3.9254369735717773,0.3756730556488037,3.5497639179229736
352,3.8781681060791016,0.352361261844635,3.5258069038391113
353,3.8324530124664307,0.3127715289592743,3.519681453704834
354,3.852567195892334,0.3314007520675659,3.5211663246154785
355,3.8590614795684814,0.33077359199523926,3.528287887573242
356,3.8767809867858887,0.3277660608291626,3.5490150451660156
357,3.9105749130249023,0.36070096492767334,3.5498738288879395
358,3.8831212520599365,0.3561329245567322,3.5269882678985596
359,3.890348434448242,0.3501250147819519,3.5402233600616455
360,3.8134043216705322,0.2923576831817627,3.5210466384887695
361,3.849160671234131,0.3223010301589966,3.526859760284424
362,3.8435330390930176,0.3163161873817444,3.527216911315918
363,3.812333106994629,0.3217487335205078,3.490584373474121
364,3.864001750946045,0.3309444785118103,3.53305721282959
365,3.844254493713379,0.33817240595817566,3.506082057952881
366,3.906200885772705,0.3728848099708557,3.533316135406494
367,3.893779754638672,0.3554455041885376,3.5383341312408447
368,3.888021945953369,0.35037124156951904,3.5376505851745605
369,3.841811418533325,0.32776421308517456,3.514047145843506
370,3.8418760299682617,0.3010629713535309,3.5408129692077637
371,3.9083614349365234,0.37607088685035706,3.532290458679199
372,3.8688831329345703,0.35221612453460693,3.516667127609253
373,3.8469176292419434,0.3429306745529175,3.5039868354797363
374,3.8122329711914062,0.3035985231399536,3.508634567260742
375,3.897015333175659,0.3608419895172119,3.5361733436584473
376,3.9163355827331543,0.3475489020347595,3.56878662109375
377,3.8891711235046387,0.33389812707901,3.5552730560302734
378,3.862736940383911,0.3353377878665924,3.5273990631103516
379,3.8601174354553223,0.33005768060684204,3.530059814453125
380,3.903306245803833,0.36022594571113586,3.5430803298950195
381,3.8968756198883057,0.3539360463619232,3.5429396629333496
382,3.8828353881835938,0.334781676530838,3.548053741455078
383,3.852457284927368,0.34712645411491394,3.505330801010132
384,3.8609976768493652,0.3379863500595093,3.5230114459991455
385,3.9181530475616455,0.37253808975219727,3.5456149578094482
386,3.886011838912964,0.36090636253356934,3.5251054763793945
387,3.869379997253418,0.34951579570770264,3.519864082336426
388,3.8657636642456055,0.33880436420440674,3.526959180831909
389,3.8537826538085938,0.32577943801879883,3.528003215789795
390,3.824415922164917,0.3062102794647217,3.5182056427001953
391,3.844249725341797,0.31863489747047424,3.5256147384643555
392,3.9122133255004883,0.36014172434806824,3.5520715713500977
393,3.8304860591888428,0.31068482995033264,3.519801139831543
394,3.916609525680542,0.3756808638572693,3.540928602218628
395,3.836625576019287,0.31373924016952515,3.522886276245117
396,3.841902017593384,0.3136698603630066,3.5282320976257324
397,3.854160785675049,0.32508671283721924,3.529074192047119
398,3.908663272857666,0.37453150749206543,3.5341317653656006
399,3.865027904510498,0.34534943103790283,3.5196783542633057
400,3.868041515350342,0.33955228328704834,3.528489112854004
401,3.8266849517822266,0.3048524558544159,3.5218324661254883
402,3.9050965309143066,0.3511452078819275,3.5539512634277344
403,3.926731824874878,0.3789556622505188,3.547776222229004
404,3.893325090408325,0.35629722476005554,3.5370278358459473
405,3.8895726203918457,0.3561292886734009,3.5334434509277344
406,3.866729974746704,0.33312347531318665,3.53360652923584
407,3.900930404663086,0.35316523909568787,3.5477652549743652
408,3.8971331119537354,0.3579070568084717,3.5392260551452637
409,3.857837677001953,0.3379531502723694,3.5198845863342285
410,3.8723559379577637,0.3445305824279785,3.527825355529785
411,3.885880470275879,0.3419761657714844,3.5439043045043945
412,3.8602359294891357,0.34546828269958496,3.514767646789551
413,3.8263587951660156,0.31427934765815735,3.5120794773101807
414,3.875847578048706,0.3496458828449249,3.5262017250061035
415,3.8472743034362793,0.31324201822280884,3.5340323448181152
416,3.8742709159851074,0.35574018955230713,3.5185306072235107
417,3.883669137954712,0.33852750062942505,3.5451416969299316
418,3.912569522857666,0.36880457401275635,3.543765068054199
419,3.888054370880127,0.34290361404418945,3.5451507568359375
420,3.8563106060028076,0.31559062004089355,3.540719985961914
421,3.875227928161621,0.34935295581817627,3.5258748531341553
422,3.8612239360809326,0.3170282244682312,3.5441956520080566
423,3.844327926635742,0.32717764377593994,3.517150402069092
424,3.8833694458007812,0.343824565410614,3.5395448207855225
425,3.880056381225586,0.33579713106155396,3.5442593097686768
426,3.8831052780151367,0.34068602323532104,3.542419195175171
427,3.902588367462158,0.361263245344162,3.541325092315674
428,3.8894481658935547,0.3309817910194397,3.5584664344787598
429,3.8710412979125977,0.33287307620048523,3.53816819190979
430,3.8943443298339844,0.35539162158966064,3.5389528274536133
431,3.8692963123321533,0.32458049058914185,3.5447158813476562
432,3.855191230773926,0.33071810007095337,3.524473190307617
433,3.8332650661468506,0.3367631733417511,3.496501922607422
434,3.850752353668213,0.32343944907188416,3.527312994003296
435,3.8692233562469482,0.3416852653026581,3.5275380611419678
436,3.8988189697265625,0.3449963927268982,3.5538225173950195
437,3.8773653507232666,0.3511224389076233,3.526242971420288
438,3.8602471351623535,0.3289450407028198,3.531301975250244
439,3.936720609664917,0.37315163016319275,3.5635690689086914
440,3.8437910079956055,0.313385546207428,3.5304055213928223
441,3.901989221572876,0.3668230473995209,3.5351662635803223
442,3.900573253631592,0.35197871923446655,3.5485944747924805
443,3.8993353843688965,0.33971118927001953,3.559624195098877
444,3.911856174468994,0.3606983423233032,3.5511579513549805
445,3.869046688079834,0.320127010345459,3.548919677734375
446,3.914199113845825,0.36889567971229553,3.5453033447265625
447,3.8255867958068848,0.3239685595035553,3.5016181468963623
448,3.8673343658447266,0.3371473550796509,3.5301871299743652
449,3.8844475746154785,0.3449794054031372,3.539468288421631
450,3.8385860919952393,0.31898799538612366,3.5195980072021484
451,3.874643564224243,0.3377645015716553,3.536879062652588
452,3.912794351577759,0.37473082542419434,3.5380635261535645
453,3.890455722808838,0.36193978786468506,3.5285158157348633
454,3.890188217163086,0.34379276633262634,3.5463955402374268
455,3.8957536220550537,0.3509156107902527,3.5448379516601562
456,3.8648343086242676,0.33791425824165344,3.5269200801849365
457,3.9005112648010254,0.3760110139846802,3.5245003700256348
458,3.823183059692383,0.3143925666809082,3.5087904930114746
459,3.8873398303985596,0.35848164558410645,3.528858184814453
460,3.863579511642456,0.3376982808113098,3.525881290435791
461,3.8679308891296387,0.3241204023361206,3.5438103675842285
462,3.922466516494751,0.3701513409614563,3.5523152351379395
463,3.860248327255249,0.3020913600921631,3.558156967163086
464,3.8243765830993652,0.29599130153656006,3.5283851623535156
465,3.886406421661377,0.3455401659011841,3.5408663749694824
466,3.878434658050537,0.3369361162185669,3.5414986610412598
467,3.9005510807037354,0.36715394258499146,3.5333971977233887
468,3.8325998783111572,0.32648539543151855,3.5061144828796387
469,3.883326530456543,0.3496409058570862,3.5336856842041016
470,3.9296488761901855,0.37273597717285156,3.556912899017334
471,3.8635621070861816,0.33600497245788574,3.527557134628296
472,3.880095958709717,0.35312461853027344,3.5269713401794434
473,3.8912551403045654,0.33417290449142456,3.557082176208496
474,3.8650739192962646,0.32725510001182556,3.5378189086914062
475,3.8821117877960205,0.3413574695587158,3.5407543182373047
476,3.8548102378845215,0.32618141174316406,3.5286288261413574
477,3.8641483783721924,0.32191532850265503,3.5422329902648926
478,3.87858247756958,0.3402193784713745,3.538362979888916
479,3.8655261993408203,0.32390686869621277,3.541619300842285
480,3.9041614532470703,0.34610044956207275,3.558061122894287
481,3.8661346435546875,0.33137309551239014,3.534761667251587
482,3.9024243354797363,0.3505783677101135,3.5518460273742676
483,3.876769781112671,0.35099512338638306,3.5257747173309326
484,3.852531909942627,0.3330494165420532,3.5194826126098633
485,3.8866567611694336,0.37877827882766724,3.507878541946411
486,3.827422618865967,0.30350935459136963,3.5239133834838867
487,3.893007516860962,0.36310261487960815,3.529904842376709
488,3.859818696975708,0.3274948000907898,3.5323238372802734
489,3.8648080825805664,0.3348928689956665,3.5299153327941895
490,3.8885250091552734,0.3413357138633728,3.547189235687256
491,3.8568873405456543,0.31667134165763855,3.5402159690856934
492,3.8482747077941895,0.3201613426208496,3.52811336517334
493,3.827552318572998,0.31291306018829346,3.514639377593994
494,3.865851640701294,0.3285793662071228,3.5372722148895264
495,3.8542919158935547,0.3289218544960022,3.5253701210021973
496,3.8905839920043945,0.35474273562431335,3.535841226577759
497,3.9109690189361572,0.3585048019886017,3.552464246749878
498,3.8777620792388916,0.3374779522418976,3.5402841567993164
499,3.8979358673095703,0.3643060326576233,3.533629894256592
500,3.8499791622161865,0.3269738554954529,3.523005247116089
501,3.856614112854004,0.3313828706741333,3.52523136138916
502,3.871817111968994,0.33017730712890625,3.541639804840088
503,3.86696720123291,0.3095068335533142,3.557460308074951
504,3.886575698852539,0.3400956392288208,3.5464799404144287
505,3.874708414077759,0.3309444785118103,3.5437638759613037
506,3.8670101165771484,0.3298710584640503,3.5371389389038086
507,3.8261260986328125,0.2993745803833008,3.5267515182495117
508,3.8310372829437256,0.30355551838874817,3.5274817943573
509,3.840850830078125,0.3145310878753662,3.526319742202759
510,3.8570775985717773,0.3290609121322632,3.5280168056488037
511,3.8219454288482666,0.2989584803581238,3.522986888885498
512,3.8860483169555664,0.3316906988620758,3.5543575286865234
513,3.8481228351593018,0.30621370673179626,3.5419092178344727
514,3.866774082183838,0.3371843099594116,3.5295896530151367
515,3.854978561401367,0.32068178057670593,3.534296751022339
516,3.904172897338867,0.35159677267074585,3.5525760650634766
517,3.8838276863098145,0.32686957716941833,3.5569581985473633
518,3.878819465637207,0.33009400963783264,3.5487253665924072
519,3.890909194946289,0.34197938442230225,3.5489296913146973
520,3.843352794647217,0.32223039865493774,3.521122455596924
521,3.8993568420410156,0.3666066825389862,3.532750129699707
522,3.858358860015869,0.3253464102745056,3.5330123901367188
523,3.86440110206604,0.329765260219574,3.5346357822418213
524,3.878042459487915,0.3487827181816101,3.52925968170166
525,3.9173951148986816,0.3722434341907501,3.545151710510254
526,3.9123973846435547,0.35901618003845215,3.5533812046051025
527,3.85971999168396,0.3297012448310852,3.5300188064575195
528,3.915337562561035,0.35340797901153564,3.561929702758789
529,3.830677032470703,0.310937762260437,3.5197391510009766
530,3.8533213138580322,0.3569236099720001,3.4963977336883545
531,3.889364242553711,0.34468168020248413,3.544682502746582
532,3.8655216693878174,0.32580775022506714,3.5397138595581055
533,3.880777359008789,0.34487399458885193,3.5359034538269043
534,3.868467330932617,0.34661710262298584,3.521850109100342
535,3.8447108268737793,0.3329475224018097,3.511763334274292
536,3.895238161087036,0.3641875386238098,3.531050682067871
537,3.8802080154418945,0.3280376195907593,3.552170515060425
538,3.878683090209961,0.3433386981487274,3.535344362258911
539,3.9265952110290527,0.37739667296409607,3.549198627471924
540,3.8781189918518066,0.32853925228118896,3.549579620361328
541,3.8603429794311523,0.31761759519577026,3.5427253246307373
542,3.841229200363159,0.31962087750434875,3.521608352661133
543,3.8989522457122803,0.36009734869003296,3.5388548374176025
544,3.847374200820923,0.3250362277030945,3.5223379135131836
545,3.8525424003601074,0.3153012990951538,3.537241220474243
546,3.9161343574523926,0.35805603861808777,3.5580782890319824
547,3.8325905799865723,0.3252868056297302,3.5073037147521973
548,3.885654926300049,0.3368619978427887,3.548792839050293
549,3.8779489994049072,0.34606531262397766,3.531883716583252
550,3.886014461517334,0.3536797761917114,3.532334804534912
551,3.8044607639312744,0.30661696195602417,3.4978437423706055
552,3.8647916316986084,0.33027195930480957,3.534519672393799
553,3.855229616165161,0.33731862902641296,3.517910957336426
554,3.8919248580932617,0.35097602009773254,3.5409488677978516
555,3.8657753467559814,0.34412169456481934,3.521653652191162
556,3.8471667766571045,0.31999650597572327,3.527170181274414
557,3.8684911727905273,0.3367892801761627,3.5317018032073975
558,3.862412929534912,0.33815252780914307,3.5242605209350586
559,3.836266040802002,0.32174575328826904,3.5145201683044434
560,3.8591904640197754,0.33958351612091064,3.5196070671081543
561,3.876251697540283,0.33199796080589294,3.5442538261413574
562,3.860318899154663,0.32868167757987976,3.531637191772461
563,3.8533711433410645,0.3264695405960083,3.5269014835357666
564,3.826730251312256,0.30467700958251953,3.5220532417297363
565,3.8597593307495117,0.34461599588394165,3.515143394470215
566,3.8377256393432617,0.33180105686187744,3.5059244632720947
567,3.8771982192993164,0.32470256090164185,3.5524957180023193
568,3.8805465698242188,0.3387381434440613,3.5418083667755127
569,3.8711440563201904,0.34419235587120056,3.526951789855957
570,3.8349695205688477,0.3163861632347107,3.518583297729492
571,3.8544201850891113,0.3257477879524231,3.528672456741333
572,3.834122657775879,0.30531394481658936,3.528808832168579
573,3.898378610610962,0.3721659183502197,3.526212692260742
574,3.883960723876953,0.33055931329727173,3.553401470184326
575,3.8325095176696777,0.30435511469841003,3.5281543731689453
576,3.8530731201171875,0.3226163387298584,3.530456781387329
577,3.8468174934387207,0.3206137418746948,3.5262036323547363
578,3.8247995376586914,0.30521759390830994,3.5195820331573486
579,3.8086135387420654,0.3050368130207062,3.5035767555236816
580,3.9075400829315186,0.3557412922382355,3.5517988204956055
581,3.8644325733184814,0.34710484743118286,3.5173277854919434
582,3.8628413677215576,0.34020957350730896,3.522631883621216
583,3.936722993850708,0.38646671175956726,3.5502562522888184
584,3.8201732635498047,0.3004510998725891,3.5197222232818604
585,3.8706393241882324,0.29751402139663696,3.5731253623962402
586,3.8566293716430664,0.3370407223701477,3.5195887088775635
587,3.8381385803222656,0.31228694319725037,3.5258517265319824
588,3.8764657974243164,0.3526870012283325,3.5237789154052734
589,3.8289623260498047,0.31402069330215454,3.514941692352295
590,3.8676183223724365,0.33039361238479614,3.537224769592285
591,3.874943494796753,0.3325706124305725,3.542372941970825
592,3.8520474433898926,0.32916295528411865,3.5228843688964844
593,3.860354423522949,0.33251503109931946,3.527839422225952
594,3.8798182010650635,0.3293915092945099,3.550426721572876
595,3.8195812702178955,0.3108634650707245,3.5087177753448486
596,3.859760046005249,0.3511272072792053,3.5086328983306885
597,3.8617653846740723,0.330735981464386,3.531029462814331
598,3.8934104442596436,0.34266000986099243,3.550750494003296
599,3.8870656490325928,0.3493511974811554,3.5377144813537598
600,3.9023029804229736,0.3624890148639679,3.539813995361328
601,3.8425161838531494,0.3035556674003601,3.5389604568481445
602,3.850767135620117,0.33519163727760315,3.515575408935547
603,3.862520456314087,0.3387051224708557,3.523815393447876
604,3.852804183959961,0.34235620498657227,3.5104479789733887
605,3.85868239402771,0.33820468187332153,3.520477771759033
606,3.842435359954834,0.3377503752708435,3.5046849250793457
607,3.8898673057556152,0.3382652997970581,3.5516018867492676
608,3.9184787273406982,0.35998478531837463,3.5584938526153564
609,3.862222194671631,0.31785622239112854,3.544365882873535
610,3.8648767471313477,0.32336288690567017,3.5415139198303223
611,3.861847162246704,0.35741204023361206,3.5044350624084473
612,3.8675148487091064,0.33165663480758667,3.535858154296875
613,3.8409583568573,0.31999367475509644,3.5209646224975586
614,3.9014716148376465,0.34082338213920593,3.560648202896118
615,3.874174118041992,0.3525238335132599,3.5216503143310547
616,3.8291666507720947,0.3246777057647705,3.504488945007324
617,3.8626112937927246,0.3385295867919922,3.5240817070007324
618,3.8546135425567627,0.3138190805912018,3.5407943725585938
619,3.8595221042633057,0.3299430012702942,3.5295791625976562
620,3.8740692138671875,0.3338565230369568,3.540212631225586
621,3.841228723526001,0.31137320399284363,3.529855489730835
622,3.891242027282715,0.3519324064254761,3.5393097400665283
623,3.909820556640625,0.3537513017654419,3.5560691356658936
624,3.8636176586151123,0.3333025276660919,3.5303151607513428
625,3.8378286361694336,0.3073921799659729,3.5304365158081055
626,3.8195412158966064,0.30368277430534363,3.5158584117889404
627,3.88822078704834,0.34015318751335144,3.548067569732666
628,3.9009807109832764,0.3460622727870941,3.5549185276031494
629,3.8440632820129395,0.3313581943511963,3.512705087661743
630,3.8663344383239746,0.3281727433204651,3.5381617546081543
631,3.8453261852264404,0.3401891589164734,3.5051369667053223
632,3.9089956283569336,0.3541356325149536,3.5548598766326904
633,3.8527417182922363,0.330363005399704,3.52237868309021
634,3.839193820953369,0.314069002866745,3.5251247882843018
635,3.8781003952026367,0.32932960987091064,3.5487706661224365
636,3.865985631942749,0.32944273948669434,3.5365428924560547
637,3.8456478118896484,0.32393714785575867,3.5217106342315674
638,3.8593239784240723,0.3368643522262573,3.5224595069885254
639,3.8196511268615723,0.313815712928772,3.5058352947235107
640,3.8849613666534424,0.33585304021835327,3.5491082668304443
641,3.8564980030059814,0.32908281683921814,3.5274152755737305
642,3.8854525089263916,0.3397209048271179,3.545731544494629
643,3.8399147987365723,0.3009251654148102,3.538989543914795
644,3.860457420349121,0.31325191259384155,3.5472054481506348
645,3.86399245262146,0.31466180086135864,3.549330711364746
646,3.854236125946045,0.3193093538284302,3.534926652908325
647,3.8529491424560547,0.3046911954879761,3.548258066177368
648,3.8809540271759033,0.33504700660705566,3.5459070205688477
649,3.8772120475769043,0.3157196640968323,3.561492443084717
650,3.854182720184326,0.32239383459091187,3.5317888259887695
651,3.839398145675659,0.31992197036743164,3.5194761753082275
652,3.857154369354248,0.3145524263381958,3.5426018238067627
653,3.8792660236358643,0.34422603249549866,3.5350399017333984
654,3.873312473297119,0.33857107162475586,3.5347414016723633
655,3.8377902507781982,0.31706446409225464,3.520725727081299
656,3.859809160232544,0.31366273760795593,3.5461463928222656
657,3.854262113571167,0.30776476860046387,3.546497344970703
658,3.8113107681274414,0.3040052056312561,3.50730562210083
659,3.866281509399414,0.3616527318954468,3.5046286582946777
660,3.8404433727264404,0.31839269399642944,3.522050619125366
661,3.8542325496673584,0.3019282817840576,3.552304267883301
662,3.8433961868286133,0.3269844055175781,3.516411781311035
663,3.891710042953491,0.3332791328430176,3.5584309101104736
664,3.872964859008789,0.33497679233551025,3.5379881858825684
665,3.860736608505249,0.325156033039093,3.535580635070801
666,3.8201239109039307,0.3010195195674896,3.519104480743408
667,3.842183828353882,0.3130946755409241,3.5290892124176025
668,3.8573050498962402,0.3275666832923889,3.529738426208496
669,3.8909912109375,0.35506927967071533,3.535922050476074
670,3.81731915473938,0.3015888035297394,3.515730381011963
671,3.9172637462615967,0.3776448369026184,3.539618968963623
672,3.839482307434082,0.3154265284538269,3.5240557193756104
673,3.901806592941284,0.3512645363807678,3.550542116165161
674,3.8637678623199463,0.3260881304740906,3.537679672241211
675,3.857178211212158,0.33992284536361694,3.5172553062438965
676,3.8857390880584717,0.35942021012306213,3.5263187885284424
677,3.8406991958618164,0.3278229534626007,3.512876272201538
678,3.8670787811279297,0.3281271159648895,3.5389516353607178
679,3.8297924995422363,0.31189626455307007,3.5178961753845215
680,3.9055261611938477,0.35950136184692383,3.546024799346924
681,3.8555235862731934,0.3135836124420166,3.5419399738311768
682,3.856034994125366,0.33539992570877075,3.5206351280212402
683,3.856431484222412,0.3109537363052368,3.545477867126465
684,3.8577804565429688,0.31567466259002686,3.5421056747436523
685,3.854844331741333,0.32402950525283813,3.5308148860931396
686,3.895693778991699,0.3633838891983032,3.5323100090026855
687,3.862504720687866,0.3093578815460205,3.5531468391418457
688,3.8689780235290527,0.3367530107498169,3.5322248935699463
689,3.8619723320007324,0.3358544707298279,3.5261178016662598
690,3.8288607597351074,0.3084560036659241,3.520404815673828
691,3.8414463996887207,0.3164602220058441,3.5249862670898438
692,3.8274078369140625,0.29985225200653076,3.527555465698242
693,3.799978256225586,0.2868780493736267,3.5131001472473145
694,3.874009847640991,0.3274337649345398,3.5465760231018066
695,3.8880176544189453,0.3503144383430481,3.537703275680542
696,3.8749661445617676,0.3351662755012512,3.539799928665161
697,3.814849376678467,0.29628556966781616,3.518563747406006
698,3.858940839767456,0.3225962519645691,3.536344528198242
699,3.8452067375183105,0.3367829918861389,3.5084238052368164
700,3.898595094680786,0.3480093479156494,3.5505857467651367
701,3.8797202110290527,0.3473323583602905,3.5323877334594727
702,3.862593650817871,0.33427298069000244,3.528320550918579
703,3.876934289932251,0.35146647691726685,3.525467872619629
704,3.8827366828918457,0.33745503425598145,3.5452816486358643
705,3.8807454109191895,0.3323212265968323,3.548424243927002
706,3.906207323074341,0.3508759140968323,3.5553314685821533
707,3.867159366607666,0.343868613243103,3.5232906341552734
708,3.845306634902954,0.3254849910736084,3.5198216438293457
709,3.838066577911377,0.31339406967163086,3.524672508239746
710,3.8582382202148438,0.32095396518707275,3.5372843742370605
711,3.8846726417541504,0.34882059693336487,3.5358519554138184
712,3.88458251953125,0.34064382314682007,3.543938636779785
713,3.891859292984009,0.3593003749847412,3.5325589179992676
714,3.8272721767425537,0.303758442401886,3.5235137939453125
715,3.8745784759521484,0.3283889889717102,3.546189546585083
716,3.855116605758667,0.3256303369998932,3.5294861793518066
717,3.874175786972046,0.34369105100631714,3.530484676361084
718,3.9170587062835693,0.3465917110443115,3.570466995239258
719,3.883549690246582,0.33431100845336914,3.549238681793213
720,3.9104137420654297,0.3504089415073395,3.560004711151123
721,3.8526968955993652,0.31697309017181396,3.535723924636841
722,3.843639612197876,0.3092666268348694,3.5343730449676514
723,3.811081647872925,0.3013761043548584,3.5097055435180664
724,3.853605270385742,0.34426891803741455,3.509336471557617
725,3.831270694732666,0.3219847083091736,3.5092859268188477
726,3.845921277999878,0.3122408986091614,3.5336804389953613
727,3.8797993659973145,0.3323255181312561,3.547473907470703
728,3.8221426010131836,0.30658018589019775,3.5155625343322754
729,3.8750176429748535,0.3450883626937866,3.5299291610717773
730,3.894765853881836,0.34920734167099,3.545558452606201
731,3.848003387451172,0.3280176520347595,3.5199856758117676
732,3.8810462951660156,0.32873356342315674,3.5523126125335693
733,3.8820786476135254,0.34663236141204834,3.5354461669921875
734,3.9751760959625244,0.3445519506931305,3.6306240558624268
735,3.8858227729797363,0.320280522108078,3.565542221069336
736,3.8894784450531006,0.34548211097717285,3.5439963340759277
737,3.841190814971924,0.3214252293109894,3.519765615463257
738,3.8535544872283936,0.3288385570049286,3.5247159004211426
739,3.8934855461120605,0.3413020074367523,3.5521836280822754
740,3.8485124111175537,0.3287445902824402,3.5197677612304688
741,3.8710577487945557,0.3395698070526123,3.5314879417419434
742,3.9203367233276367,0.36070436239242554,3.5596323013305664
743,3.8997344970703125,0.3524290919303894,3.5473053455352783
744,3.8591625690460205,0.3120480179786682,3.547114610671997
745,3.8399922847747803,0.30229759216308594,3.5376946926116943
746,3.833650827407837,0.307477742433548,3.5261731147766113
747,3.878135919570923,0.3454100489616394,3.5327258110046387
748,3.862435817718506,0.3119519352912903,3.5504839420318604
749,3.920625686645508,0.35225069522857666,3.5683748722076416
750,3.9030280113220215,0.34239476919174194,3.5606331825256348
751,3.9026708602905273,0.3669213056564331,3.5357494354248047
752,3.855616569519043,0.3329205811023712,3.522696018218994
753,3.8726806640625,0.3289676606655121,3.543713092803955
754,3.8469505310058594,0.3394756019115448,3.507474899291992
755,3.9005656242370605,0.36058416962623596,3.5399813652038574
756,3.859889268875122,0.31972241401672363,3.5401668548583984
757,3.865790605545044,0.33179670572280884,3.53399395942688
758,3.8216423988342285,0.31303298473358154,3.5086095333099365
759,3.844477653503418,0.32512080669403076,3.5193569660186768
760,3.826251983642578,0.29352766275405884,3.532724380493164
761,3.8543879985809326,0.3197219967842102,3.534666061401367
762,3.8451879024505615,0.3218395709991455,3.523348331451416
763,3.854266405105591,0.32323479652404785,3.531031608581543
764,3.859567165374756,0.3279819190502167,3.531585216522217
765,3.856318473815918,0.3252670168876648,3.5310513973236084
766,3.8265390396118164,0.30642402172088623,3.5201148986816406
767,3.8356080055236816,0.32302194833755493,3.5125861167907715
768,3.8598833084106445,0.32155531644821167,3.538327932357788
769,3.8444128036499023,0.31262874603271484,3.5317840576171875
770,3.814502239227295,0.3084166646003723,3.5060856342315674
771,3.8597230911254883,0.3289412260055542,3.5307819843292236
772,3.8489468097686768,0.29903626441955566,3.549910545349121
773,3.824864625930786,0.2980392575263977,3.526825428009033
774,3.829477310180664,0.2970483899116516,3.5324289798736572
775,3.85121750831604,0.3218091130256653,3.5294084548950195
776,3.892085075378418,0.34359076619148254,3.548494338989258
777,3.862006187438965,0.3251160681247711,3.5368900299072266
778,3.82778263092041,0.30954885482788086,3.5182337760925293
779,3.8556652069091797,0.3283791244029999,3.5272860527038574
780,3.78717303276062,0.2730711102485657,3.514101982116699
781,3.897491455078125,0.3541426956653595,3.543348789215088
782,3.8589394092559814,0.33426254987716675,3.52467679977417
783,3.840193271636963,0.3084922134876251,3.53170108795166
784,3.853139638900757,0.3237120807170868,3.5294275283813477
785,3.847493886947632,0.31780746579170227,3.529686450958252
786,3.805628776550293,0.29247742891311646,3.5131514072418213
787,3.8503904342651367,0.3125435411930084,3.537846803665161
788,3.8500638008117676,0.3155818283557892,3.534482002258301
789,3.8205857276916504,0.28802406787872314,3.5325615406036377
790,3.8559532165527344,0.3253040909767151,3.530649185180664
791,3.8763465881347656,0.3310789465904236,3.5452675819396973
792,3.876755952835083,0.3386910557746887,3.538064956665039
793,3.8290388584136963,0.31187039613723755,3.5171685218811035
794,3.833620548248291,0.3340277373790741,3.4995927810668945
795,3.8498263359069824,0.3019704818725586,3.547855854034424
796,3.849430561065674,0.3212929964065552,3.528137683868408
797,3.862239360809326,0.32026398181915283,3.541975498199463
798,3.8421502113342285,0.32043755054473877,3.5217127799987793
799,3.8318114280700684,0.30314886569976807,3.52866268157959
800,3.865389347076416,0.3199999928474426,3.545389413833618
801,3.822122097015381,0.3124502897262573,3.509671688079834
802,3.9061176776885986,0.3432982563972473,3.562819480895996
803,3.831533193588257,0.2891642451286316,3.5423688888549805
804,3.8322622776031494,0.319593608379364,3.5126686096191406
805,3.8284733295440674,0.2896285653114319,3.5388448238372803
806,3.8530068397521973,0.31391972303390503,3.5390870571136475
807,3.8300890922546387,0.2985191345214844,3.5315699577331543
808,3.828892707824707,0.30997568368911743,3.5189170837402344
809,3.8522167205810547,0.3304086923599243,3.52180814743042
810,3.8764572143554688,0.3599895238876343,3.516467571258545
811,3.874728202819824,0.325061559677124,3.5496666431427
812,3.7881791591644287,0.2955751121044159,3.4926040172576904
813,3.8422558307647705,0.3193303048610687,3.522925615310669
814,3.855564594268799,0.3214927911758423,3.534071683883667
815,3.915982961654663,0.37962237000465393,3.536360502243042
816,3.8531134128570557,0.3183329105377197,3.534780502319336
817,3.791598081588745,0.2985241115093231,3.4930739402770996
818,3.8707895278930664,0.31580865383148193,3.554980754852295
819,3.86629581451416,0.34143128991127014,3.524864435195923
820,3.8663618564605713,0.3453286290168762,3.52103328704834
821,3.8605451583862305,0.33383044600486755,3.52671480178833
822,3.794585704803467,0.3011518120765686,3.493433952331543
823,3.8375489711761475,0.3069365918636322,3.5306124687194824
824,3.8506789207458496,0.2955250144004822,3.5551538467407227
825,3.822883129119873,0.30974358320236206,3.513139486312866
826,3.868734836578369,0.3464181423187256,3.5223166942596436
827,3.886557102203369,0.3530550003051758,3.5335021018981934
828,3.8625965118408203,0.32446205615997314,3.5381345748901367
829,3.8859434127807617,0.3171705901622772,3.568772792816162
830,3.879558801651001,0.350372850894928,3.5291860103607178
831,3.8524792194366455,0.3163352906703949,3.5361440181732178
832,3.854362964630127,0.31974175572395325,3.534621238708496
833,3.887970209121704,0.3355727791786194,3.5523974895477295
834,3.81624436378479,0.3057105541229248,3.5105338096618652
835,3.833564281463623,0.3098220229148865,3.523742198944092
836,3.877208709716797,0.32824480533599854,3.548964023590088
837,3.8703970909118652,0.3338710069656372,3.5365262031555176
838,3.865412473678589,0.33916449546813965,3.526247978210449
839,3.8501646518707275,0.3216854929924011,3.5284790992736816
840,3.84786319732666,0.31472480297088623,3.5331382751464844
841,3.7911486625671387,0.2897396683692932,3.5014090538024902
842,3.82200288772583,0.2954702079296112,3.5265326499938965
843,3.8713574409484863,0.32490402460098267,3.5464534759521484
844,3.8928864002227783,0.35550352931022644,3.5373828411102295
845,3.8408336639404297,0.31356459856033325,3.527269124984741
846,3.863497495651245,0.33975571393966675,3.5237417221069336
847,3.855466365814209,0.3207396864891052,3.534726619720459
848,3.8385868072509766,0.304043173789978,3.534543514251709
849,3.8328495025634766,0.2966519594192505,3.5361976623535156
850,3.8747665882110596,0.3353942334651947,3.539372444152832
851,3.8872175216674805,0.32415682077407837,3.563060760498047
852,3.8598110675811768,0.3301776051521301,3.5296335220336914
853,3.899442195892334,0.3508334159851074,3.5486087799072266
854,3.8631224632263184,0.3027949333190918,3.5603275299072266
855,3.8496785163879395,0.3027607798576355,3.546917676925659
856,3.8601033687591553,0.33426135778427124,3.5258419513702393
857,3.817497968673706,0.3056500554084778,3.511847972869873
858,3.830258846282959,0.30780458450317383,3.522454261779785
859,3.8523569107055664,0.3062443733215332,3.546112537384033
860,3.8465065956115723,0.32354065775871277,3.522965908050537
861,3.8417892456054688,0.31723839044570923,3.5245509147644043
862,3.873643398284912,0.33543968200683594,3.538203716278076
863,3.8217244148254395,0.31375473737716675,3.507969617843628
864,3.844058036804199,0.32112109661102295,3.5229368209838867
865,3.8312904834747314,0.30604487657546997,3.5252456665039062
866,3.847702741622925,0.3118693232536316,3.5358333587646484
867,3.8359391689300537,0.3019236922264099,3.534015417098999
868,3.88864803314209,0.3349860906600952,3.553662061691284
869,3.813523769378662,0.3078189492225647,3.505704879760742
870,3.870920181274414,0.3333657383918762,3.5375545024871826
871,3.859403133392334,0.31846481561660767,3.540938377380371
872,3.8478031158447266,0.3165644705295563,3.531238555908203
873,3.8842549324035645,0.3274572491645813,3.556797742843628
874,3.8072609901428223,0.2872122526168823,3.5200486183166504
875,3.8953933715820312,0.35591936111450195,3.5394740104675293
876,3.8506734371185303,0.34349995851516724,3.507173538208008
877,3.858238935470581,0.32010602951049805,3.538132905960083
878,3.8159751892089844,0.30457553267478943,3.511399745941162
879,3.8274905681610107,0.3016449809074402,3.525845527648926
880,3.852928876876831,0.31564491987228394,3.5372838973999023
881,3.8597524166107178,0.3200227618217468,3.539729595184326
882,3.869675874710083,0.3439767062664032,3.5256991386413574
883,3.8568427562713623,0.31646132469177246,3.54038143157959
884,3.8343441486358643,0.30439820885658264,3.5299458503723145
885,3.863605499267578,0.31928956508636475,3.544316053390503
886,3.852980613708496,0.3179975748062134,3.5349831581115723
887,3.8521366119384766,0.3122762143611908,3.539860486984253
888,3.883775234222412,0.3459547162055969,3.53782057762146
889,3.8238747119903564,0.31820839643478394,3.5056662559509277
890,3.7749388217926025,0.27566245198249817,3.4992763996124268
891,3.8227972984313965,0.3023829162120819,3.520414352416992
892,3.8796794414520264,0.32321763038635254,3.556461811065674
893,3.8745789527893066,0.3269333839416504,3.5476455688476562
894,3.8288543224334717,0.30562180280685425,3.5232324600219727
895,3.8469460010528564,0.30953139066696167,3.53741455078125
896,3.9046266078948975,0.34166836738586426,3.562958240509033
897,3.8466107845306396,0.30788880586624146,3.538722038269043
898,3.8162758350372314,0.2937256395816803,3.522550106048584
899,3.865701198577881,0.31131476163864136,3.5543863773345947
900,3.828293800354004,0.30596888065338135,3.522324800491333
901,3.83455228805542,0.30247730016708374,3.5320749282836914
902,3.8614940643310547,0.3232160806655884,3.5382778644561768
903,3.90476131439209,0.34658774733543396,3.558173656463623
904,3.8764820098876953,0.3270963430404663,3.5493855476379395
905,3.909999132156372,0.37136954069137573,3.5386295318603516
906,3.8542518615722656,0.2993641495704651,3.5548877716064453
907,3.8990180492401123,0.34047478437423706,3.5585432052612305
908,3.830780267715454,0.3241844177246094,3.5065958499908447
909,3.863430976867676,0.3215298056602478,3.541901111602783
910,3.8811678886413574,0.3303198516368866,3.5508480072021484
911,3.850008487701416,0.31467434763908386,3.5353341102600098
912,3.7946386337280273,0.2973633408546448,3.4972753524780273
913,3.8481504917144775,0.298738956451416,3.5494115352630615
914,3.8208224773406982,0.29584604501724243,3.5249764919281006
915,3.875514268875122,0.33378198742866516,3.5417323112487793
916,3.802922010421753,0.28887730836868286,3.514044761657715
917,3.850985288619995,0.3136832118034363,3.537302017211914
918,3.8613853454589844,0.3188828229904175,3.5425024032592773
919,3.8701884746551514,0.32755106687545776,3.542637348175049
920,3.888275146484375,0.3515295386314392,3.536745548248291
921,3.8494873046875,0.3269294500350952,3.5225577354431152
922,3.835702657699585,0.3080894351005554,3.5276131629943848
923,3.8366777896881104,0.3233126997947693,3.5133650302886963
924,3.851785659790039,0.3286043405532837,3.523181438446045
925,3.8557441234588623,0.32960155606269836,3.5261425971984863
926,3.8994827270507812,0.3531818091869354,3.5463008880615234
927,3.8820667266845703,0.3172730803489685,3.564793586730957
928,3.8052289485931396,0.29593873023986816,3.5092902183532715
929,3.902803421020508,0.34997671842575073,3.5528266429901123
930,3.879875898361206,0.3428262174129486,3.5370497703552246
931,3.846010684967041,0.3101091980934143,3.5359015464782715
932,3.865657091140747,0.31613418459892273,3.549522876739502
933,3.8233559131622314,0.31733769178390503,3.5060181617736816
934,3.886617660522461,0.34713324904441833,3.5394845008850098
935,3.8485517501831055,0.3311309218406677,3.517420768737793
936,3.836864471435547,0.3090994954109192,3.5277650356292725
937,3.8948166370391846,0.34422367811203003,3.5505928993225098
938,3.836965560913086,0.32224467396736145,3.514720916748047
939,3.8109865188598633,0.2952407896518707,3.5157456398010254
940,3.832597017288208,0.31001925468444824,3.5225777626037598
941,3.8580307960510254,0.3300909399986267,3.527939796447754
942,3.8684704303741455,0.34029364585876465,3.528176784515381
943,3.8333141803741455,0.3058694005012512,3.527444839477539
944,3.86295485496521,0.32189100980758667,3.5410637855529785
945,3.868706226348877,0.35003572702407837,3.5186705589294434
946,3.833315372467041,0.28826582431793213,3.5450496673583984
947,3.8610315322875977,0.34338247776031494,3.517648935317993
948,3.8255491256713867,0.3078129291534424,3.5177361965179443
949,3.87076473236084,0.3268570899963379,3.543907642364502
950,3.867493152618408,0.33378875255584717,3.5337042808532715
951,3.8603315353393555,0.34006035327911377,3.5202713012695312
952,3.85044527053833,0.3262791335582733,3.5241661071777344
953,3.8680202960968018,0.3347485065460205,3.5332717895507812
954,3.855001449584961,0.32779741287231445,3.5272040367126465
955,3.8465256690979004,0.31497713923454285,3.531548500061035
956,3.8555426597595215,0.3309165835380554,3.5246260166168213
957,3.8397512435913086,0.3173701763153076,3.522381067276001
958,3.8380515575408936,0.32415464520454407,3.513896942138672
959,3.8651535511016846,0.34600237011909485,3.519151210784912
960,3.837671995162964,0.3019666075706482,3.535705327987671
961,3.845799207687378,0.3319220244884491,3.5138771533966064
962,3.8499770164489746,0.31111863255500793,3.538858413696289
963,3.851806879043579,0.3275473117828369,3.524259567260742
964,3.8734114170074463,0.34144291281700134,3.531968593597412
965,3.8870277404785156,0.34867656230926514,3.538351058959961
966,3.868109703063965,0.3493883013725281,3.518721342086792
967,3.814347267150879,0.308357834815979,3.5059895515441895
968,3.8508644104003906,0.32666081190109253,3.5242035388946533
969,3.8377444744110107,0.31816548109054565,3.5195789337158203
970,3.826167583465576,0.3057951331138611,3.5203723907470703
971,3.8207828998565674,0.28135377168655396,3.539429187774658
972,3.8466413021087646,0.3259378969669342,3.5207033157348633
973,3.8583288192749023,0.320493221282959,3.5378355979919434
974,3.861388683319092,0.31546032428741455,3.5459282398223877
975,3.8399386405944824,0.31892529129981995,3.5210132598876953
976,3.8742363452911377,0.3475577235221863,3.5266785621643066
977,3.870765209197998,0.3199535310268402,3.550811767578125
978,3.876657009124756,0.32142573595046997,3.5552313327789307
979,3.7942819595336914,0.29886412620544434,3.495417833328247
980,3.837009906768799,0.3128204941749573,3.5241894721984863
981,3.849928140640259,0.3318140506744385,3.5181140899658203
982,3.874758005142212,0.3275615870952606,3.547196388244629
983,3.8594465255737305,0.32808738946914673,3.5313591957092285
984,3.862501621246338,0.31408262252807617,3.5484189987182617
985,3.831271171569824,0.31798553466796875,3.5132856369018555
986,3.8201332092285156,0.29625558853149414,3.5238776206970215
987,3.8665542602539062,0.35815703868865967,3.508397102355957
988,3.8366599082946777,0.31106889247894287,3.5255908966064453
989,3.7999794483184814,0.30246296525001526,3.497516393661499
990,3.838674306869507,0.28527793288230896,3.553396463394165
991,3.8631582260131836,0.326160728931427,3.5369975566864014
992,3.8952882289886475,0.33938103914260864,3.5559072494506836
993,3.8458518981933594,0.316394567489624,3.5294573307037354
994,3.8458709716796875,0.30601319670677185,3.539857864379883
995,3.834434747695923,0.2860376834869385,3.5483970642089844
996,3.8371422290802,0.3126419186592102,3.5245003700256348
997,3.858766555786133,0.33583664894104004,3.5229299068450928
998,3.832517147064209,0.3193988800048828,3.513118267059326
999,3.8444111347198486,0.33329710364341736,3.5111141204833984
1000,3.852494239807129,0.3265046775341034,3.525989532470703
1001,3.834690570831299,0.2933170795440674,3.5413734912872314
1002,3.844059467315674,0.3132297992706299,3.530829668045044
1003,3.786383628845215,0.26219606399536133,3.5241875648498535
1004,3.8303754329681396,0.30521899461746216,3.5251564979553223
1005,3.8135855197906494,0.297465980052948,3.5161194801330566
1006,3.8113865852355957,0.26742565631866455,3.5439610481262207
1007,3.8177061080932617,0.29463571310043335,3.5230703353881836
1008,3.830859899520874,0.2961888015270233,3.5346710681915283
1009,3.8264548778533936,0.29616454243659973,3.530290365219116
1010,3.793689012527466,0.2675807476043701,3.5261082649230957
1011,3.8427443504333496,0.2982173264026642,3.544527053833008
1012,3.8474786281585693,0.31954044103622437,3.5279381275177
1013,3.831336736679077,0.3095151484012604,3.5218214988708496
1014,3.8462612628936768,0.31073397397994995,3.535527229309082
1015,3.8356785774230957,0.30453264713287354,3.5311458110809326
1016,3.848680257797241,0.3176722824573517,3.531008005142212
1017,3.846355676651001,0.3289840817451477,3.517371654510498
1018,3.8124783039093018,0.2825910151004791,3.5298871994018555
1019,3.86797833442688,0.3168904185295105,3.5510878562927246
1020,3.863741397857666,0.322184681892395,3.5415568351745605
1021,3.8212592601776123,0.28818103671073914,3.533078193664551
1022,3.8651907444000244,0.3389950692653656,3.526195764541626
1023,3.854128837585449,0.31374049186706543,3.540388345718384
1024,3.858560800552368,0.3277670741081238,3.5307936668395996
1025,3.830820083618164,0.30665743350982666,3.524162769317627
1026,3.8030128479003906,0.28773391246795654,3.5152788162231445
1027,3.8448164463043213,0.3224204182624817,3.5223960876464844
1028,3.8334646224975586,0.31373852491378784,3.519726037979126
1029,3.864950656890869,0.3290897011756897,3.535861015319824
1030,3.870422124862671,0.3325803279876709,3.537841796875
1031,3.8706250190734863,0.33282670378685,3.5377984046936035
1032,3.845430850982666,0.30345427989959717,3.5419764518737793
1033,3.825160503387451,0.29389315843582153,3.5312674045562744
1034,3.8273332118988037,0.3019189238548279,3.525414228439331
1035,3.851200819015503,0.31740492582321167,3.5337958335876465
1036,3.8547239303588867,0.3131757974624634,3.541548252105713
1037,3.866177797317505,0.330832302570343,3.5353455543518066
1038,3.8202056884765625,0.2944420576095581,3.525763750076294
1039,3.8013241291046143,0.29917827248573303,3.502145767211914
1040,3.83795166015625,0.3100084066390991,3.5279431343078613
1041,3.8570001125335693,0.32259902358055115,3.5344011783599854
1042,3.808683156967163,0.2770248055458069,3.531658411026001
1043,3.8315727710723877,0.2923510670661926,3.53922176361084
1044,3.8422348499298096,0.3093731701374054,3.5328617095947266
1045,3.831026077270508,0.2992976903915405,3.5317282676696777
1046,3.8147287368774414,0.29514071345329285,3.519587993621826
1047,3.8208653926849365,0.2951045632362366,3.5257608890533447
1048,3.8714194297790527,0.3176766037940979,3.5537428855895996
1049,3.857013702392578,0.3170584738254547,3.5399551391601562
1050,3.8509674072265625,0.3188428282737732,3.5321245193481445
1051,3.9068682193756104,0.33312731981277466,3.5737409591674805
1052,3.852342128753662,0.3056640923023224,3.546678066253662
1053,3.8245701789855957,0.30748236179351807,3.517087936401367
1054,3.836658477783203,0.3143587112426758,3.5222997665405273
1055,3.8692212104797363,0.3369240164756775,3.532297134399414
1056,3.842026948928833,0.31487351655960083,3.527153491973877
1057,3.8221189975738525,0.287585973739624,3.5345330238342285
1058,3.855609655380249,0.3111884593963623,3.5444211959838867
1059,3.8270113468170166,0.2965448498725891,3.5304665565490723
1060,3.820568084716797,0.2993861436843872,3.521182060241699
1061,3.8272719383239746,0.2925359010696411,3.534735918045044
1062,3.8377323150634766,0.31566619873046875,3.522066116333008
1063,3.833422899246216,0.32555651664733887,3.507866382598877
1064,3.840487003326416,0.30010223388671875,3.5403847694396973
1065,3.8348963260650635,0.2924516499042511,3.5424447059631348
1066,3.851407289505005,0.31253743171691895,3.538869857788086
1067,3.8330178260803223,0.31430307030677795,3.518714666366577
1068,3.8828210830688477,0.34600597620010376,3.5368151664733887
1069,3.8244051933288574,0.28679168224334717,3.5376133918762207
1070,3.8301711082458496,0.3072258234024048,3.5229454040527344
1071,3.841994285583496,0.3205828070640564,3.521411418914795
1072,3.8082358837127686,0.29129430651664734,3.516941547393799
1073,3.828617572784424,0.31807154417037964,3.5105459690093994
1074,3.8264219760894775,0.31612780690193176,3.510294198989868
1075,3.803285598754883,0.28605833649635315,3.5172271728515625
1076,3.8477296829223633,0.3068596124649048,3.540870189666748
1077,3.8511545658111572,0.32968586683273315,3.5214686393737793
1078,3.82393741607666,0.32307642698287964,3.5008609294891357
1079,3.830537796020508,0.30606526136398315,3.52447247505188
1080,3.8947203159332275,0.32819586992263794,3.5665245056152344
1081,3.8032288551330566,0.2730999290943146,3.5301289558410645
1082,3.8213279247283936,0.27658671140670776,3.544741153717041
1083,3.8697614669799805,0.3285380005836487,3.5412235260009766
1084,3.845860242843628,0.33478811383247375,3.5110721588134766
1085,3.851959228515625,0.3060251474380493,3.5459342002868652
1086,3.8939549922943115,0.3708627223968506,3.523092269897461
1087,3.811211109161377,0.3045653700828552,3.506645679473877
1088,3.8083317279815674,0.2802003026008606,3.5281314849853516
1089,3.868513822555542,0.3211745619773865,3.5473392009735107
1090,3.8578684329986572,0.33216506242752075,3.5257034301757812
1091,3.8143348693847656,0.28732162714004517,3.5270133018493652
1092,3.8793976306915283,0.3299475312232971,3.549450159072876
1093,3.864400863647461,0.32560715079307556,3.5387938022613525
1094,3.8402421474456787,0.3170173168182373,3.5232248306274414
1095,3.889312267303467,0.3424353003501892,3.546876907348633
1096,3.824349880218506,0.3094295859336853,3.514920234680176
1097,3.8737833499908447,0.3208959102630615,3.552887439727783
1098,3.813206672668457,0.280478298664093,3.532728433609009
1099,3.8382883071899414,0.31782329082489014,3.520465135574341
1100,3.8692626953125,0.3421454429626465,3.5271172523498535
1101,3.8571715354919434,0.3065662980079651,3.550605297088623
1102,3.8318121433258057,0.3075626492500305,3.52424955368042
1103,3.813511371612549,0.32112494111061096,3.4923863410949707
1104,3.893322706222534,0.3532834053039551,3.540039300918579
1105,3.834890604019165,0.2882646918296814,3.546625852584839
1106,3.815178632736206,0.28405851125717163,3.5311200618743896
1107,3.824946641921997,0.3177933990955353,3.507153272628784
1108,3.7949745655059814,0.3000100255012512,3.494964599609375
1109,3.8387298583984375,0.3215571641921997,3.5171728134155273
1110,3.8558731079101562,0.32595860958099365,3.529914379119873
1111,3.8369011878967285,0.3036457896232605,3.5332553386688232
1112,3.8748884201049805,0.3344268202781677,3.540461540222168
1113,3.814190626144409,0.2940896153450012,3.5201010704040527
1114,3.851466655731201,0.32172495126724243,3.5297417640686035
1115,3.82043194770813,0.2976057529449463,3.5228261947631836
1116,3.8517816066741943,0.3109528422355652,3.5408287048339844
1117,3.840609073638916,0.31187790632247925,3.528731107711792
1118,3.8495712280273438,0.3037394881248474,3.5458316802978516
1119,3.8898746967315674,0.33685460686683655,3.5530200004577637
1120,3.843514919281006,0.30805790424346924,3.535457134246826
1121,3.858494281768799,0.31197357177734375,3.546520709991455
1122,3.875562906265259,0.33413809537887573,3.5414247512817383
1123,3.8738512992858887,0.3345761001110077,3.5392751693725586
1124,3.8199098110198975,0.3043748438358307,3.5155348777770996
1125,3.854951858520508,0.33391857147216797,3.52103328704834
1126,3.8992512226104736,0.3409271538257599,3.558324098587036
1127,3.839968204498291,0.2919008731842041,3.548067331314087
1128,3.837881565093994,0.2962895333766937,3.5415921211242676
1129,3.8849949836730957,0.32981547713279724,3.5551795959472656
1130,3.8448777198791504,0.306646466255188,3.538231372833252
1131,3.795787811279297,0.27629414200782776,3.519493579864502
1132,3.87213134765625,0.3325830101966858,3.539548397064209
1133,3.8689887523651123,0.3263874650001526,3.5426013469696045
1134,3.848609685897827,0.31823545694351196,3.53037428855896
1135,3.8330800533294678,0.30572381615638733,3.5273561477661133
1136,3.8336851596832275,0.3127055764198303,3.520979642868042
1137,3.891878366470337,0.3415141999721527,3.5503642559051514
1138,3.8817787170410156,0.3538789749145508,3.527899742126465
1139,3.8805012702941895,0.3307040333747864,3.549797296524048
1140,3.835894823074341,0.3043370842933655,3.53155779838562
1141,3.8392510414123535,0.29504257440567017,3.544208526611328
1142,3.848184585571289,0.30103009939193726,3.547154426574707
1143,3.860471487045288,0.33294767141342163,3.5275237560272217
1144,3.851062774658203,0.32159847021102905,3.5294642448425293
1145,3.8336730003356934,0.3053984045982361,3.5282745361328125
1146,3.8159892559051514,0.308976411819458,3.5070128440856934
1147,3.8414549827575684,0.344474732875824,3.4969801902770996
1148,3.8264379501342773,0.312068909406662,3.514369010925293
1149,3.879526376724243,0.35554447770118713,3.523981809616089
1150,3.852261543273926,0.328485906124115,3.523775577545166
1151,3.8501763343811035,0.32411301136016846,3.5260634422302246
1152,3.839824676513672,0.32128995656967163,3.5185346603393555
1153,3.8732237815856934,0.343801349401474,3.5294225215911865
1154,3.8333327770233154,0.32738810777664185,3.5059447288513184
1155,3.8011929988861084,0.2957017719745636,3.505491256713867
1156,3.8394131660461426,0.28845980763435364,3.5509533882141113
1157,3.8567166328430176,0.31504547595977783,3.5416712760925293
1158,3.8497984409332275,0.33282703161239624,3.5169713497161865
1159,3.8688135147094727,0.32037603855133057,3.5484375953674316
1160,3.85693621635437,0.32696110010147095,3.529975175857544
1161,3.766606330871582,0.25379741191864014,3.5128090381622314
1162,3.888758420944214,0.3456723690032959,3.543086051940918
1163,3.8337554931640625,0.3004481792449951,3.5333073139190674
1164,3.837555170059204,0.33788853883743286,3.499666690826416
1165,3.830059289932251,0.3104899525642395,3.5195693969726562
1166,3.8367421627044678,0.29613661766052246,3.5406055450439453
1167,3.8586933612823486,0.31444987654685974,3.544243574142456
1168,3.8363285064697266,0.299212783575058,3.5371158123016357
1169,3.870516300201416,0.3369258642196655,3.53359055519104
1170,3.860203742980957,0.31689217686653137,3.543311595916748
1171,3.8034939765930176,0.2761033773422241,3.527390718460083
1172,3.811702251434326,0.2790479362010956,3.532654285430908
1173,3.828416347503662,0.29555243253707886,3.5328638553619385
1174,3.842409372329712,0.3149197995662689,3.52748966217041
1175,3.8459815979003906,0.294595867395401,3.5513856410980225
1176,3.870788812637329,0.33570408821105957,3.5350847244262695
1177,3.8274927139282227,0.30722394585609436,3.520268678665161
1178,3.8202362060546875,0.28449687361717224,3.5357394218444824
1179,3.8444766998291016,0.3009907007217407,3.5434858798980713
1180,3.8161728382110596,0.306691437959671,3.509481430053711
1181,3.8290507793426514,0.30305513739585876,3.5259957313537598
1182,3.8663666248321533,0.3312007486820221,3.535165786743164
1183,3.883599281311035,0.34354445338249207,3.5400547981262207
1184,3.7848379611968994,0.2818377912044525,3.503000259399414
1185,3.849353075027466,0.3074790835380554,3.5418739318847656
1186,3.8507819175720215,0.3002663850784302,3.5505154132843018
1187,3.8531997203826904,0.3226221203804016,3.5305776596069336
1188,3.863157033920288,0.33261945843696594,3.5305376052856445
1189,3.8508450984954834,0.333260715007782,3.5175843238830566
1190,3.860494375228882,0.313493549823761,3.5470008850097656
1191,3.849611282348633,0.3143557906150818,3.5352554321289062
1192,3.8557016849517822,0.32186102867126465,3.5338406562805176
1193,3.8355424404144287,0.3137446939945221,3.5217976570129395
1194,3.85988450050354,0.33475345373153687,3.5251309871673584
1195,3.843555450439453,0.3122614622116089,3.5312938690185547
1196,3.8261337280273438,0.31335675716400146,3.5127768516540527
1197,3.8069982528686523,0.2894863188266754,3.5175118446350098
1198,3.8274121284484863,0.29929253458976746,3.5281195640563965
1199,3.799962282180786,0.2638874053955078,3.5360748767852783
1200,3.7768807411193848,0.2872123718261719,3.489668369293213
1201,3.847050666809082,0.2971480190753937,3.5499026775360107
1202,3.83882999420166,0.2932238280773163,3.5456061363220215
1203,3.846848487854004,0.3030523359775543,3.5437960624694824
1204,3.847024917602539,0.3208616077899933,3.526163339614868
1205,3.861572265625,0.3250526189804077,3.5365195274353027
1206,3.8564276695251465,0.3234717845916748,3.5329558849334717
1207,3.840607166290283,0.30415618419647217,3.5364508628845215
1208,3.854928493499756,0.31711769104003906,3.537810802459717
1209,3.8563992977142334,0.328471839427948,3.5279273986816406
1210,3.8215227127075195,0.30327075719833374,3.518251895904541
1211,3.8213188648223877,0.29905492067337036,3.522264003753662
1212,3.8721811771392822,0.324082612991333,3.548098564147949
1213,3.837583065032959,0.3214532136917114,3.516129970550537
1214,3.8868749141693115,0.3246319890022278,3.5622429847717285
1215,3.8580145835876465,0.3154992461204529,3.542515277862549
1216,3.855128765106201,0.32271909713745117,3.53240966796875
1217,3.8545610904693604,0.3134915828704834,3.541069507598877
1218,3.824509620666504,0.27729886770248413,3.547210693359375
1219,3.854151725769043,0.3259162902832031,3.52823543548584
1220,3.852750778198242,0.32375824451446533,3.5289926528930664
1221,3.8601691722869873,0.31917044520378113,3.540998697280884
1222,3.840412139892578,0.30411818623542786,3.5362939834594727
1223,3.8530566692352295,0.3050512671470642,3.5480053424835205
1224,3.8218607902526855,0.29908204078674316,3.5227787494659424
1225,3.7956976890563965,0.26733916997909546,3.5283584594726562
1226,3.848998546600342,0.31916433572769165,3.529834270477295
1227,3.8369884490966797,0.30913013219833374,3.527858257293701
1228,3.83897066116333,0.2929435968399048,3.5460269451141357
1229,3.8340301513671875,0.2969413995742798,3.537088632583618
1230,3.835155963897705,0.29922521114349365,3.535930633544922
1231,3.824676275253296,0.29948073625564575,3.525195598602295
1232,3.845634698867798,0.3104880750179291,3.535146713256836
1233,3.815394878387451,0.2792466878890991,3.5361480712890625
1234,3.7708687782287598,0.25318533182144165,3.517683506011963
1235,3.854398012161255,0.32322198152542114,3.5311760902404785
1236,3.8485641479492188,0.3250744938850403,3.5234897136688232
1237,3.8417110443115234,0.3106284737586975,3.5310826301574707
1238,3.8724329471588135,0.33288294076919556,3.5395500659942627
1239,3.81343150138855,0.3084278106689453,3.5050036907196045
1240,3.8048009872436523,0.27312183380126953,3.531679153442383
1241,3.8661210536956787,0.33112794160842896,3.5349931716918945
1242,3.853391170501709,0.32797005772590637,3.525421142578125
1243,3.8338265419006348,0.2889344096183777,3.5448920726776123
1244,3.839934825897217,0.3064046800136566,3.5335302352905273
1245,3.8375720977783203,0.2948317229747772,3.5427403450012207
1246,3.830082416534424,0.3024164140224457,3.5276660919189453
1247,3.8296899795532227,0.2812175154685974,3.5484724044799805
1248,3.840756416320801,0.305911123752594,3.5348453521728516
1249,3.882206916809082,0.3340414762496948,3.5481653213500977
1250,3.8243656158447266,0.3081122636795044,3.5162534713745117
1251,3.85263729095459,0.31643182039260864,3.536205530166626
1252,3.836966037750244,0.2873631715774536,3.549602746963501
1253,3.7935125827789307,0.2527438998222351,3.540768623352051
1254,3.80116605758667,0.26886075735092163,3.5323052406311035
1255,3.8029863834381104,0.2879597544670105,3.515026569366455
1256,3.8259406089782715,0.30928337574005127,3.5166573524475098
1257,3.9039955139160156,0.3533756732940674,3.5506198406219482
1258,3.8220374584198,0.30379652976989746,3.5182409286499023
1259,3.8011810779571533,0.27861180901527405,3.522569179534912
1260,3.7669992446899414,0.2453629970550537,3.5216362476348877
1261,3.8059353828430176,0.2939576804637909,3.5119776725769043
1262,3.811941385269165,0.3002224266529083,3.511718988418579
1263,3.837454319000244,0.3030892014503479,3.534365177154541
1264,3.7972865104675293,0.29218706488609314,3.5050995349884033
1265,3.850815534591675,0.3270550072193146,3.5237605571746826
1266,3.82963228225708,0.29538625478744507,3.5342459678649902
1267,3.867432117462158,0.3215048611164093,3.5459272861480713
1268,3.7886102199554443,0.2753027081489563,3.513307571411133
1269,3.8458991050720215,0.30415645241737366,3.5417425632476807
1270,3.879387617111206,0.32292819023132324,3.556459426879883
1271,3.799177646636963,0.29954206943511963,3.499635696411133
1272,3.814854621887207,0.30375251173973083,3.5111021995544434
1273,3.8414130210876465,0.30844274163246155,3.5329701900482178
1274,3.853607654571533,0.3028603792190552,3.5507471561431885
1275,3.8458521366119385,0.3183186650276184,3.527533531188965
1276,3.8655898571014404,0.34569957852363586,3.519890308380127
1277,3.8651857376098633,0.3255862891674042,3.5395994186401367
1278,3.825718879699707,0.2957936227321625,3.5299253463745117
1279,3.823247194290161,0.3061923384666443,3.517054796218872
1280,3.800447940826416,0.29419076442718506,3.5062570571899414
1281,3.8112871646881104,0.30521273612976074,3.5060744285583496
1282,3.8076789379119873,0.29445916414260864,3.5132198333740234
1283,3.8406870365142822,0.3136764168739319,3.527010679244995
1284,3.8614649772644043,0.3393665552139282,3.5220985412597656
1285,3.804567575454712,0.27758392691612244,3.5269837379455566
1286,3.817197322845459,0.2797054052352905,3.537491798400879
1287,3.8789825439453125,0.32054802775382996,3.55843448638916
1288,3.8619425296783447,0.3234782814979553,3.538464307785034
1289,3.851790428161621,0.2968006730079651,3.554989814758301
1290,3.803896427154541,0.2684570550918579,3.5354394912719727
1291,3.8518409729003906,0.30176395177841187,3.550076961517334
1292,3.8452227115631104,0.32242080569267273,3.5228018760681152
1293,3.8168675899505615,0.2959401607513428,3.5209274291992188
1294,3.8122901916503906,0.2826954126358032,3.529594898223877
1295,3.8521769046783447,0.31960755586624146,3.532569408416748
1296,3.8365321159362793,0.2984805107116699,3.5380516052246094
1297,3.84005069732666,0.3007128834724426,3.5393378734588623
1298,3.784184217453003,0.28157567977905273,3.50260853767395
1299,3.870060443878174,0.3118508756160736,3.5582096576690674
1300,3.827338933944702,0.298757404088974,3.5285816192626953
1301,3.786069393157959,0.27944231033325195,3.506627082824707
1302,3.8147544860839844,0.29487621784210205,3.5198781490325928
1303,3.831179141998291,0.3125099241733551,3.5186691284179688
1304,3.8117966651916504,0.2762547731399536,3.5355420112609863
1305,3.8335843086242676,0.31657731533050537,3.5170068740844727
1306,3.825376510620117,0.30502742528915405,3.5203490257263184
1307,3.8615221977233887,0.32627439498901367,3.535247802734375
1308,3.846303701400757,0.31805258989334106,3.5282511711120605
1309,3.8143720626831055,0.28763771057128906,3.5267343521118164
1310,3.8387668132781982,0.31155967712402344,3.527207136154175
1311,3.865990161895752,0.3196679651737213,3.5463221073150635
1312,3.8168365955352783,0.3123701214790344,3.5044665336608887
1313,3.8876237869262695,0.3339637517929077,3.5536599159240723
1314,3.8369996547698975,0.29118651151657104,3.5458130836486816
1315,3.8298981189727783,0.3067381680011749,3.523159980773926
1316,3.838857650756836,0.32387250661849976,3.5149850845336914
1317,3.844101667404175,0.29877978563308716,3.5453219413757324
1318,3.801866054534912,0.2845699191093445,3.517296075820923
1319,3.8818256855010986,0.33945631980895996,3.5423693656921387
1320,3.825570821762085,0.2929096221923828,3.532661199569702
1321,3.8056423664093018,0.2785342037677765,3.5271081924438477
1322,3.839305877685547,0.3135538101196289,3.525752067565918
1323,3.8591036796569824,0.31406170129776,3.545042037963867
1324,3.83009672164917,0.29005947709083557,3.540037155151367
1325,3.8127710819244385,0.29060664772987366,3.5221643447875977
1326,3.8297882080078125,0.296295702457428,3.5334925651550293
1327,3.812927722930908,0.29981115460395813,3.5131165981292725
1328,3.8379907608032227,0.2934545874595642,3.5445361137390137
1329,3.8223717212677,0.28141990303993225,3.540951728820801
1330,3.8479580879211426,0.30212461948394775,3.5458333492279053
1331,3.8058271408081055,0.2832622528076172,3.5225648880004883
1332,3.829197883605957,0.2990250289440155,3.530172824859619
1333,3.82407283782959,0.29112398624420166,3.5329489707946777
1334,3.82930326461792,0.29084348678588867,3.5384597778320312
1335,3.8389430046081543,0.29181724786758423,3.547125816345215
1336,3.79506516456604,0.2686592638492584,3.5264058113098145
1337,3.8569345474243164,0.3197503685951233,3.537184238433838
1338,3.8463094234466553,0.30208835005760193,3.5442211627960205
1339,3.8278820514678955,0.3049536347389221,3.522928476333618
1340,3.8122963905334473,0.29576706886291504,3.5165293216705322
1341,3.824664831161499,0.30716583132743835,3.5174989700317383
1342,3.8340961933135986,0.29173919558525085,3.5423569679260254
1343,3.8355298042297363,0.3016930818557739,3.533836603164673
1344,3.857445478439331,0.31289348006248474,3.5445520877838135
1345,3.854154348373413,0.3225015103816986,3.5316529273986816
1346,3.8760385513305664,0.341056764125824,3.5349817276000977
1347,3.784022331237793,0.29676342010498047,3.4872589111328125
1348,3.868652820587158,0.32750141620635986,3.541151523590088
1349,3.873929500579834,0.3387495279312134,3.535179853439331
1350,3.8303418159484863,0.2994149625301361,3.5309269428253174
1351,3.7948336601257324,0.2927364706993103,3.5020971298217773
1352,3.838087797164917,0.29059475660324097,3.5474929809570312
1353,3.81488037109375,0.28806746006011963,3.52681303024292
1354,3.825420618057251,0.29863235354423523,3.5267882347106934
1355,3.8460865020751953,0.31595927476882935,3.5301272869110107
1356,3.8428449630737305,0.31783950328826904,3.525005340576172
1357,3.8208794593811035,0.29377374053001404,3.5271058082580566
1358,3.860827684402466,0.3228369653224945,3.5379908084869385
1359,3.8335378170013428,0.3112018406391144,3.522336006164551
1360,3.849541425704956,0.2987627685070038,3.55077862739563
1361,3.8338844776153564,0.30524808168411255,3.5286364555358887
1362,3.8539106845855713,0.3210986256599426,3.5328121185302734
1363,3.8635456562042236,0.31113794445991516,3.552407741546631
1364,3.8012771606445312,0.2768641710281372,3.5244128704071045
1365,3.8480381965637207,0.3003372550010681,3.547700881958008
1366,3.837254047393799,0.2934500575065613,3.5438039302825928
1367,3.832820177078247,0.2994667887687683,3.533353328704834
1368,3.815042018890381,0.26580527424812317,3.54923677444458
1369,3.8289666175842285,0.3015061020851135,3.5274605751037598
1370,3.8498406410217285,0.32089757919311523,3.5289430618286133
1371,3.875782012939453,0.34215980768203735,3.5336222648620605
1372,3.802136182785034,0.2701690196990967,3.5319671630859375
1373,3.8373892307281494,0.31171199679374695,3.52567720413208
1374,3.8481454849243164,0.3121238350868225,3.5360217094421387
1375,3.859227418899536,0.31573349237442017,3.5434939861297607
1376,3.817415237426758,0.29452407360076904,3.522891044616699
1377,3.8550357818603516,0.31286656856536865,3.5421693325042725
1378,3.8412177562713623,0.3024227023124695,3.538794994354248
1379,3.8117504119873047,0.2989690899848938,3.5127813816070557
1380,3.7593932151794434,0.2622741460800171,3.4971189498901367
1381,3.8474161624908447,0.3253015875816345,3.5221145153045654
1382,3.8524858951568604,0.3172108829021454,3.5352749824523926
1383,3.7456510066986084,0.24829316139221191,3.4973578453063965
1384,3.817643165588379,0.30830854177474976,3.5093345642089844
1385,3.8101015090942383,0.2863377332687378,3.52376389503479
1386,3.8411219120025635,0.3174823224544525,3.523639678955078
1387,3.8459651470184326,0.2939491271972656,3.552016019821167
1388,3.834984064102173,0.3144185543060303,3.5205655097961426
1389,3.8565268516540527,0.30775201320648193,3.5487747192382812
1390,3.837670087814331,0.29853394627571106,3.5391361713409424
1391,3.8189282417297363,0.29803216457366943,3.5208959579467773
1392,3.8065097332000732,0.3005426228046417,3.505967140197754
1393,3.8511080741882324,0.3030606508255005,3.5480473041534424
1394,3.8205671310424805,0.3068714737892151,3.51369571685791
1395,3.8224897384643555,0.30566832423210144,3.5168213844299316
1396,3.844236135482788,0.3083436191082001,3.5358924865722656
1397,3.8507347106933594,0.31731656193733215,3.5334181785583496
1398,3.838625192642212,0.29773181676864624,3.540893316268921
1399,3.865917205810547,0.31485843658447266,3.551058769226074
1400,3.8219499588012695,0.2955971956253052,3.526352643966675
1401,3.8260958194732666,0.28071627020835876,3.545379638671875
1402,3.863593816757202,0.317579448223114,3.5460143089294434
1403,3.836986541748047,0.3120628595352173,3.524923801422119
1404,3.8598153591156006,0.32117488980293274,3.5386404991149902
1405,3.835332155227661,0.30758243799209595,3.52774977684021
1406,3.8369481563568115,0.3082868754863739,3.5286612510681152
1407,3.8252806663513184,0.30680209398269653,3.5184786319732666
1408,3.8666982650756836,0.338885098695755,3.527813196182251
1409,3.831489324569702,0.3076138496398926,3.5238754749298096
1410,3.7876086235046387,0.277773380279541,3.5098352432250977
1411,3.8440732955932617,0.30194568634033203,3.5421276092529297
1412,3.8605754375457764,0.31664156913757324,3.543933868408203
1413,3.877042055130005,0.3236514925956726,3.5533905029296875
1414,3.847372531890869,0.29092350602149963,3.5564489364624023
1415,3.7876105308532715,0.28249162435531616,3.5051188468933105
1416,3.80887508392334,0.286018967628479,3.5228559970855713
1417,3.8498778343200684,0.3021588921546936,3.5477190017700195
1418,3.8118889331817627,0.29133787751197815,3.5205509662628174
1419,3.8136589527130127,0.2926366329193115,3.521022319793701
1420,3.788994073867798,0.26708588004112244,3.5219082832336426
1421,3.813514232635498,0.29556429386138916,3.5179498195648193
1422,3.8521649837493896,0.3139297664165497,3.5382351875305176
1423,3.8375911712646484,0.31591472029685974,3.521676540374756
1424,3.8506991863250732,0.3085511326789856,3.5421481132507324
1425,3.8254666328430176,0.2942361831665039,3.5312304496765137
1426,3.828986167907715,0.2981610894203186,3.530825138092041
1427,3.8036553859710693,0.28524765372276306,3.5184078216552734
1428,3.8086459636688232,0.272726833820343,3.535919189453125
1429,3.8231918811798096,0.2865259647369385,3.536665916442871
1430,3.806087017059326,0.2898370623588562,3.516249895095825
1431,3.843048095703125,0.3144605755805969,3.528587579727173
1432,3.8553690910339355,0.3377071022987366,3.5176620483398438
1433,3.848822593688965,0.3065324127674103,3.542290210723877
1434,3.845184326171875,0.31601619720458984,3.529168128967285
1435,3.8224823474884033,0.3021949231624603,3.52028751373291
1436,3.8434603214263916,0.3106692433357239,3.5327911376953125
1437,3.8151135444641113,0.2968136966228485,3.5182998180389404
1438,3.8285136222839355,0.3036074638366699,3.5249061584472656
1439,3.823915958404541,0.3009870946407318,3.5229289531707764
1440,3.824191093444824,0.27956634759902954,3.5446248054504395
1441,3.8434629440307617,0.3084617853164673,3.535001039505005
1442,3.8247857093811035,0.29179322719573975,3.5329926013946533
1443,3.8573520183563232,0.309649258852005,3.5477027893066406
1444,3.855740547180176,0.32866066694259644,3.5270798206329346
1445,3.802849054336548,0.2759665846824646,3.5268824100494385
1446,3.8328616619110107,0.29801130294799805,3.5348503589630127
1447,3.8323211669921875,0.3042219579219818,3.528099298477173
1448,3.840573310852051,0.29425740242004395,3.546315908432007
1449,3.8191521167755127,0.29228323698043823,3.5268688201904297
1450,3.801382541656494,0.27347803115844727,3.527904510498047
1451,3.8132011890411377,0.2957627475261688,3.5174384117126465
1452,3.78910756111145,0.2861659526824951,3.502941608428955
1453,3.8471972942352295,0.30993470549583435,3.5372626781463623
1454,3.8287367820739746,0.31364357471466064,3.5150933265686035
1455,3.834611177444458,0.2997269630432129,3.534884214401245
1456,3.8635733127593994,0.3224537670612335,3.5411195755004883
1457,3.8038392066955566,0.2719249129295349,3.531914234161377
1458,3.8588223457336426,0.3192839026451111,3.5395383834838867
1459,3.8349661827087402,0.3065124452114105,3.528453826904297
1460,3.8179376125335693,0.28370794653892517,3.5342297554016113
1461,3.8127312660217285,0.2669888138771057,3.5457425117492676
1462,3.8385183811187744,0.3086479604244232,3.5298705101013184
1463,3.8300716876983643,0.3021256625652313,3.5279459953308105
1464,3.859318733215332,0.3131325840950012,3.5461862087249756
1465,3.8020777702331543,0.265806645154953,3.536271095275879
1466,3.8414559364318848,0.32609158754348755,3.515364408493042
1467,3.841287136077881,0.3164674639701843,3.5248196125030518
1468,3.840958595275879,0.3085455298423767,3.5324130058288574
1469,3.8821775913238525,0.3034166693687439,3.578760862350464
1470,3.8462400436401367,0.3085048794746399,3.5377352237701416
1471,3.8425261974334717,0.3152582049369812,3.5272679328918457
1472,3.8580613136291504,0.33400288224220276,3.5240583419799805
1473,3.8177666664123535,0.2898045778274536,3.5279619693756104
1474,3.8271965980529785,0.29145389795303345,3.53574275970459
1475,3.810866594314575,0.2796628475189209,3.5312037467956543
1476,3.8337271213531494,0.2896692156791687,3.544057846069336
1477,3.795039653778076,0.2867196798324585,3.508319854736328
1478,3.824052572250366,0.2895347774028778,3.534517765045166
1479,3.8350629806518555,0.2920827269554138,3.542980194091797
1480,3.8312180042266846,0.2936647832393646,3.537553310394287
1481,3.8400542736053467,0.302817165851593,3.5372371673583984
1482,3.8440449237823486,0.2876621186733246,3.556382894515991
1483,3.8480286598205566,0.29955706000328064,3.548471689224243
1484,3.845088481903076,0.3098476529121399,3.535240888595581
1485,3.7823073863983154,0.26357799768447876,3.5187294483184814
1486,3.782762050628662,0.27208399772644043,3.5106780529022217
1487,3.820791244506836,0.2867474853992462,3.534043788909912
1488,3.8148281574249268,0.28036290407180786,3.5344653129577637
1489,3.8083438873291016,0.3071660101413727,3.5011777877807617
1490,3.7748780250549316,0.2720198631286621,3.5028581619262695
1491,3.8428659439086914,0.3106427490711212,3.5322232246398926
1492,3.8455865383148193,0.30286023020744324,3.5427262783050537
1493,3.8113136291503906,0.2961658239364624,3.5151479244232178
1494,3.8201260566711426,0.29263538122177124,3.5274906158447266
1495,3.8281021118164062,0.2977016568183899,3.530400514602661
1496,3.822155237197876,0.29013803601264954,3.532017230987549
1497,3.837357521057129,0.29929816722869873,3.5380592346191406
1498,3.857415199279785,0.3291906714439392,3.528224468231201
1499,3.826059579849243,0.30069804191589355,3.5253615379333496
1500,3.849161148071289,0.31108176708221436,3.538079261779785
1501,3.835421323776245,0.32446223497390747,3.5109591484069824
1502,3.8194644451141357,0.2950218617916107,3.524442672729492
1503,3.820897102355957,0.2976955473423004,3.5232014656066895
1504,3.8100194931030273,0.2917293310165405,3.5182902812957764
1505,3.808819532394409,0.28339141607284546,3.525428056716919
1506,3.800662040710449,0.2726675868034363,3.527994394302368
1507,3.8480610847473145,0.3024654686450958,3.545595645904541
1508,3.852208137512207,0.3304741382598877,3.5217339992523193
1509,3.8390634059906006,0.2814481556415558,3.557615280151367
1510,3.840409755706787,0.3107796907424927,3.529629945755005
1511,3.8307511806488037,0.28282231092453003,3.547928810119629
1512,3.8364744186401367,0.30714601278305054,3.5293283462524414
1513,3.7858405113220215,0.2891068458557129,3.4967336654663086
1514,3.8385350704193115,0.305450975894928,3.5330841541290283
1515,3.8296713829040527,0.3105975389480591,3.519073963165283
1516,3.8245890140533447,0.30373406410217285,3.520854949951172
1517,3.8329014778137207,0.2947874665260315,3.538114070892334
1518,3.826106548309326,0.3059841990470886,3.5201222896575928
1519,3.7858846187591553,0.28627997636795044,3.4996047019958496
1520,3.7945821285247803,0.2755478322505951,3.5190343856811523
1521,3.8424549102783203,0.31805482506752014,3.524399995803833
1522,3.841261863708496,0.29876863956451416,3.5424931049346924
1523,3.8662514686584473,0.3195840120315552,3.5466675758361816
1524,3.8162310123443604,0.2823459804058075,3.5338850021362305
1525,3.8257782459259033,0.28957492113113403,3.536203384399414
1526,3.8137612342834473,0.2896076440811157,3.524153470993042
1527,3.8716013431549072,0.3236243724822998,3.5479769706726074
1528,3.8145480155944824,0.29252827167510986,3.522019624710083
1529,3.783776044845581,0.27329665422439575,3.51047945022583
1530,3.804816961288452,0.28812506794929504,3.5166919231414795
1531,3.8406615257263184,0.29765158891677856,3.5430099964141846
1532,3.813521385192871,0.28588151931762695,3.527639865875244
1533,3.852560520172119,0.31683599948883057,3.535724639892578
1534,3.7901298999786377,0.2672120928764343,3.5229177474975586
1535,3.8437271118164062,0.2835179269313812,3.560209274291992
1536,3.7840418815612793,0.2692204415798187,3.5148215293884277
1537,3.793666124343872,0.28389209508895874,3.5097739696502686
1538,3.759647846221924,0.2653273940086365,3.4943203926086426
1539,3.841763496398926,0.30079275369644165,3.540970802307129
1540,3.8480896949768066,0.3132324516773224,3.5348572731018066
1541,3.8428597450256348,0.3031352758407593,3.539724588394165
1542,3.7752928733825684,0.2464364618062973,3.5288565158843994
1543,3.803730010986328,0.28633856773376465,3.5173914432525635
1544,3.870668411254883,0.32332295179367065,3.5473453998565674
1545,3.8241500854492188,0.28748074173927307,3.5366692543029785
1546,3.8281917572021484,0.27595818042755127,3.5522336959838867
1547,3.8166470527648926,0.28563639521598816,3.531010627746582
1548,3.796865463256836,0.29188990592956543,3.5049755573272705
1549,3.83495831489563,0.3041960597038269,3.530762195587158
1550,3.839243173599243,0.30562132596969604,3.5336217880249023
1551,3.8618898391723633,0.3128066658973694,3.5490832328796387
1552,3.803136110305786,0.2850193977355957,3.5181167125701904
1553,3.796353578567505,0.27296167612075806,3.5233919620513916
1554,3.829277753829956,0.29226261377334595,3.537015199661255
1555,3.8001277446746826,0.276042640209198,3.52408504486084
1556,3.8334689140319824,0.31263041496276855,3.520838499069214
1557,3.806870937347412,0.2983188331127167,3.508552074432373
1558,3.8153843879699707,0.285849928855896,3.529534339904785
1559,3.816009998321533,0.2978518009185791,3.518158197402954
1560,3.787104845046997,0.26372528076171875,3.5233795642852783
1561,3.8557815551757812,0.31255578994750977,3.5432257652282715
1562,3.8389945030212402,0.30418115854263306,3.534813404083252
1563,3.8515193462371826,0.31273072957992554,3.5387885570526123
1564,3.8186044692993164,0.2957373261451721,3.522867202758789
1565,3.877336263656616,0.3156575858592987,3.561678647994995
1566,3.8256278038024902,0.3009980320930481,3.524629831314087
1567,3.8694911003112793,0.3165932893753052,3.5528979301452637
1568,3.7790446281433105,0.2783900499343872,3.500654697418213
1569,3.791396141052246,0.27356213331222534,3.517833948135376
1570,3.8230602741241455,0.2947480082511902,3.5283122062683105
1571,3.8332488536834717,0.2836977541446686,3.549551010131836
1572,3.8173410892486572,0.2785937190055847,3.5387473106384277
1573,3.838945150375366,0.3231808543205261,3.5157642364501953
1574,3.864741802215576,0.30768021941185,3.5570616722106934
1575,3.8074212074279785,0.3044648766517639,3.5029563903808594
1576,3.809938669204712,0.277961790561676,3.5319769382476807
1577,3.843562126159668,0.296033650636673,3.5475285053253174
1578,3.835153579711914,0.3022933602333069,3.532860279083252
1579,3.8064746856689453,0.2943153977394104,3.5121593475341797
1580,3.8292129039764404,0.2982131838798523,3.5309996604919434
1581,3.789566993713379,0.27053409814834595,3.5190329551696777
1582,3.8394877910614014,0.30065107345581055,3.538836717605591
1583,3.811917781829834,0.31260210275650024,3.4993157386779785
1584,3.8297250270843506,0.2939303517341614,3.535794734954834
1585,3.869906187057495,0.32663360238075256,3.5432724952697754
1586,3.7778449058532715,0.2505478262901306,3.527297019958496
1587,3.8436203002929688,0.29692211747169495,3.5466980934143066
1588,3.850203514099121,0.32885533571243286,3.521348237991333
1589,3.8187360763549805,0.30508607625961304,3.5136499404907227
1590,3.8206517696380615,0.3008909821510315,3.519760847091675
1591,3.842658519744873,0.3154764175415039,3.527182102203369
1592,3.869194746017456,0.3174450993537903,3.5517497062683105
1593,3.7996816635131836,0.2802090048789978,3.519472599029541
1594,3.8478403091430664,0.32245659828186035,3.525383710861206
1595,3.8200793266296387,0.28913551568984985,3.5309438705444336
1596,3.82694673538208,0.28684622049331665,3.540100574493408
1597,3.8499207496643066,0.29569077491760254,3.554229974746704
1598,3.8273117542266846,0.2924244999885559,3.5348873138427734
1599,3.7867698669433594,0.2573128938674927,3.5294570922851562
1600,3.812060832977295,0.29609012603759766,3.5159707069396973
1601,3.844740152359009,0.2966575622558594,3.5480825901031494
1602,3.8284528255462646,0.30004197359085083,3.5284109115600586
1603,3.835218667984009,0.3045061230659485,3.530712604522705
1604,3.8019442558288574,0.2812061607837677,3.520738124847412
1605,3.8067545890808105,0.2694477438926697,3.537306785583496
1606,3.8107411861419678,0.2916910648345947,3.519050121307373
1607,3.841085910797119,0.3294728994369507,3.511612892150879
1608,3.833498477935791,0.2901386022567749,3.5433597564697266
1609,3.811021089553833,0.2758738398551941,3.535147190093994
1610,3.821382999420166,0.31078246235847473,3.5106005668640137
1611,3.8241422176361084,0.28735804557800293,3.5367841720581055
1612,3.7848432064056396,0.2855837047100067,3.4992594718933105
1613,3.8254287242889404,0.29490309953689575,3.5305256843566895
1614,3.814422130584717,0.30400705337524414,3.5104150772094727
1615,3.8060953617095947,0.2860715389251709,3.520023822784424
1616,3.8587708473205566,0.3067883253097534,3.5519824028015137
1617,3.814953327178955,0.2888212203979492,3.526132106781006
1618,3.8181536197662354,0.30264168977737427,3.515511989593506
1619,3.7900476455688477,0.2728753089904785,3.517172336578369
1620,3.804976463317871,0.28470611572265625,3.520270347595215
1621,3.8321523666381836,0.29714375734329224,3.535008668899536
1622,3.7786402702331543,0.2782531976699829,3.500387191772461
1623,3.838839530944824,0.2887672185897827,3.550072431564331
1624,3.78505802154541,0.2529311180114746,3.5321269035339355
1625,3.8500449657440186,0.2949334979057312,3.5551114082336426
1626,3.8478899002075195,0.3107786774635315,3.537111282348633
1627,3.798065662384033,0.2781827449798584,3.519882917404175
1628,3.7727627754211426,0.2703026831150055,3.50246000289917
1629,3.829965829849243,0.3005947470664978,3.5293710231781006
1630,3.838974952697754,0.3163717985153198,3.5226030349731445
1631,3.825901508331299,0.29584062099456787,3.5300607681274414
1632,3.8419551849365234,0.2972031831741333,3.5447521209716797
1633,3.845745086669922,0.3105698227882385,3.535175323486328
1634,3.85892915725708,0.2993541955947876,3.559574842453003
1635,3.8133292198181152,0.29002323746681213,3.523305892944336
1636,3.8120532035827637,0.2801002860069275,3.5319528579711914
1637,3.8357980251312256,0.27904289960861206,3.5567550659179688
1638,3.81065034866333,0.27597296237945557,3.534677505493164
1639,3.816267251968384,0.26723241806030273,3.549034833908081
1640,3.8216962814331055,0.29171323776245117,3.5299830436706543
1641,3.83406925201416,0.29934072494506836,3.534728527069092
1642,3.813398599624634,0.2864774167537689,3.526921272277832
1643,3.8089964389801025,0.2888229787349701,3.5201735496520996
1644,3.822204828262329,0.3091527819633484,3.513051986694336
1645,3.8476624488830566,0.315154492855072,3.53250789642334
1646,3.8106555938720703,0.28643906116485596,3.524216651916504
1647,3.829643964767456,0.26663753390312195,3.5630064010620117
1648,3.836171865463257,0.3012840747833252,3.5348877906799316
1649,3.835716962814331,0.29707831144332886,3.5386385917663574
1650,3.8401551246643066,0.2948412001132965,3.545313835144043
1651,3.822329044342041,0.29005300998687744,3.532276153564453
1652,3.810032606124878,0.29286450147628784,3.5171680450439453
1653,3.7843568325042725,0.2888510227203369,3.4955058097839355
1654,3.794294834136963,0.26876556873321533,3.525529146194458
1655,3.801788330078125,0.2722887396812439,3.5294995307922363
1656,3.830974578857422,0.3018378019332886,3.529136896133423
1657,3.8503003120422363,0.2906001806259155,3.5597000122070312
1658,3.876378059387207,0.3185691237449646,3.5578088760375977
1659,3.8183207511901855,0.28939592838287354,3.5289249420166016
1660,3.796499252319336,0.28235626220703125,3.5141429901123047
1661,3.7947146892547607,0.28426119685173035,3.510453462600708
1662,3.818401575088501,0.3030264973640442,3.5153751373291016
1663,3.8042445182800293,0.28434503078460693,3.519899606704712
1664,3.8302547931671143,0.3052663505077362,3.5249884128570557
1665,3.816035270690918,0.2919803559780121,3.524055004119873
1666,3.830176830291748,0.2860908508300781,3.54408597946167
1667,3.8211045265197754,0.28854072093963623,3.5325636863708496
1668,3.800093650817871,0.26561662554740906,3.5344769954681396
1669,3.8144898414611816,0.2904435992240906,3.5240461826324463
1670,3.814711093902588,0.29393184185028076,3.5207791328430176
1671,3.8043463230133057,0.2818202078342438,3.5225260257720947
1672,3.8040225505828857,0.2863710820674896,3.5176515579223633
1673,3.787436008453369,0.2753778100013733,3.5120582580566406
1674,3.808417797088623,0.2809396982192993,3.5274782180786133
1675,3.8515286445617676,0.32298338413238525,3.528545379638672
1676,3.8115122318267822,0.29006099700927734,3.521451234817505
1677,3.8378567695617676,0.29742375016212463,3.540432929992676
1678,3.824073314666748,0.3075791299343109,3.5164942741394043
1679,3.8136157989501953,0.300209105014801,3.513406753540039
1680,3.8042824268341064,0.28020742535591125,3.5240750312805176
1681,3.829462766647339,0.28818193078041077,3.541280746459961
1682,3.8293344974517822,0.2897956371307373,3.539538860321045
1683,3.8160786628723145,0.29516687989234924,3.520911693572998
1684,3.828935384750366,0.3009631335735321,3.5279722213745117
1685,3.8411433696746826,0.31792038679122925,3.5232229232788086
1686,3.8155903816223145,0.2978712320327759,3.517719268798828
1687,3.8147389888763428,0.27911144495010376,3.535627603530884
1688,3.8261592388153076,0.3003656566143036,3.5257935523986816
1689,3.856261730194092,0.32195141911506653,3.5343103408813477
1690,3.853334665298462,0.31942862272262573,3.5339059829711914
1691,3.8120927810668945,0.2913321852684021,3.5207605361938477
1692,3.8206534385681152,0.2970200181007385,3.5236334800720215
1693,3.827139377593994,0.2876063585281372,3.5395331382751465
1694,3.7954137325286865,0.28152722120285034,3.5138864517211914
1695,3.8344335556030273,0.28652113676071167,3.547912359237671
1696,3.829106330871582,0.32394397258758545,3.505162239074707
1697,3.8359639644622803,0.30058884620666504,3.5353751182556152
1698,3.8324406147003174,0.2977760434150696,3.5346646308898926
1699,3.8579611778259277,0.3076244592666626,3.5503368377685547
1700,3.7894020080566406,0.2635597288608551,3.5258421897888184
1701,3.8294870853424072,0.304027795791626,3.5254592895507812
1702,3.8564255237579346,0.31522688269615173,3.54119873046875
1703,3.8009047508239746,0.27260535955429077,3.528299331665039
1704,3.87624454498291,0.308011531829834,3.568233013153076
1705,3.834620714187622,0.30729708075523376,3.5273237228393555
1706,3.822699546813965,0.3076537847518921,3.515045642852783
1707,3.8214595317840576,0.2920524477958679,3.529407024383545
1708,3.8159518241882324,0.2805528938770294,3.5353989601135254
1709,3.851428508758545,0.30826717615127563,3.543161392211914
1710,3.8352742195129395,0.30011069774627686,3.535163640975952
1711,3.8173303604125977,0.30047473311424255,3.5168557167053223
1712,3.802252769470215,0.27686887979507446,3.525383949279785
1713,3.8444814682006836,0.31755170226097107,3.5269298553466797
1714,3.8337249755859375,0.26441359519958496,3.5693113803863525
1715,3.7621283531188965,0.2523941993713379,3.5097341537475586
1716,3.7901012897491455,0.2551124095916748,3.5349888801574707
1717,3.800851821899414,0.2814842164516449,3.5193676948547363
1718,3.819061279296875,0.30325353145599365,3.515807628631592
1719,3.787763833999634,0.2844126522541046,3.5033512115478516
1720,3.8101015090942383,0.2819686532020569,3.528132915496826
1721,3.8452556133270264,0.29933053255081177,3.5459251403808594
1722,3.7976391315460205,0.26023849844932556,3.537400722503662
1723,3.8058338165283203,0.2748289704322815,3.5310049057006836
1724,3.847855567932129,0.30585891008377075,3.541996717453003
1725,3.8208467960357666,0.2911970913410187,3.5296497344970703
1726,3.803345203399658,0.2826545238494873,3.520690679550171
1727,3.847996473312378,0.30992236733436584,3.538074016571045
1728,3.8327178955078125,0.2932735085487366,3.5394444465637207
1729,3.810924768447876,0.2792656719684601,3.5316591262817383
1730,3.7956104278564453,0.29022225737571716,3.5053882598876953
1731,3.776275396347046,0.2793954014778137,3.496880054473877
1732,3.8277926445007324,0.3068339228630066,3.520958662033081
1733,3.8052427768707275,0.2690603733062744,3.536182403564453
1734,3.824625015258789,0.30215561389923096,3.5224695205688477
1735,3.7811832427978516,0.26210248470306396,3.519080638885498
1736,3.821538209915161,0.29010313749313354,3.531435012817383
1737,3.822934150695801,0.28050267696380615,3.542431592941284
1738,3.848705530166626,0.29733210802078247,3.5513734817504883
1739,3.8311522006988525,0.30530619621276855,3.525846004486084
1740,3.837315320968628,0.2989823818206787,3.538332939147949
1741,3.792858123779297,0.2859033942222595,3.5069546699523926
1742,3.813101053237915,0.2923905551433563,3.5207104682922363
1743,3.8453750610351562,0.30516156554222107,3.5402135848999023
1744,3.7888076305389404,0.2775266766548157,3.5112810134887695
1745,3.815671443939209,0.310768187046051,3.5049033164978027
1746,3.7993533611297607,0.27454519271850586,3.524808168411255
1747,3.78444504737854,0.2617409825325012,3.5227041244506836
1748,3.8449604511260986,0.307097852230072,3.537862539291382
1749,3.8168962001800537,0.2965972423553467,3.520298957824707
1750,3.7915453910827637,0.27724599838256836,3.5142993927001953
1751,3.809612989425659,0.2968832850456238,3.5127296447753906
1752,3.826777696609497,0.3012332320213318,3.5255444049835205
1753,3.8137431144714355,0.27155792713165283,3.5421853065490723
1754,3.8478195667266846,0.30527377128601074,3.542545795440674
1755,3.830887794494629,0.28399384021759033,3.546894073486328
1756,3.8130407333374023,0.28562718629837036,3.5274136066436768
1757,3.839942216873169,0.2925810217857361,3.547361135482788
1758,3.8208141326904297,0.28077566623687744,3.5400383472442627
1759,3.831987142562866,0.29242604970932007,3.5395610332489014
1760,3.799539089202881,0.27162420749664307,3.5279147624969482
1761,3.8316383361816406,0.2800658941268921,3.551572322845459
1762,3.7733869552612305,0.2528057396411896,3.5205812454223633
1763,3.806527853012085,0.25745242834091187,3.5490753650665283
1764,3.7919881343841553,0.27372151613235474,3.5182666778564453
1765,3.826925277709961,0.2908649444580078,3.536060333251953
1766,3.840975284576416,0.312875360250473,3.52810001373291
1767,3.7867679595947266,0.27973854541778564,3.5070295333862305
1768,3.8422207832336426,0.3072661757469177,3.53495454788208
1769,3.840942144393921,0.2934424579143524,3.547499656677246
1770,3.793750762939453,0.26585373282432556,3.5278971195220947
1771,3.8354086875915527,0.30354976654052734,3.5318589210510254
1772,3.7994561195373535,0.2647305428981781,3.5347256660461426
1773,3.824800729751587,0.2960830628871918,3.5287177562713623
1774,3.8397021293640137,0.3046000897884369,3.535102128982544
1775,3.851001262664795,0.3191019296646118,3.5318994522094727
1776,3.8239059448242188,0.29684075713157654,3.5270652770996094
1777,3.8640267848968506,0.30925655364990234,3.5547702312469482
1778,3.828108310699463,0.29482415318489075,3.5332841873168945
1779,3.856873035430908,0.3243723511695862,3.532500743865967
1780,3.818636178970337,0.27264830470085144,3.545987844467163
1781,3.8215270042419434,0.286221981048584,3.5353050231933594
1782,3.8441264629364014,0.3161139488220215,3.52801251411438
1783,3.821932792663574,0.28592416644096375,3.536008596420288
1784,3.8275363445281982,0.2991350293159485,3.5284013748168945
1785,3.8372507095336914,0.2793393135070801,3.5579113960266113
1786,3.8353681564331055,0.29622143507003784,3.539146661758423
1787,3.7739481925964355,0.2542358636856079,3.519712448120117
1788,3.798579692840576,0.2641911804676056,3.534388542175293
1789,3.819188117980957,0.28228655457496643,3.5369014739990234
1790,3.8014376163482666,0.29419392347335815,3.5072436332702637
1791,3.85495924949646,0.32222720980644226,3.5327320098876953
1792,3.8661749362945557,0.3223526179790497,3.5438222885131836
1793,3.8426008224487305,0.3104831278324127,3.5321176052093506
1794,3.749558448791504,0.257781445980072,3.491776943206787
1795,3.803966999053955,0.2693279981613159,3.5346388816833496
1796,3.8533928394317627,0.29315465688705444,3.5602381229400635
1797,3.84487247467041,0.3094533085823059,3.535419225692749
1798,3.832111358642578,0.2929898500442505,3.539121627807617
1799,3.7721731662750244,0.2653074264526367,3.5068657398223877
1800,3.8407211303710938,0.29016488790512085,3.550556182861328
1801,3.8089048862457275,0.28617939352989197,3.5227255821228027
1802,3.8129327297210693,0.2891170382499695,3.523815631866455
1803,3.8216943740844727,0.301035076379776,3.5206592082977295
1804,3.78964900970459,0.2618770897388458,3.5277719497680664
1805,3.8223650455474854,0.27826544642448425,3.5440995693206787
1806,3.8100473880767822,0.2914660573005676,3.5185813903808594
1807,3.8267102241516113,0.28004464507102966,3.546665668487549
1808,3.813934087753296,0.29076847434043884,3.523165702819824
1809,3.860914945602417,0.3089309632778168,3.5519840717315674
1810,3.768784761428833,0.2599654197692871,3.508819341659546
1811,3.838810443878174,0.28499871492385864,3.55381178855896
1812,3.836458921432495,0.3017237186431885,3.5347352027893066
1813,3.83207631111145,0.30594658851623535,3.526129722595215
1814,3.769490957260132,0.2583295702934265,3.5111613273620605
1815,3.812704563140869,0.2928188741207123,3.519885778427124
1816,3.827751636505127,0.2825799584388733,3.5451717376708984
1817,3.8346238136291504,0.3080402612686157,3.526583671569824
1818,3.862612724304199,0.31394582986831665,3.5486669540405273
1819,3.813838243484497,0.2812582552433014,3.5325798988342285
1820,3.79150390625,0.2663082480430603,3.525195598602295
1821,3.7954978942871094,0.2948717474937439,3.5006260871887207
1822,3.8367207050323486,0.323925256729126,3.5127954483032227
1823,3.80584979057312,0.2826839089393616,3.5231659412384033
1824,3.843075752258301,0.31244170665740967,3.5306339263916016
1825,3.825094223022461,0.2902224659919739,3.534871816635132
1826,3.8081307411193848,0.27223557233810425,3.5358951091766357
1827,3.775456428527832,0.2559381127357483,3.5195183753967285
1828,3.826981782913208,0.2812808156013489,3.545701026916504
1829,3.8286080360412598,0.2974669635295868,3.5311410427093506
1830,3.824388265609741,0.3137586712837219,3.510629653930664
1831,3.828505277633667,0.2994077205657959,3.529097557067871
1832,3.841698408126831,0.30805569887161255,3.5336427688598633
1833,3.79540753364563,0.2689969837665558,3.5264105796813965
1834,3.8303353786468506,0.29682356119155884,3.5335118770599365
1835,3.8302245140075684,0.2979668974876404,3.532257556915283
1836,3.8043577671051025,0.2866840958595276,3.5176737308502197
1837,3.848104953765869,0.3092164993286133,3.538888454437256
1838,3.794633150100708,0.2852078080177307,3.509425401687622
1839,3.756542205810547,0.2551409602165222,3.50140118598938
1840,3.833055257797241,0.3043080270290375,3.528747320175171
1841,3.8318676948547363,0.2775636315345764,3.5543041229248047
1842,3.806483507156372,0.27690738439559937,3.529576063156128
1843,3.804649829864502,0.28085553646087646,3.523794174194336
1844,3.812668800354004,0.27436864376068115,3.538300037384033
1845,3.8436858654022217,0.3041980266571045,3.539487838745117
1846,3.8432464599609375,0.2968577444553375,3.546388626098633
1847,3.7847094535827637,0.2834969758987427,3.5012123584747314
1848,3.829237937927246,0.294171541929245,3.5350663661956787
1849,3.827648162841797,0.31785422563552856,3.509793996810913
1850,3.8322229385375977,0.2928711175918579,3.53935170173645
1851,3.8108205795288086,0.286827027797699,3.523993492126465
1852,3.8206589221954346,0.29535603523254395,3.5253028869628906
1853,3.830951690673828,0.3090011775493622,3.5219504833221436
1854,3.8351988792419434,0.2985159158706665,3.5366828441619873
1855,3.7695975303649902,0.2562199532985687,3.5133776664733887
1856,3.8107128143310547,0.2624221444129944,3.548290729522705
1857,3.8542838096618652,0.3004504144191742,3.553833484649658
1858,3.7970290184020996,0.26711907982826233,3.52990984916687
1859,3.8195443153381348,0.2923751473426819,3.5271692276000977
1860,3.8201053142547607,0.2842128276824951,3.5358924865722656
1861,3.8348255157470703,0.2847159802913666,3.550109624862671
1862,3.789353609085083,0.2865740656852722,3.502779483795166
1863,3.7803843021392822,0.2710256576538086,3.5093586444854736
1864,3.8453874588012695,0.3160844147205353,3.5293030738830566
1865,3.803225040435791,0.2826359272003174,3.5205891132354736
1866,3.798447608947754,0.293758749961853,3.5046887397766113
1867,3.8129522800445557,0.29631298780441284,3.516639232635498
1868,3.842780590057373,0.3028140664100647,3.539966583251953
1869,3.7722091674804688,0.24939163029193878,3.522817611694336
1870,3.8109805583953857,0.28014427423477173,3.530836343765259
1871,3.798429250717163,0.2861282229423523,3.512300968170166
1872,3.8315725326538086,0.28888416290283203,3.5426883697509766
1873,3.7473304271698,0.2388305962085724,3.50849986076355
1874,3.8040480613708496,0.2764739394187927,3.527574062347412
1875,3.846184253692627,0.30151793360710144,3.544666290283203
1876,3.8409571647644043,0.31397590041160583,3.5269813537597656
1877,3.812420129776001,0.2877937853336334,3.5246262550354004
1878,3.8550233840942383,0.30659911036491394,3.548424243927002
1879,3.7792294025421143,0.25534695386886597,3.5238823890686035
1880,3.8037726879119873,0.26775580644607544,3.5360169410705566
1881,3.7694761753082275,0.2813586890697479,3.4881174564361572
1882,3.8041558265686035,0.28091609477996826,3.5232396125793457
1883,3.820610523223877,0.2948395013809204,3.525771141052246
1884,3.8353335857391357,0.29893940687179565,3.5363941192626953
1885,3.8422770500183105,0.3033674955368042,3.538909435272217
1886,3.8073508739471436,0.290719211101532,3.516631603240967
1887,3.843895435333252,0.3095933794975281,3.534301996231079
1888,3.854475975036621,0.3137706518173218,3.5407052040100098
1889,3.78753399848938,0.2852481007575989,3.502285957336426
1890,3.8010611534118652,0.27376028895378113,3.5273008346557617
1891,3.814601182937622,0.298103392124176,3.516497850418091
1892,3.813793897628784,0.2710493206977844,3.5427446365356445
1893,3.801146984100342,0.2817954123020172,3.5193514823913574
1894,3.81669282913208,0.29863274097442627,3.5180602073669434
1895,3.8039591312408447,0.2864767909049988,3.517482280731201
1896,3.8750338554382324,0.3224480152130127,3.5525858402252197
1897,3.7923977375030518,0.269669771194458,3.5227279663085938
1898,3.8464324474334717,0.2908551096916199,3.555577278137207
1899,3.802422523498535,0.2665248513221741,3.535897731781006
1900,3.7882933616638184,0.2654975652694702,3.5227959156036377
1901,3.801459789276123,0.2692899703979492,3.532169818878174
1902,3.8004469871520996,0.2733755111694336,3.527071475982666
1903,3.812675952911377,0.28492510318756104,3.5277507305145264
1904,3.8216280937194824,0.2942499816417694,3.5273780822753906
1905,3.805814027786255,0.2738167345523834,3.5319972038269043
1906,3.821810007095337,0.302232563495636,3.5195775032043457
1907,3.781907081604004,0.2683485746383667,3.5135583877563477
1908,3.847184896469116,0.296293705701828,3.550891160964966
1909,3.7883214950561523,0.2792556583881378,3.509065866470337
1910,3.8654870986938477,0.30886924266815186,3.5566179752349854
1911,3.8198206424713135,0.27924996614456177,3.5405707359313965
1912,3.8216981887817383,0.2775345742702484,3.544163703918457
1913,3.8561525344848633,0.3136081099510193,3.542544364929199
1914,3.7896251678466797,0.2683917284011841,3.521233558654785
1915,3.801576614379883,0.2778817415237427,3.5236949920654297
1916,3.7840969562530518,0.2651330530643463,3.5189638137817383
1917,3.7868380546569824,0.28263676166534424,3.5042014122009277
1918,3.809612989425659,0.2811601459980011,3.5284528732299805
1919,3.79496169090271,0.27218127250671387,3.522780418395996
1920,3.81886625289917,0.2847099304199219,3.534156322479248
1921,3.8115453720092773,0.28017616271972656,3.531369209289551
1922,3.827023506164551,0.29127609729766846,3.535747528076172
1923,3.80242919921875,0.26206621527671814,3.540363073348999
1924,3.835423231124878,0.2902491092681885,3.5451741218566895
1925,3.802196502685547,0.25208038091659546,3.5501160621643066
1926,3.8129749298095703,0.27447476983070374,3.5385000705718994
1927,3.822443723678589,0.28740760684013367,3.535036087036133
1928,3.8365931510925293,0.3024541437625885,3.5341389179229736
1929,3.816859722137451,0.27529144287109375,3.5415682792663574
1930,3.8513333797454834,0.3176881670951843,3.5336451530456543
1931,3.79229736328125,0.2679111361503601,3.524386167526245
1932,3.810847759246826,0.28427886962890625,3.52656888961792
1933,3.8429269790649414,0.2903774678707123,3.5525496006011963
1934,3.8125863075256348,0.2921706438064575,3.5204155445098877
1935,3.8326146602630615,0.31203627586364746,3.520578384399414
1936,3.8007407188415527,0.26981961727142334,3.53092098236084
1937,3.812528133392334,0.28265655040740967,3.5298714637756348
1938,3.7794251441955566,0.2639847695827484,3.5154404640197754
1939,3.7979395389556885,0.27275389432907104,3.5251855850219727
1940,3.7633867263793945,0.2553615868091583,3.5080251693725586
1941,3.844851493835449,0.2967517673969269,3.5480997562408447
1942,3.8507981300354004,0.31083011627197266,3.5399680137634277
1943,3.7745041847229004,0.2549370527267456,3.5195670127868652
1944,3.802565574645996,0.27916860580444336,3.5233969688415527
1945,3.8275837898254395,0.29614612460136414,3.531437635421753
1946,3.8383030891418457,0.29067131876945496,3.5476317405700684
1947,3.835386276245117,0.3013285994529724,3.5340576171875
1948,3.7866337299346924,0.26604536175727844,3.5205883979797363
1949,3.8509650230407715,0.31647422909736633,3.5344908237457275
1950,3.7737300395965576,0.2645877003669739,3.5091423988342285
1951,3.8286118507385254,0.2948372960090637,3.5337746143341064
1952,3.809339761734009,0.2848593294620514,3.5244803428649902
1953,3.806668519973755,0.3083462119102478,3.4983222484588623
1954,3.804255962371826,0.2849971055984497,3.519258737564087
1955,3.8209400177001953,0.29639962315559387,3.524540424346924
1956,3.803318500518799,0.28408777713775635,3.519230842590332
1957,3.786180019378662,0.2704281210899353,3.515751838684082
1958,3.7836811542510986,0.2813699245452881,3.5023112297058105
1959,3.7646894454956055,0.2718859910964966,3.4928033351898193
1960,3.8131346702575684,0.28307679295539856,3.530057907104492
1961,3.8182997703552246,0.2792990803718567,3.5390007495880127
1962,3.8203444480895996,0.2733237147331238,3.547020673751831
1963,3.815897226333618,0.2718952000141144,3.544002056121826
1964,3.839020252227783,0.2994619607925415,3.5395584106445312
1965,3.7898354530334473,0.2727477252483368,3.517087697982788
1966,3.832798957824707,0.27104490995407104,3.561753988265991
1967,3.782041549682617,0.25282424688339233,3.52921724319458
1968,3.842456340789795,0.2932039499282837,3.549252510070801
1969,3.807582378387451,0.2921642065048218,3.51541805267334
1970,3.8022332191467285,0.27503448724746704,3.5271987915039062
1971,3.855105400085449,0.3184448182582855,3.536660671234131
1972,3.8080780506134033,0.273104190826416,3.5349738597869873
1973,3.798133134841919,0.2583025097846985,3.5398306846618652
1974,3.868908643722534,0.30436310172080994,3.5645456314086914
1975,3.823500156402588,0.29427337646484375,3.529226779937744
1976,3.801102638244629,0.28991085290908813,3.5111918449401855
1977,3.8143856525421143,0.278756320476532,3.5356292724609375
1978,3.7849247455596924,0.2657483220100403,3.519176483154297
1979,3.7803120613098145,0.2622290849685669,3.518083095550537
1980,3.77510666847229,0.26100224256515503,3.5141043663024902
1981,3.7957262992858887,0.25857850909233093,3.5371477603912354
1982,3.8328535556793213,0.29747894406318665,3.535374641418457
1983,3.8224422931671143,0.27617666125297546,3.5462656021118164
1984,3.811028480529785,0.2853320837020874,3.525696277618408
1985,3.845376491546631,0.317290335893631,3.5280861854553223
1986,3.8034169673919678,0.2680031657218933,3.5354137420654297
1987,3.785059690475464,0.2675418555736542,3.5175178050994873
1988,3.82804799079895,0.3009325861930847,3.5271153450012207
1989,3.820253372192383,0.2903348207473755,3.529918670654297
1990,3.822395086288452,0.28743529319763184,3.5349597930908203
1991,3.7914018630981445,0.26279938220977783,3.5286026000976562
1992,3.805384397506714,0.3126823604106903,3.492702007293701
1993,3.829134702682495,0.2925455570220947,3.5365891456604004
1994,3.794311761856079,0.2791106104850769,3.5152010917663574
1995,3.821831703186035,0.31063610315322876,3.511195659637451
1996,3.8117125034332275,0.2925751209259033,3.519137382507324
1997,3.8085203170776367,0.28463101387023926,3.5238893032073975
1998,3.828660726547241,0.303315132856369,3.52534556388855
1999,3.8388233184814453,0.30967581272125244,3.5291473865509033
